# Composite modified Lane-Emden RSG profile (cgs)
# Ptot=Pgas+Erad/3; gravity is positive inward and fixed in the pgen
# columns: r_cm rho_g_cm3 ptot_dyn_cm2 T_K pgas_dyn_cm2 erad_erg_cm3 menv_g grav_cm_s2 n_poly kappa_eq_cm2_g
# Mstar_Msun=1.0000000000000000e+01 Rstar_Rsun=5.1000000000000000e+02 mu=6.2000000000000000e-01
# Mcore_g=1.9884700000000002e+33 hsoft_cm=1.7740350000000000e+12
# n_inner=3.0000000000000000e+00 n_outer=1.4500000000000000e+00 transition=6.9999999999999996e-01 transition_width=2.5000000000000001e-02
# luminosity_Lsun=1.0000000000000000e+04 heat_radius_fraction=2.0000000000000001e-01
3.5480700000000000e+05 6.2355776321887629e-05 5.5181139517467947e+09 6.1636321704399749e+05 5.1541363034276953e+09 1.0919329449573028e+09 1.1666533654130141e+13 9.6147338104430845e-05 3.0000000000000000e+00 6.2857093988738640e+01
3.5640663580394251e+05 6.2355776321887629e-05 5.5181139517467947e+09 6.1636321704399749e+05 5.1541363034276953e+09 1.0919329449573028e+09 1.1825040695946799e+13 9.6580815246893011e-05 3.0000000000000000e+00 6.2857093988738328e+01
3.5801348351380939e+05 6.2355776321887520e-05 5.5181139517467747e+09 6.1636321704399632e+05 5.1541363034276772e+09 1.0919329449572945e+09 1.1985701289371027e+13 9.7016246706934281e-05 3.0000000000000000e+00 6.2857093988737994e+01
3.5962757564424345e+05 6.2355776321887398e-05 5.5181139517467747e+09 6.1636321704399725e+05 5.1541363034276743e+09 1.0919329449573011e+09 1.2148544693573086e+13 9.7453641295531737e-05 3.0000000000000000e+00 6.2857093988738569e+01
3.6124894485647889e+05 6.2355776321887290e-05 5.5181139517467556e+09 6.1636321704399632e+05 5.1541363034276581e+09 1.0919329449572945e+09 1.2313600565252170e+13 9.7893007863386570e-05 3.0000000000000000e+00 6.2857093988738335e+01
3.6287762395900209e+05 6.2355776321887290e-05 5.5181139517467556e+09 6.1636321704399632e+05 5.1541363034276581e+09 1.0919329449572945e+09 1.2480898964037422e+13 9.8334355301103057e-05 3.0000000000000000e+00 6.2857093988737958e+01
3.6451364590821520e+05 6.2355776321887182e-05 5.5181139517467356e+09 6.1636321704399539e+05 5.1541363034276409e+09 1.0919329449572878e+09 1.2650470357962299e+13 9.8777692539368415e-05 3.0000000000000000e+00 6.2857093988737923e+01
3.6615704380910343e+05 6.2355776321887073e-05 5.5181139517467356e+09 6.1636321704399609e+05 5.1541363034276381e+09 1.0919329449572928e+09 1.2822345629013375e+13 9.9223028549133633e-05 3.0000000000000000e+00 6.2857093988738008e+01
3.6780785091590468e+05 6.2355776321886965e-05 5.5181139517467165e+09 6.1636321704399516e+05 5.1541363034276218e+09 1.0919329449572861e+09 1.2996556078754484e+13 9.9670372341794928e-05 3.0000000000000000e+00 6.2857093988737802e+01
3.6946610063278256e+05 6.2355776321886856e-05 5.5181139517467165e+09 6.1636321704399609e+05 5.1541363034276209e+09 1.0919329449572928e+09 1.3173133434027322e+13 1.0011973296937605e-04 3.0000000000000000e+00 6.2857093988738185e+01
3.7113182651450211e+05 6.2355776321886856e-05 5.5181139517466965e+09 6.1636321704399423e+05 5.1541363034276056e+09 1.0919329449572797e+09 1.3352109852729438e+13 1.0057111952471162e-04 3.0000000000000000e+00 6.2857093988737681e+01
3.7280506226710911e+05 6.2355776321886734e-05 5.5181139517466965e+09 6.1636321704399516e+05 5.1541363034276028e+09 1.0919329449572861e+09 1.3533517929670793e+13 1.0102454114163087e-04 3.0000000000000000e+00 6.2857093988737915e+01
3.7448584174861183e+05 6.2355776321886626e-05 5.5181139517466774e+09 6.1636321704399423e+05 5.1541363034275856e+09 1.0919329449572797e+09 1.3717390702509840e+13 1.0148000699514273e-04 3.0000000000000000e+00 6.2857093988737716e+01
3.7617419896966632e+05 6.2355776321886518e-05 5.5181139517466774e+09 6.1636321704399516e+05 5.1541363034275837e+09 1.0919329449572861e+09 1.3903761657770281e+13 1.0193752630162129e-04 3.0000000000000000e+00 6.2857093988737844e+01
3.7787016809426458e+05 6.2355776321886409e-05 5.5181139517466574e+09 6.1636321704399399e+05 5.1541363034275665e+09 1.0919329449572780e+09 1.4092664736939562e+13 1.0239710831899234e-04 3.0000000000000000e+00 6.2857093988737596e+01
3.7957378344042576e+05 6.2355776321886301e-05 5.5181139517466574e+09 6.1636321704399469e+05 5.1541363034275637e+09 1.0919329449572828e+09 1.4284134342650215e+13 1.0285876234692075e-04 3.0000000000000000e+00 6.2857093988737802e+01
3.8128507948089082e+05 6.2355776321886301e-05 5.5181139517466383e+09 6.1636321704399306e+05 5.1541363034275494e+09 1.0919329449572713e+09 1.4478205344945217e+13 1.0332249772699868e-04 3.0000000000000000e+00 6.2857093988737176e+01
3.8300409084381984e+05 6.2355776321886192e-05 5.5181139517466183e+09 6.1636321704399190e+05 5.1541363034275303e+09 1.0919329449572630e+09 1.4674913087628418e+13 1.0378832384293450e-04 3.0000000000000000e+00 6.2857093988737063e+01
3.8473085231349285e+05 6.2355776321886070e-05 5.5181139517466183e+09 6.1636321704399306e+05 5.1541363034275293e+09 1.0919329449572713e+09 1.4874293394701309e+13 1.0425625012074273e-04 3.0000000000000000e+00 6.2857093988737319e+01
3.8646539883101376e+05 6.2355776321885962e-05 5.5181139517465982e+09 6.1636321704399190e+05 5.1541363034275112e+09 1.0919329449572630e+09 1.5076382576887199e+13 1.0472628602893476e-04 3.0000000000000000e+00 6.2857093988737020e+01
3.8820776549501717e+05 6.2355776321885853e-05 5.5181139517465982e+09 6.1636321704399283e+05 5.1541363034275103e+09 1.0919329449572697e+09 1.5281217438244043e+13 1.0519844107871044e-04 3.0000000000000000e+00 6.2857093988737027e+01
3.8995798756237887e+05 6.2355776321885745e-05 5.5181139517465792e+09 6.1636321704399190e+05 5.1541363034274940e+09 1.0919329449572630e+09 1.5488835282867141e+13 1.0567272482415065e-04 3.0000000000000000e+00 6.2857093988736999e+01
3.9171610044892906e+05 6.2355776321885637e-05 5.5181139517465792e+09 6.1636321704399260e+05 5.1541363034274902e+09 1.0919329449572680e+09 1.5699273921682861e+13 1.0614914686241043e-04 3.0000000000000000e+00 6.2857093988737191e+01
3.9348213973016897e+05 6.2355776321885515e-05 5.5181139517465591e+09 6.1636321704399167e+05 5.1541363034274721e+09 1.0919329449572616e+09 1.5912571679334680e+13 1.0662771683391331e-04 3.0000000000000000e+00 6.2857093988737034e+01
3.9525614114199101e+05 6.2355776321885515e-05 5.5181139517465401e+09 6.1636321704398980e+05 5.1541363034274559e+09 1.0919329449572482e+09 1.6128767401162824e+13 1.0710844442254634e-04 3.0000000000000000e+00 6.2857093988736096e+01
3.9703814058140159e+05 6.2355776321885406e-05 5.5181139517465401e+09 6.1636321704399073e+05 5.1541363034274549e+09 1.0919329449572549e+09 1.6347900460278666e+13 1.0759133935585614e-04 3.0000000000000000e+00 6.2857093988736544e+01
3.9882817410724756e+05 6.2355776321885298e-05 5.5181139517465200e+09 6.1636321704398980e+05 5.1541363034274397e+09 1.0919329449572482e+09 1.6570010764735273e+13 1.0807641140524558e-04 3.0000000000000000e+00 6.2857093988736395e+01
4.0062627794094593e+05 6.2355776321885189e-05 5.5181139517465010e+09 6.1636321704398887e+05 5.1541363034274225e+09 1.0919329449572415e+09 1.6795138764795400e+13 1.0856367038617157e-04 3.0000000000000000e+00 6.2857093988735855e+01
4.0243248846721690e+05 6.2355776321885081e-05 5.5181139517465010e+09 6.1636321704398957e+05 5.1541363034274197e+09 1.0919329449572465e+09 1.7023325460298201e+13 1.0905312615834373e-04 3.0000000000000000e+00 6.2857093988736310e+01
4.0424684223481984e+05 6.2355776321884973e-05 5.5181139517464809e+09 6.1636321704398864e+05 5.1541363034274025e+09 1.0919329449572401e+09 1.7254612408126012e+13 1.0954478862592386e-04 3.0000000000000000e+00 6.2857093988735926e+01
4.0606937595729309e+05 6.2355776321884851e-05 5.5181139517464809e+09 6.1636321704398957e+05 5.1541363034274006e+09 1.0919329449572465e+09 1.7489041729772631e+13 1.1003866773772628e-04 3.0000000000000000e+00 6.2857093988736274e+01
4.0790012651369680e+05 6.2355776321884742e-05 5.5181139517464619e+09 6.1636321704398864e+05 5.1541363034273834e+09 1.0919329449572401e+09 1.7726656119014383e+13 1.1053477348741935e-04 3.0000000000000000e+00 6.2857093988736068e+01
4.0973913094935915e+05 6.2355776321884634e-05 5.5181139517464418e+09 6.1636321704398748e+05 5.1541363034273653e+09 1.0919329449572318e+09 1.7967498849685426e+13 1.1103311591372749e-04 3.0000000000000000e+00 6.2857093988735613e+01
4.1158642647662596e+05 6.2355776321884525e-05 5.5181139517464418e+09 6.1636321704398841e+05 5.1541363034273634e+09 1.0919329449572384e+09 1.8211613783558680e+13 1.1153370510063431e-04 3.0000000000000000e+00 6.2857093988736018e+01
4.1344205047561362e+05 6.2355776321884417e-05 5.5181139517464218e+09 6.1636321704398748e+05 5.1541363034273472e+09 1.0919329449572318e+09 1.8459045378333836e+13 1.1203655117758683e-04 3.0000000000000000e+00 6.2857093988735606e+01
4.1530604049496568e+05 6.2355776321884309e-05 5.5181139517464027e+09 6.1636321704398654e+05 5.1541363034273300e+09 1.0919329449572251e+09 1.8709838695733941e+13 1.1254166431970028e-04 3.0000000000000000e+00 6.2857093988735166e+01
4.1717843425261253e+05 6.2355776321884187e-05 5.5181139517464027e+09 6.1636321704398748e+05 5.1541363034273281e+09 1.0919329449572318e+09 1.8964039409711902e+13 1.1304905474796416e-04 3.0000000000000000e+00 6.2857093988735684e+01
4.1905926963653456e+05 6.2355776321884078e-05 5.5181139517463827e+09 6.1636321704398631e+05 5.1541363034273090e+09 1.0919329449572234e+09 1.9221693814768543e+13 1.1355873272944887e-04 3.0000000000000000e+00 6.2857093988735159e+01
4.2094858470552886e+05 6.2355776321883970e-05 5.5181139517463636e+09 6.1636321704398538e+05 5.1541363034272919e+09 1.0919329449572170e+09 1.9482848834383652e+13 1.1407070857751362e-04 3.0000000000000000e+00 6.2857093988734931e+01
4.2284641768997943e+05 6.2355776321883861e-05 5.5181139517463636e+09 6.1636321704398631e+05 5.1541363034272909e+09 1.0919329449572234e+09 1.9747552029561609e+13 1.1458499265201507e-04 3.0000000000000000e+00 6.2857093988735137e+01
4.2475280699263065e+05 6.2355776321883753e-05 5.5181139517463436e+09 6.1636321704398515e+05 5.1541363034272718e+09 1.0919329449572153e+09 2.0015851607493086e+13 1.1510159535951686e-04 3.0000000000000000e+00 6.2857093988735066e+01
4.2666779118936451e+05 6.2355776321883644e-05 5.5181139517463245e+09 6.1636321704398422e+05 5.1541363034272556e+09 1.0919329449572086e+09 2.0287796430334438e+13 1.1562052715350044e-04 3.0000000000000000e+00 6.2857093988734533e+01
4.2859140902998106e+05 6.2355776321883522e-05 5.5181139517463045e+09 6.1636321704398328e+05 5.1541363034272375e+09 1.0919329449572020e+09 2.0563436024106371e+13 1.1614179853457631e-04 3.0000000000000000e+00 6.2857093988734377e+01
4.3052369943898253e+05 6.2355776321883414e-05 5.5181139517463045e+09 6.1636321704398422e+05 5.1541363034272366e+09 1.0919329449572086e+09 2.0842820587713523e+13 1.1666542005069669e-04 3.0000000000000000e+00 6.2857093988734690e+01
4.3246470151636109e+05 6.2355776321883197e-05 5.5181139517462854e+09 6.1636321704398422e+05 5.1541363034272184e+09 1.0919329449572086e+09 2.1126001002086602e+13 1.1719140229736893e-04 3.0000000000000000e+00 6.2857093988734725e+01
4.3441445453838981e+05 6.2355776321883089e-05 5.5181139517462654e+09 6.1636321704398305e+05 5.1541363034272003e+09 1.0919329449572003e+09 2.1413028839448664e+13 1.1771975591786976e-04 3.0000000000000000e+00 6.2857093988734405e+01
4.3637299795841763e+05 6.2355776321882980e-05 5.5181139517462654e+09 6.1636321704398375e+05 5.1541363034271975e+09 1.0919329449572053e+09 2.1703956372707375e+13 1.1825049160346090e-04 3.0000000000000000e+00 6.2857093988734611e+01
4.3834037140766776e+05 6.2355776321882858e-05 5.5181139517462454e+09 6.1636321704398282e+05 5.1541363034271793e+09 1.0919329449571989e+09 2.1998836584974879e+13 1.1878362009360523e-04 3.0000000000000000e+00 6.2857093988734306e+01
4.4031661469603924e+05 6.2355776321882750e-05 5.5181139517462263e+09 6.1636321704398212e+05 5.1541363034271641e+09 1.0919329449571939e+09 2.2297723179216867e+13 1.1931915217618412e-04 3.0000000000000000e+00 6.2857093988733951e+01
4.4230176781291293e+05 6.2355776321882642e-05 5.5181139517462063e+09 6.1636321704398096e+05 5.1541363034271460e+09 1.0919329449571855e+09 2.2600670588032969e+13 1.1985709868771581e-04 3.0000000000000000e+00 6.2857093988733638e+01
4.4429587092796044e+05 6.2355776321882533e-05 5.5181139517461872e+09 6.1636321704398002e+05 5.1541363034271288e+09 1.0919329449571788e+09 2.2907733983569797e+13 1.2039747051357459e-04 3.0000000000000000e+00 6.2857093988733411e+01
4.4629896439195710e+05 6.2355776321882425e-05 5.5181139517461872e+09 6.1636321704398096e+05 5.1541363034271278e+09 1.0919329449571855e+09 2.3218969287568883e+13 1.2094027858821113e-04 3.0000000000000000e+00 6.2857093988733538e+01
4.4831108873759821e+05 6.2355776321882194e-05 5.5181139517461672e+09 6.1636321704398072e+05 5.1541363034271069e+09 1.0919329449571838e+09 2.3534433181550926e+13 1.2148553389537364e-04 3.0000000000000000e+00 6.2857093988733695e+01
4.5033228468031972e+05 6.2355776321882086e-05 5.5181139517461481e+09 6.1636321704397979e+05 5.1541363034270897e+09 1.0919329449571774e+09 2.3854183117138602e+13 1.2203324746833032e-04 3.0000000000000000e+00 6.2857093988733460e+01
4.5236259311912145e+05 6.2355776321881977e-05 5.5181139517461281e+09 6.1636321704397886e+05 5.1541363034270725e+09 1.0919329449571707e+09 2.4178277326519469e+13 1.2258343039009241e-04 3.0000000000000000e+00 6.2857093988733055e+01
4.5440205513739528e+05 6.2355776321881869e-05 5.5181139517461281e+09 6.1636321704397979e+05 5.1541363034270725e+09 1.0919329449571774e+09 2.4506774833051125e+13 1.2313609379363861e-04 3.0000000000000000e+00 6.2857093988733361e+01
4.5645071200375614e+05 6.2355776321881761e-05 5.5181139517461081e+09 6.1636321704397863e+05 5.1541363034270535e+09 1.0919329449571691e+09 2.4839735462010414e+13 1.2369124886214025e-04 3.0000000000000000e+00 6.2857093988732991e+01
4.5850860517287720e+05 6.2355776321881530e-05 5.5181139517460890e+09 6.1636321704397863e+05 5.1541363034270344e+09 1.0919329449571691e+09 2.5177219851488680e+13 1.2424890682918759e-04 3.0000000000000000e+00 6.2857093988732963e+01
4.6057577628632856e+05 6.2355776321881422e-05 5.5181139517460690e+09 6.1636321704397746e+05 5.1541363034270153e+09 1.0919329449571607e+09 2.5519289463435016e+13 1.2480907897901723e-04 3.0000000000000000e+00 6.2857093988732807e+01
4.6265226717342011e+05 6.2355776321881313e-05 5.5181139517460499e+09 6.1636321704397653e+05 5.1541363034269991e+09 1.0919329449571543e+09 2.5866006594849637e+13 1.2537177664674043e-04 3.0000000000000000e+00 6.2857093988732501e+01
4.6473811985204776e+05 6.2355776321881205e-05 5.5181139517460299e+09 6.1636321704397560e+05 5.1541363034269819e+09 1.0919329449571476e+09 2.6217434389129250e+13 1.2593701121857220e-04 3.0000000000000000e+00 6.2857093988732252e+01
4.6683337652954378e+05 6.2355776321880975e-05 5.5181139517460299e+09 6.1636321704397723e+05 5.1541363034269762e+09 1.0919329449571590e+09 2.6573636847566602e+13 1.2650479413206227e-04 3.0000000000000000e+00 6.2857093988732665e+01
4.6893807960353076e+05 6.2355776321880866e-05 5.5181139517460108e+09 6.1636321704397630e+05 5.1541363034269600e+09 1.0919329449571526e+09 2.6934678841006254e+13 1.2707513687632588e-04 3.0000000000000000e+00 6.2857093988732473e+01
4.7105227166277968e+05 6.2355776321880758e-05 5.5181139517459908e+09 6.1636321704397537e+05 5.1541363034269428e+09 1.0919329449571459e+09 2.7300626121658750e+13 1.2764805099227676e-04 3.0000000000000000e+00 6.2857093988732132e+01
4.7317599548807141e+05 6.2355776321880649e-05 5.5181139517459717e+09 6.1636321704397444e+05 5.1541363034269257e+09 1.0919329449571393e+09 2.7671545335075215e+13 1.2822354807286038e-04 3.0000000000000000e+00 6.2857093988731904e+01
4.7530929405306291e+05 6.2355776321880432e-05 5.5181139517459517e+09 6.1636321704397420e+05 5.1541363034269056e+09 1.0919329449571376e+09 2.8047504032284789e+13 1.2880163976328876e-04 3.0000000000000000e+00 6.2857093988731648e+01
4.7745221052515612e+05 6.2355776321880311e-05 5.5181139517459316e+09 6.1636321704397327e+05 5.1541363034268885e+09 1.0919329449571311e+09 2.8428570682096781e+13 1.2938233776127572e-04 3.0000000000000000e+00 6.2857093988731599e+01
4.7960478826637304e+05 6.2355776321880202e-05 5.5181139517459126e+09 6.1636321704397234e+05 5.1541363034268713e+09 1.0919329449571245e+09 2.8814814683570328e+13 1.2996565381727442e-04 3.0000000000000000e+00 6.2857093988731329e+01
4.8176707083422889e+05 6.2355776321879985e-05 5.5181139517459126e+09 6.1636321704397397e+05 5.1541363034268675e+09 1.0919329449571362e+09 2.9206306378652445e+13 1.3055159973471360e-04 3.0000000000000000e+00 6.2857093988731670e+01
4.8393910198261944e+05 6.2355776321879877e-05 5.5181139517458925e+09 6.1636321704397281e+05 5.1541363034268484e+09 1.0919329449571278e+09 2.9603117064989625e+13 1.3114018737023803e-04 3.0000000000000000e+00 6.2857093988731513e+01
4.8612092566270259e+05 6.2355776321879755e-05 5.5181139517458735e+09 6.1636321704397211e+05 5.1541363034268332e+09 1.0919329449571228e+09 3.0005319008911727e+13 1.3173142863394781e-04 3.0000000000000000e+00 6.2857093988731094e+01
4.8831258602378849e+05 6.2355776321879538e-05 5.5181139517458534e+09 6.1636321704397188e+05 5.1541363034268131e+09 1.0919329449571211e+09 3.0412985458593125e+13 1.3232533548963911e-04 3.0000000000000000e+00 6.2857093988731201e+01
4.9051412741423305e+05 6.2355776321879430e-05 5.5181139517458344e+09 6.1636321704397094e+05 5.1541363034267960e+09 1.0919329449571147e+09 3.0826190657392508e+13 1.3292191995504661e-04 3.0000000000000000e+00 6.2857093988730867e+01
4.9272559438233543e+05 6.2355776321879213e-05 5.5181139517458143e+09 6.1636321704397071e+05 5.1541363034267769e+09 1.0919329449571130e+09 3.1245009857373969e+13 1.3352119410208648e-04 3.0000000000000000e+00 6.2857093988730838e+01
4.9494703167723917e+05 6.2355776321879091e-05 5.5181139517457952e+09 6.1636321704397001e+05 5.1541363034267607e+09 1.0919329449571080e+09 3.1669519333011695e+13 1.3412317005710077e-04 3.0000000000000000e+00 6.2857093988730433e+01
4.9717848424983793e+05 6.2355776321878982e-05 5.5181139517457752e+09 6.1636321704396885e+05 5.1541363034267416e+09 1.0919329449570997e+09 3.2099796395080938e+13 1.3472786000110276e-04 3.0000000000000000e+00 6.2857093988730206e+01
4.9941999725368503e+05 6.2355776321878766e-05 5.5181139517457552e+09 6.1636321704396885e+05 5.1541363034267235e+09 1.0919329449570997e+09 3.2535919404737711e+13 1.3533527617002339e-04 3.0000000000000000e+00 6.2857093988730242e+01
5.0167161604590708e+05 6.2355776321878657e-05 5.5181139517457361e+09 6.1636321704396768e+05 5.1541363034267054e+09 1.0919329449570916e+09 3.2977967787789727e+13 1.3594543085495889e-04 3.0000000000000000e+00 6.2857093988729844e+01
5.0393338618812192e+05 6.2355776321878427e-05 5.5181139517457161e+09 6.1636321704396768e+05 5.1541363034266863e+09 1.0919329449570916e+09 3.3426022049161281e+13 1.3655833640241960e-04 3.0000000000000000e+00 6.2857093988729943e+01
5.0620535344736022e+05 6.2355776321878318e-05 5.5181139517456970e+09 6.1636321704396675e+05 5.1541363034266691e+09 1.0919329449570849e+09 3.3880163787554594e+13 1.3717400521457953e-04 3.0000000000000000e+00 6.2857093988729538e+01
5.0848756379699212e+05 6.2355776321878101e-05 5.5181139517456770e+09 6.1636321704396652e+05 5.1541363034266491e+09 1.0919329449570832e+09 3.4340475710310500e+13 1.3779244974952760e-04 3.0000000000000000e+00 6.2857093988729424e+01
5.1078006341765699e+05 6.2355776321877993e-05 5.5181139517456579e+09 6.1636321704396559e+05 5.1541363034266329e+09 1.0919329449570765e+09 3.4807041648470805e+13 1.3841368252151968e-04 3.0000000000000000e+00 6.2857093988729147e+01
5.1308289869819820e+05 6.2355776321877763e-05 5.5181139517456379e+09 6.1636321704396559e+05 5.1541363034266129e+09 1.0919329449570765e+09 3.5279946572045516e+13 1.3903771610123159e-04 3.0000000000000000e+00 6.2857093988729368e+01
5.1539611623660167e+05 6.2355776321877654e-05 5.5181139517456188e+09 6.1636321704396466e+05 5.1541363034265966e+09 1.0919329449570701e+09 3.5759276605487359e+13 1.3966456311601374e-04 3.0000000000000000e+00 6.2857093988728806e+01
5.1771976284093881e+05 6.2355776321877437e-05 5.5181139517455988e+09 6.1636321704396443e+05 5.1541363034265766e+09 1.0919329449570684e+09 3.6245119043376594e+13 1.4029423625014654e-04 3.0000000000000000e+00 6.2857093988728842e+01
5.2005388553031383e+05 6.2355776321877221e-05 5.5181139517455788e+09 6.1636321704396419e+05 5.1541363034265566e+09 1.0919329449570668e+09 3.6737562366318906e+13 1.4092674824509697e-04 3.0000000000000000e+00 6.2857093988728806e+01
5.2239853153581475e+05 6.2355776321877099e-05 5.5181139517455597e+09 6.1636321704396326e+05 5.1541363034265385e+09 1.0919329449570601e+09 3.7236696257059320e+13 1.4156211189977669e-04 3.0000000000000000e+00 6.2857093988728586e+01
5.2475374830146972e+05 6.2355776321876882e-05 5.5181139517455397e+09 6.1636321704396303e+05 5.1541363034265194e+09 1.0919329449570584e+09 3.7742611616815062e+13 1.4220034007080058e-04 3.0000000000000000e+00 6.2857093988728565e+01
5.2711958348520671e+05 6.2355776321876773e-05 5.5181139517455206e+09 6.1636321704396233e+05 5.1541363034265041e+09 1.0919329449570534e+09 3.8255400581830266e+13 1.4284144567274735e-04 3.0000000000000000e+00 6.2857093988728217e+01
5.2949608495981758e+05 6.2355776321876543e-05 5.5181139517455006e+09 6.1636321704396210e+05 5.1541363034264841e+09 1.0919329449570520e+09 3.8775156540155578e+13 1.4348544167842062e-04 3.0000000000000000e+00 6.2857093988728160e+01
5.3188330081392755e+05 6.2355776321876326e-05 5.5181139517454815e+09 6.1636321704396186e+05 5.1541363034264641e+09 1.0919329449570503e+09 3.9301974148655945e+13 1.4413234111911144e-04 3.0000000000000000e+00 6.2857093988728224e+01
5.3428127935296751e+05 6.2355776321876218e-05 5.5181139517454615e+09 6.1636321704396093e+05 5.1541363034264469e+09 1.0919329449570436e+09 3.9835949350249141e+13 1.4478215708486203e-04 3.0000000000000000e+00 6.2857093988727776e+01
5.3669006910015200e+05 6.2355776321876001e-05 5.5181139517454224e+09 6.1636321704395907e+05 5.1541363034264135e+09 1.0919329449570305e+09 4.0377179391378836e+13 1.4543490272473058e-04 3.0000000000000000e+00 6.2857093988727222e+01
5.3910971879746090e+05 6.2355776321875770e-05 5.5181139517454023e+09 6.1636321704395884e+05 5.1541363034263926e+09 1.0919329449570289e+09 4.0925762839724891e+13 1.4609059124705750e-04 3.0000000000000000e+00 6.2857093988727186e+01
5.4154027740662545e+05 6.2355776321875662e-05 5.5181139517453833e+09 6.1636321704395791e+05 5.1541363034263754e+09 1.0919329449570222e+09 4.1481799602154156e+13 1.4674923591973248e-04 3.0000000000000000e+00 6.2857093988726938e+01
5.4398179411011969e+05 6.2355776321875445e-05 5.5181139517453632e+09 6.1636321704395791e+05 5.1541363034263573e+09 1.0919329449570222e+09 4.2045390942915500e+13 1.4741085007046305e-04 3.0000000000000000e+00 6.2857093988726760e+01
5.4643431831215497e+05 6.2355776321875215e-05 5.5181139517453442e+09 6.1636321704395767e+05 5.1541363034263363e+09 1.0919329449570205e+09 4.2616639502081758e+13 1.4807544708704445e-04 3.0000000000000000e+00 6.2857093988726973e+01
5.4889789963967982e+05 6.2355776321875106e-05 5.5181139517453241e+09 6.1636321704395674e+05 5.1541363034263201e+09 1.0919329449570138e+09 4.3195649314242211e+13 1.4874304041763008e-04 3.0000000000000000e+00 6.2857093988726646e+01
5.5137258794338454e+05 6.2355776321874890e-05 5.5181139517453051e+09 6.1636321704395674e+05 5.1541363034263010e+09 1.0919329449570138e+09 4.3782525827449391e+13 1.4941364357100409e-04 3.0000000000000000e+00 6.2857093988726589e+01
5.5385843329870934e+05 6.2355776321874673e-05 5.5181139517452660e+09 6.1636321704395465e+05 5.1541363034262667e+09 1.0919329449569991e+09 4.4377375922422812e+13 1.5008727011685445e-04 3.0000000000000000e+00 6.2857093988726021e+01
5.5635548600685829e+05 6.2355776321874442e-05 5.5181139517452459e+09 6.1636321704395465e+05 5.1541363034262466e+09 1.0919329449569991e+09 4.4980307932014078e+13 1.5076393368604777e-04 3.0000000000000000e+00 6.2857093988726078e+01
5.5886379659581650e+05 6.2355776321874225e-05 5.5181139517452259e+09 6.1636321704395441e+05 5.1541363034262276e+09 1.0919329449569974e+09 4.5591431660936047e+13 1.5144364797090482e-04 3.0000000000000000e+00 6.2857093988725879e+01
5.6138341582137288e+05 6.2355776321874117e-05 5.5181139517452068e+09 6.1636321704395348e+05 5.1541363034262114e+09 1.0919329449569907e+09 4.6210858405760336e+13 1.5212642672547775e-04 3.0000000000000000e+00 6.2857093988725637e+01
5.6391439466814732e+05 6.2355776321873887e-05 5.5181139517451677e+09 6.1636321704395162e+05 5.1541363034261761e+09 1.0919329449569776e+09 4.6838700975186453e+13 1.5281228376582865e-04 3.0000000000000000e+00 6.2857093988725154e+01
5.6645678435062210e+05 6.2355776321873670e-05 5.5181139517451477e+09 6.1636321704395139e+05 5.1541363034261570e+09 1.0919329449569759e+09 4.7475073710586156e+13 1.5350123297030850e-04 3.0000000000000000e+00 6.2857093988724976e+01
5.6901063631417823e+05 6.2355776321873453e-05 5.5181139517451286e+09 6.1636321704395115e+05 5.1541363034261370e+09 1.0919329449569743e+09 4.8120092506827180e+13 1.5419328827983867e-04 3.0000000000000000e+00 6.2857093988725047e+01
5.7157600223613682e+05 6.2355776321873223e-05 5.5181139517451086e+09 6.1636321704395115e+05 5.1541363034261179e+09 1.0919329449569743e+09 4.8773874833379719e+13 1.5488846369819258e-04 3.0000000000000000e+00 6.2857093988724948e+01
5.7415293402680417e+05 6.2355776321873006e-05 5.5181139517450695e+09 6.1636321704394929e+05 5.1541363034260845e+09 1.0919329449569612e+09 4.9436539755709711e+13 1.5558677329227929e-04 3.0000000000000000e+00 6.2857093988724380e+01
5.7674148383052286e+05 6.2355776321872789e-05 5.5181139517450495e+09 6.1636321704394906e+05 5.1541363034260645e+09 1.0919329449569595e+09 5.0108207956962852e+13 1.5628823119242800e-04 3.0000000000000000e+00 6.2857093988724358e+01
5.7934170402672619e+05 6.2355776321872558e-05 5.5181139517450304e+09 6.1636321704394906e+05 5.1541363034260454e+09 1.0919329449569595e+09 5.0789001759943055e+13 1.5699285159267399e-04 3.0000000000000000e+00 6.2857093988724316e+01
5.8195364723099861e+05 6.2355776321872342e-05 5.5181139517450104e+09 6.1636321704394883e+05 5.1541363034260254e+09 1.0919329449569578e+09 5.1479045149389672e+13 1.5770064875104603e-04 3.0000000000000000e+00 6.2857093988724188e+01
5.8457736629614036e+05 6.2355776321872125e-05 5.5181139517449713e+09 6.1636321704394673e+05 5.1541363034259901e+09 1.0919329449569430e+09 5.2178463794557422e+13 1.5841163698985467e-04 3.0000000000000000e+00 6.2857093988723676e+01
5.8721291431323637e+05 6.2355776321871894e-05 5.5181139517449522e+09 6.1636321704394673e+05 5.1541363034259710e+09 1.0919329449569430e+09 5.2887385072102820e+13 1.5912583069598209e-04 3.0000000000000000e+00 6.2857093988723804e+01
5.8986034461273148e+05 6.2355776321871678e-05 5.5181139517449322e+09 6.1636321704394650e+05 5.1541363034259510e+09 1.0919329449569414e+09 5.3605938089281953e+13 1.5984324432117327e-04 3.0000000000000000e+00 6.2857093988723690e+01
5.9251971076550882e+05 6.2355776321871461e-05 5.5181139517448931e+09 6.1636321704394463e+05 5.1541363034259176e+09 1.0919329449569280e+09 5.4334253707463031e+13 1.6056389238232847e-04 3.0000000000000000e+00 6.2857093988723079e+01
5.9519106658397429e+05 6.2355776321871230e-05 5.5181139517448730e+09 6.1636321704394463e+05 5.1541363034258986e+09 1.0919329449569280e+09 5.5072464565958828e+13 1.6128778946179694e-04 3.0000000000000000e+00 6.2857093988723115e+01
5.9787446612314496e+05 6.2355776321871013e-05 5.5181139517448339e+09 6.1636321704394254e+05 5.1541363034258633e+09 1.0919329449569132e+09 5.5820705106182344e+13 1.6201495020767189e-04 3.0000000000000000e+00 6.2857093988722518e+01
6.0056996368174348e+05 6.2355776321870783e-05 5.5181139517448149e+09 6.1636321704394254e+05 5.1541363034258442e+09 1.0919329449569132e+09 5.6579111596131297e+13 1.6274538933408700e-04 3.0000000000000000e+00 6.2857093988722447e+01
6.0327761380329647e+05 6.2355776321870566e-05 5.5181139517447948e+09 6.1636321704394231e+05 5.1541363034258242e+09 1.0919329449569116e+09 5.7347822155204852e+13 1.6347912162151417e-04 3.0000000000000000e+00 6.2857093988722255e+01
6.0599747127723822e+05 6.2355776321870349e-05 5.5181139517447557e+09 6.1636321704394044e+05 5.1541363034257908e+09 1.0919329449568985e+09 5.8126976779357562e+13 1.6421616191706264e-04 3.0000000000000000e+00 6.2857093988721772e+01
6.0872959114001936e+05 6.2355776321870119e-05 5.5181139517447367e+09 6.1636321704394044e+05 5.1541363034257717e+09 1.0919329449568985e+09 5.8916717366595250e+13 1.6495652513477918e-04 3.0000000000000000e+00 6.2857093988721807e+01
6.1147402867622057e+05 6.2355776321869902e-05 5.5181139517446966e+09 6.1636321704393835e+05 5.1541363034257355e+09 1.0919329449568837e+09 5.9717187742817094e+13 1.6570022625595027e-04 3.0000000000000000e+00 6.2857093988721047e+01
6.1423083941967133e+05 6.2355776321869577e-05 5.5181139517446775e+09 6.1636321704393905e+05 5.1541363034257154e+09 1.0919329449568884e+09 6.0528533688008984e+13 1.6644728032940486e-04 3.0000000000000000e+00 6.2857093988721360e+01
6.1700007915457361e+05 6.2355776321869347e-05 5.5181139517446384e+09 6.1636321704393718e+05 5.1541363034256811e+09 1.0919329449568753e+09 6.1350902962792594e+13 1.6719770247181905e-04 3.0000000000000000e+00 6.2857093988720841e+01
6.1978180391663045e+05 6.2355776321869130e-05 5.5181139517446184e+09 6.1636321704393695e+05 5.1541363034256611e+09 1.0919329449568737e+09 6.2184445335335234e+13 1.6795150786802219e-04 3.0000000000000000e+00 6.2857093988720770e+01
6.2257606999418023e+05 6.2355776321868913e-05 5.5181139517445793e+09 6.1636321704393509e+05 5.1541363034256268e+09 1.0919329449568605e+09 6.3029312608625406e+13 1.6870871177130373e-04 3.0000000000000000e+00 6.2857093988720180e+01
6.2538293392933533e+05 6.2355776321868574e-05 5.5181139517445602e+09 6.1636321704393579e+05 5.1541363034256048e+09 1.0919329449568653e+09 6.3885658648118703e+13 1.6946932950372216e-04 3.0000000000000000e+00 6.2857093988720393e+01
6.2820245251912659e+05 6.2355776321868357e-05 5.5181139517445202e+09 6.1636321704393392e+05 5.1541363034255714e+09 1.0919329449568522e+09 6.4753639409759609e+13 1.7023337645641495e-04 3.0000000000000000e+00 6.2857093988719754e+01
6.3103468281665223e+05 6.2355776321868127e-05 5.5181139517445011e+09 6.1636321704393392e+05 5.1541363034255524e+09 1.0919329449568522e+09 6.5633412968383781e+13 1.7100086808991002e-04 3.0000000000000000e+00 6.2857093988719889e+01
6.3387968213223258e+05 6.2355776321867910e-05 5.5181139517444620e+09 6.1636321704393183e+05 5.1541363034255171e+09 1.0919329449568374e+09 6.6525139546506297e+13 1.7177181993443860e-04 3.0000000000000000e+00 6.2857093988719136e+01
6.3673750803456968e+05 6.2355776321867571e-05 5.5181139517444420e+09 6.1636321704393253e+05 5.1541363034254942e+09 1.0919329449568424e+09 6.7428981543501125e+13 1.7254624759024942e-04 3.0000000000000000e+00 6.2857093988719384e+01
6.3960821835191210e+05 6.2355776321867354e-05 5.5181139517444029e+09 6.1636321704393066e+05 5.1541363034254608e+09 1.0919329449568291e+09 6.8345103565176828e+13 1.7332416672792450e-04 3.0000000000000000e+00 6.2857093988718908e+01
6.4249187117322534e+05 6.2355776321867029e-05 5.5181139517443838e+09 6.1636321704393136e+05 5.1541363034254398e+09 1.0919329449568341e+09 6.9273672453754391e+13 1.7410559308869597e-04 3.0000000000000000e+00 6.2857093988719022e+01
6.4538852484936698e+05 6.2355776321866799e-05 5.5181139517443438e+09 6.1636321704392950e+05 5.1541363034254055e+09 1.0919329449568210e+09 7.0214857318252000e+13 1.7489054248476506e-04 3.0000000000000000e+00 6.2857093988718503e+01
6.4829823799426772e+05 6.2355776321866582e-05 5.5181139517443047e+09 6.1636321704392741e+05 5.1541363034253693e+09 1.0919329449568059e+09 7.1168829565283078e+13 1.7567903079962171e-04 3.0000000000000000e+00 6.2857093988717885e+01
6.5122106948611699e+05 6.2355776321866243e-05 5.5181139517442856e+09 6.1636321704392834e+05 5.1541363034253502e+09 1.0919329449568126e+09 7.2135762930272094e+13 1.7647107398836585e-04 3.0000000000000000e+00 6.2857093988718177e+01
6.5415707846855477e+05 6.2355776321866026e-05 5.5181139517442465e+09 6.1636321704392624e+05 5.1541363034253149e+09 1.0919329449567978e+09 7.3115833509095297e+13 1.7726668807803073e-04 3.0000000000000000e+00 6.2857093988717537e+01
6.5710632435186836e+05 6.2355776321865701e-05 5.5181139517442074e+09 6.1636321704392531e+05 5.1541363034252796e+09 1.0919329449567912e+09 7.4109219790150781e+13 1.7806588916790690e-04 3.0000000000000000e+00 6.2857093988717125e+01
6.6006886681419413e+05 6.2355776321865470e-05 5.5181139517441874e+09 6.1636321704392508e+05 5.1541363034252586e+09 1.0919329449567895e+09 7.5116102686864297e+13 1.7886869342986788e-04 3.0000000000000000e+00 6.2857093988717217e+01
6.6304476580272545e+05 6.2355776321865145e-05 5.5181139517441483e+09 6.1636321704392391e+05 5.1541363034252214e+09 1.0919329449567811e+09 7.6136665570636953e+13 1.7967511710869767e-04 3.0000000000000000e+00 6.2857093988716798e+01
6.6603408153492573e+05 6.2355776321864915e-05 5.5181139517441092e+09 6.1636321704392205e+05 5.1541363034251871e+09 1.0919329449567680e+09 7.7171094304240438e+13 1.8048517652241946e-04 3.0000000000000000e+00 6.2857093988716294e+01
6.6903687449974695e+05 6.2355776321864590e-05 5.5181139517440891e+09 6.1636321704392252e+05 5.1541363034251642e+09 1.0919329449567714e+09 7.8219577275665953e+13 1.8129888806262551e-04 3.0000000000000000e+00 6.2857093988716457e+01
6.7205320545885339e+05 6.2355776321864251e-05 5.5181139517440500e+09 6.1636321704392158e+05 5.1541363034251280e+09 1.0919329449567647e+09 7.9282305432432969e+13 1.8211626819480915e-04 3.0000000000000000e+00 6.2857093988716144e+01
6.7508313544785138e+05 6.2355776321864034e-05 5.5181139517440109e+09 6.1636321704391949e+05 5.1541363034250927e+09 1.0919329449567499e+09 8.0359472316364188e+13 1.8293733345869782e-04 3.0000000000000000e+00 6.2857093988715540e+01
6.7812672577752429e+05 6.2355776321863695e-05 5.5181139517439718e+09 6.1636321704391856e+05 5.1541363034250574e+09 1.0919329449567432e+09 8.1451274098833109e+13 1.8376210046858773e-04 3.0000000000000000e+00 6.2857093988715263e+01
6.8118403803507320e+05 6.2355776321863370e-05 5.5181139517439518e+09 6.1636321704391926e+05 5.1541363034250364e+09 1.0919329449567482e+09 8.2557909616490266e+13 1.8459058591368033e-04 3.0000000000000000e+00 6.2857093988715441e+01
6.8425513408536289e+05 6.2355776321863153e-05 5.5181139517439127e+09 6.1636321704391716e+05 5.1541363034250011e+09 1.0919329449567335e+09 8.3679580407474750e+13 1.8542280655841953e-04 3.0000000000000000e+00 6.2857093988714787e+01
6.8734007607217412e+05 6.2355776321862814e-05 5.5181139517438736e+09 6.1636321704391623e+05 5.1541363034249649e+09 1.0919329449567268e+09 8.4816490748118297e+13 1.8625877924283125e-04 3.0000000000000000e+00 6.2857093988714560e+01
6.9043892641946068e+05 6.2355776321862475e-05 5.5181139517438345e+09 6.1636321704391507e+05 5.1541363034249277e+09 1.0919329449567184e+09 8.5968847690147328e+13 1.8709852088286417e-04 3.0000000000000000e+00 6.2857093988714240e+01
6.9355174783261283e+05 6.2355776321862150e-05 5.5181139517437954e+09 6.1636321704391390e+05 5.1541363034248915e+09 1.0919329449567103e+09 8.7136861098390984e+13 1.8794204847073196e-04 3.0000000000000000e+00 6.2857093988714041e+01
6.9667860329972615e+05 6.2355776321861933e-05 5.5181139517437563e+09 6.1636321704391204e+05 5.1541363034248581e+09 1.0919329449566972e+09 8.8320743689001281e+13 1.8878937907525721e-04 3.0000000000000000e+00 6.2857093988713267e+01
6.9981955609287566e+05 6.2355776321861594e-05 5.5181139517437172e+09 6.1636321704391111e+05 5.1541363034248219e+09 1.0919329449566905e+09 8.9520711068192172e+13 1.8964052984221658e-04 3.0000000000000000e+00 6.2857093988713025e+01
7.0297466976939677e+05 6.2355776321861269e-05 5.5181139517436972e+09 6.1636321704391157e+05 5.1541363034247990e+09 1.0919329449566939e+09 9.0736981771505812e+13 1.9049551799468805e-04 3.0000000000000000e+00 6.2857093988713160e+01
7.0614400817317085e+05 6.2355776321860930e-05 5.5181139517436581e+09 6.1636321704391064e+05 5.1541363034247637e+09 1.0919329449566872e+09 9.1969777303611406e+13 1.9135436083339913e-04 3.0000000000000000e+00 6.2857093988712968e+01
7.0932763543591765e+05 6.2355776321860605e-05 5.5181139517436190e+09 6.1636321704390948e+05 5.1541363034247265e+09 1.0919329449566789e+09 9.3219322178645469e+13 1.9221707573707723e-04 3.0000000000000000e+00 6.2857093988712542e+01
7.1252561597849219e+05 6.2355776321860266e-05 5.5181139517435799e+09 6.1636321704390855e+05 5.1541363034246912e+09 1.0919329449566724e+09 9.4485843961099469e+13 1.9308368016280122e-04 3.0000000000000000e+00 6.2857093988712386e+01
7.1573801451218943e+05 6.2355776321859941e-05 5.5181139517435408e+09 6.1636321704390738e+05 5.1541363034246540e+09 1.0919329449566641e+09 9.5769573307263969e+13 1.9395419164635445e-04 3.0000000000000000e+00 6.2857093988711895e+01
7.1896489604005252e+05 6.2355776321859602e-05 5.5181139517435007e+09 6.1636321704390622e+05 5.1541363034246168e+09 1.0919329449566557e+09 9.7070744007234594e+13 1.9482862780257994e-04 3.0000000000000000e+00 6.2857093988711625e+01
7.2220632585818903e+05 6.2355776321859263e-05 5.5181139517434616e+09 6.1636321704390505e+05 5.1541363034245787e+09 1.0919329449566476e+09 9.8389593027490047e+13 1.9570700632573669e-04 3.0000000000000000e+00 6.2857093988711377e+01
7.2546236955709185e+05 6.2355776321858938e-05 5.5181139517434225e+09 6.1636321704390412e+05 5.1541363034245434e+09 1.0919329449566410e+09 9.9726360554047391e+13 1.9658934498985745e-04 3.0000000000000000e+00 6.2857093988711043e+01
7.2873309302296664e+05 6.2355776321858599e-05 5.5181139517433834e+09 6.1636321704390296e+05 5.1541363034245062e+09 1.0919329449566329e+09 1.0108129003620472e+14 1.9747566164910897e-04 3.0000000000000000e+00 6.2857093988710552e+01
7.3201856243906438e+05 6.2355776321858274e-05 5.5181139517433443e+09 6.1636321704390179e+05 5.1541363034244690e+09 1.0919329449566245e+09 1.0245462823087712e+14 1.9836597423815260e-04 3.0000000000000000e+00 6.2857093988710318e+01
7.3531884428702155e+05 6.2355776321857935e-05 5.5181139517432852e+09 6.1636321704389900e+05 5.1541363034244184e+09 1.0919329449566047e+09 1.0384662524753595e+14 1.9926030077250769e-04 3.0000000000000000e+00 6.2857093988709416e+01
7.3863400534820487e+05 6.2355776321857610e-05 5.5181139517432461e+09 6.1636321704389784e+05 5.1541363034243813e+09 1.0919329449565964e+09 1.0525753459375809e+14 2.0015865934891599e-04 3.0000000000000000e+00 6.2857093988708989e+01
7.4196411270506238e+05 6.2355776321857163e-05 5.5181139517432070e+09 6.1636321704389760e+05 5.1541363034243422e+09 1.0919329449565947e+09 1.0668761322139414e+14 2.0106106814570776e-04 3.0000000000000000e+00 6.2857093988709124e+01
7.4530923374248156e+05 6.2355776321856838e-05 5.5181139517431679e+09 6.1636321704389644e+05 5.1541363034243050e+09 1.0919329449565866e+09 1.0813712157336411e+14 2.0196754542316971e-04 3.0000000000000000e+00 6.2857093988708826e+01
7.4866943614915200e+05 6.2355776321856499e-05 5.5181139517431288e+09 6.1636321704389551e+05 5.1541363034242697e+09 1.0919329449565799e+09 1.0960632363108856e+14 2.0287810952391433e-04 3.0000000000000000e+00 6.2857093988708350e+01
7.5204478791893600e+05 6.2355776321856173e-05 5.5181139517430897e+09 6.1636321704389434e+05 5.1541363034242334e+09 1.0919329449565718e+09 1.1109548696256447e+14 2.0379277887325141e-04 3.0000000000000000e+00 6.2857093988708058e+01
7.5543535735224362e+05 6.2355776321855726e-05 5.5181139517430506e+09 6.1636321704389411e+05 5.1541363034241943e+09 1.0919329449565701e+09 1.1260488277109409e+14 2.0471157197956053e-04 3.0000000000000000e+00 6.2857093988708058e+01
7.5884121305741533e+05 6.2355776321855387e-05 5.5181139517429914e+09 6.1636321704389132e+05 5.1541363034241428e+09 1.0919329449565504e+09 1.1413478594467609e+14 2.0563450743466561e-04 3.0000000000000000e+00 6.2857093988707170e+01
7.6226242395211000e+05 6.2355776321855062e-05 5.5181139517429523e+09 6.1636321704389015e+05 5.1541363034241066e+09 1.0919329449565420e+09 1.1568547510606730e+14 2.0656160391421133e-04 3.0000000000000000e+00 6.2857093988706794e+01
7.6569905926469935e+05 6.2355776321854615e-05 5.5181139517429132e+09 6.1636321704388992e+05 5.1541363034240675e+09 1.0919329449565406e+09 1.1725723266352502e+14 2.0749288017804084e-04 3.0000000000000000e+00 6.2857093988706737e+01
7.6915118853566924e+05 6.2355776321854290e-05 5.5181139517428541e+09 6.1636321704388689e+05 5.1541363034240150e+09 1.0919329449565191e+09 1.1885034486223877e+14 2.0842835507057546e-04 3.0000000000000000e+00 6.2857093988705827e+01
7.7261888161902642e+05 6.2355776321853842e-05 5.5181139517428150e+09 6.1636321704388666e+05 5.1541363034239759e+09 1.0919329449565175e+09 1.2046510183646055e+14 2.0936804752119602e-04 3.0000000000000000e+00 6.2857093988705913e+01
7.7610220868371206e+05 6.2355776321853504e-05 5.5181139517427759e+09 6.1636321704388573e+05 5.1541363034239407e+09 1.0919329449565108e+09 1.2210179766234339e+14 2.1031197654462574e-04 3.0000000000000000e+00 6.2857093988705543e+01
7.7960124021502188e+05 6.2355776321853070e-05 5.5181139517427368e+09 6.1636321704388526e+05 5.1541363034239006e+09 1.0919329449565074e+09 1.2376073041149800e+14 2.1126016124131509e-04 3.0000000000000000e+00 6.2857093988705479e+01
7.8311604701603216e+05 6.2355776321852731e-05 5.5181139517426777e+09 6.1636321704388247e+05 5.1541363034238491e+09 1.0919329449564877e+09 1.2544220220527684e+14 2.1221262079782852e-04 3.0000000000000000e+00 6.2857093988704598e+01
7.8664670020903251e+05 6.2355776321852297e-05 5.5181139517426386e+09 6.1636321704388224e+05 5.1541363034238110e+09 1.0919329449564860e+09 1.2714651926979606e+14 2.1316937448723216e-04 3.0000000000000000e+00 6.2857093988704548e+01
7.9019327123696520e+05 6.2355776321851959e-05 5.5181139517425795e+09 6.1636321704387921e+05 5.1541363034237585e+09 1.0919329449564645e+09 1.2887399199170445e+14 2.1413044166948439e-04 3.0000000000000000e+00 6.2857093988703561e+01
7.9375583186487050e+05 6.2355776321851511e-05 5.5181139517425404e+09 6.1636321704387921e+05 5.1541363034237213e+09 1.0919329449564645e+09 1.3062493497471061e+14 2.1509584179182716e-04 3.0000000000000000e+00 6.2857093988703603e+01
7.9733445418133936e+05 6.2355776321851078e-05 5.5181139517424822e+09 6.1636321704387711e+05 5.1541363034236689e+09 1.0919329449564497e+09 1.3239966709687800e+14 2.1606559438917984e-04 3.0000000000000000e+00 6.2857093988702879e+01
8.0092921059997124e+05 6.2355776321850739e-05 5.5181139517424421e+09 6.1636321704387595e+05 5.1541363034236307e+09 1.0919329449564414e+09 1.3419851156869777e+14 2.1703971908453419e-04 3.0000000000000000e+00 6.2857093988702552e+01
8.0454017386084050e+05 6.2355776321850292e-05 5.5181139517423840e+09 6.1636321704387385e+05 5.1541363034235754e+09 1.0919329449564266e+09 1.3602179599195217e+14 2.1801823558935168e-04 3.0000000000000000e+00 6.2857093988702012e+01
8.0816741703196743e+05 6.2355776321849858e-05 5.5181139517423449e+09 6.1636321704387362e+05 5.1541363034235382e+09 1.0919329449564250e+09 1.3786985241937573e+14 2.1900116370396222e-04 3.0000000000000000e+00 6.2857093988701862e+01
8.1181101351079741e+05 6.2355776321849411e-05 5.5181139517422857e+09 6.1636321704387153e+05 5.1541363034234838e+09 1.0919329449564102e+09 1.3974301741512867e+14 2.1998852331796493e-04 3.0000000000000000e+00 6.2857093988701344e+01
8.1547103702568531e+05 6.2355776321848964e-05 5.5181139517422466e+09 6.1636321704387129e+05 5.1541363034234447e+09 1.0919329449564085e+09 1.4164163211609081e+14 2.2098033441063039e-04 3.0000000000000000e+00 6.2857093988701315e+01
8.1914756163738831e+05 6.2355776321848638e-05 5.5181139517421875e+09 6.1636321704386827e+05 5.1541363034233932e+09 1.0919329449563870e+09 1.4356604229398900e+14 2.2197661705130526e-04 3.0000000000000000e+00 6.2857093988700228e+01
8.2284066174056416e+05 6.2355776321848191e-05 5.5181139517421484e+09 6.1636321704386803e+05 5.1541363034233541e+09 1.0919329449563854e+09 1.4551659841836828e+14 2.2297739139981814e-04 3.0000000000000000e+00 6.2857093988700193e+01
8.2655041206527781e+05 6.2355776321847744e-05 5.5181139517420893e+09 6.1636321704386594e+05 5.1541363034232988e+09 1.0919329449563706e+09 1.4749365572041947e+14 2.2398267770688791e-04 3.0000000000000000e+00 6.2857093988699710e+01
8.3027688767850737e+05 6.2355776321847310e-05 5.5181139517420311e+09 6.1636321704386384e+05 5.1541363034232454e+09 1.0919329449563556e+09 1.4949757425766950e+14 2.2499249631453193e-04 3.0000000000000000e+00 6.2857093988699027e+01
8.3402016398567334e+05 6.2355776321846863e-05 5.5181139517419920e+09 6.1636321704386361e+05 5.1541363034232073e+09 1.0919329449563539e+09 1.5152871897956000e+14 2.2600686765648009e-04 3.0000000000000000e+00 6.2857093988699027e+01
8.3778031673215691e+05 6.2355776321846416e-05 5.5181139517419329e+09 6.1636321704386151e+05 5.1541363034231520e+09 1.0919329449563391e+09 1.5358745979390712e+14 2.2702581225858681e-04 3.0000000000000000e+00 6.2857093988698317e+01
8.4155742200483521e+05 6.2355776321845874e-05 5.5181139517418737e+09 6.1636321704386035e+05 5.1541363034230976e+09 1.0919329449563310e+09 1.5567417163426962e+14 2.2804935073924646e-04 3.0000000000000000e+00 6.2857093988698061e+01
8.4535155623362050e+05 6.2355776321845426e-05 5.5181139517418156e+09 6.1636321704385825e+05 5.1541363034230433e+09 1.0919329449563160e+09 1.5778923452823094e+14 2.2907750380981101e-04 3.0000000000000000e+00 6.2857093988697407e+01
8.4916279619300668e+05 6.2355776321844979e-05 5.5181139517417755e+09 6.1636321704385802e+05 5.1541363034230042e+09 1.0919329449563143e+09 1.5993303366660862e+14 2.3011029227500872e-04 3.0000000000000000e+00 6.2857093988697272e+01
8.5299121900362312e+05 6.2355776321844532e-05 5.5181139517417173e+09 6.1636321704385616e+05 5.1541363034229527e+09 1.0919329449563012e+09 1.6210595947360509e+14 2.3114773703336523e-04 3.0000000000000000e+00 6.2857093988696789e+01
8.5683690213379497e+05 6.2355776321844098e-05 5.5181139517416582e+09 6.1636321704385383e+05 5.1541363034228964e+09 1.0919329449562848e+09 1.6430840767791031e+14 2.3218985907762677e-04 3.0000000000000000e+00 6.2857093988696015e+01
8.6069992340111081e+05 6.2355776321843543e-05 5.5181139517415991e+09 6.1636321704385267e+05 5.1541363034228411e+09 1.0919329449562764e+09 1.6654077938477156e+14 2.3323667949518435e-04 3.0000000000000000e+00 6.2857093988695837e+01
8.6458036097399727e+05 6.2355776321843095e-05 5.5181139517415409e+09 6.1636321704385057e+05 5.1541363034227858e+09 1.0919329449562616e+09 1.6880348114904150e+14 2.3428821946850105e-04 3.0000000000000000e+00 6.2857093988695247e+01
8.6847829337330069e+05 6.2355776321842662e-05 5.5181139517414818e+09 6.1636321704384848e+05 5.1541363034227333e+09 1.0919329449562469e+09 1.7109692504921906e+14 2.3534450027554027e-04 3.0000000000000000e+00 6.2857093988694437e+01
8.7239379947387637e+05 6.2355776321842106e-05 5.5181139517414227e+09 6.1636321704384731e+05 5.1541363034226770e+09 1.0919329449562385e+09 1.7342152876249688e+14 2.3640554329019638e-04 3.0000000000000000e+00 6.2857093988694153e+01
8.7632695850618393e+05 6.2355776321841659e-05 5.5181139517413645e+09 6.1636321704384522e+05 5.1541363034226227e+09 1.0919329449562237e+09 1.7577771564082697e+14 2.3747136998272746e-04 3.0000000000000000e+00 6.2857093988693578e+01
8.8027785005789145e+05 6.2355776321841103e-05 5.5181139517413054e+09 6.1636321704384405e+05 5.1541363034225664e+09 1.0919329449562154e+09 1.7816591478802159e+14 2.3854200192018933e-04 3.0000000000000000e+00 6.2857093988693293e+01
8.8424655407548486e+05 6.2355776321840656e-05 5.5181139517412462e+09 6.1636321704384196e+05 5.1541363034225121e+09 1.0919329449562006e+09 1.8058656113789972e+14 2.3961746076687227e-04 3.0000000000000000e+00 6.2857093988692583e+01
8.8823315086588648e+05 6.2355776321840114e-05 5.5181139517411880e+09 6.1636321704384079e+05 5.1541363034224577e+09 1.0919329449561923e+09 1.8304009553349712e+14 2.4069776828473924e-04 3.0000000000000000e+00 6.2857093988692235e+01
8.9223772109808004e+05 6.2355776321839666e-05 5.5181139517411289e+09 6.1636321704383870e+05 5.1541363034224033e+09 1.0919329449561775e+09 1.8552696480735166e+14 2.4178294633386648e-04 3.0000000000000000e+00 6.2857093988691609e+01
8.9626034580474219e+05 6.2355776321839111e-05 5.5181139517410698e+09 6.1636321704383753e+05 5.1541363034223480e+09 1.0919329449561691e+09 1.8804762186287878e+14 2.4287301687288547e-04 3.0000000000000000e+00 6.2857093988691268e+01
9.0030110638388316e+05 6.2355776321838555e-05 5.5181139517410116e+09 6.1636321704383637e+05 5.1541363034222918e+09 1.0919329449561610e+09 1.9060252575685438e+14 2.4396800195942753e-04 3.0000000000000000e+00 6.2857093988690991e+01
9.0436008460049343e+05 6.2355776321838108e-05 5.5181139517409525e+09 6.1636321704383427e+05 5.1541363034222374e+09 1.0919329449561460e+09 1.9319214178301638e+14 2.4506792375057014e-04 3.0000000000000000e+00 6.2857093988690245e+01
9.0843736258819816e+05 6.2355776321837566e-05 5.5181139517408934e+09 6.1636321704383288e+05 5.1541363034221811e+09 1.0919329449561362e+09 1.9581694155680356e+14 2.4617280450328524e-04 3.0000000000000000e+00 6.2857093988689826e+01
9.1253302285091940e+05 6.2355776321837010e-05 5.5181139517408152e+09 6.1636321704382985e+05 5.1541363034221106e+09 1.0919329449561148e+09 1.9847740310124500e+14 2.4728266657488950e-04 3.0000000000000000e+00 6.2857093988689023e+01
9.1664714826454525e+05 6.2355776321836455e-05 5.5181139517407570e+09 6.1636321704382868e+05 5.1541363034220552e+09 1.0919329449561064e+09 2.0117401093401669e+14 2.4839753242349703e-04 3.0000000000000000e+00 6.2857093988688710e+01
9.2077982207860728e+05 6.2355776321835899e-05 5.5181139517406979e+09 6.1636321704382752e+05 5.1541363034219990e+09 1.0919329449560983e+09 2.0390725615568069e+14 2.4951742460847326e-04 3.0000000000000000e+00 6.2857093988688348e+01
9.2493112791796459e+05 6.2355776321835343e-05 5.5181139517406387e+09 6.1636321704382636e+05 5.1541363034219427e+09 1.0919329449560900e+09 2.0667763653912356e+14 2.5064236579089218e-04 3.0000000000000000e+00 6.2857093988687978e+01
9.2910114978449675e+05 6.2355776321834788e-05 5.5181139517405605e+09 6.1636321704382333e+05 5.1541363034218721e+09 1.0919329449560685e+09 2.0948565662020981e+14 2.5177237873399435e-04 3.0000000000000000e+00 6.2857093988687062e+01
9.3328997205880238e+05 6.2355776321834232e-05 5.5181139517405014e+09 6.1636321704382217e+05 5.1541363034218168e+09 1.0919329449560604e+09 2.1233182778966634e+14 2.5290748630364744e-04 3.0000000000000000e+00 6.2857093988686636e+01
9.3749767950190778e+05 6.2355776321833676e-05 5.5181139517404432e+09 6.1636321704382100e+05 5.1541363034217606e+09 1.0919329449560521e+09 2.1521666838621650e+14 2.5404771146880957e-04 3.0000000000000000e+00 6.2857093988686252e+01
9.4172435725698143e+05 6.2355776321833134e-05 5.5181139517403641e+09 6.1636321704381774e+05 5.1541363034216890e+09 1.0919329449560289e+09 2.1814070379097859e+14 2.5519307730199322e-04 3.0000000000000000e+00 6.2857093988685413e+01
9.4597009085105686e+05 6.2355776321832579e-05 5.5181139517403059e+09 6.1636321704381658e+05 5.1541363034216328e+09 1.0919329449560206e+09 2.2110446652314709e+14 2.5634360697973283e-04 3.0000000000000000e+00 6.2857093988685030e+01
9.5023496619676379e+05 6.2355776321832023e-05 5.5181139517402277e+09 6.1636321704381355e+05 5.1541363034215612e+09 1.0919329449559991e+09 2.2410849633697409e+14 2.5749932378305344e-04 3.0000000000000000e+00 6.2857093988684049e+01
9.5451906959406589e+05 6.2355776321831359e-05 5.5181139517401686e+09 6.1636321704381309e+05 5.1541363034215021e+09 1.0919329449559960e+09 2.2715334032006803e+14 2.5866025109794167e-04 3.0000000000000000e+00 6.2857093988683985e+01
9.5882248773200763e+05 6.2355776321830803e-05 5.5181139517400904e+09 6.1636321704381006e+05 5.1541363034214315e+09 1.0919329449559746e+09 2.3023955299302841e+14 2.5982641241581933e-04 3.0000000000000000e+00 6.2857093988683097e+01
9.6314530769046815e+05 6.2355776321830247e-05 5.5181139517400312e+09 6.1636321704380889e+05 5.1541363034213762e+09 1.0919329449559662e+09 2.3336769641043350e+14 2.6099783133401840e-04 3.0000000000000000e+00 6.2857093988682735e+01
9.6748761694192328e+05 6.2355776321829583e-05 5.5181139517399530e+09 6.1636321704380680e+05 5.1541363034213037e+09 1.0919329449559515e+09 2.3653834026320109e+14 2.6217453155625865e-04 3.0000000000000000e+00 6.2857093988682053e+01
9.7184950335321575e+05 6.2355776321829028e-05 5.5181139517398748e+09 6.1636321704380377e+05 5.1541363034212322e+09 1.0919329449559300e+09 2.3975206198233878e+14 2.6335653689312758e-04 3.0000000000000000e+00 6.2857093988681235e+01
9.7623105518733314e+05 6.2355776321828364e-05 5.5181139517398157e+09 6.1636321704380331e+05 5.1541363034211731e+09 1.0919329449559267e+09 2.4300944684410512e+14 2.6454387126256123e-04 3.0000000000000000e+00 6.2857093988681136e+01
9.8063236110519373e+05 6.2355776321827808e-05 5.5181139517397375e+09 6.1636321704380028e+05 5.1541363034211016e+09 1.0919329449559052e+09 2.4631108807659853e+14 2.6573655869032987e-04 3.0000000000000000e+00 6.2857093988680219e+01
9.8505351016744075e+05 6.2355776321827144e-05 5.5181139517396584e+09 6.1636321704379795e+05 5.1541363034210272e+09 1.0919329449558887e+09 2.4965758696779481e+14 2.6693462331052237e-04 3.0000000000000000e+00 6.2857093988679487e+01
9.8949459183624445e+05 6.2355776321826480e-05 5.5181139517395802e+09 6.1636321704379586e+05 5.1541363034209557e+09 1.0919329449558737e+09 2.5304955297505234e+14 2.6813808936603574e-04 3.0000000000000000e+00 6.2857093988678933e+01
9.9395569597711228e+05 6.2355776321825924e-05 5.5181139517395210e+09 6.1636321704379469e+05 5.1541363034208994e+09 1.0919329449558656e+09 2.5648760383610566e+14 2.6934698120906512e-04 3.0000000000000000e+00 6.2857093988678400e+01
9.9843691286070738e+05 6.2355776321825260e-05 5.5181139517394428e+09 6.1636321704379260e+05 5.1541363034208279e+09 1.0919329449558508e+09 2.5997236568156575e+14 2.7056132330159697e-04 3.0000000000000000e+00 6.2857093988677825e+01
1.0029383331646753e+06 6.2355776321824596e-05 5.5181139517393646e+09 6.1636321704379027e+05 5.1541363034207535e+09 1.0919329449558342e+09 2.6350447314895041e+14 2.7178114021590352e-04 3.0000000000000000e+00 6.2857093988677271e+01
1.0074600479754789e+06 6.2355776321823932e-05 5.5181139517392864e+09 6.1636321704378817e+05 5.1541363034206810e+09 1.0919329449558194e+09 2.6708456949826291e+14 2.7300645663504050e-04 3.0000000000000000e+00 6.2857093988676610e+01
1.0120021487902411e+06 6.2355776321823268e-05 5.5181139517392082e+09 6.1636321704378608e+05 5.1541363034206085e+09 1.0919329449558046e+09 2.7071330672914047e+14 2.7423729735334630e-04 3.0000000000000000e+00 6.2857093988675935e+01
1.0165647275185970e+06 6.2355776321822604e-05 5.5181139517391291e+09 6.1636321704378375e+05 5.1541363034205341e+09 1.0919329449557881e+09 2.7439134569959638e+14 2.7547368727694389e-04 3.0000000000000000e+00 6.2857093988675295e+01
1.0211478764845531e+06 6.2355776321821940e-05 5.5181139517390509e+09 6.1636321704378165e+05 5.1541363034204617e+09 1.0919329449557731e+09 2.7811935624637278e+14 2.7671565142424449e-04 3.0000000000000000e+00 6.2857093988674691e+01
1.0257516884283555e+06 6.2355776321821276e-05 5.5181139517389727e+09 6.1636321704377932e+05 5.1541363034203873e+09 1.0919329449557567e+09 2.8189801730693044e+14 2.7796321492645412e-04 3.0000000000000000e+00 6.2857093988674009e+01
1.0303762565083669e+06 6.2355776321820612e-05 5.5181139517388945e+09 6.1636321704377723e+05 5.1541363034203148e+09 1.0919329449557419e+09 2.8572801704309606e+14 2.7921640302808214e-04 3.0000000000000000e+00 6.2857093988673356e+01
1.0350216743029515e+06 6.2355776321819948e-05 5.5181139517388153e+09 6.1636321704377513e+05 5.1541363034202423e+09 1.0919329449557269e+09 2.8961005296638750e+14 2.8047524108745163e-04 3.0000000000000000e+00 6.2857093988672638e+01
1.0396880358123684e+06 6.2355776321819175e-05 5.5181139517387180e+09 6.1636321704377187e+05 5.1541363034201508e+09 1.0919329449557040e+09 2.9354483206504456e+14 2.8173975457721325e-04 3.0000000000000000e+00 6.2857093988671807e+01
1.0443754354606738e+06 6.2355776321818511e-05 5.5181139517386389e+09 6.1636321704376955e+05 5.1541363034200764e+09 1.0919329449556873e+09 2.9753307093278275e+14 2.8300996908486007e-04 3.0000000000000000e+00 6.2857093988671153e+01
1.0490839680976316e+06 6.2355776321817847e-05 5.5181139517385607e+09 6.1636321704376745e+05 5.1541363034200039e+09 1.0919329449556725e+09 3.0157549589929950e+14 2.8428591031324547e-04 3.0000000000000000e+00 6.2857093988670435e+01
1.0538137290006329e+06 6.2355776321817074e-05 5.5181139517384825e+09 6.1636321704376605e+05 5.1541363034199286e+09 1.0919329449556627e+09 3.0567284316254994e+14 2.8556760408110336e-04 3.0000000000000000e+00 6.2857093988670094e+01
1.0585648138766240e+06 6.2355776321816397e-05 5.5181139517383842e+09 6.1636321704376210e+05 5.1541363034198399e+09 1.0919329449556346e+09 3.0982585892282338e+14 2.8685507632357081e-04 3.0000000000000000e+00 6.2857093988668822e+01
1.0633373188640422e+06 6.2355776321815624e-05 5.5181139517383060e+09 6.1636321704376070e+05 5.1541363034197636e+09 1.0919329449556246e+09 3.1403529951863856e+14 2.8814835309271208e-04 3.0000000000000000e+00 6.2857093988668524e+01
1.0681313405347627e+06 6.2355776321814960e-05 5.5181139517382278e+09 6.1636321704375860e+05 5.1541363034196911e+09 1.0919329449556098e+09 3.1830193156448750e+14 2.8944746055804691e-04 3.0000000000000000e+00 6.2857093988667728e+01
1.0729469758960512e+06 6.2355776321814188e-05 5.5181139517381296e+09 6.1636321704375534e+05 5.1541363034195995e+09 1.0919329449555867e+09 3.2262653209044856e+14 2.9075242500707903e-04 3.0000000000000000e+00 6.2857093988666882e+01
1.0777843223925275e+06 6.2355776321813415e-05 5.5181139517380514e+09 6.1636321704375395e+05 5.1541363034195261e+09 1.0919329449555769e+09 3.2700988868369819e+14 2.9206327284582873e-04 3.0000000000000000e+00 6.2857093988666499e+01
1.0826434779081380e+06 6.2355776321812751e-05 5.5181139517379532e+09 6.1636321704374999e+05 5.1541363034194374e+09 1.0919329449555488e+09 3.3145279963194512e+14 2.9338003059936699e-04 3.0000000000000000e+00 6.2857093988665206e+01
1.0875245407681346e+06 6.2355776321811979e-05 5.5181139517378750e+09 6.1636321704374882e+05 5.1541363034193640e+09 1.0919329449555404e+09 3.3595607406881150e+14 2.9470272491235208e-04 3.0000000000000000e+00 6.2857093988664808e+01
1.0924276097410663e+06 6.2355776321811193e-05 5.5181139517377768e+09 6.1636321704374556e+05 5.1541363034192715e+09 1.0919329449555175e+09 3.4052053212119181e+14 2.9603138254956894e-04 3.0000000000000000e+00 6.2857093988663983e+01
1.0973527840407765e+06 6.2355776321810420e-05 5.5181139517376785e+09 6.1636321704374230e+05 5.1541363034191799e+09 1.0919329449554944e+09 3.4514700505861231e+14 2.9736603039647069e-04 3.0000000000000000e+00 6.2857093988663003e+01
1.1023001633284113e+06 6.2355776321809648e-05 5.5181139517376003e+09 6.1636321704374114e+05 5.1541363034191065e+09 1.0919329449554863e+09 3.4983633544462019e+14 2.9870669545972256e-04 3.0000000000000000e+00 6.2857093988662548e+01
1.1072698477144351e+06 6.2355776321808875e-05 5.5181139517375021e+09 6.1636321704373788e+05 5.1541363034190149e+09 1.0919329449554632e+09 3.5458937729022862e+14 3.0005340486774853e-04 3.0000000000000000e+00 6.2857093988661582e+01
1.1122619377606579e+06 6.2355776321807981e-05 5.5181139517374039e+09 6.1636321704373555e+05 5.1541363034189215e+09 1.0919329449554465e+09 3.5940699620944912e+14 3.0140618587128017e-04 3.0000000000000000e+00 6.2857093988661056e+01
1.1172765344822686e+06 6.2355776321807208e-05 5.5181139517373066e+09 6.1636321704373253e+05 5.1541363034188328e+09 1.0919329449554250e+09 3.6429006957693350e+14 3.0276506584390789e-04 3.0000000000000000e+00 6.2857093988660104e+01
1.1223137393498805e+06 6.2355776321806436e-05 5.5181139517372084e+09 6.1636321704372927e+05 5.1541363034187422e+09 1.0919329449554021e+09 3.6923948668776081e+14 3.0413007228263550e-04 3.0000000000000000e+00 6.2857093988659138e+01
1.1273736542915837e+06 6.2355776321805663e-05 5.5181139517371101e+09 6.1636321704372601e+05 5.1541363034186506e+09 1.0919329449553790e+09 3.7425614891939388e+14 3.0550123280843574e-04 3.0000000000000000e+00 6.2857093988658136e+01
1.1324563816950072e+06 6.2355776321804769e-05 5.5181139517370319e+09 6.1636321704372577e+05 5.1541363034185743e+09 1.0919329449553773e+09 3.7934096989583512e+14 3.0687857516680970e-04 3.0000000000000000e+00 6.2857093988657965e+01
1.1375620244093919e+06 6.2355776321803996e-05 5.5181139517369337e+09 6.1636321704372251e+05 5.1541363034184837e+09 1.0919329449553542e+09 3.8449487565401512e+14 3.0826212722834836e-04 3.0000000000000000e+00 6.2857093988657134e+01
1.1426906857476707e+06 6.2355776321803115e-05 5.5181139517368164e+09 6.1636321704371832e+05 5.1541363034183760e+09 1.0919329449553244e+09 3.8971880481243938e+14 3.0965191698929589e-04 3.0000000000000000e+00 6.2857093988655919e+01
1.1478424694885602e+06 6.2355776321802221e-05 5.5181139517367182e+09 6.1636321704371599e+05 5.1541363034182825e+09 1.0919329449553080e+09 3.9501370874212925e+14 3.1104797257211741e-04 3.0000000000000000e+00 6.2857093988655194e+01
1.1530174798786591e+06 6.2355776321801448e-05 5.5181139517366199e+09 6.1636321704371297e+05 5.1541363034181938e+09 1.0919329449552865e+09 4.0038055173988138e+14 3.1245032222606623e-04 3.0000000000000000e+00 6.2857093988654192e+01
1.1582158216345592e+06 6.2355776321800567e-05 5.5181139517365217e+09 6.1636321704371041e+05 5.1541363034180994e+09 1.0919329449552684e+09 4.0582031120388544e+14 3.1385899432775748e-04 3.0000000000000000e+00 6.2857093988653517e+01
1.1634375999449631e+06 6.2355776321799673e-05 5.5181139517364244e+09 6.1636321704370831e+05 5.1541363034180079e+09 1.0919329449552536e+09 4.1133397781172462e+14 3.1527401738174062e-04 3.0000000000000000e+00 6.2857093988652856e+01
1.1686829204728138e+06 6.2355776321798792e-05 5.5181139517363262e+09 6.1636321704370598e+05 5.1541363034179153e+09 1.0919329449552369e+09 4.1692255570079631e+14 3.1669542002107736e-04 3.0000000000000000e+00 6.2857093988652224e+01
1.1739518893574316e+06 6.2355776321797911e-05 5.5181139517362080e+09 6.1636321704370156e+05 5.1541363034178057e+09 1.0919329449552057e+09 4.2258706265118288e+14 3.1812323100792038e-04 3.0000000000000000e+00 6.2857093988650917e+01
1.1792446132166628e+06 6.2355776321797017e-05 5.5181139517361107e+09 6.1636321704369946e+05 5.1541363034177141e+09 1.0919329449551909e+09 4.2832853027100825e+14 3.1955747923409576e-04 3.0000000000000000e+00 6.2857093988650270e+01
1.1845611991490370e+06 6.2355776321796136e-05 5.5181139517359924e+09 6.1636321704369527e+05 5.1541363034176064e+09 1.0919329449551611e+09 4.3414800418431262e+14 3.2099819372168742e-04 3.0000000000000000e+00 6.2857093988649062e+01
1.1899017547359336e+06 6.2355776321795241e-05 5.5181139517358952e+09 6.1636321704369318e+05 5.1541363034175148e+09 1.0919329449551463e+09 4.4004654422147794e+14 3.2244540362362430e-04 3.0000000000000000e+00 6.2857093988648330e+01
1.1952663880437596e+06 6.2355776321794360e-05 5.5181139517357769e+09 6.1636321704368875e+05 5.1541363034174051e+09 1.0919329449551148e+09 4.4602522461224325e+14 3.2389913822427046e-04 3.0000000000000000e+00 6.2857093988647165e+01
1.2006552076261353e+06 6.2355776321793357e-05 5.5181139517356787e+09 6.1636321704368736e+05 5.1541363034173107e+09 1.0919329449551051e+09 4.5208513418134031e+14 3.2535942694001746e-04 3.0000000000000000e+00 6.2857093988646760e+01
1.2060683225260922e+06 6.2355776321792477e-05 5.5181139517355614e+09 6.1636321704368340e+05 5.1541363034172039e+09 1.0919329449550769e+09 4.5822737654678894e+14 3.2682629931987987e-04 3.0000000000000000e+00 6.2857093988645431e+01
1.2115058422782780e+06 6.2355776321791487e-05 5.5181139517354631e+09 6.1636321704368177e+05 5.1541363034171095e+09 1.0919329449550655e+09 4.6445307032088462e+14 3.2829978504609280e-04 3.0000000000000000e+00 6.2857093988645012e+01
1.2169678769111743e+06 6.2355776321790593e-05 5.5181139517353458e+09 6.1636321704367781e+05 5.1541363034170017e+09 1.0919329449550374e+09 4.7076334931391894e+14 3.2977991393471305e-04 3.0000000000000000e+00 6.2857093988643761e+01
1.2224545369493223e+06 6.2355776321789603e-05 5.5181139517352285e+09 6.1636321704367455e+05 5.1541363034168940e+09 1.0919329449550142e+09 4.7715936274066550e+14 3.3126671593622186e-04 3.0000000000000000e+00 6.2857093988642816e+01
1.2279659334155596e+06 6.2355776321788601e-05 5.5181139517351103e+09 6.1636321704367106e+05 5.1541363034167814e+09 1.0919329449549894e+09 4.8364227542967356e+14 3.3276022113613141e-04 3.0000000000000000e+00 6.2857093988641857e+01
1.2335021778332666e+06 6.2355776321787720e-05 5.5181139517349930e+09 6.1636321704366687e+05 5.1541363034166727e+09 1.0919329449549599e+09 4.9021326803540331e+14 3.3426045975559331e-04 3.0000000000000000e+00 6.2857093988640543e+01
1.2390633822286234e+06 6.2355776321786717e-05 5.5181139517348948e+09 6.1636321704366547e+05 5.1541363034165783e+09 1.0919329449549499e+09 4.9687353725324544e+14 3.3576746215201045e-04 3.0000000000000000e+00 6.2857093988640152e+01
1.2446496591328760e+06 6.2355776321785727e-05 5.5181139517347775e+09 6.1636321704366221e+05 5.1541363034164696e+09 1.0919329449549267e+09 5.0362429603745888e+14 3.3728125881965065e-04 3.0000000000000000e+00 6.2857093988639207e+01
1.2502611215846145e+06 6.2355776321784725e-05 5.5181139517346401e+09 6.1636321704365709e+05 5.1541363034163437e+09 1.0919329449548905e+09 5.1046677382207375e+14 3.3880188039026477e-04 3.0000000000000000e+00 6.2857093988637679e+01
1.2558978831320594e+06 6.2355776321783722e-05 5.5181139517345228e+09 6.1636321704365383e+05 5.1541363034162340e+09 1.0919329449548674e+09 5.1740221674479094e+14 3.4032935763370558e-04 3.0000000000000000e+00 6.2857093988636684e+01
1.2615600578353594e+06 6.2355776321782624e-05 5.5181139517344046e+09 6.1636321704365127e+05 5.1541363034161215e+09 1.0919329449548492e+09 5.2443188787392788e+14 3.4186372145855043e-04 3.0000000000000000e+00 6.2857093988636016e+01
1.2672477602689005e+06 6.2355776321781621e-05 5.5181139517342873e+09 6.1636321704364824e+05 5.1541363034160128e+09 1.0919329449548278e+09 5.3155706743844588e+14 3.4340500291272754e-04 3.0000000000000000e+00 6.2857093988635008e+01
1.2729611055236228e+06 6.2355776321780632e-05 5.5181139517341700e+09 6.1636321704364475e+05 5.1541363034159021e+09 1.0919329449548030e+09 5.3877905306110106e+14 3.4495323318414344e-04 3.0000000000000000e+00 6.2857093988634020e+01
1.2787002092093506e+06 6.2355776321779520e-05 5.5181139517340326e+09 6.1636321704364056e+05 5.1541363034157753e+09 1.0919329449547734e+09 5.4609915999476650e+14 3.4650844360131425e-04 3.0000000000000000e+00 6.2857093988632833e+01
1.2844651874571310e+06 6.2355776321778517e-05 5.5181139517339144e+09 6.1636321704363730e+05 5.1541363034156647e+09 1.0919329449547503e+09 5.5351872136196231e+14 3.4807066563399987e-04 3.0000000000000000e+00 6.2857093988631732e+01
1.2902561569215846e+06 6.2355776321777420e-05 5.5181139517337971e+09 6.1636321704363474e+05 5.1541363034155531e+09 1.0919329449547322e+09 5.6103908839764194e+14 3.4963993089384042e-04 3.0000000000000000e+00 6.2857093988631021e+01
1.2960732347832648e+06 6.2355776321776308e-05 5.5181139517336597e+09 6.1636321704363055e+05 5.1541363034154263e+09 1.0919329449547024e+09 5.6866163069527475e+14 3.5121627113499608e-04 3.0000000000000000e+00 6.2857093988629892e+01
1.3019165387510306e+06 6.2355776321775197e-05 5.5181139517335424e+09 6.1636321704362822e+05 5.1541363034153156e+09 1.0919329449546859e+09 5.7638773645627525e+14 3.5279971825478979e-04 3.0000000000000000e+00 6.2857093988629146e+01
1.3077861870644270e+06 6.2355776321774208e-05 5.5181139517334051e+09 6.1636321704362310e+05 5.1541363034151907e+09 1.0919329449546497e+09 5.8421881274281888e+14 3.5439030429435241e-04 3.0000000000000000e+00 6.2857093988627540e+01
1.3136822984960785e+06 6.2355776321773096e-05 5.5181139517332678e+09 6.1636321704361867e+05 5.1541363034150620e+09 1.0919329449546182e+09 5.9215628573409250e+14 3.5598806143927121e-04 3.0000000000000000e+00 6.2857093988626239e+01
1.3196049923540913e+06 6.2355776321771877e-05 5.5181139517331505e+09 6.1636321704361727e+05 5.1541363034149485e+09 1.0919329449546084e+09 6.0020160098602700e+14 3.5759302202024106e-04 3.0000000000000000e+00 6.2857093988625806e+01
1.3255543884844694e+06 6.2355776321770765e-05 5.5181139517330132e+09 6.1636321704361308e+05 5.1541363034148216e+09 1.0919329449545786e+09 6.0835622369456138e+14 3.5920521851371892e-04 3.0000000000000000e+00 6.2857093988624577e+01
1.3315306072735381e+06 6.2355776321769654e-05 5.5181139517328758e+09 6.1636321704360889e+05 5.1541363034146948e+09 1.0919329449545488e+09 6.1662163896247788e+14 3.6082468354258070e-04 3.0000000000000000e+00 6.2857093988623276e+01
1.3375337696503804e+06 6.2355776321768556e-05 5.5181139517327385e+09 6.1636321704360424e+05 5.1541363034145651e+09 1.0919329449545159e+09 6.2499935206986788e+14 3.6245144987678119e-04 3.0000000000000000e+00 6.2857093988622012e+01
1.3435639970892840e+06 6.2355776321767337e-05 5.5181139517326012e+09 6.1636321704360098e+05 5.1541363034144373e+09 1.0919329449544928e+09 6.3349088874826900e+14 3.6408555043401791e-04 3.0000000000000000e+00 6.2857093988621038e+01
1.3496214116122003e+06 6.2355776321766225e-05 5.5181139517324638e+09 6.1636321704359679e+05 5.1541363034143095e+09 1.0919329449544632e+09 6.4209779545853025e+14 3.6572701828039661e-04 3.0000000000000000e+00 6.2857093988619717e+01
1.3557061357912116e+06 6.2355776321765006e-05 5.5181139517323265e+09 6.1636321704359329e+05 5.1541363034141808e+09 1.0919329449544384e+09 6.5082163967244725e+14 3.6737588663110027e-04 3.0000000000000000e+00 6.2857093988618701e+01
1.3618182927510133e+06 6.2355776321763786e-05 5.5181139517321892e+09 6.1636321704359003e+05 5.1541363034140520e+09 1.0919329449544153e+09 6.5966401015822962e+14 3.6903218885106167e-04 3.0000000000000000e+00 6.2857093988617805e+01
1.3679580061714042e+06 6.2355776321762566e-05 5.5181139517320518e+09 6.1636321704358654e+05 5.1541363034139223e+09 1.0919329449543905e+09 6.6862651726984288e+14 3.7069595845563836e-04 3.0000000000000000e+00 6.2857093988616803e+01
1.3741254002897888e+06 6.2355776321761468e-05 5.5181139517318954e+09 6.1636321704358049e+05 5.1541363034137812e+09 1.0919329449543478e+09 6.7771079324028188e+14 3.7236722911129051e-04 3.0000000000000000e+00 6.2857093988614906e+01
1.3803205999036934e+06 6.2355776321760140e-05 5.5181139517317581e+09 6.1636321704357793e+05 5.1541363034136496e+09 1.0919329449543295e+09 6.8691849247883225e+14 3.7404603463626272e-04 3.0000000000000000e+00 6.2857093988614203e+01
1.3865437303732883e+06 6.2355776321758921e-05 5.5181139517316208e+09 6.1636321704357443e+05 5.1541363034135189e+09 1.0919329449543049e+09 6.9625129187236462e+14 3.7573240900126795e-04 3.0000000000000000e+00 6.2857093988613194e+01
1.3927949176239267e+06 6.2355776321757701e-05 5.5181139517314644e+09 6.1636321704356931e+05 5.1541363034133759e+09 1.0919329449542685e+09 7.0571089109072838e+14 3.7742638633017471e-04 3.0000000000000000e+00 6.2857093988611560e+01
1.3990742881486926e+06 6.2355776321756481e-05 5.5181139517313271e+09 6.1636321704356582e+05 5.1541363034132452e+09 1.0919329449542439e+09 7.1529901289629138e+14 3.7912800090069852e-04 3.0000000000000000e+00 6.2857093988610579e+01
1.4053819690109591e+06 6.2355776321755153e-05 5.5181139517311697e+09 6.1636321704356140e+05 5.1541363034130983e+09 1.0919329449542124e+09 7.2501740345768462e+14 3.8083728714509413e-04 3.0000000000000000e+00 6.2857093988609336e+01
1.4117180878469611e+06 6.2355776321753933e-05 5.5181139517310133e+09 6.1636321704355627e+05 5.1541363034129562e+09 1.0919329449541762e+09 7.3486783266781188e+14 3.8255427965085359e-04 3.0000000000000000e+00 6.2857093988607701e+01
1.4180827728683769e+06 6.2355776321752605e-05 5.5181139517308559e+09 6.1636321704355185e+05 5.1541363034128084e+09 1.0919329449541447e+09 7.4485209446617912e+14 3.8427901316140508e-04 3.0000000000000000e+00 6.2857093988606366e+01
1.4244761528649230e+06 6.2355776321751277e-05 5.5181139517307196e+09 6.1636321704354929e+05 5.1541363034126778e+09 1.0919329449541266e+09 7.5497200716560225e+14 3.8601152257681669e-04 3.0000000000000000e+00 6.2857093988605683e+01
1.4308983572069602e+06 6.2355776321750057e-05 5.5181139517305622e+09 6.1636321704354417e+05 5.1541363034125338e+09 1.0919329449540904e+09 7.6522941378335412e+14 3.8775184295450230e-04 3.0000000000000000e+00 6.2857093988604092e+01
1.4373495158481116e+06 6.2355776321748729e-05 5.5181139517304058e+09 6.1636321704353974e+05 5.1541363034123878e+09 1.0919329449540589e+09 7.7562618237681312e+14 3.8950000950993080e-04 3.0000000000000000e+00 6.2857093988602784e+01
1.4438297593278915e+06 6.2355776321747401e-05 5.5181139517302485e+09 6.1636321704353532e+05 5.1541363034122400e+09 1.0919329449540277e+09 7.8616420638366675e+14 3.9125605761733910e-04 3.0000000000000000e+00 6.2857093988601498e+01
1.4503392187743478e+06 6.2355776321745951e-05 5.5181139517300920e+09 6.1636321704353183e+05 5.1541363034120913e+09 1.0919329449540029e+09 7.9684540496674312e+14 3.9302002281044754e-04 3.0000000000000000e+00 6.2857093988600532e+01
1.4568780259067146e+06 6.2355776321744623e-05 5.5181139517299156e+09 6.1636321704352554e+05 5.1541363034119282e+09 1.0919329449539583e+09 8.0767172336352325e+14 3.9479194078317908e-04 3.0000000000000000e+00 6.2857093988598677e+01
1.4634463130380779e+06 6.2355776321743294e-05 5.5181139517297583e+09 6.1636321704352112e+05 5.1541363034117823e+09 1.0919329449539270e+09 8.1864513324040438e+14 3.9657184739038179e-04 3.0000000000000000e+00 6.2857093988597320e+01
1.4700442130780534e+06 6.2355776321741858e-05 5.5181139517296019e+09 6.1636321704351786e+05 5.1541363034116364e+09 1.0919329449539039e+09 8.2976763305177600e+14 3.9835977864855393e-04 3.0000000000000000e+00 6.2857093988596361e+01
1.4766718595354750e+06 6.2355776321740530e-05 5.5181139517294254e+09 6.1636321704351157e+05 5.1541363034114742e+09 1.0919329449538593e+09 8.4104124840397338e+14 4.0015577073657316e-04 3.0000000000000000e+00 6.2857093988594492e+01
1.4833293865210968e+06 6.2355776321739093e-05 5.5181139517292681e+09 6.1636321704350784e+05 5.1541363034113235e+09 1.0919329449538329e+09 8.5246803242417675e+14 4.0195985999642804e-04 3.0000000000000000e+00 6.2857093988593313e+01
1.4900169287503071e+06 6.2355776321737643e-05 5.5181139517290916e+09 6.1636321704350272e+05 5.1541363034111614e+09 1.0919329449537966e+09 8.6405006613432338e+14 4.0377208293395435e-04 3.0000000000000000e+00 6.2857093988591863e+01
1.4967346215458543e+06 6.2355776321736206e-05 5.5181139517289352e+09 6.1636321704349900e+05 5.1541363034110117e+09 1.0919329449537702e+09 8.7578945883009888e+14 4.0559247621957287e-04 3.0000000000000000e+00 6.2857093988590748e+01
1.5034826008405844e+06 6.2355776321734770e-05 5.5181139517287588e+09 6.1636321704349364e+05 5.1541363034108477e+09 1.0919329449537323e+09 8.8768834846507588e+14 4.0742107668903179e-04 3.0000000000000000e+00 6.2857093988589199e+01
1.5102610031801926e+06 6.2355776321733333e-05 5.5181139517285824e+09 6.1636321704348829e+05 5.1541363034106836e+09 1.0919329449536943e+09 8.9974890204007562e+14 4.0925792134415223e-04 3.0000000000000000e+00 6.2857093988587621e+01
1.5170699657259863e+06 6.2355776321731775e-05 5.5181139517284060e+09 6.1636321704348386e+05 5.1541363034105177e+09 1.0919329449536629e+09 9.1197331599781838e+14 4.1110304735357691e-04 3.0000000000000000e+00 6.2857093988586314e+01
1.5239096262576594e+06 6.2355776321730338e-05 5.5181139517282295e+09 6.1636321704347851e+05 5.1541363034103546e+09 1.0919329449536250e+09 9.2436381662293150e+14 4.1295649205352165e-04 3.0000000000000000e+00 6.2857093988584658e+01
1.5307801231760816e+06 6.2355776321728793e-05 5.5181139517280531e+09 6.1636321704347408e+05 5.1541363034101906e+09 1.0919329449535937e+09 9.3692266044739862e+14 4.1481829294853203e-04 3.0000000000000000e+00 6.2857093988583323e+01
1.5376815955060981e+06 6.2355776321727343e-05 5.5181139517278767e+09 6.1636321704346873e+05 5.1541363034100256e+09 1.0919329449535556e+09 9.4965213466151412e+14 4.1668848771224111e-04 3.0000000000000000e+00 6.2857093988581681e+01
1.5446141828993435e+06 6.2355776321725798e-05 5.5181139517277002e+09 6.1636321704346407e+05 5.1541363034098587e+09 1.0919329449535227e+09 9.6255455753042100e+14 4.1856711418813270e-04 3.0000000000000000e+00 6.2857093988580402e+01
1.5515780256370669e+06 6.2355776321724240e-05 5.5181139517275238e+09 6.1636321704345965e+05 5.1541363034096937e+09 1.0919329449534914e+09 9.7563227881630825e+14 4.2045421039030659e-04 3.0000000000000000e+00 6.2857093988579081e+01
1.5585732646329741e+06 6.2355776321722695e-05 5.5181139517273273e+09 6.1636321704345336e+05 5.1541363034095125e+09 1.0919329449534469e+09 9.8888768020634988e+14 4.2234981450424875e-04 3.0000000000000000e+00 6.2857093988577212e+01
1.5656000414360662e+06 6.2355776321721150e-05 5.5181139517271509e+09 6.1636321704344871e+05 5.1541363034093466e+09 1.0919329449534140e+09 1.0023231757464328e+15 4.2425396488760035e-04 3.0000000000000000e+00 6.2857093988575770e+01
1.5726584982335228e+06 6.2355776321719483e-05 5.5181139517269554e+09 6.1636321704344335e+05 5.1541363034091635e+09 1.0919329449533761e+09 1.0159412122808262e+15 4.2616670007093976e-04 3.0000000000000000e+00 6.2857093988574285e+01
1.5797487778535672e+06 6.2355776321717938e-05 5.5181139517267790e+09 6.1636321704343869e+05 5.1541363034089975e+09 1.0919329449533429e+09 1.0297442698977806e+15 4.2808805875855799e-04 3.0000000000000000e+00 6.2857093988572849e+01
1.5868710237683579e+06 6.2355776321716271e-05 5.5181139517265825e+09 6.1636321704343334e+05 5.1541363034088144e+09 1.0919329449533050e+09 1.0437348623811948e+15 4.3001807982924337e-04 3.0000000000000000e+00 6.2857093988571286e+01
1.5940253800968942e+06 6.2355776321714726e-05 5.5181139517263870e+09 6.1636321704342705e+05 5.1541363034086342e+09 1.0919329449532604e+09 1.0579155376684266e+15 4.3195680233706771e-04 3.0000000000000000e+00 6.2857093988569332e+01
1.6012119916079307e+06 6.2355776321713059e-05 5.5181139517261906e+09 6.1636321704342170e+05 5.1541363034084520e+09 1.0919329449532225e+09 1.0722888783143145e+15 4.3390426551217712e-04 3.0000000000000000e+00 6.2857093988567762e+01
1.6084310037229068e+06 6.2355776321711392e-05 5.5181139517259941e+09 6.1636321704341611e+05 5.1541363034082670e+09 1.0919329449531829e+09 1.0868575019615055e+15 4.3586050876158510e-04 3.0000000000000000e+00 6.2857093988566184e+01
1.6156825625188905e+06 6.2355776321709738e-05 5.5181139517257986e+09 6.1636321704341075e+05 5.1541363034080858e+09 1.0919329449531450e+09 1.1016240618171805e+15 4.3782557166997094e-04 3.0000000000000000e+00 6.2857093988564458e+01
1.6229668147315329e+06 6.2355776321707963e-05 5.5181139517256021e+09 6.1636321704340610e+05 5.1541363034078999e+09 1.0919329449531119e+09 1.1165912471362476e+15 4.3979949400047979e-04 3.0000000000000000e+00 6.2857093988563143e+01
1.6302839077580385e+06 6.2355776321706296e-05 5.5181139517254066e+09 6.1636321704340074e+05 5.1541363034077177e+09 1.0919329449530740e+09 1.1317617837111005e+15 4.4178231569552766e-04 3.0000000000000000e+00 6.2857093988561573e+01
1.6376339896601466e+06 6.2355776321704534e-05 5.5181139517251911e+09 6.1636321704339399e+05 5.1541363034075155e+09 1.0919329449530261e+09 1.1471384343680408e+15 4.4377407687760993e-04 3.0000000000000000e+00 6.2857093988559619e+01
1.6450172091671289e+06 6.2355776321702867e-05 5.5181139517249947e+09 6.1636321704338863e+05 5.1541363034073324e+09 1.0919329449529881e+09 1.1627239994704298e+15 4.4577481785011263e-04 3.0000000000000000e+00 6.2857093988557992e+01
1.6524337156787973e+06 6.2355776321701092e-05 5.5181139517247791e+09 6.1636321704338212e+05 5.1541363034071321e+09 1.0919329449529419e+09 1.1785213174286930e+15 4.4778457909812829e-04 3.0000000000000000e+00 6.2857093988556052e+01
1.6598836592685287e+06 6.2355776321699330e-05 5.5181139517245827e+09 6.1636321704337746e+05 5.1541363034069462e+09 1.0919329449529090e+09 1.1945332652172410e+15 4.4980340128927544e-04 3.0000000000000000e+00 6.2857093988554567e+01
1.6673671906863002e+06 6.2355776321697555e-05 5.5181139517243671e+09 6.1636321704337094e+05 5.1541363034067459e+09 1.0919329449528627e+09 1.2107627588984195e+15 4.5183132527452116e-04 3.0000000000000000e+00 6.2857093988552734e+01
1.6748844613617409e+06 6.2355776321695779e-05 5.5181139517241516e+09 6.1636321704336465e+05 5.1541363034065456e+09 1.0919329449528182e+09 1.2272127541535740e+15 4.5386839208900765e-04 3.0000000000000000e+00 6.2857093988550822e+01
1.6824356234071951e+06 6.2355776321693896e-05 5.5181139517239361e+09 6.1636321704335907e+05 5.1541363034063435e+09 1.0919329449527786e+09 1.2438862468213335e+15 4.5591464295288248e-04 3.0000000000000000e+00 6.2857093988549252e+01
1.6900208296208004e+06 6.2355776321692120e-05 5.5181139517237206e+09 6.1636321704335278e+05 5.1541363034061451e+09 1.0919329449527340e+09 1.2607862734432125e+15 4.5797011927213365e-04 3.0000000000000000e+00 6.2857093988547241e+01
1.6976402334895807e+06 6.2355776321690236e-05 5.5181139517235050e+09 6.1636321704334719e+05 5.1541363034059429e+09 1.0919329449526944e+09 1.2779159118166070e+15 4.6003486263942604e-04 3.0000000000000000e+00 6.2857093988545728e+01
1.7052939891925503e+06 6.2355776321688353e-05 5.5181139517232895e+09 6.1636321704334137e+05 5.1541363034057379e+09 1.0919329449526532e+09 1.2952782815553270e+15 4.6210891483494399e-04 3.0000000000000000e+00 6.2857093988543987e+01
1.7129822516038346e+06 6.2355776321686469e-05 5.5181139517230740e+09 6.1636321704333578e+05 5.1541363034055347e+09 1.0919329449526136e+09 1.3128765446577320e+15 4.6419231782723609e-04 3.0000000000000000e+00 6.2857093988542360e+01
1.7207051762958046e+06 6.2355776321684585e-05 5.5181139517228384e+09 6.1636321704332856e+05 5.1541363034053192e+09 1.0919329449525623e+09 1.3307139060825830e+15 4.6628511377406551e-04 3.0000000000000000e+00 6.2857093988540136e+01
1.7284629195422237e+06 6.2355776321682715e-05 5.5181139517226229e+09 6.1636321704332274e+05 5.1541363034051170e+09 1.0919329449525211e+09 1.3487936143327288e+15 4.6838734502326155e-04 3.0000000000000000e+00 6.2857093988538395e+01
1.7362556383214106e+06 6.2355776321680709e-05 5.5181139517223873e+09 6.1636321704331622e+05 5.1541363034048948e+09 1.0919329449524751e+09 1.3671189620467088e+15 4.7049905411357780e-04 3.0000000000000000e+00 6.2857093988536533e+01
1.7440834903194159e+06 6.2355776321678825e-05 5.5181139517221518e+09 6.1636321704330877e+05 5.1541363034046783e+09 1.0919329449524221e+09 1.3856932865984160e+15 4.7262028377555225e-04 3.0000000000000000e+00 6.2857093988534288e+01
1.7519466339332121e+06 6.2355776321676833e-05 5.5181139517219172e+09 6.1636321704330225e+05 5.1541363034044580e+09 1.0919329449523761e+09 1.4045199707048688e+15 4.7475107693237186e-04 3.0000000000000000e+00 6.2857093988532355e+01
1.7598452282738998e+06 6.2355776321674841e-05 5.5181139517216816e+09 6.1636321704329574e+05 5.1541363034042397e+09 1.0919329449523299e+09 1.4236024430422910e+15 4.7689147670074210e-04 3.0000000000000000e+00 6.2857093988530430e+01
1.7677794331699265e+06 6.2355776321672848e-05 5.5181139517214460e+09 6.1636321704328898e+05 5.1541363034040174e+09 1.0919329449522820e+09 1.4429441788705178e+15 4.7904152639175802e-04 3.0000000000000000e+00 6.2857093988528455e+01
1.7757494091703214e+06 6.2355776321670856e-05 5.5181139517212114e+09 6.1636321704328246e+05 5.1541363034037991e+09 1.0919329449522359e+09 1.4625487006659055e+15 4.8120126951178166e-04 3.0000000000000000e+00 6.2857093988526458e+01
1.7837553175479432e+06 6.2355776321668756e-05 5.5181139517209759e+09 6.1636321704327688e+05 5.1541363034035788e+09 1.0919329449521964e+09 1.4824195787628430e+15 4.8337074976332190e-04 3.0000000000000000e+00 6.2857093988524781e+01
1.7917973203027444e+06 6.2355776321666763e-05 5.5181139517207212e+09 6.1636321704326826e+05 5.1541363034033422e+09 1.0919329449521351e+09 1.5025604320039660e+15 4.8555001104591918e-04 3.0000000000000000e+00 6.2857093988522287e+01
1.7998755801650491e+06 6.2355776321664649e-05 5.5181139517204857e+09 6.1636321704326267e+05 5.1541363034031210e+09 1.0919329449520955e+09 1.5229749283992228e+15 4.8773909745703333e-04 3.0000000000000000e+00 6.2857093988520560e+01
1.8079902605988458e+06 6.2355776321662549e-05 5.5181139517202311e+09 6.1636321704325522e+05 5.1541363034028845e+09 1.0919329449520428e+09 1.5436667857938728e+15 4.8993805329293645e-04 3.0000000000000000e+00 6.2857093988518322e+01
1.8161415258050945e+06 6.2355776321660448e-05 5.5181139517199955e+09 6.1636321704324940e+05 5.1541363034026613e+09 1.0919329449520016e+09 1.5646397725455865e+15 4.9214692304960870e-04 3.0000000000000000e+00 6.2857093988516553e+01
1.8243295407250507e+06 6.2355776321658334e-05 5.5181139517197409e+09 6.1636321704324195e+05 5.1541363034024248e+09 1.0919329449519486e+09 1.5858977082107110e+15 4.9436575142363900e-04 3.0000000000000000e+00 6.2857093988514386e+01
1.8325544710436014e+06 6.2355776321656125e-05 5.5181139517194862e+09 6.1636321704323520e+05 5.1541363034021864e+09 1.0919329449519010e+09 1.6074444642399062e+15 4.9659458331312919e-04 3.0000000000000000e+00 6.2857093988512410e+01
1.8408164831926192e+06 6.2355776321654024e-05 5.5181139517192307e+09 6.1636321704322752e+05 5.1541363034019480e+09 1.0919329449518464e+09 1.6292839646831812e+15 4.9883346381860317e-04 3.0000000000000000e+00 6.2857093988510066e+01
1.8491157443543288e+06 6.2355776321651801e-05 5.5181139517189760e+09 6.1636321704322100e+05 5.1541363034017096e+09 1.0919329449518001e+09 1.6514201869045460e+15 5.0108243824391850e-04 3.0000000000000000e+00 6.2857093988508140e+01
1.8574524224646909e+06 6.2355776321649592e-05 5.5181139517187014e+09 6.1636321704321238e+05 5.1541363034014549e+09 1.0919329449517391e+09 1.6738571623063618e+15 5.0334155209718441e-04 3.0000000000000000e+00 6.2857093988505596e+01
1.8658266862168000e+06 6.2355776321647370e-05 5.5181139517184467e+09 6.1636321704320586e+05 5.1541363034012165e+09 1.0919329449516931e+09 1.6965989770635220e+15 5.0561085109168148e-04 3.0000000000000000e+00 6.2857093988503671e+01
1.8742387050642974e+06 6.2355776321645052e-05 5.5181139517181721e+09 6.1636321704319818e+05 5.1541363034009609e+09 1.0919329449516385e+09 1.7196497728676272e+15 5.0789038114678708e-04 3.0000000000000000e+00 6.2857093988501461e+01
1.8826886492248015e+06 6.2355776321642830e-05 5.5181139517179174e+09 6.1636321704319143e+05 5.1541363034007215e+09 1.0919329449515908e+09 1.7430137476812632e+15 5.1018018838890468e-04 3.0000000000000000e+00 6.2857093988499408e+01
1.8911766896833505e+06 6.2355776321640512e-05 5.5181139517176428e+09 6.1636321704318351e+05 5.1541363034004631e+09 1.0919329449515345e+09 1.7666951565025090e+15 5.1248031915239760e-04 3.0000000000000000e+00 6.2857093988497105e+01
1.8997029981958638e+06 6.2355776321638181e-05 5.5181139517173691e+09 6.1636321704317606e+05 5.1541363034002085e+09 1.0919329449514818e+09 1.7906983121398738e+15 5.1479081998052553e-04 3.0000000000000000e+00 6.2857093988494938e+01
1.9082677472926157e+06 6.2355776321635850e-05 5.5181139517170944e+09 6.1636321704316838e+05 5.1541363033999519e+09 1.0919329449514272e+09 1.8150275859977025e+15 5.1711173762638695e-04 3.0000000000000000e+00 6.2857093988492615e+01
1.9168711102817289e+06 6.2355776321633533e-05 5.5181139517168198e+09 6.1636321704316069e+05 5.1541363033996964e+09 1.0919329449513729e+09 1.8396874088723242e+15 5.1944311905386558e-04 3.0000000000000000e+00 6.2857093988490305e+01
1.9255132612526792e+06 6.2355776321631093e-05 5.5181139517165260e+09 6.1636321704315208e+05 5.1541363033994217e+09 1.0919329449513118e+09 1.8646822717589530e+15 5.2178501143857988e-04 3.0000000000000000e+00 6.2857093988487811e+01
1.9341943750798195e+06 6.2355776321628762e-05 5.5181139517162514e+09 6.1636321704314463e+05 5.1541363033991671e+09 1.0919329449512591e+09 1.8900167266695880e+15 5.2413746216883840e-04 3.0000000000000000e+00 6.2857093988485452e+01
1.9429146274259179e+06 6.2355776321626323e-05 5.5181139517159567e+09 6.1636321704313578e+05 5.1541363033988914e+09 1.0919329449511964e+09 1.9156953874620242e+15 5.2650051884659812e-04 3.0000000000000000e+00 6.2857093988482909e+01
1.9516741947457127e+06 6.2355776321623897e-05 5.5181139517156830e+09 6.1636321704312903e+05 5.1541363033986340e+09 1.0919329449511485e+09 1.9417229306800888e+15 5.2887422928842780e-04 3.0000000000000000e+00 6.2857093988480813e+01
1.9604732542894820e+06 6.2355776321621457e-05 5.5181139517153883e+09 6.1636321704312018e+05 5.1541363033983593e+09 1.0919329449510858e+09 1.9681040964053720e+15 5.3125864152647588e-04 3.0000000000000000e+00 6.2857093988478205e+01
1.9693119841066317e+06 6.2355776321618909e-05 5.5181139517150946e+09 6.1636321704311250e+05 5.1541363033980846e+09 1.0919329449510314e+09 1.9948436891204265e+15 5.3365380380944200e-04 3.0000000000000000e+00 6.2857093988476002e+01
1.9781905630492971e+06 6.2355776321616361e-05 5.5181139517148008e+09 6.1636321704310481e+05 5.1541363033978090e+09 1.0919329449509768e+09 2.0219465785837958e+15 5.3605976460355362e-04 3.0000000000000000e+00 6.2857093988473743e+01
1.9871091707759630e+06 6.2355776321613922e-05 5.5181139517144871e+09 6.1636321704309434e+05 5.1541363033975191e+09 1.0919329449509027e+09 2.0494177007168558e+15 5.3847657259354644e-04 3.0000000000000000e+00 6.2857093988470560e+01
1.9960679877550981e+06 6.2355776321611374e-05 5.5181139517141924e+09 6.1636321704308665e+05 5.1541363033972445e+09 1.0919329449508483e+09 2.0772620585027510e+15 5.4090427668364966e-04 3.0000000000000000e+00 6.2857093988468215e+01
2.0050671952688079e+06 6.2355776321608718e-05 5.5181139517138786e+09 6.1636321704307781e+05 5.1541363033969517e+09 1.0919329449507856e+09 2.1054847228975085e+15 5.4334292599857636e-04 3.0000000000000000e+00 6.2857093988465721e+01
2.0141069754165020e+06 6.2355776321606170e-05 5.5181139517135849e+09 6.1636321704306989e+05 5.1541363033966751e+09 1.0919329449507294e+09 2.1340908337535708e+15 5.4579256988451547e-04 3.0000000000000000e+00 6.2857093988463340e+01
2.0231875111185790e+06 6.2355776321603514e-05 5.5181139517132711e+09 6.1636321704306128e+05 5.1541363033963833e+09 1.0919329449506683e+09 2.1630856007558468e+15 5.4825325791013277e-04 3.0000000000000000e+00 6.2857093988460768e+01
2.0323089861201290e+06 6.2355776321600857e-05 5.5181139517129574e+09 6.1636321704305243e+05 5.1541363033960886e+09 1.0919329449506056e+09 2.1924743043704815e+15 5.5072503986757209e-04 3.0000000000000000e+00 6.2857093988458111e+01
2.0414715849946497e+06 6.2355776321598188e-05 5.5181139517126436e+09 6.1636321704304381e+05 5.1541363033957958e+09 1.0919329449505446e+09 2.2222622968065348e+15 5.5320796577346392e-04 3.0000000000000000e+00 6.2857093988455617e+01
2.0506754931477839e+06 6.2355776321595531e-05 5.5181139517123308e+09 6.1636321704303497e+05 5.1541363033955040e+09 1.0919329449504819e+09 2.2524550029907035e+15 5.5570208586993685e-04 3.0000000000000000e+00 6.2857093988453002e+01
2.0599208968210679e+06 6.2355776321592767e-05 5.5181139517119970e+09 6.1636321704302519e+05 5.1541363033951931e+09 1.0919329449504125e+09 2.2830579215553030e+15 5.5820745062563426e-04 3.0000000000000000e+00 6.2857093988450124e+01
2.0692079830957036e+06 6.2355776321590002e-05 5.5181139517116833e+09 6.1636321704301727e+05 5.1541363033948984e+09 1.0919329449503565e+09 2.3140766258396755e+15 5.6072411073673659e-04 3.0000000000000000e+00 6.2857093988447772e+01
2.0785369398963412e+06 6.2355776321587224e-05 5.5181139517113504e+09 6.1636321704300772e+05 5.1541363033945885e+09 1.0919329449502890e+09 2.3455167649051800e+15 5.6325211712798513e-04 3.0000000000000000e+00 6.2857093988444916e+01
2.0879079559948838e+06 6.2355776321584459e-05 5.5181139517110167e+09 6.1636321704299771e+05 5.1541363033942766e+09 1.0919329449502180e+09 2.3773840645639920e+15 5.6579152095371480e-04 3.0000000000000000e+00 6.2857093988441889e+01
2.0973212210143059e+06 6.2355776321581694e-05 5.5181139517106838e+09 6.1636321704298817e+05 5.1541363033939676e+09 1.0919329449501503e+09 2.4096843284218820e+15 5.6834237359888783e-04 3.0000000000000000e+00 6.2857093988438997e+01
2.1067769254324916e+06 6.2355776321578807e-05 5.5181139517103500e+09 6.1636321704297932e+05 5.1541363033936558e+09 1.0919329449500875e+09 2.4424234389351530e+15 5.7090472668013350e-04 3.0000000000000000e+00 6.2857093988436404e+01
2.1162752605860881e+06 6.2355776321575934e-05 5.5181139517100172e+09 6.1636321704297024e+05 5.1541363033933420e+09 1.0919329449500234e+09 2.4756073584819400e+15 5.7347863204679369e-04 3.0000000000000000e+00 6.2857093988433761e+01
2.1258164186743773e+06 6.2355776321573048e-05 5.5181139517096834e+09 6.1636321704296139e+05 5.1541363033930302e+09 1.0919329449499607e+09 2.5092421304480630e+15 5.7606414178197054e-04 3.0000000000000000e+00 6.2857093988431089e+01
2.1354005927631650e+06 6.2355776321570066e-05 5.5181139517093306e+09 6.1636321704295161e+05 5.1541363033927011e+09 1.0919329449498913e+09 2.5433338803276340e+15 5.7866130820358143e-04 3.0000000000000000e+00 6.2857093988428169e+01
2.1450279767886898e+06 6.2355776321567179e-05 5.5181139517089777e+09 6.1636321704294090e+05 5.1541363033923731e+09 1.0919329449498155e+09 2.5778888168386410e+15 5.8127018386541817e-04 3.0000000000000000e+00 6.2857093988424943e+01
2.1546987655615434e+06 6.2355776321564184e-05 5.5181139517086248e+09 6.1636321704293112e+05 5.1541363033920441e+09 1.0919329449497461e+09 2.6129132330536355e+15 5.8389082155820850e-04 3.0000000000000000e+00 6.2857093988422129e+01
2.1644131547706155e+06 6.2355776321561203e-05 5.5181139517082720e+09 6.1636321704292111e+05 5.1541363033917141e+09 1.0919329449496751e+09 2.6484135075458300e+15 5.8652327431068575e-04 3.0000000000000000e+00 6.2857093988419109e+01
2.1741713409870532e+06 6.2355776321558099e-05 5.5181139517079191e+09 6.1636321704291226e+05 5.1541363033913832e+09 1.0919329449496124e+09 2.6843961055507615e+15 5.8916759539066226e-04 3.0000000000000000e+00 6.2857093988416516e+01
2.1839735216682372e+06 6.2355776321555104e-05 5.5181139517075663e+09 6.1636321704290225e+05 5.1541363033910513e+09 1.0919329449495416e+09 2.7208675801436810e+15 5.9182383830610563e-04 3.0000000000000000e+00 6.2857093988413524e+01
2.1938198951617796e+06 6.2355776321552001e-05 5.5181139517071943e+09 6.1636321704289154e+05 5.1541363033907051e+09 1.0919329449494655e+09 2.7578345734330560e+15 5.9449205680622288e-04 3.0000000000000000e+00 6.2857093988410377e+01
2.2037106607095352e+06 6.2355776321548897e-05 5.5181139517068214e+09 6.1636321704288083e+05 5.1541363033903589e+09 1.0919329449493897e+09 2.7953038177701650e+15 5.9717230488254747e-04 3.0000000000000000e+00 6.2857093988407208e+01
2.2136460184516343e+06 6.2355776321545685e-05 5.5181139517064495e+09 6.1636321704287082e+05 5.1541363033900108e+09 1.0919329449493186e+09 2.8332821369751760e+15 5.9986463677003164e-04 3.0000000000000000e+00 6.2857093988404245e+01
2.2236261694305339e+06 6.2355776321542595e-05 5.5181139517060766e+09 6.1636321704285988e+05 5.1541363033896637e+09 1.0919329449492414e+09 2.8717764475799310e+15 6.0256910694814485e-04 3.0000000000000000e+00 6.2857093988400884e+01
2.2336513155950825e+06 6.2355776321539383e-05 5.5181139517057037e+09 6.1636321704284986e+05 5.1541363033893137e+09 1.0919329449491704e+09 2.9107937600875390e+15 6.0528577014197537e-04 3.0000000000000000e+00 6.2857093988397935e+01
2.2437216598046087e+06 6.2355776321536171e-05 5.5181139517053318e+09 6.1636321704283985e+05 5.1541363033889656e+09 1.0919329449490993e+09 2.9503411802490950e+15 6.0801468132333654e-04 3.0000000000000000e+00 6.2857093988394944e+01
2.2538374058330273e+06 6.2355776321532837e-05 5.5181139517049398e+09 6.1636321704282914e+05 5.1541363033886003e+09 1.0919329449490235e+09 2.9904259103578100e+15 6.1075589571188177e-04 3.0000000000000000e+00 6.2857093988391831e+01
2.2639987583729597e+06 6.2355776321529625e-05 5.5181139517045479e+09 6.1636321704281727e+05 5.1541363033882351e+09 1.0919329449489393e+09 3.0310552505606645e+15 6.1350946877622024e-04 3.0000000000000000e+00 6.2857093988388336e+01
2.2742059230398773e+06 6.2355776321526305e-05 5.5181139517041550e+09 6.1636321704280609e+05 5.1541363033878670e+09 1.0919329449488602e+09 3.0722366001878540e+15 6.1627545623503858e-04 3.0000000000000000e+00 6.2857093988385003e+01
2.2844591063762633e+06 6.2355776321522985e-05 5.5181139517037630e+09 6.1636321704279515e+05 5.1541363033875017e+09 1.0919329449487824e+09 3.1139774591004015e+15 6.1905391405823042e-04 3.0000000000000000e+00 6.2857093988381706e+01
2.2947585158557897e+06 6.2355776321519556e-05 5.5181139517033710e+09 6.1636321704278514e+05 5.1541363033871336e+09 1.0919329449487116e+09 3.1562854290559700e+15 6.2184489846802717e-04 3.0000000000000000e+00 6.2857093988378743e+01
2.3051043598875171e+06 6.2355776321516113e-05 5.5181139517029591e+09 6.1636321704277326e+05 5.1541363033867502e+09 1.0919329449486275e+09 3.1991682150933125e+15 6.2464846594013673e-04 3.0000000000000000e+00 6.2857093988375262e+01
2.3154968478201125e+06 6.2355776321512685e-05 5.5181139517025480e+09 6.1636321704276139e+05 5.1541363033863678e+09 1.0919329449485433e+09 3.2426336269354615e+15 6.2746467320488560e-04 3.0000000000000000e+00 6.2857093988371695e+01
2.3259361899460838e+06 6.2355776321509242e-05 5.5181139517021561e+09 6.1636321704275138e+05 5.1541363033859997e+09 1.0919329449484723e+09 3.2866895804120585e+15 6.3029357724836736e-04 3.0000000000000000e+00 6.2857093988368717e+01
2.3364225975060351e+06 6.2355776321505705e-05 5.5181139517017441e+09 6.1636321704274020e+05 5.1541363033856134e+09 1.0919329449483931e+09 3.3313440989009405e+15 6.3313523531359527e-04 3.0000000000000000e+00 6.2857093988365499e+01
2.3469562826929432e+06 6.2355776321502154e-05 5.5181139517013130e+09 6.1636321704272740e+05 5.1541363033852129e+09 1.0919329449483023e+09 3.3766053147893405e+15 6.3598970490166124e-04 3.0000000000000000e+00 6.2857093988361676e+01
2.3575374586564498e+06 6.2355776321498617e-05 5.5181139517009010e+09 6.1636321704271622e+05 5.1541363033848276e+09 1.0919329449482234e+09 3.4224814709549665e+15 6.3885704377289855e-04 3.0000000000000000e+00 6.2857093988358301e+01
2.3681663395071737e+06 6.2355776321495066e-05 5.5181139517004700e+09 6.1636321704270341e+05 5.1541363033844271e+09 1.0919329449481325e+09 3.4689809222671350e+15 6.4173730994805103e-04 3.0000000000000000e+00 6.2857093988354528e+01
2.3788431403210456e+06 6.2355776321491421e-05 5.5181139517000389e+09 6.1636321704269131e+05 5.1541363033840237e+09 1.0919329449480467e+09 3.5161121371083920e+15 6.4463056170944739e-04 3.0000000000000000e+00 6.2857093988350840e+01
2.3895680771436589e+06 6.2355776321487762e-05 5.5181139516996069e+09 6.1636321704267920e+05 5.1541363033836212e+09 1.0919329449479609e+09 3.5638836989167280e+15 6.4753685760218067e-04 3.0000000000000000e+00 6.2857093988347273e+01
2.4003413669946408e+06 6.2355776321484102e-05 5.5181139516991758e+09 6.1636321704266733e+05 5.1541363033832188e+09 1.0919329449478767e+09 3.6123043077487645e+15 6.5045625643529183e-04 3.0000000000000000e+00 6.2857093988343713e+01
2.4111632278720457e+06 6.2355776321480335e-05 5.5181139516987448e+09 6.1636321704265592e+05 5.1541363033828115e+09 1.0919329449477959e+09 3.6613827818642265e+15 6.5338881728296111e-04 3.0000000000000000e+00 6.2857093988340438e+01
2.4220338787567634e+06 6.2355776321476567e-05 5.5181139516982937e+09 6.1636321704264311e+05 5.1541363033823929e+09 1.0919329449477053e+09 3.7111280593318620e+15 6.5633459948570192e-04 3.0000000000000000e+00 6.2857093988336523e+01
2.4329535396169531e+06 6.2355776321472813e-05 5.5181139516978426e+09 6.1636321704263007e+05 5.1541363033819742e+09 1.0919329449476128e+09 3.7615491996572670e+15 6.5929366265156354e-04 3.0000000000000000e+00 6.2857093988332643e+01
2.4439224314124938e+06 6.2355776321468924e-05 5.5181139516973915e+09 6.1636321704261797e+05 5.1541363033815508e+09 1.0919329449475269e+09 3.8126553854327525e+15 6.6226606665733569e-04 3.0000000000000000e+00 6.2857093988329112e+01
2.4549407760994532e+06 6.2355776321465048e-05 5.5181139516969414e+09 6.1636321704260586e+05 5.1541363033811293e+09 1.0919329449474411e+09 3.8644559240096660e+15 6.6525187164976013e-04 3.0000000000000000e+00 6.2857093988325495e+01
2.4660087966345819e+06 6.2355776321461172e-05 5.5181139516964703e+09 6.1636321704259166e+05 5.1541363033806906e+09 1.0919329449473405e+09 3.9169602491934485e+15 6.6825113804674897e-04 3.0000000000000000e+00 6.2857093988321346e+01
2.4771267169798235e+06 6.2355776321457187e-05 5.5181139516960192e+09 6.1636321704258025e+05 5.1541363033802652e+09 1.0919329449472597e+09 3.9701779229616600e+15 6.7126392653860611e-04 3.0000000000000000e+00 6.2857093988317963e+01
2.4882947621068470e+06 6.2355776321453311e-05 5.5181139516955490e+09 6.1636321704256628e+05 5.1541363033798285e+09 1.0919329449471607e+09 4.0241186372054315e+15 6.7429029808925621e-04 3.0000000000000000e+00 6.2857093988313750e+01
2.4995131580015984e+06 6.2355776321449218e-05 5.5181139516950788e+09 6.1636321704255417e+05 5.1541363033793888e+09 1.0919329449470749e+09 4.0787922154944780e+15 6.7733031393747722e-04 3.0000000000000000e+00 6.2857093988310154e+01
2.5107821316688745e+06 6.2355776321445220e-05 5.5181139516945887e+09 6.1636321704253904e+05 5.1541363033789310e+09 1.0919329449469676e+09 4.1342086148662155e+15 6.8038403559814045e-04 3.0000000000000000e+00 6.2857093988305692e+01
2.5221019111369150e+06 6.2355776321441127e-05 5.5181139516941175e+09 6.1636321704252670e+05 5.1541363033784904e+09 1.0919329449468803e+09 4.1903779276390440e+15 6.8345152486345496e-04 3.0000000000000000e+00 6.2857093988302097e+01
2.5334727254620176e+06 6.2355776321437034e-05 5.5181139516936283e+09 6.1636321704251273e+05 5.1541363033780346e+09 1.0919329449467812e+09 4.2473103832503745e+15 6.8653284380421737e-04 3.0000000000000000e+00 6.2857093988297841e+01
2.5448948047331744e+06 6.2355776321432820e-05 5.5181139516931381e+09 6.1636321704249969e+05 5.1541363033775778e+09 1.0919329449466889e+09 4.3050163501196345e+15 6.8962805477106981e-04 3.0000000000000000e+00 6.2857093988293983e+01
2.5563683800767236e+06 6.2355776321428727e-05 5.5181139516926479e+09 6.1636321704248525e+05 5.1541363033771191e+09 1.0919329449465866e+09 4.3635063375364390e+15 6.9273722039575906e-04 3.0000000000000000e+00 6.2857093988289691e+01
2.5678936836610371e+06 6.2355776321424403e-05 5.5181139516921377e+09 6.1636321704247105e+05 5.1541363033766432e+09 1.0919329449464858e+09 4.4227909975746485e+15 6.9586040359240675e-04 3.0000000000000000e+00 6.2857093988285570e+01
2.5794709487011926e+06 6.2355776321420189e-05 5.5181139516916475e+09 6.1636321704245801e+05 5.1541363033761854e+09 1.0919329449463935e+09 4.4828811270321360e+15 6.9899766755877717e-04 3.0000000000000000e+00 6.2857093988281612e+01
2.5911004094637264e+06 6.2355776321415879e-05 5.5181139516911383e+09 6.1636321704244358e+05 5.1541363033757086e+09 1.0919329449462912e+09 4.5437876693972660e+15 7.0214907577756283e-04 3.0000000000000000e+00 6.2857093988277320e+01
2.6027823012713534e+06 6.2355776321411556e-05 5.5181139516906281e+09 6.1636321704242937e+05 5.1541363033752317e+09 1.0919329449461906e+09 4.6055217168417660e+15 7.0531469201766546e-04 3.0000000000000000e+00 6.2857093988273057e+01
2.6145168605077323e+06 6.2355776321407124e-05 5.5181139516900988e+09 6.1636321704241424e+05 5.1541363033747396e+09 1.0919329449460833e+09 4.6680945122408770e+15 7.0849458033548642e-04 3.0000000000000000e+00 6.2857093988268630e+01
2.6263043246222506e+06 6.2355776321402692e-05 5.5181139516895895e+09 6.1636321704240073e+05 5.1541363033742609e+09 1.0919329449459877e+09 4.7315174512208420e+15 7.1168880507622317e-04 3.0000000000000000e+00 6.2857093988264644e+01
2.6381449321348281e+06 6.2355776321398261e-05 5.5181139516890602e+09 6.1636321704238560e+05 5.1541363033737669e+09 1.0919329449458804e+09 4.7958020842342620e+15 7.1489743087517130e-04 3.0000000000000000e+00 6.2857093988260125e+01
2.6500389226407446e+06 6.2355776321393721e-05 5.5181139516885309e+09 6.1636321704237117e+05 5.1541363033732710e+09 1.0919329449457781e+09 4.8609601186636880e+15 7.1812052265903328e-04 3.0000000000000000e+00 6.2857093988255912e+01
2.6619865368154868e+06 6.2355776321389180e-05 5.5181139516879816e+09 6.1636321704235510e+05 5.1541363033727617e+09 1.0919329449456642e+09 4.9270034209536360e+15 7.2135814564723046e-04 3.0000000000000000e+00 6.2857093988251044e+01
2.6739880164196193e+06 6.2355776321384640e-05 5.5181139516874523e+09 6.1636321704234066e+05 5.1541363033722649e+09 1.0919329449455619e+09 4.9939440187718220e+15 7.2461036535322455e-04 3.0000000000000000e+00 6.2857093988246781e+01
2.6860436043036757e+06 6.2355776321379978e-05 5.5181139516869040e+09 6.1636321704232553e+05 5.1541363033717537e+09 1.0919329449454546e+09 5.0617941031994880e+15 7.2787724758584227e-04 3.0000000000000000e+00 6.2857093988242241e+01
2.6981535444130739e+06 6.2355776321375330e-05 5.5181139516863546e+09 6.1636321704231016e+05 5.1541363033712406e+09 1.0919329449453459e+09 5.1305660309517000e+15 7.3115885845060724e-04 3.0000000000000000e+00 6.2857093988237665e+01
2.7103180817930521e+06 6.2355776321370573e-05 5.5181139516857862e+09 6.1636321704229363e+05 5.1541363033707094e+09 1.0919329449452286e+09 5.2002723266276720e+15 7.3445526435107799e-04 3.0000000000000000e+00 6.2857093988232890e+01
2.7225374625936262e+06 6.2355776321365911e-05 5.5181139516852369e+09 6.1636321704227827e+05 5.1541363033701963e+09 1.0919329449451199e+09 5.2709256849917680e+15 7.3776653199019110e-04 3.0000000000000000e+00 6.2857093988228222e+01
2.7348119340745723e+06 6.2355776321361045e-05 5.5181139516846685e+09 6.1636321704226290e+05 5.1541363033696651e+09 1.0919329449450109e+09 5.3425389732854130e+15 7.4109272837161102e-04 3.0000000000000000e+00 6.2857093988223710e+01
2.7471417446104279e+06 6.2355776321356275e-05 5.5181139516841002e+09 6.1636321704224683e+05 5.1541363033691359e+09 1.0919329449448972e+09 5.4151252335704380e+15 7.4443392080108639e-04 3.0000000000000000e+00 6.2857093988218836e+01
2.7595271436955202e+06 6.2355776321351301e-05 5.5181139516835117e+09 6.1636321704223007e+05 5.1541363033685846e+09 1.0919329449447782e+09 5.4886976851043420e+15 7.4779017688781160e-04 3.0000000000000000e+00 6.2857093988214046e+01
2.7719683819490126e+06 6.2355776321346422e-05 5.5181139516829433e+09 6.1636321704221470e+05 5.1541363033680534e+09 1.0919329449446692e+09 5.5632697267476520e+15 7.5116156454579442e-04 3.0000000000000000e+00 6.2857093988209400e+01
2.7844657111199778e+06 6.2355776321341435e-05 5.5181139516823559e+09 6.1636321704219840e+05 5.1541363033675051e+09 1.0919329449445539e+09 5.6388549394041700e+15 7.5454815199523114e-04 3.0000000000000000e+00 6.2857093988204589e+01
2.7970193840924902e+06 6.2355776321336448e-05 5.5181139516817675e+09 6.1636321704218187e+05 5.1541363033669548e+09 1.0919329449444368e+09 5.7154670884942880e+15 7.5795000776388661e-04 3.0000000000000000e+00 6.2857093988199637e+01
2.8096296548907435e+06 6.2355776321331352e-05 5.5181139516811600e+09 6.1636321704216464e+05 5.1541363033663902e+09 1.0919329449443145e+09 5.7931201264618870e+15 7.6136720068848058e-04 3.0000000000000000e+00 6.2857093988194521e+01
2.8222967786841928e+06 6.2355776321326270e-05 5.5181139516805515e+09 6.1636321704214718e+05 5.1541363033658228e+09 1.0919329449441907e+09 5.8718281953153640e+15 7.6479979991608111e-04 3.0000000000000000e+00 6.2857093988189270e+01
2.8350210117927142e+06 6.2355776321321052e-05 5.5181139516799440e+09 6.1636321704213065e+05 5.1541363033652534e+09 1.0919329449440737e+09 5.9516056292031260e+15 7.6824787490550384e-04 3.0000000000000000e+00 6.2857093988184502e+01
2.8478026116917958e+06 6.2355776321315956e-05 5.5181139516793365e+09 6.1636321704211319e+05 5.1541363033646860e+09 1.0919329449439499e+09 6.0324669570240880e+15 7.7171149542871651e-04 3.0000000000000000e+00 6.2857093988179201e+01
2.8606418370177438e+06 6.2355776321310644e-05 5.5181139516787090e+09 6.1636321704209573e+05 5.1541363033641014e+09 1.0919329449438262e+09 6.1144269050736740e+15 7.7519073157225214e-04 3.0000000000000000e+00 6.2857093988174050e+01
2.8735389475729181e+06 6.2355776321305331e-05 5.5181139516781015e+09 6.1636321704208013e+05 5.1541363033635321e+09 1.0919329449437158e+09 6.1975003997256710e+15 7.7868565373862616e-04 3.0000000000000000e+00 6.2857093988169375e+01
2.8864942043309906e+06 6.2355776321300018e-05 5.5181139516774540e+09 6.1636321704206057e+05 5.1541363033629284e+09 1.0919329449435771e+09 6.2817025701506970e+15 7.8219633264776207e-04 3.0000000000000000e+00 6.2857093988163626e+01
2.8995078694422222e+06 6.2355776321294584e-05 5.5181139516768274e+09 6.1636321704204404e+05 5.1541363033623419e+09 1.0919329449434600e+09 6.3670487510714010e+15 7.8572283933842069e-04 3.0000000000000000e+00 6.2857093988158695e+01
2.9125802062387718e+06 6.2355776321289163e-05 5.5181139516761799e+09 6.1636321704202541e+05 5.1541363033617373e+09 1.0919329449433279e+09 6.4535544855552350e+15 7.8926524516964038e-04 3.0000000000000000e+00 6.2857093988153188e+01
2.9257114792400207e+06 6.2355776321283728e-05 5.5181139516755333e+09 6.1636321704200702e+05 5.1541363033611345e+09 1.0919329449431975e+09 6.5412355278451170e+15 7.9282362182217785e-04 3.0000000000000000e+00 6.2857093988147660e+01
2.9389019541579294e+06 6.2355776321278185e-05 5.5181139516748857e+09 6.1636321704198932e+05 5.1541363033605289e+09 1.0919329449430721e+09 6.6301078462285440e+15 7.9639804129996131e-04 3.0000000000000000e+00 6.2857093988142431e+01
2.9521518979024100e+06 6.2355776321272547e-05 5.5181139516742201e+09 6.1636321704197070e+05 5.1541363033599072e+09 1.0919329449429402e+09 6.7201876259457080e+15 7.9998857593154558e-04 3.0000000000000000e+00 6.2857093988136967e+01
2.9654615785867316e+06 6.2355776321266896e-05 5.5181139516735535e+09 6.1636321704195207e+05 5.1541363033592834e+09 1.0919329449428084e+09 6.8114912721371610e+15 8.0359529837157684e-04 3.0000000000000000e+00 6.2857093988131403e+01
2.9788312655329406e+06 6.2355776321261245e-05 5.5181139516728868e+09 6.1636321704193344e+05 5.1541363033586617e+09 1.0919329449426763e+09 6.9040354128314120e+15 8.0721828160226219e-04 3.0000000000000000e+00 6.2857093988125882e+01
2.9922612292773151e+06 6.2355776321255485e-05 5.5181139516722002e+09 6.1636321704191389e+05 5.1541363033580208e+09 1.0919329449425375e+09 6.9978369019732780e+15 8.1085759893484671e-04 3.0000000000000000e+00 6.2857093988120020e+01
3.0057517415758362e+06 6.2355776321249725e-05 5.5181139516715336e+09 6.1636321704189619e+05 5.1541363033573961e+09 1.0919329449424121e+09 7.0929128224931620e+15 8.1451332401109681e-04 3.0000000000000000e+00 6.2857093988114734e+01
3.0193030754096890e+06 6.2355776321243857e-05 5.5181139516708279e+09 6.1636321704187570e+05 5.1541363033567410e+09 1.0919329449422669e+09 7.1892804894183060e+15 8.1818553080479045e-04 3.0000000000000000e+00 6.2857093988108673e+01
3.0329155049907835e+06 6.2355776321237988e-05 5.5181139516701422e+09 6.1636321704185684e+05 5.1541363033560982e+09 1.0919329449421334e+09 7.2869574530260660e+15 8.2187429362321385e-04 3.0000000000000000e+00 6.2857093988103038e+01
3.0465893057673075e+06 6.2355776321231998e-05 5.5181139516694365e+09 6.1636321704183728e+05 5.1541363033554392e+09 1.0919329449419949e+09 7.3859615020401610e+15 8.2557968710866543e-04 3.0000000000000000e+00 6.2857093988097212e+01
3.0603247544292961e+06 6.2355776321226022e-05 5.5181139516687307e+09 6.1636321704181749e+05 5.1541363033547802e+09 1.0919329449418547e+09 7.4863106668703500e+15 8.2930178623996599e-04 3.0000000000000000e+00 6.2857093988091357e+01
3.0741221289142333e+06 6.2355776321219923e-05 5.5181139516680050e+09 6.1636321704179677e+05 5.1541363033541021e+09 1.0919329449417078e+09 7.5880232228960230e+15 8.3304066633397547e-04 3.0000000000000000e+00 6.2857093988085317e+01
3.0879817084126747e+06 6.2355776321213838e-05 5.5181139516672993e+09 6.1636321704177791e+05 5.1541363033534412e+09 1.0919329449415741e+09 7.6911176937945310e+15 8.3679640304711738e-04 3.0000000000000000e+00 6.2857093988079640e+01
3.1019037733738986e+06 6.2355776321207631e-05 5.5181139516665545e+09 6.1636321704175626e+05 5.1541363033527479e+09 1.0919329449414206e+09 7.7956128549146630e+15 8.4056907237691067e-04 3.0000000000000000e+00 6.2857093988073231e+01
3.1158886055115783e+06 6.2355776321201424e-05 5.5181139516658287e+09 6.1636321704173647e+05 5.1541363033520689e+09 1.0919329449412804e+09 7.9015277366959900e+15 8.4435875066350566e-04 3.0000000000000000e+00 6.2857093988067277e+01
3.1299364878094848e+06 6.2355776321195122e-05 5.5181139516650839e+09 6.1636321704171551e+05 5.1541363033513737e+09 1.0919329449411318e+09 8.0088816281346010e+15 8.4816551459123031e-04 3.0000000000000000e+00 6.2857093988061187e+01
3.1440477045272114e+06 6.2355776321188806e-05 5.5181139516643391e+09 6.1636321704169479e+05 5.1541363033506784e+09 1.0919329449409850e+09 8.1176940802960250e+15 8.5198944119014100e-04 3.0000000000000000e+00 6.2857093988054977e+01
3.1582225412059282e+06 6.2355776321182382e-05 5.5181139516635742e+09 6.1636321704167314e+05 5.1541363033499660e+09 1.0919329449408317e+09 8.2279849098758130e+15 8.5583060783758216e-04 3.0000000000000000e+00 6.2857093988048568e+01
3.1724612846741569e+06 6.2355776321175959e-05 5.5181139516628294e+09 6.1636321704165288e+05 5.1541363033492661e+09 1.0919329449406881e+09 8.3397742028084990e+15 8.5968909225975080e-04 3.0000000000000000e+00 6.2857093988042550e+01
3.1867642230535764e+06 6.2355776321169413e-05 5.5181139516620455e+09 6.1636321704163030e+05 5.1541363033485355e+09 1.0919329449405282e+09 8.4530823179256330e+15 8.6356497253327021e-04 3.0000000000000000e+00 6.2857093988035885e+01
3.2011316457648529e+06 6.2355776321162880e-05 5.5181139516612806e+09 6.1636321704160958e+05 5.1541363033478222e+09 1.0919329449403813e+09 8.5679298906634440e+15 8.6745832708676944e-04 3.0000000000000000e+00 6.2857093988029582e+01
3.2155638435334973e+06 6.2355776321156240e-05 5.5181139516604967e+09 6.1636321704158746e+05 5.1541363033470888e+09 1.0919329449402244e+09 8.6843378368209970e+15 8.7136923470247131e-04 3.0000000000000000e+00 6.2857093988023095e+01
3.2300611083957450e+06 6.2355776321149585e-05 5.5181139516597128e+09 6.1636321704156580e+05 5.1541363033463573e+09 1.0919329449400711e+09 8.8023273563692570e+15 8.7529777451778436e-04 3.0000000000000000e+00 6.2857093988016558e+01
3.2446237337044696e+06 6.2355776321142836e-05 5.5181139516589088e+09 6.1636321704154275e+05 5.1541363033456068e+09 1.0919329449399078e+09 8.9219199373120450e+15 8.7924402602690703e-04 3.0000000000000000e+00 6.2857093988009801e+01
3.2592520141351144e+06 6.2355776321135965e-05 5.5181139516581049e+09 6.1636321704152087e+05 5.1541363033448553e+09 1.0919329449397526e+09 9.0431373595993400e+15 8.8320806908243293e-04 3.0000000000000000e+00 6.2857093988003292e+01
3.2739462456916585e+06 6.2355776321129094e-05 5.5181139516573009e+09 6.1636321704149875e+05 5.1541363033441029e+09 1.0919329449395959e+09 9.1660016990938320e+15 8.8718998389697077e-04 3.0000000000000000e+00 6.2857093987996784e+01
3.2887067257126048e+06 6.2355776321122128e-05 5.5181139516564779e+09 6.1636321704147570e+05 5.1541363033433342e+09 1.0919329449394326e+09 9.2905353315912800e+15 8.9118985104476300e-04 3.0000000000000000e+00 6.2857093987989920e+01
3.3035337528769979e+06 6.2355776321115148e-05 5.5181139516556540e+09 6.1636321704145265e+05 5.1541363033425646e+09 1.0919329449392691e+09 9.4167609368956560e+15 8.9520775146331992e-04 3.0000000000000000e+00 6.2857093987983099e+01
3.3184276272104671e+06 6.2355776321108169e-05 5.5181139516548119e+09 6.1636321704142797e+05 5.1541363033417807e+09 1.0919329449390943e+09 9.5447015029494160e+15 8.9924376645505533e-04 3.0000000000000000e+00 6.2857093987975674e+01
3.3333886500912961e+06 6.2355776321100959e-05 5.5181139516539688e+09 6.1636321704140492e+05 5.1541363033409929e+09 1.0919329449389310e+09 9.6743803300200760e+15 9.0329797768893226e-04 3.0000000000000000e+00 6.2857093987968895e+01
3.3484171242565243e+06 6.2355776321093762e-05 5.5181139516531258e+09 6.1636321704138163e+05 5.1541363033402033e+09 1.0919329449387660e+09 9.8058210349435940e+15 9.0737046720211598e-04 3.0000000000000000e+00 6.2857093987962017e+01
3.3635133538080705e+06 6.2355776321086566e-05 5.5181139516522627e+09 6.1636321704135672e+05 5.1541363033394003e+09 1.0919329449385896e+09 9.9390475554254840e+15 9.1146131740163332e-04 3.0000000000000000e+00 6.2857093987954563e+01
3.3786776442188872e+06 6.2355776321079261e-05 5.5181139516514006e+09 6.1636321704133251e+05 5.1541363033385944e+09 1.0919329449384179e+09 1.0074084154400156e+16 9.1557061106604075e-04 3.0000000000000000e+00 6.2857093987947401e+01
3.3939103023391417e+06 6.2355776321071835e-05 5.5181139516505375e+09 6.1636321704130946e+05 5.1541363033377876e+09 1.0919329449382546e+09 1.0210955424449796e+16 9.1969843134709871e-04 3.0000000000000000e+00 6.2857093987940466e+01
3.4092116364024254e+06 6.2355776321064408e-05 5.5181139516496553e+09 6.1636321704128454e+05 5.1541363033369646e+09 1.0919329449380779e+09 1.0349686292283016e+16 9.2384486177145536e-04 3.0000000000000000e+00 6.2857093987933098e+01
3.4245819560319907e+06 6.2355776321056886e-05 5.5181139516487732e+09 6.1636321704126010e+05 5.1541363033361387e+09 1.0919329449379046e+09 1.0490302023274428e+16 9.2800998624233523e-04 3.0000000000000000e+00 6.2857093987925843e+01
3.4400215722470167e+06 6.2355776321049242e-05 5.5181139516478710e+09 6.1636321704123495e+05 5.1541363033352966e+09 1.0919329449377265e+09 1.0632828226066024e+16 9.3219388904123852e-04 3.0000000000000000e+00 6.2857093987918411e+01
3.4555307974689021e+06 6.2355776321041599e-05 5.5181139516469698e+09 6.1636321704120981e+05 5.1541363033344545e+09 1.0919329449375484e+09 1.0777290857230912e+16 9.3639665482964562e-04 3.0000000000000000e+00 6.2857093987910943e+01
3.4711099455275866e+06 6.2355776321033847e-05 5.5181139516460676e+09 6.1636321704118536e+05 5.1541363033336096e+09 1.0919329449373751e+09 1.0923716226000444e+16 9.4061836865073000e-04 3.0000000000000000e+00 6.2857093987903745e+01
3.4867593316679033e+06 6.2355776321026081e-05 5.5181139516451464e+09 6.1636321704115928e+05 5.1541363033327494e+09 1.0919329449371903e+09 1.1072130999055628e+16 9.4485911593107999e-04 3.0000000000000000e+00 6.2857093987895922e+01
3.5024792725559557e+06 6.2355776321018221e-05 5.5181139516442051e+09 6.1636321704113227e+05 5.1541363033318739e+09 1.0919329449369988e+09 1.1222562205383628e+16 9.4911898248242678e-04 3.0000000000000000e+00 6.2857093987887865e+01
3.5182700862855255e+06 6.2355776321010252e-05 5.5181139516432648e+09 6.1636321704110596e+05 5.1541363033309946e+09 1.0919329449368124e+09 1.1375037241200204e+16 9.5339805450338102e-04 3.0000000000000000e+00 6.2857093987880106e+01
3.5341320923845111e+06 6.2355776321002269e-05 5.5181139516423235e+09 6.1636321704107965e+05 5.1541363033301153e+09 1.0919329449366262e+09 1.1529583874939060e+16 9.5769641858117706e-04 3.0000000000000000e+00 6.2857093987872346e+01
3.5500656118213907e+06 6.2355776320994192e-05 5.5181139516413822e+09 6.1636321704105427e+05 5.1541363033292360e+09 1.0919329449364462e+09 1.1686230252308920e+16 9.6201416169342424e-04 3.0000000000000000e+00 6.2857093987864687e+01
3.5660709670117199e+06 6.2355776320985993e-05 5.5181139516404219e+09 6.1636321704102797e+05 5.1541363033283377e+09 1.0919329449362597e+09 1.1845004901419488e+16 9.6635137120986878e-04 3.0000000000000000e+00 6.2857093987856913e+01
3.5821484818246528e+06 6.2355776320977794e-05 5.5181139516394415e+09 6.1636321704099956e+05 5.1541363033274221e+09 1.0919329449360585e+09 1.2005936737976808e+16 9.7070813489415989e-04 3.0000000000000000e+00 6.2857093987848558e+01
3.5982984815894985e+06 6.2355776320969486e-05 5.5181139516384611e+09 6.1636321704097232e+05 5.1541363033265085e+09 1.0919329449358654e+09 1.2169055070549388e+16 9.7508454090562636e-04 3.0000000000000000e+00 6.2857093987840422e+01
3.6145212931023012e+06 6.2355776320961178e-05 5.5181139516374817e+09 6.1636321704094484e+05 5.1541363033255911e+09 1.0919329449356709e+09 1.2334389605905768e+16 9.7948067780106052e-04 3.0000000000000000e+00 6.2857093987832265e+01
3.6308172446324560e+06 6.2355776320952654e-05 5.5181139516364813e+09 6.1636321704091737e+05 5.1541363033246574e+09 1.0919329449354761e+09 1.2501970454424780e+16 9.8389663453651030e-04 3.0000000000000000e+00 6.2857093987824094e+01
3.6471866659293482e+06 6.2355776320944115e-05 5.5181139516354618e+09 6.1636321704088803e+05 5.1541363033237066e+09 1.0919329449352682e+09 1.2671828135578988e+16 9.8833250046907826e-04 3.0000000000000000e+00 6.2857093987815404e+01
3.6636298882290288e+06 6.2355776320935483e-05 5.5181139516344624e+09 6.1636321704086126e+05 5.1541363033227692e+09 1.0919329449350784e+09 1.2843993583493028e+16 9.9278836535873186e-04 3.0000000000000000e+00 6.2857093987807488e+01
3.6801472442609156e+06 6.2355776320926836e-05 5.5181139516334229e+09 6.1636321704083122e+05 5.1541363033218031e+09 1.0919329449348655e+09 1.3018498152577140e+16 9.9726431937011725e-04 3.0000000000000000e+00 6.2857093987798478e+01
3.6967390682545248e+06 6.2355776320918095e-05 5.5181139516324034e+09 6.1636321704080352e+05 5.1541363033208485e+09 1.0919329449346693e+09 1.3195373623237364e+16 1.0017604530743859e-03 3.0000000000000000e+00 6.2857093987790236e+01
3.7134056959462380e+06 6.2355776320909231e-05 5.5181139516313448e+09 6.1636321704077302e+05 5.1541363033198614e+09 1.0919329449344532e+09 1.3374652207663476e+16 1.0062768574510259e-03 3.0000000000000000e+00 6.2857093987781248e+01
3.7301474645860903e+06 6.2355776320900368e-05 5.5181139516303062e+09 6.1636321704074461e+05 5.1541363033188915e+09 1.0919329449342518e+09 1.3556366555695140e+16 1.0108136238897031e-03 3.0000000000000000e+00 6.2857093987772700e+01
3.7469647129446003e+06 6.2355776320891288e-05 5.5181139516292276e+09 6.1636321704071388e+05 5.1541363033178825e+09 1.0919329449340341e+09 1.3740549760768332e+16 1.0153708441921112e-03 3.0000000000000000e+00 6.2857093987763754e+01
3.7638577813196206e+06 6.2355776320882208e-05 5.5181139516281691e+09 6.1636321704068524e+05 5.1541363033168926e+09 1.0919329449338310e+09 1.3927235365941964e+16 1.0199486105738284e-03 3.0000000000000000e+00 6.2857093987755206e+01
3.7808270115432269e+06 6.2355776320873005e-05 5.5181139516270914e+09 6.1636321704065567e+05 5.1541363033158855e+09 1.0919329449336216e+09 1.4116457370006896e+16 1.0245470156661847e-03 3.0000000000000000e+00 6.2857093987746438e+01
3.7978727469886327e+06 6.2355776320863817e-05 5.5181139516259928e+09 6.1636321704062400e+05 5.1541363033148613e+09 1.0919329449333973e+09 1.4308250233677608e+16 1.0291661525181344e-03 3.0000000000000000e+00 6.2857093987737009e+01
3.8149953325771387e+06 6.2355776320854506e-05 5.5181139516248951e+09 6.1636321704059327e+05 5.1541363033138342e+09 1.0919329449331794e+09 1.4502648885868068e+16 1.0338061145981400e-03 3.0000000000000000e+00 6.2857093987727900e+01
3.8321951147851120e+06 6.2355776320845101e-05 5.5181139516237774e+09 6.1636321704056161e+05 5.1541363033127918e+09 1.0919329449329550e+09 1.4699688730053096e+16 1.0384669957960646e-03 3.0000000000000000e+00 6.2857093987718464e+01
3.8494724416509978e+06 6.2355776320835573e-05 5.5181139516226606e+09 6.1636321704053087e+05 5.1541363033117476e+09 1.0919329449327371e+09 1.4899405650715812e+16 1.0431488904250697e-03 3.0000000000000000e+00 6.2857093987709383e+01
3.8668276627823608e+06 6.2355776320825937e-05 5.5181139516215229e+09 6.1636321704049921e+05 5.1541363033106861e+09 1.0919329449325128e+09 1.5101836019882848e+16 1.0478518932235245e-03 3.0000000000000000e+00 6.2857093987699962e+01
3.8842611293629599e+06 6.2355776320816302e-05 5.5181139516203861e+09 6.1636321704046754e+05 5.1541363033096256e+09 1.0919329449322884e+09 1.5307016703748452e+16 1.0525760993569243e-03 3.0000000000000000e+00 6.2857093987690483e+01
3.9017731941598542e+06 6.2355776320806544e-05 5.5181139516192293e+09 6.1636321704043471e+05 5.1541363033085442e+09 1.0919329449320557e+09 1.5514985069388372e+16 1.0573216044198141e-03 3.0000000000000000e+00 6.2857093987680777e+01
3.9193642115305425e+06 6.2355776320796691e-05 5.5181139516180725e+09 6.1636321704040281e+05 5.1541363033074627e+09 1.0919329449318297e+09 1.5725778991565132e+16 1.0620885044377232e-03 3.0000000000000000e+00 6.2857093987671313e+01
3.9370345374301323e+06 6.2355776320786716e-05 5.5181139516168966e+09 6.1636321704036999e+05 5.1541363033063641e+09 1.0919329449315970e+09 1.5939436859625668e+16 1.0668768958691092e-03 3.0000000000000000e+00 6.2857093987661592e+01
3.9547845294185430e+06 6.2355776320776755e-05 5.5181139516157207e+09 6.1636321704033716e+05 5.1541363033052664e+09 1.0919329449313645e+09 1.6155997584492760e+16 1.0716868756073107e-03 3.0000000000000000e+00 6.2857093987651766e+01
3.9726145466677416e+06 6.2355776320766564e-05 5.5181139516145248e+09 6.1636321704030433e+05 5.1541363033041496e+09 1.0919329449311318e+09 1.6375500605751348e+16 1.0765185409825056e-03 3.0000000000000000e+00 6.2857093987642017e+01
3.9905249499690100e+06 6.2355776320756372e-05 5.5181139516133089e+09 6.1636321704026940e+05 5.1541363033030138e+09 1.0919329449308844e+09 1.6597985898831244e+16 1.0813719897636814e-03 3.0000000000000000e+00 6.2857093987631643e+01
4.0085161017402457e+06 6.2355776320746072e-05 5.5181139516120939e+09 6.1636321704023541e+05 5.1541363033018789e+09 1.0919329449306433e+09 1.6823493982287380e+16 1.0862473201606155e-03 3.0000000000000000e+00 6.2857093987621624e+01
4.0265883660332961e+06 6.2355776320735664e-05 5.5181139516108780e+09 6.1636321704020235e+05 5.1541363033007421e+09 1.0919329449304092e+09 1.7052065925178816e+16 1.0911446308258586e-03 3.0000000000000000e+00 6.2857093987611741e+01
4.0447421085413238e+06 6.2355776320725134e-05 5.5181139516096239e+09 6.1636321704016649e+05 5.1541363032995720e+09 1.0919329449301550e+09 1.7283743354548420e+16 1.0960640208567357e-03 3.0000000000000000e+00 6.2857093987601210e+01
4.0629776966062076e+06 6.2355776320714617e-05 5.5181139516083889e+09 6.1636321704013250e+05 5.1541363032984180e+09 1.0919329449299142e+09 1.7518568463003588e+16 1.1010055897973465e-03 3.0000000000000000e+00 6.2857093987591000e+01
4.0812954992259745e+06 6.2355776320703870e-05 5.5181139516071138e+09 6.1636321704009641e+05 5.1541363032972279e+09 1.0919329449296584e+09 1.7756584016400572e+16 1.1059694376405842e-03 3.0000000000000000e+00 6.2857093987580306e+01
4.0996958870622683e+06 6.2355776320693123e-05 5.5181139516058598e+09 6.1636321704006218e+05 5.1541363032960548e+09 1.0919329449294159e+09 1.7997833361632668e+16 1.1109556648301550e-03 3.0000000000000000e+00 6.2857093987570131e+01
4.1181792324478477e+06 6.2355776320682267e-05 5.5181139516045656e+09 6.1636321704002540e+05 5.1541363032948494e+09 1.0919329449291553e+09 1.8242360434524592e+16 1.1159643722626132e-03 3.0000000000000000e+00 6.2857093987559161e+01
4.1367459093941217e+06 6.2355776320671303e-05 5.5181139516032715e+09 6.1636321703998907e+05 5.1541363032936392e+09 1.0919329449288979e+09 1.8490209767833936e+16 1.1209956612894016e-03 3.0000000000000000e+00 6.2857093987548460e+01
4.1553962935987180e+06 6.2355776320660231e-05 5.5181139516019583e+09 6.1636321703995205e+05 5.1541363032924147e+09 1.0919329449286356e+09 1.8741426499361420e+16 1.1260496337189029e-03 3.0000000000000000e+00 6.2857093987537411e+01
4.1741307624530839e+06 6.2355776320649036e-05 5.5181139516006451e+09 6.1636321703991597e+05 5.1541363032911863e+09 1.0919329449283798e+09 1.8996056380171208e+16 1.1311263918184992e-03 3.0000000000000000e+00 6.2857093987526689e+01
4.1929496950501255e+06 6.2355776320637747e-05 5.5181139515993118e+09 6.1636321703987848e+05 5.1541363032899399e+09 1.0919329449281142e+09 1.9254145782923100e+16 1.1362260383166421e-03 3.0000000000000000e+00 6.2857093987515597e+01
4.2118534721918749e+06 6.2355776320626336e-05 5.5181139515979786e+09 6.1636321703984216e+05 5.1541363032886934e+09 1.0919329449278567e+09 1.9515741710317756e+16 1.1413486764049311e-03 3.0000000000000000e+00 6.2857093987504840e+01
4.2308424763971986e+06 6.2355776320614925e-05 5.5181139515966263e+09 6.1636321703980397e+05 5.1541363032874317e+09 1.0919329449275861e+09 1.9780891803656752e+16 1.1464944097402010e-03 3.0000000000000000e+00 6.2857093987493407e+01
4.2499170919095371e+06 6.2355776320603297e-05 5.5181139515952539e+09 6.1636321703976579e+05 5.1541363032861500e+09 1.0919329449273157e+09 2.0049644351518924e+16 1.1516633424466212e-03 3.0000000000000000e+00 6.2857093987482109e+01
4.2690777047046795e+06 6.2355776320591668e-05 5.5181139515938816e+09 6.1636321703972737e+05 5.1541363032848682e+09 1.0919329449270434e+09 2.0322048298554548e+16 1.1568555791178008e-03 3.0000000000000000e+00 6.2857093987470698e+01
4.2883247024985757e+06 6.2355776320579810e-05 5.5181139515924892e+09 6.1636321703968872e+05 5.1541363032835646e+09 1.0919329449267695e+09 2.0598153254399080e+16 1.1620712248189059e-03 3.0000000000000000e+00 6.2857093987459287e+01
4.3076584747551791e+06 6.2355776320567965e-05 5.5181139515910778e+09 6.1636321703964868e+05 5.1541363032822504e+09 1.0919329449264858e+09 2.0878009502707880e+16 1.1673103850887853e-03 3.0000000000000000e+00 6.2857093987447342e+01
4.3270794126943275e+06 6.2355776320555890e-05 5.5181139515896664e+09 6.1636321703961003e+05 5.1541363032809296e+09 1.0919329449262118e+09 2.1161668010313920e+16 1.1725731659421065e-03 3.0000000000000000e+00 6.2857093987435888e+01
4.3465879092996614e+06 6.2355776320543814e-05 5.5181139515882349e+09 6.1636321703956975e+05 5.1541363032795944e+09 1.0919329449259264e+09 2.1449180436509560e+16 1.1778596738715006e-03 3.0000000000000000e+00 6.2857093987423880e+01
4.3661843593265777e+06 6.2355776320531631e-05 5.5181139515867844e+09 6.1636321703952830e+05 5.1541363032782412e+09 1.0919329449256327e+09 2.1740599142454816e+16 1.1831700158497175e-03 3.0000000000000000e+00 6.2857093987411538e+01
4.3858691593102114e+06 6.2355776320519217e-05 5.5181139515853338e+09 6.1636321703948872e+05 5.1541363032768841e+09 1.0919329449253523e+09 2.2035977200713104e+16 1.1885042993317898e-03 3.0000000000000000e+00 6.2857093987399885e+01
4.4056427075734660e+06 6.2355776320506816e-05 5.5181139515838633e+09 6.1636321703944728e+05 5.1541363032755127e+09 1.0919329449250586e+09 2.2335368404916852e+16 1.1938626322572079e-03 3.0000000000000000e+00 6.2857093987387486e+01
4.4255054042350687e+06 6.2355776320494294e-05 5.5181139515823936e+09 6.1636321703940653e+05 5.1541363032741365e+09 1.0919329449247699e+09 2.2638827279564148e+16 1.1992451230521037e-03 3.0000000000000000e+00 6.2857093987375443e+01
4.4454576512176711e+06 6.2355776320481554e-05 5.5181139515808840e+09 6.1636321703936416e+05 5.1541363032727289e+09 1.0919329449244695e+09 2.2946409089948672e+16 1.2046518806314453e-03 3.0000000000000000e+00 6.2857093987362880e+01
4.4654998522559777e+06 6.2355776320468828e-05 5.5181139515793743e+09 6.1636321703932132e+05 5.1541363032713194e+09 1.0919329449241660e+09 2.3258169852224628e+16 1.2100830144012396e-03 3.0000000000000000e+00 6.2857093987350126e+01
4.4856324129049201e+06 6.2355776320455859e-05 5.5181139515778646e+09 6.1636321703928057e+05 5.1541363032699060e+09 1.0919329449238772e+09 2.3574166343608032e+16 1.2155386342607476e-03 3.0000000000000000e+00 6.2857093987337990e+01
4.5058557405478600e+06 6.2355776320442902e-05 5.5181139515763159e+09 6.1636321703923610e+05 5.1541363032684641e+09 1.0919329449235620e+09 2.3894456112717128e+16 1.2210188506047073e-03 3.0000000000000000e+00 6.2857093987324696e+01
4.5261702444048328e+06 6.2355776320429716e-05 5.5181139515747671e+09 6.1636321703919326e+05 5.1541363032670155e+09 1.0919329449232585e+09 2.4219097490052764e+16 1.2265237743255674e-03 3.0000000000000000e+00 6.2857093987312133e+01
4.5465763355408302e+06 6.2355776320416434e-05 5.5181139515731983e+09 6.1636321703914925e+05 5.1541363032655497e+09 1.0919329449229467e+09 2.4548149598621652e+16 1.2320535168157322e-03 3.0000000000000000e+00 6.2857093987299073e+01
4.5670744268741170e+06 6.2355776320403139e-05 5.5181139515716305e+09 6.1636321703910548e+05 5.1541363032640848e+09 1.0919329449226365e+09 2.4881672364703560e+16 1.2376081899698145e-03 3.0000000000000000e+00 6.2857093987285964e+01
4.5876649331845865e+06 6.2355776320389627e-05 5.5181139515700426e+09 6.1636321703906171e+05 5.1541363032626019e+09 1.0919329449223263e+09 2.5219726528765108e+16 1.2431879061869007e-03 3.0000000000000000e+00 6.2857093987273011e+01
4.6083482711221529e+06 6.2355776320376007e-05 5.5181139515684347e+09 6.1636321703901677e+05 5.1541363032610998e+09 1.0919329449220078e+09 2.5562373656521488e+16 1.2487927783728246e-03 3.0000000000000000e+00 6.2857093987259674e+01
4.6291248592151841e+06 6.2355776320362265e-05 5.5181139515668077e+09 6.1636321703897091e+05 5.1541363032595806e+09 1.0919329449216828e+09 2.5909676150148892e+16 1.2544229199424523e-03 3.0000000000000000e+00 6.2857093987246010e+01
4.6499951178789698e+06 6.2355776320348306e-05 5.5181139515651808e+09 6.1636321703892690e+05 5.1541363032580585e+09 1.0919329449213710e+09 2.6261697259649028e+16 1.2600784448219778e-03 3.0000000000000000e+00 6.2857093987233036e+01
4.6709594694242254e+06 6.2355776320334347e-05 5.5181139515635147e+09 6.1636321703887894e+05 5.1541363032565041e+09 1.0919329449210312e+09 2.6618501094367864e+16 1.2657594674512264e-03 3.0000000000000000e+00 6.2857093987218825e+01
4.6920183380656447e+06 6.2355776320320279e-05 5.5181139515618477e+09 6.1636321703883214e+05 5.1541363032549505e+09 1.0919329449206996e+09 2.6980152634671416e+16 1.2714661027859724e-03 3.0000000000000000e+00 6.2857093987204806e+01
4.7131721499304762e+06 6.2355776320305995e-05 5.5181139515601816e+09 6.1636321703878674e+05 5.1541363032533903e+09 1.0919329449203777e+09 2.7346717743779596e+16 1.2771984663002642e-03 3.0000000000000000e+00 6.2857093987191419e+01
4.7344213330671508e+06 6.2355776320291602e-05 5.5181139515584764e+09 6.1636321703873877e+05 5.1541363032517986e+09 1.0919329449200380e+09 2.7718263179761132e+16 1.2829566739887615e-03 3.0000000000000000e+00 6.2857093987177173e+01
4.7557663174539423e+06 6.2355776320277087e-05 5.5181139515567703e+09 6.1636321703869151e+05 5.1541363032502041e+09 1.0919329449197030e+09 2.8094856607691556e+16 1.2887408423690823e-03 3.0000000000000000e+00 6.2857093987163090e+01
4.7772075350076649e+06 6.2355776320262464e-05 5.5181139515550451e+09 6.1636321703864331e+05 5.1541363032485924e+09 1.0919329449193614e+09 2.8476566611975924e+16 1.2945510884841591e-03 3.0000000000000000e+00 6.2857093987148787e+01
4.7987454195924187e+06 6.2355776320247732e-05 5.5181139515533009e+09 6.1636321703859419e+05 5.1541363032469645e+09 1.0919329449190133e+09 2.8863462708839588e+16 1.3003875299046107e-03 3.0000000000000000e+00 6.2857093987134228e+01
4.8203804070283659e+06 6.2355776320232784e-05 5.5181139515515356e+09 6.1636321703854483e+05 5.1541363032453156e+09 1.0919329449186635e+09 2.9255615358988220e+16 1.3062502847311177e-03 3.0000000000000000e+00 6.2857093987119583e+01
4.8421129351005461e+06 6.2355776320217822e-05 5.5181139515497713e+09 6.1636321703849570e+05 5.1541363032436676e+09 1.0919329449183154e+09 2.9653095980439824e+16 1.3121394715968140e-03 3.0000000000000000e+00 6.2857093987104932e+01
4.8639434435677426e+06 6.2355776320202657e-05 5.5181139515479679e+09 6.1636321703844448e+05 5.1541363032419863e+09 1.0919329449179525e+09 3.0055976961531424e+16 1.3180552096696881e-03 3.0000000000000000e+00 6.2857093987089669e+01
4.8858723741713753e+06 6.2355776320187261e-05 5.5181139515461645e+09 6.1636321703839488e+05 5.1541363032402992e+09 1.0919329449176009e+09 3.0464331674102240e+16 1.3239976186549922e-03 3.0000000000000000e+00 6.2857093987075054e+01
4.9079001706444407e+06 6.2355776320171865e-05 5.5181139515443411e+09 6.1636321703834343e+05 5.1541363032385960e+09 1.0919329449172363e+09 3.0878234486855960e+16 1.3299668187976665e-03 3.0000000000000000e+00 6.2857093987059748e+01
4.9300272787204906e+06 6.2355776320156239e-05 5.5181139515424986e+09 6.1636321703829220e+05 5.1541363032368755e+09 1.0919329449168735e+09 3.1297760778904648e+16 1.3359629308847716e-03 3.0000000000000000e+00 6.2857093987044543e+01
4.9522541461426532e+06 6.2355776320140518e-05 5.5181139515406561e+09 6.1636321703824145e+05 5.1541363032351522e+09 1.0919329449165137e+09 3.1722986953496600e+16 1.3419860762479323e-03 3.0000000000000000e+00 6.2857093987029501e+01
4.9745812226726916e+06 6.2355776320124675e-05 5.5181139515387735e+09 6.1636321703818813e+05 5.1541363032333965e+09 1.0919329449161358e+09 3.2153990451930796e+16 1.3480363767657930e-03 3.0000000000000000e+00 6.2857093987013620e+01
4.9970089601001041e+06 6.2355776320108616e-05 5.5181139515368919e+09 6.1636321703813644e+05 5.1541363032316370e+09 1.0919329449157696e+09 3.2590849767660304e+16 1.3541139548664837e-03 3.0000000000000000e+00 6.2857093986998294e+01
5.0195378122512689e+06 6.2355776320092556e-05 5.5181139515349903e+09 6.1636321703808289e+05 5.1541363032298622e+09 1.0919329449153900e+09 3.3033644460587320e+16 1.3602189335300994e-03 3.0000000000000000e+00 6.2857093986982328e+01
5.0421682349986248e+06 6.2355776320076157e-05 5.5181139515330496e+09 6.1636321703802818e+05 5.1541363032280493e+09 1.0919329449150023e+09 3.3482455171552588e+16 1.3663514362911848e-03 3.0000000000000000e+00 6.2857093986966206e+01
5.0649006862698970e+06 6.2355776320059759e-05 5.5181139515311089e+09 6.1636321703797369e+05 5.1541363032262373e+09 1.0919329449146163e+09 3.3937363637021300e+16 1.3725115872412368e-03 3.0000000000000000e+00 6.2857093986949963e+01
5.0877356260573622e+06 6.2355776320043143e-05 5.5181139515291481e+09 6.1636321703791898e+05 5.1541363032244072e+09 1.0919329449142284e+09 3.4398452703969028e+16 1.3786995110312153e-03 3.0000000000000000e+00 6.2857093986933727e+01
5.1106735164271677e+06 6.2355776320026420e-05 5.5181139515271873e+09 6.1636321703786496e+05 5.1541363032225733e+09 1.0919329449138458e+09 3.4865806344969628e+16 1.3849153328740671e-03 3.0000000000000000e+00 6.2857093986917604e+01
5.1337148215286406e+06 6.2355776320009479e-05 5.5181139515251875e+09 6.1636321703780908e+05 5.1541363032207060e+09 1.0919329449134498e+09 3.5339509673487464e+16 1.3911591785472485e-03 3.0000000000000000e+00 6.2857093986901070e+01
5.1568600076037413e+06 6.2355776319992416e-05 5.5181139515231686e+09 6.1636321703775227e+05 5.1541363032188196e+09 1.0919329449130471e+09 3.5819648959379340e+16 1.3974311743952901e-03 3.0000000000000000e+00 6.2857093986884259e+01
5.1801095429964559e+06 6.2355776319975245e-05 5.5181139515211496e+09 6.1636321703769639e+05 5.1541363032169323e+09 1.0919329449126513e+09 3.6306311644604856e+16 1.4037314473323373e-03 3.0000000000000000e+00 6.2857093986867554e+01
5.2034638981622849e+06 6.2355776319957857e-05 5.5181139515190907e+09 6.1636321703763842e+05 5.1541363032150116e+09 1.0919329449122405e+09 3.6799586359151408e+16 1.4100601248447251e-03 3.0000000000000000e+00 6.2857093986850444e+01
5.2269235456777606e+06 6.2355776319940361e-05 5.5181139515170326e+09 6.1636321703758137e+05 5.1541363032130880e+09 1.0919329449118361e+09 3.7299562937175344e+16 1.4164173349935564e-03 3.0000000000000000e+00 6.2857093986833377e+01
5.2504889602500126e+06 6.2355776319922634e-05 5.5181139515149345e+09 6.1636321703752223e+05 5.1541363032111282e+09 1.0919329449114172e+09 3.7806332433362296e+16 1.4228032064172935e-03 3.0000000000000000e+00 6.2857093986815933e+01
5.2741606187263718e+06 6.2355776319904799e-05 5.5181139515128374e+09 6.1636321703746426e+05 5.1541363032091694e+09 1.0919329449110062e+09 3.8319987139509856e+16 1.4292178683343601e-03 3.0000000000000000e+00 6.2857093986798688e+01
5.2979390001040194e+06 6.2355776319886856e-05 5.5181139515107203e+09 6.1636321703740512e+05 5.1541363032071915e+09 1.0919329449105873e+09 3.8840620601335752e+16 1.4356614505457582e-03 3.0000000000000000e+00 6.2857093986781095e+01
5.3218245855396800e+06 6.2355776319868695e-05 5.5181139515085630e+09 6.1636321703734389e+05 5.1541363032051783e+09 1.0919329449101534e+09 3.9368327635513960e+16 1.4421340834376928e-03 3.0000000000000000e+00 6.2857093986762941e+01
5.3458178583593583e+06 6.2355776319850305e-05 5.5181139515064068e+09 6.1636321703728475e+05 5.1541363032031641e+09 1.0919329449097342e+09 3.9903204346942624e+16 1.4486358979842102e-03 3.0000000000000000e+00 6.2857093986745340e+01
5.3699193040681174e+06 6.2355776319831805e-05 5.5181139515042305e+09 6.1636321703722444e+05 5.1541363032011299e+09 1.0919329449093070e+09 4.0445348146246440e+16 1.4551670257498507e-03 3.0000000000000000e+00 6.2857093986727449e+01
5.3941294103599042e+06 6.2355776319813198e-05 5.5181139515020161e+09 6.1636321703716111e+05 5.1541363031990623e+09 1.0919329449088581e+09 4.0994857767516984e+16 1.4617275988923072e-03 3.0000000000000000e+00 6.2857093986708719e+01
5.4184486671274193e+06 6.2355776319794373e-05 5.5181139514998007e+09 6.1636321703709965e+05 5.1541363031969929e+09 1.0919329449084225e+09 4.1551833286293832e+16 1.4683177501651024e-03 3.0000000000000000e+00 6.2857093986690415e+01
5.4428775664720275e+06 6.2355776319775318e-05 5.5181139514975653e+09 6.1636321703703818e+05 5.1541363031949034e+09 1.0919329449079869e+09 4.2116376137790112e+16 1.4749376129202729e-03 3.0000000000000000e+00 6.2857093986672183e+01
5.4674166027137162e+06 6.2355776319756155e-05 5.5181139514952917e+09 6.1636321703697392e+05 5.1541363031927824e+09 1.0919329449075317e+09 4.2688589135365808e+16 1.4815873211110697e-03 3.0000000000000000e+00 6.2857093986653069e+01
5.4920662724011000e+06 6.2355776319736883e-05 5.5181139514930172e+09 6.1636321703691036e+05 5.1541363031906576e+09 1.0919329449070811e+09 4.3268576489251768e+16 1.4882670092946678e-03 3.0000000000000000e+00 6.2857093986634162e+01
5.5168270743214637e+06 6.2355776319717273e-05 5.5181139514907036e+09 6.1636321703684563e+05 5.1541363031884966e+09 1.0919329449066226e+09 4.3856443825528256e+16 1.4949768126348870e-03 3.0000000000000000e+00 6.2857093986615077e+01
5.5416995095108617e+06 6.2355776319697662e-05 5.5181139514883909e+09 6.1636321703678113e+05 5.1541363031863356e+09 1.0919329449061654e+09 4.4452298205361496e+16 1.5017168669049310e-03 3.0000000000000000e+00 6.2857093986595842e+01
5.5666840812642518e+06 6.2355776319677727e-05 5.5181139514860382e+09 6.1636321703671548e+05 5.1541363031841383e+09 1.0919329449057002e+09 4.5056248144501280e+16 1.5084873084901314e-03 3.0000000000000000e+00 6.2857093986576317e+01
5.5917812951456802e+06 6.2355776319657683e-05 5.5181139514836855e+09 6.1636321703665052e+05 5.1541363031819391e+09 1.0919329449052398e+09 4.5668403633043648e+16 1.5152882743907083e-03 3.0000000000000000e+00 6.2857093986557054e+01
5.6169916589985127e+06 6.2355776319637530e-05 5.5181139514812937e+09 6.1636321703658276e+05 5.1541363031797066e+09 1.0919329449047596e+09 4.6288876155462152e+16 1.5221199022245442e-03 3.0000000000000000e+00 6.2857093986536881e+01
5.6423156829557093e+06 6.2355776319617025e-05 5.5181139514788828e+09 6.1636321703651617e+05 5.1541363031774549e+09 1.0919329449042878e+09 4.6917778710911040e+16 1.5289823302299657e-03 3.0000000000000000e+00 6.2857093986517143e+01
5.6677538794501508e+06 6.2355776319596425e-05 5.5181139514764519e+09 6.1636321703644819e+05 5.1541363031751842e+09 1.0919329449038060e+09 4.7555225833804584e+16 1.5358756972685440e-03 3.0000000000000000e+00 6.2857093986496992e+01
5.6933067632250013e+06 6.2355776319575717e-05 5.5181139514740009e+09 6.1636321703637927e+05 5.1541363031728954e+09 1.0919329449033177e+09 4.8201333614675664e+16 1.5428001428279018e-03 3.0000000000000000e+00 6.2857093986476428e+01
5.7189748513441291e+06 6.2355776319554670e-05 5.5181139514715309e+09 6.1636321703631105e+05 5.1541363031705847e+09 1.0919329449028342e+09 4.8856219721318064e+16 1.5497558070245378e-03 3.0000000000000000e+00 6.2857093986456285e+01
5.7447586632025698e+06 6.2355776319533514e-05 5.5181139514690218e+09 6.1636321703624027e+05 5.1541363031682444e+09 1.0919329449023328e+09 4.9520003420215832e+16 1.5567428306066614e-03 3.0000000000000000e+00 6.2857093986435210e+01
5.7706587205370320e+06 6.2355776319512142e-05 5.5181139514665127e+09 6.1636321703617112e+05 5.1541363031659002e+09 1.0919329449018426e+09 5.0192805598263864e+16 1.5637613549570406e-03 3.0000000000000000e+00 6.2857093986414682e+01
5.7966755474364590e+06 6.2355776319490648e-05 5.5181139514639635e+09 6.1636321703609894e+05 5.1541363031635199e+09 1.0919329449013312e+09 5.0874748784783584e+16 1.5708115220958634e-03 3.0000000000000000e+00 6.2857093986393288e+01
5.8228096703526303e+06 6.2355776319468828e-05 5.5181139514613953e+09 6.1636321703602769e+05 5.1541363031611214e+09 1.0919329449008265e+09 5.1565957173837664e+16 1.5778934746836098e-03 3.0000000000000000e+00 6.2857093986372128e+01
5.8490616181108188e+06 6.2355776319446900e-05 5.5181139514588079e+09 6.1636321703595552e+05 5.1541363031587038e+09 1.0919329449003150e+09 5.2266556646848056e+16 1.5850073560239421e-03 3.0000000000000000e+00 6.2857093986350648e+01
5.8754319219204867e+06 6.2355776319424850e-05 5.5181139514562006e+09 6.1636321703588217e+05 5.1541363031562691e+09 1.0919329448997951e+09 5.2976674795521200e+16 1.5921533100666013e-03 3.0000000000000000e+00 6.2857093986328827e+01
5.9019211153860372e+06 6.2355776319402475e-05 5.5181139514535542e+09 6.1636321703580813e+05 5.1541363031538000e+09 1.0919329448992705e+09 5.3696440945084808e+16 1.5993314814103207e-03 3.0000000000000000e+00 6.2857093986306808e+01
5.9285297345176125e+06 6.2355776319379883e-05 5.5181139514509077e+09 6.1636321703573526e+05 5.1541363031513233e+09 1.0919329448987541e+09 5.4425986177840240e+16 1.6065420153057526e-03 3.0000000000000000e+00 6.2857093986285264e+01
5.9552583177419370e+06 6.2355776319357169e-05 5.5181139514482212e+09 6.1636321703565982e+05 5.1541363031488152e+09 1.0919329448982196e+09 5.5165443357034984e+16 1.6137850576584080e-03 3.0000000000000000e+00 6.2857093986262839e+01
5.9821074059132170e+06 6.2355776319334251e-05 5.5181139514455166e+09 6.1636321703558438e+05 5.1541363031462898e+09 1.0919329448976851e+09 5.5914947151059464e+16 1.6210607550316068e-03 3.0000000000000000e+00 6.2857093986240415e+01
6.0090775423240811e+06 6.2355776319311090e-05 5.5181139514427719e+09 6.1636321703550685e+05 5.1541363031437273e+09 1.0919329448971355e+09 5.6674634057972480e+16 1.6283692546494460e-03 3.0000000000000000e+00 6.2857093986217421e+01
6.0361692727165734e+06 6.2355776319287726e-05 5.5181139514400272e+09 6.1636321703543118e+05 5.1541363031411629e+09 1.0919329448965993e+09 5.7444642430359976e+16 1.6357107043997764e-03 3.0000000000000000e+00 6.2857093986194883e+01
6.0633831452932023e+06 6.2355776319264131e-05 5.5181139514372435e+09 6.1636321703535342e+05 5.1541363031385622e+09 1.0919329448960483e+09 5.8225112500531632e+16 1.6430852528371979e-03 3.0000000000000000e+00 6.2857093986171776e+01
6.0907197107280260e+06 6.2355776319240319e-05 5.5181139514344196e+09 6.1636321703527356e+05 5.1541363031359262e+09 1.0919329448954823e+09 5.9016186406059488e+16 1.6504930491860630e-03 3.0000000000000000e+00 6.2857093986148151e+01
6.1181795221777996e+06 6.2355776319216277e-05 5.5181139514315968e+09 6.1636321703519556e+05 5.1541363031332874e+09 1.0919329448949296e+09 5.9818008215663816e+16 1.6579342433434971e-03 3.0000000000000000e+00 6.2857093986125044e+01
6.1457631352931671e+06 6.2355776319192126e-05 5.5181139514287348e+09 6.1636321703511500e+05 5.1541363031306171e+09 1.0919329448943586e+09 6.0630723955450712e+16 1.6654089858824321e-03 3.0000000000000000e+00 6.2857093986101034e+01
6.1734711082299072e+06 6.2355776319167650e-05 5.5181139514258528e+09 6.1636321703503490e+05 5.1541363031279240e+09 1.0919329448937912e+09 6.1454481635506040e+16 1.6729174280546543e-03 3.0000000000000000e+00 6.2857093986077274e+01
6.2013040016602231e+06 6.2355776319142958e-05 5.5181139514229517e+09 6.1636321703495458e+05 5.1541363031252117e+09 1.0919329448932219e+09 6.2289431276850448e+16 1.6804597217938617e-03 3.0000000000000000e+00 6.2857093986053464e+01
6.2292623787840921e+06 6.2355776319118143e-05 5.5181139514200106e+09 6.1636321703487169e+05 5.1541363031224670e+09 1.0919329448926346e+09 6.3135724938761336e+16 1.6880360197187418e-03 3.0000000000000000e+00 6.2857093986028751e+01
6.2573468053406589e+06 6.2355776319093003e-05 5.5181139514170504e+09 6.1636321703478927e+05 5.1541363031197004e+09 1.0919329448920505e+09 6.3993516746465120e+16 1.6956464751360582e-03 3.0000000000000000e+00 6.2857093986004323e+01
6.2855578496196875e+06 6.2355776319067633e-05 5.5181139514140511e+09 6.1636321703470522e+05 5.1541363031169004e+09 1.0919329448914549e+09 6.4862962919206672e+16 1.7032912420437531e-03 3.0000000000000000e+00 6.2857093985979411e+01
6.3138960824730536e+06 6.2355776319042154e-05 5.5181139514110317e+09 6.1636321703462000e+05 5.1541363031140814e+09 1.0919329448908510e+09 6.5744221798699064e+16 1.7109704751340630e-03 3.0000000000000000e+00 6.2857093985954052e+01
6.3423620773263043e+06 6.2355776319016350e-05 5.5181139514079933e+09 6.1636321703453572e+05 5.1541363031112432e+09 1.0919329448902538e+09 6.6637453877961000e+16 1.7186843297966490e-03 3.0000000000000000e+00 6.2857093985928984e+01
6.3709564101902535e+06 6.2355776318990315e-05 5.5181139514049158e+09 6.1636321703444934e+05 5.1541363031083689e+09 1.0919329448896418e+09 6.7542821830545096e+16 1.7264329621217436e-03 3.0000000000000000e+00 6.2857093985903333e+01
6.3996796596726431e+06 6.2355776318964064e-05 5.5181139514018183e+09 6.1636321703436272e+05 5.1541363031054764e+09 1.0919329448890278e+09 6.8460490540163800e+16 1.7342165289033042e-03 3.0000000000000000e+00 6.2857093985877640e+01
6.4285324069898492e+06 6.2355776318937488e-05 5.5181139513987007e+09 6.1636321703427704e+05 5.1541363031025620e+09 1.0919329448884208e+09 6.9390627130717536e+16 1.7420351876421900e-03 3.0000000000000000e+00 6.2857093985852181e+01
6.4575152359786415e+06 6.2355776318910789e-05 5.5181139513955450e+09 6.1636321703418856e+05 5.1541363030996161e+09 1.0919329448877938e+09 7.0333400996731184e+16 1.7498890965493476e-03 3.0000000000000000e+00 6.2857093985825905e+01
6.4866287331080008e+06 6.2355776318883765e-05 5.5181139513923492e+09 6.1636321703409869e+05 5.1541363030966301e+09 1.0919329448871570e+09 7.1288983834203616e+16 1.7577784145490129e-03 3.0000000000000000e+00 6.2857093985799317e+01
6.5158734874909837e+06 6.2355776318856511e-05 5.5181139513891535e+09 6.1636321703401092e+05 5.1541363030936441e+09 1.0919329448865349e+09 7.2257549671876896e+16 1.7657033012819260e-03 3.0000000000000000e+00 6.2857093985773155e+01
6.5452500908966409e+06 6.2355776318829040e-05 5.5181139513858995e+09 6.1636321703391918e+05 5.1541363030906057e+09 1.0919329448858848e+09 7.3239274902929552e+16 1.7736639171085618e-03 3.0000000000000000e+00 6.2857093985745976e+01
6.5747591377619989e+06 6.2355776318801353e-05 5.5181139513826256e+09 6.1636321703382721e+05 5.1541363030875473e+09 1.0919329448852332e+09 7.4234338317101456e+16 1.7816604231123754e-03 3.0000000000000000e+00 6.2857093985718649e+01
6.6044012252040822e+06 6.2355776318773434e-05 5.5181139513793325e+09 6.1636321703373548e+05 5.1541363030844727e+09 1.0919329448845830e+09 7.5242921133254384e+16 1.7896929811030626e-03 3.0000000000000000e+00 6.2857093985691343e+01
6.6341769530319981e+06 6.2355776318745191e-05 5.5181139513759995e+09 6.1636321703364234e+05 5.1541363030813608e+09 1.0919329448839231e+09 7.6265207032375232e+16 1.7977617536198310e-03 3.0000000000000000e+00 6.2857093985663653e+01
6.6640869237590721e+06 6.2355776318716731e-05 5.5181139513726473e+09 6.1636321703354898e+05 5.1541363030782261e+09 1.0919329448832614e+09 7.7301382191027504e+16 1.8058669039346922e-03 3.0000000000000000e+00 6.2857093985635977e+01
6.6941317426150450e+06 6.2355776318687931e-05 5.5181139513692551e+09 6.1636321703345468e+05 5.1541363030750580e+09 1.0919329448825934e+09 7.8351635315257744e+16 1.8140085960557638e-03 3.0000000000000000e+00 6.2857093985607968e+01
6.7243120175583130e+06 6.2355776318658902e-05 5.5181139513658247e+09 6.1636321703335852e+05 5.1541363030718546e+09 1.0919329448819118e+09 7.9416157674961808e+16 1.8221869947305893e-03 3.0000000000000000e+00 6.2857093985579461e+01
6.7546283592882343e+06 6.2355776318629656e-05 5.5181139513623743e+09 6.1636321703326236e+05 5.1541363030686321e+09 1.0919329448812304e+09 8.0495143138719024e+16 1.8304022654494702e-03 3.0000000000000000e+00 6.2857093985550918e+01
6.7850813812574847e+06 6.2355776318600192e-05 5.5181139513588848e+09 6.1636321703316388e+05 5.1541363030653744e+09 1.0919329448805325e+09 8.1588788209098640e+16 1.8386545744488159e-03 3.0000000000000000e+00 6.2857093985521615e+01
6.8156716996844718e+06 6.2355776318570404e-05 5.5181139513553753e+09 6.1636321703306632e+05 5.1541363030620956e+09 1.0919329448798411e+09 8.2697292058446928e+16 1.8469440887145078e-03 3.0000000000000000e+00 6.2857093985492597e+01
6.8463999335658047e+06 6.2355776318540277e-05 5.5181139513518276e+09 6.1636321703296760e+05 5.1541363030587807e+09 1.0919329448791416e+09 8.3820856565159744e+16 1.8552709759852778e-03 3.0000000000000000e+00 6.2857093985463472e+01
6.8772667046888163e+06 6.2355776318510041e-05 5.5181139513482590e+09 6.1636321703286795e+05 5.1541363030554476e+09 1.0919329448784356e+09 8.4959686350448208e+16 1.8636354047561006e-03 3.0000000000000000e+00 6.2857093985433707e+01
6.9082726376441494e+06 6.2355776318479358e-05 5.5181139513446321e+09 6.1636321703276620e+05 5.1541363030520601e+09 1.0919329448777144e+09 8.6113988815604016e+16 1.8720375442816072e-03 3.0000000000000000e+00 6.2857093985403587e+01
6.9394183598383935e+06 6.2355776318448445e-05 5.5181139513410053e+09 6.1636321703266632e+05 5.1541363030486698e+09 1.0919329448770068e+09 8.7283974179770960e+16 1.8804775645795079e-03 3.0000000000000000e+00 6.2857093985373893e+01
6.9707045015067775e+06 6.2355776318417328e-05 5.5181139513373203e+09 6.1636321703256248e+05 5.1541363030452299e+09 1.0919329448762708e+09 8.8469855518229248e+16 1.8889556364340286e-03 3.0000000000000000e+00 6.2857093985343049e+01
7.0021316957259290e+06 6.2355776318385873e-05 5.5181139513336153e+09 6.1636321703245933e+05 5.1541363030417681e+09 1.0919329448755398e+09 8.9671848801200832e+16 1.8974719313993753e-03 3.0000000000000000e+00 6.2857093985312474e+01
7.0337005784266787e+06 6.2355776318354187e-05 5.5181139513298702e+09 6.1636321703235433e+05 5.1541363030382700e+09 1.0919329448747957e+09 9.0890172933181104e+16 1.9060266218031969e-03 3.0000000000000000e+00 6.2857093985281239e+01
7.0654117884069309e+06 6.2355776318322176e-05 5.5181139513260870e+09 6.1636321703224839e+05 5.1541363030347385e+09 1.0919329448740451e+09 9.2125049792805408e+16 1.9146198807500773e-03 3.0000000000000000e+00 6.2857093985249747e+01
7.0972659673445905e+06 6.2355776318289826e-05 5.5181139513222837e+09 6.1636321703214315e+05 5.1541363030311852e+09 1.0919329448732994e+09 9.3376704273257072e+16 1.9232518821250359e-03 3.0000000000000000e+00 6.2857093985218533e+01
7.1292637598105455e+06 6.2355776318257273e-05 5.5181139513184214e+09 6.1636321703203372e+05 5.1541363030275784e+09 1.0919329448725238e+09 9.4645364323224720e+16 1.9319228005970487e-03 3.0000000000000000e+00 6.2857093985186062e+01
7.1614058132817112e+06 6.2355776318224367e-05 5.5181139513145599e+09 6.1636321703192731e+05 5.1541363030239687e+09 1.0919329448717699e+09 9.5931260988415488e+16 1.9406328116225802e-03 3.0000000000000000e+00 6.2857093985154457e+01
7.1936927781541301e+06 6.2355776318191136e-05 5.5181139513106384e+09 6.1636321703181788e+05 5.1541363030203075e+09 1.0919329448709943e+09 9.7234628453632688e+16 1.9493820914491340e-03 3.0000000000000000e+00 6.2857093985121963e+01
7.2261253077561371e+06 6.2355776318157689e-05 5.5181139513066788e+09 6.1636321703170636e+05 5.1541363030166101e+09 1.0919329448702042e+09 9.8555704085425184e+16 1.9581708171188205e-03 3.0000000000000000e+00 6.2857093985088859e+01
7.2587040583615722e+06 6.2355776318123902e-05 5.5181139513026991e+09 6.1636321703159576e+05 5.1541363030128927e+09 1.0919329448694203e+09 9.9894728475315888e+16 1.9669991664719388e-03 3.0000000000000000e+00 6.2857093985056025e+01
7.2914296892030695e+06 6.2355776318089791e-05 5.5181139512986803e+09 6.1636321703148400e+05 5.1541363030091381e+09 1.0919329448686285e+09 1.0125194548361800e+17 1.9758673181505750e-03 3.0000000000000000e+00 6.2857093985022772e+01
7.3243028624853883e+06 6.2355776318055449e-05 5.5181139512946224e+09 6.1636321703137038e+05 5.1541363030053492e+09 1.0919329448678234e+09 1.0262760228384616e+17 1.9847754516022168e-03 3.0000000000000000e+00 6.2857093984988957e+01
7.3573242433988182e+06 6.2355776318020673e-05 5.5181139512905245e+09 6.1636321703125630e+05 5.1541363030015211e+09 1.0919329448670149e+09 1.0402194940773130e+17 1.9937237470833854e-03 3.0000000000000000e+00 6.2857093984955135e+01
7.3904945001326362e+06 6.2355776317985667e-05 5.5181139512863884e+09 6.1636321703114035e+05 5.1541363029976578e+09 1.0919329448661931e+09 1.0543524079084670e+17 2.0027123856632832e-03 3.0000000000000000e+00 6.2857093984920660e+01
7.4238143038886320e+06 6.2355776317950335e-05 5.5181139512822123e+09 6.1636321703102323e+05 5.1541363029937592e+09 1.0919329448653634e+09 1.0686773381885466e+17 2.0117415492274570e-03 3.0000000000000000e+00 6.2857093984885992e+01
7.4572843288946822e+06 6.2355776317914665e-05 5.5181139512779980e+09 6.1636321703090519e+05 5.1541363029898233e+09 1.0919329448645267e+09 1.0831968937438058e+17 2.0208114204814769e-03 3.0000000000000000e+00 6.2857093984850913e+01
7.4909052524184026e+06 6.2355776317878669e-05 5.5181139512737627e+09 6.1636321703078784e+05 5.1541363029858665e+09 1.0919329448636951e+09 1.0979137188452469e+17 2.0299221829546388e-03 3.0000000000000000e+00 6.2857093984816018e+01
7.5246777547808429e+06 6.2355776317842335e-05 5.5181139512694693e+09 6.1636321703066747e+05 5.1541363029818573e+09 1.0919329448628423e+09 1.1128304936901858e+17 2.0390740210036703e-03 3.0000000000000000e+00 6.2857093984780327e+01
7.5586025193702625e+06 6.2355776317805675e-05 5.5181139512651567e+09 6.1636321703054779e+05 5.1541363029778261e+09 1.0919329448619940e+09 1.1279499348903690e+17 2.0482671198164674e-03 3.0000000000000000e+00 6.2857093984744814e+01
7.5926802326559527e+06 6.2355776317768785e-05 5.5181139512607851e+09 6.1636321703042462e+05 5.1541363029737463e+09 1.0919329448611214e+09 1.1432747959667130e+17 2.0575016654158407e-03 3.0000000000000000e+00 6.2857093984708087e+01
7.6269115842021285e+06 6.2355776317731462e-05 5.5181139512563934e+09 6.1636321703030262e+05 5.1541363029696407e+09 1.0919329448602569e+09 1.1588078678507714e+17 2.0667778446632765e-03 3.0000000000000000e+00 6.2857093984671934e+01
7.6612972666818844e+06 6.2355776317693799e-05 5.5181139512519436e+09 6.1636321703017806e+05 5.1541363029654865e+09 1.0919329448593740e+09 1.1745519793930136e+17 2.0760958452627218e-03 3.0000000000000000e+00 6.2857093984634936e+01
7.6958379758912073e+06 6.2355776317655812e-05 5.5181139512474737e+09 6.1636321703005396e+05 5.1541363029613085e+09 1.0919329448584948e+09 1.1905099978780088e+17 2.0854558557643781e-03 3.0000000000000000e+00 6.2857093984598130e+01
7.7305344107630597e+06 6.2355776317617485e-05 5.5181139512429447e+09 6.1636321702992707e+05 5.1541363029570799e+09 1.0919329448575954e+09 1.2066848295466101e+17 2.0948580655685235e-03 3.0000000000000000e+00 6.2857093984560521e+01
7.7653872733815182e+06 6.2355776317578820e-05 5.5181139512383776e+09 6.1636321702979924e+05 5.1541363029528151e+09 1.0919329448566897e+09 1.2230794201252318e+17 2.1043026649293366e-03 3.0000000000000000e+00 6.2857093984522500e+01
7.8003972689959835e+06 6.2355776317539829e-05 5.5181139512337704e+09 6.1636321702967025e+05 5.1541363029485140e+09 1.0919329448557756e+09 1.2396967553623219e+17 2.1137898449587536e-03 3.0000000000000000e+00 6.2857093984484138e+01
7.8355651060354672e+06 6.2355776317500405e-05 5.5181139512291241e+09 6.1636321702954080e+05 5.1541363029441719e+09 1.0919329448548584e+09 1.2565398615721240e+17 2.1233197976303366e-03 3.0000000000000000e+00 6.2857093984445790e+01
7.8708914961228613e+06 6.2355776317460642e-05 5.5181139512244387e+09 6.1636321702941041e+05 5.1541363029397955e+09 1.0919329448539343e+09 1.2736118061857960e+17 2.1328927157831397e-03 3.0000000000000000e+00 6.2857093984407058e+01
7.9063771540894341e+06 6.2355776317420648e-05 5.5181139512197142e+09 6.1636321702927793e+05 5.1541363029353819e+09 1.0919329448529956e+09 1.2909156983100877e+17 2.1425087931256407e-03 3.0000000000000000e+00 6.2857093984367680e+01
7.9420227979892325e+06 6.2355776317380113e-05 5.5181139512149305e+09 6.1636321702914452e+05 5.1541363029309149e+09 1.0919329448520501e+09 1.3084546892935368e+17 2.1521682242396411e-03 3.0000000000000000e+00 6.2857093984328102e+01
7.9778291491136253e+06 6.2355776317339347e-05 5.5181139512101278e+09 6.1636321702901088e+05 5.1541363029264288e+09 1.0919329448511031e+09 1.3262319733003914e+17 2.1618712045842052e-03 3.0000000000000000e+00 6.2857093984288319e+01
8.0137969320059000e+06 6.2355776317298147e-05 5.5181139512052660e+09 6.1636321702887490e+05 5.1541363029218855e+09 1.0919329448501396e+09 1.3442507878923238e+17 2.1716179304996225e-03 3.0000000000000000e+00 6.2857093984248017e+01
8.0499268744759262e+06 6.2355776317256608e-05 5.5181139512003651e+09 6.1636321702873823e+05 5.1541363029173098e+09 1.0919329448491712e+09 1.3625144146180530e+17 2.1814085992113742e-03 3.0000000000000000e+00 6.2857093984207388e+01
8.0862197076148773e+06 6.2355776317214623e-05 5.5181139511954050e+09 6.1636321702859923e+05 5.1541363029126768e+09 1.0919329448481863e+09 1.3810261796109674e+17 2.1912434088341252e-03 3.0000000000000000e+00 6.2857093984166148e+01
8.1226761658100300e+06 6.2355776317172312e-05 5.5181139511904249e+09 6.1636321702846116e+05 5.1541363029080248e+09 1.0919329448472078e+09 1.3997894541948770e+17 2.2011225583757356e-03 3.0000000000000000e+00 6.2857093984125100e+01
8.1592969867596198e+06 6.2355776317129662e-05 5.5181139511853867e+09 6.1636321702831984e+05 5.1541363029033175e+09 1.0919329448462062e+09 1.4188076554979906e+17 2.2110462477412840e-03 3.0000000000000000e+00 6.2857093984083136e+01
8.1960829114877740e+06 6.2355776317086578e-05 5.5181139511802902e+09 6.1636321702817664e+05 5.1541363028985596e+09 1.0919329448451915e+09 1.4380842470752387e+17 2.2210146777371176e-03 3.0000000000000000e+00 6.2857093984040645e+01
8.2330346843594993e+06 6.2355776317043048e-05 5.5181139511751728e+09 6.1636321702803508e+05 5.1541363028937769e+09 1.0919329448441885e+09 1.4576227395390426e+17 2.2310280500749085e-03 3.0000000000000000e+00 6.2857093983998659e+01
8.2701530530957505e+06 6.2355776316999192e-05 5.5181139511699972e+09 6.1636321702789050e+05 5.1541363028889427e+09 1.0919329448431637e+09 1.4774266911986666e+17 2.2410865673757434e-03 3.0000000000000000e+00 6.2857093983955714e+01
8.3074387687885575e+06 6.2355776316954983e-05 5.5181139511647635e+09 6.1636321702774311e+05 5.1541363028840570e+09 1.0919329448421192e+09 1.4974997087082467e+17 2.2511904331742171e-03 3.0000000000000000e+00 6.2857093983911938e+01
8.3448925859162221e+06 6.2355776316910355e-05 5.5181139511595097e+09 6.1636321702759713e+05 5.1541363028791466e+09 1.0919329448410847e+09 1.5178454477236250e+17 2.2613398519225523e-03 3.0000000000000000e+00 6.2857093983868587e+01
8.3825152623585900e+06 6.2355776316865266e-05 5.5181139511541767e+09 6.1636321702744765e+05 5.1541363028741703e+09 1.0919329448400257e+09 1.5384676135681142e+17 2.2715350289947422e-03 3.0000000000000000e+00 6.2857093983824136e+01
8.4203075594123807e+06 6.2355776316819743e-05 5.5181139511488247e+09 6.1636321702729934e+05 5.1541363028691673e+09 1.0919329448389747e+09 1.5593699619073008e+17 2.2817761706906974e-03 3.0000000000000000e+00 6.2857093983780139e+01
8.4582702418065984e+06 6.2355776316773881e-05 5.5181139511434145e+09 6.1636321702714823e+05 5.1541363028641129e+09 1.0919329448379040e+09 1.5805562994330202e+17 2.2920634842404277e-03 3.0000000000000000e+00 6.2857093983735282e+01
8.4964040777179990e+06 6.2355776316727585e-05 5.5181139511379442e+09 6.1636321702699503e+05 5.1541363028590059e+09 1.0919329448368182e+09 1.6020304845566211e+17 2.3023971778082320e-03 3.0000000000000000e+00 6.2857093983689758e+01
8.5347098387866430e+06 6.2355776316680843e-05 5.5181139511324358e+09 6.1636321702684183e+05 5.1541363028538599e+09 1.0919329448357327e+09 1.6237964281116538e+17 2.3127774604969099e-03 3.0000000000000000e+00 6.2857093983644219e+01
8.5731883001314998e+06 6.2355776316633761e-05 5.5181139511268682e+09 6.1636321702668536e+05 5.1541363028486595e+09 1.0919329448346238e+09 1.6458580940661021e+17 2.3232045423519968e-03 3.0000000000000000e+00 6.2857093983597778e+01
8.6118402403661422e+06 6.2355776316586246e-05 5.5181139511212616e+09 6.1636321702652890e+05 5.1541363028434238e+09 1.0919329448335152e+09 1.6682195002442931e+17 2.3336786343660086e-03 3.0000000000000000e+00 6.2857093983551209e+01
8.6506664416144937e+06 6.2355776316538175e-05 5.5181139511155958e+09 6.1636321702637104e+05 5.1541363028381310e+09 1.0919329448323965e+09 1.6908847190586141e+17 2.3441999484827159e-03 3.0000000000000000e+00 6.2857093983504477e+01
8.6896676895266585e+06 6.2355776316489766e-05 5.5181139511098909e+09 6.1636321702621225e+05 5.1541363028328018e+09 1.0919329448312712e+09 1.7138578782511725e+17 2.3547686976014303e-03 3.0000000000000000e+00 6.2857093983457304e+01
8.7288447732948214e+06 6.2355776316440922e-05 5.5181139511041079e+09 6.1636321702604927e+05 5.1541363028274012e+09 1.0919329448301163e+09 1.7371431616455334e+17 2.3653850955813126e-03 3.0000000000000000e+00 6.2857093983408888e+01
8.7681984856692106e+06 6.2355776316391632e-05 5.5181139510983047e+09 6.1636321702588815e+05 5.1541363028219805e+09 1.0919329448289745e+09 1.7607448099086627e+17 2.3760493572457021e-03 3.0000000000000000e+00 6.2857093983361011e+01
8.8077296229741462e+06 6.2355776316341894e-05 5.5181139510924234e+09 6.1636321702572308e+05 5.1541363028164892e+09 1.0919329448278048e+09 1.7846671213232374e+17 2.3867616983864618e-03 3.0000000000000000e+00 6.2857093983312019e+01
8.8474389851241484e+06 6.2355776316291614e-05 5.5181139510865030e+09 6.1636321702555870e+05 5.1541363028109579e+09 1.0919329448266399e+09 1.8089144525704310e+17 2.3975223357683428e-03 3.0000000000000000e+00 6.2857093983263219e+01
8.8873273756401259e+06 6.2355776316240996e-05 5.5181139510805235e+09 6.1636321702539129e+05 5.1541363028053741e+09 1.0919329448254538e+09 1.8334912195233494e+17 2.4083314871333767e-03 3.0000000000000000e+00 6.2857093983213538e+01
8.9273956016656384e+06 6.2355776316189930e-05 5.5181139510745049e+09 6.1636321702522342e+05 5.1541363027997494e+09 1.0919329448242640e+09 1.8584018980512381e+17 2.4191893712052753e-03 3.0000000000000000e+00 6.2857093983163622e+01
8.9676444739832208e+06 6.2355776316138308e-05 5.5181139510684080e+09 6.1636321702505276e+05 5.1541363027940559e+09 1.0919329448230548e+09 1.8836510248346163e+17 2.4300962076938600e-03 3.0000000000000000e+00 6.2857093983113032e+01
9.0080748070307989e+06 6.2355776316086253e-05 5.5181139510622721e+09 6.1636321702488209e+05 5.1541363027883263e+09 1.0919329448218453e+09 1.9092431981914918e+17 2.4410522172995069e-03 3.0000000000000000e+00 6.2857093983062263e+01
9.0486874189181626e+06 6.2355776316033750e-05 5.5181139510560770e+09 6.1636321702470910e+05 5.1541363027825394e+09 1.0919329448206193e+09 1.9351830789147933e+17 2.4520576217176120e-03 3.0000000000000000e+00 6.2857093983010884e+01
9.0894831314435285e+06 6.2355776315980801e-05 5.5181139510498238e+09 6.1636321702453401e+05 5.1541363027766991e+09 1.0919329448193786e+09 1.9614753911211891e+17 2.4631126436430789e-03 3.0000000000000000e+00 6.2857093982958887e+01
9.1304627701101545e+06 6.2355776315927295e-05 5.5181139510435104e+09 6.1636321702435776e+05 5.1541363027708025e+09 1.0919329448181298e+09 1.9881249231114227e+17 2.4742175067748234e-03 3.0000000000000000e+00 6.2857093982906562e+01
9.1716271641430613e+06 6.2355776315873356e-05 5.5181139510371590e+09 6.1636321702418104e+05 5.1541363027648668e+09 1.0919329448168776e+09 2.0151365282423622e+17 2.4853724358202991e-03 3.0000000000000000e+00 6.2857093982854160e+01
9.2129771465058010e+06 6.2355776315818970e-05 5.5181139510307283e+09 6.1636321702400059e+05 5.1541363027588615e+09 1.0919329448155987e+09 2.0425151258108755e+17 2.4965776565000490e-03 3.0000000000000000e+00 6.2857093982800528e+01
9.2545135539173111e+06 6.2355776315764028e-05 5.5181139510242395e+09 6.1636321702381922e+05 5.1541363027528048e+09 1.0919329448143134e+09 2.0702657019497187e+17 2.5078333955522655e-03 3.0000000000000000e+00 6.2857093982746640e+01
9.2962372268688567e+06 6.2355776315708652e-05 5.5181139510177116e+09 6.1636321702363715e+05 5.1541363027467041e+09 1.0919329448130233e+09 2.0983933105356109e+17 2.5191398807373872e-03 3.0000000000000000e+00 6.2857093982692533e+01
9.3381490096410215e+06 6.2355776315652707e-05 5.5181139510111046e+09 6.1636321702345228e+05 5.1541363027405338e+09 1.0919329448117132e+09 2.1269030741096253e+17 2.5304973408426996e-03 3.0000000000000000e+00 6.2857093982637686e+01
9.3802497503208090e+06 6.2355776315596221e-05 5.5181139510044594e+09 6.1636321702326788e+05 5.1541363027343225e+09 1.0919329448104064e+09 2.1558001848101030e+17 2.5419060056869713e-03 3.0000000000000000e+00 6.2857093982583010e+01
9.4225403008187916e+06 6.2355776315539286e-05 5.5181139509977350e+09 6.1636321702307975e+05 5.1541363027280436e+09 1.0919329448090734e+09 2.1850899053182294e+17 2.5533661061250996e-03 3.0000000000000000e+00 6.2857093982527083e+01
9.4650215168863498e+06 6.2355776315481905e-05 5.5181139509909515e+09 6.1636321702288953e+05 5.1541363027217102e+09 1.0919329448077254e+09 2.2147775698164634e+17 2.5648778740527825e-03 3.0000000000000000e+00 6.2857093982470523e+01
9.5076942581329960e+06 6.2355776315423873e-05 5.5181139509841099e+09 6.1636321702269907e+05 5.1541363027153206e+09 1.0919329448063757e+09 2.2448685849599917e+17 2.5764415424112145e-03 3.0000000000000000e+00 6.2857093982414007e+01
9.5505593880437631e+06 6.2355776315365380e-05 5.5181139509772091e+09 6.1636321702250629e+05 5.1541363027088737e+09 1.0919329448050096e+09 2.2753684308613725e+17 2.5880573451917970e-03 3.0000000000000000e+00 6.2857093982356794e+01
9.5936177739966772e+06 6.2355776315306346e-05 5.5181139509702492e+09 6.1636321702231211e+05 5.1541363027023706e+09 1.0919329448036337e+09 2.3062826620885645e+17 2.5997255174408733e-03 3.0000000000000000e+00 6.2857093982299169e+01
9.6368702872803099e+06 6.2355776315246863e-05 5.5181139509632120e+09 6.1636321702211467e+05 5.1541363026958027e+09 1.0919329448022346e+09 2.3376169086765136e+17 2.6114462952644872e-03 3.0000000000000000e+00 6.2857093982240428e+01
9.6803178031114079e+06 6.2355776315186717e-05 5.5181139509561348e+09 6.1636321702191816e+05 5.1541363026891880e+09 1.0919329448008420e+09 2.3693768771524778e+17 2.6232199158331558e-03 3.0000000000000000e+00 6.2857093982182072e+01
9.7239612006526086e+06 6.2355776315126016e-05 5.5181139509489794e+09 6.1636321702171885e+05 5.1541363026825047e+09 1.0919329447994297e+09 2.4015683515752998e+17 2.6350466173866755e-03 3.0000000000000000e+00 6.2857093982122969e+01
9.7678013630302195e+06 6.2355776315064880e-05 5.5181139509417448e+09 6.1636321702151536e+05 5.1541363026757488e+09 1.0919329447979877e+09 2.4341971945887731e+17 2.6469266392389369e-03 3.0000000000000000e+00 6.2857093982062530e+01
9.8118391773520987e+06 6.2355776315003175e-05 5.5181139509344721e+09 6.1636321702131280e+05 5.1541363026689548e+09 1.0919329447965522e+09 2.4672693484893462e+17 2.6588602217827687e-03 3.0000000000000000e+00 6.2857093982002354e+01
9.8560755347255990e+06 6.2355776314940820e-05 5.5181139509271202e+09 6.1636321702110791e+05 5.1541363026620874e+09 1.0919329447951005e+09 2.5007908363083123e+17 2.6708476064948054e-03 3.0000000000000000e+00 6.2857093981941489e+01
9.9005113302756026e+06 6.2355776314878018e-05 5.5181139509197102e+09 6.1636321702090115e+05 5.1541363026551676e+09 1.0919329447936351e+09 2.5347677629087216e+17 2.6828890359403695e-03 3.0000000000000000e+00 6.2857093981880013e+01
9.9451474631626345e+06 6.2355776314814551e-05 5.5181139509122210e+09 6.1636321702069184e+05 5.1541363026481714e+09 1.0919329447921519e+09 2.5692063160971747e+17 2.6949847537783805e-03 3.0000000000000000e+00 6.2857093981817911e+01
9.9899848366010506e+06 6.2355776314750516e-05 5.5181139509046736e+09 6.1636321702048159e+05 5.1541363026411200e+09 1.0919329447906621e+09 2.6041127677507373e+17 2.7071350047662879e-03 3.0000000000000000e+00 6.2857093981755526e+01
1.0035024357877325e+07 6.2355776314685951e-05 5.5181139508970470e+09 6.1636321702026809e+05 5.1541363026339970e+09 1.0919329447891490e+09 2.6394934749591661e+17 2.7193400347650222e-03 3.0000000000000000e+00 6.2857093981692103e+01
1.0080266938368402e+07 6.2355776314620818e-05 5.5181139508893623e+09 6.1636321702005342e+05 5.1541363026268196e+09 1.0919329447876279e+09 2.6753548811826426e+17 2.7316000907439677e-03 3.0000000000000000e+00 6.2857093981628360e+01
1.0125713493560135e+07 6.2355776314555021e-05 5.5181139508815994e+09 6.1636321701983688e+05 5.1541363026195698e+09 1.0919329447860935e+09 2.7117035174252419e+17 2.7439154207859638e-03 3.0000000000000000e+00 6.2857093981564056e+01
1.0171364943065822e+07 6.2355776314488667e-05 5.5181139508737774e+09 6.1636321701961895e+05 5.1541363026122627e+09 1.0919329447845492e+09 2.7485460034243562e+17 2.7562862740923236e-03 3.0000000000000000e+00 6.2857093981499368e+01
1.0217222210644802e+07 6.2355776314421772e-05 5.5181139508658762e+09 6.1636321701939753e+05 5.1541363026048822e+09 1.0919329447829802e+09 2.7858890488562480e+17 2.7687129009878754e-03 3.0000000000000000e+00 6.2857093981433600e+01
1.0263286224221157e+07 6.2355776314354199e-05 5.5181139508578978e+09 6.1636321701917448e+05 5.1541363025974321e+09 1.0919329447813995e+09 2.8237394545580250e+17 2.7811955529260285e-03 3.0000000000000000e+00 6.2857093981367335e+01
1.0309557915902480e+07 6.2355776314286084e-05 5.5181139508498592e+09 6.1636321701895003e+05 5.1541363025899248e+09 1.0919329447798090e+09 2.8621041137661741e+17 2.7937344824938643e-03 3.0000000000000000e+00 6.2857093981300658e+01
1.0356038221998747e+07 6.2355776314217292e-05 5.5181139508417435e+09 6.1636321701872326e+05 5.1541363025823421e+09 1.0919329447782021e+09 2.9009900133719590e+17 2.8063299434172399e-03 3.0000000000000000e+00 6.2857093981233355e+01
1.0402728083041251e+07 6.2355776314147848e-05 5.5181139508335485e+09 6.1636321701849438e+05 5.1541363025746880e+09 1.0919329447765801e+09 2.9404042351938445e+17 2.8189821905659322e-03 3.0000000000000000e+00 6.2857093981165470e+01
1.0449628443801643e+07 6.2355776314077836e-05 5.5181139508252954e+09 6.1636321701826458e+05 5.1541363025669794e+09 1.0919329447749517e+09 2.9803539572672352e+17 2.8316914799587883e-03 3.0000000000000000e+00 6.2857093981097130e+01
1.0496740253311045e+07 6.2355776314007173e-05 5.5181139508169441e+09 6.1636321701803035e+05 5.1541363025591803e+09 1.0919329447732918e+09 3.0208464551517139e+17 2.8444580687689049e-03 3.0000000000000000e+00 6.2857093981027603e+01
1.0544064464879258e+07 6.2355776313935833e-05 5.5181139508085337e+09 6.1636321701779612e+05 5.1541363025513248e+09 1.0919329447716320e+09 3.0618891032560608e+17 2.8572822153288412e-03 3.0000000000000000e+00 6.2857093980958055e+01
1.0591602036114043e+07 6.2355776313863950e-05 5.5181139508000450e+09 6.1636321701755864e+05 5.1541363025433969e+09 1.0919329447699492e+09 3.1034893761812531e+17 2.8701641791358352e-03 3.0000000000000000e+00 6.2857093980887470e+01
1.0639353928940509e+07 6.2355776313791281e-05 5.5181139507914782e+09 6.1636321701731975e+05 5.1541363025353937e+09 1.0919329447682562e+09 3.1456548500817357e+17 2.8831042208570619e-03 3.0000000000000000e+00 6.2857093980816643e+01
1.0687321109620571e+07 6.2355776313718071e-05 5.5181139507828331e+09 6.1636321701707784e+05 5.1541363025273190e+09 1.0919329447665422e+09 3.1883932040451661e+17 2.8961026023349061e-03 3.0000000000000000e+00 6.2857093980744743e+01
1.0735504548772508e+07 6.2355776313644196e-05 5.5181139507741280e+09 6.1636321701683570e+05 5.1541363025191879e+09 1.0919329447648263e+09 3.2317122214909229e+17 2.9091595865922597e-03 3.0000000000000000e+00 6.2857093980672765e+01
1.0783905221390596e+07 6.2355776313569643e-05 5.5181139507653265e+09 6.1636321701658960e+05 5.1541363025109673e+09 1.0919329447630823e+09 3.2756197915875930e+17 2.9222754378378448e-03 3.0000000000000000e+00 6.2857093980599672e+01
1.0832524106864840e+07 6.2355776313494318e-05 5.5181139507564449e+09 6.1636321701634186e+05 5.1541363025026693e+09 1.0919329447613268e+09 3.3201239106897421e+17 2.9354504214715595e-03 3.0000000000000000e+00 6.2857093980526187e+01
1.0881362189000798e+07 6.2355776313418451e-05 5.5181139507474861e+09 6.1636321701609134e+05 5.1541363024943037e+09 1.0919329447595515e+09 3.3652326837941888e+17 2.9486848040898503e-03 3.0000000000000000e+00 6.2857093980451701e+01
1.0930420456039481e+07 6.2355776313341798e-05 5.5181139507384481e+09 6.1636321701583941e+05 5.1541363024858608e+09 1.0919329447577662e+09 3.4109543260160691e+17 2.9619788534911030e-03 3.0000000000000000e+00 6.2857093980376895e+01
1.0979699900677348e+07 6.2355776313264481e-05 5.5181139507293129e+09 6.1636321701558353e+05 5.1541363024773312e+09 1.0919329447559531e+09 3.4572971640849568e+17 2.9753328386810658e-03 3.0000000000000000e+00 6.2857093980300931e+01
1.1029201520086404e+07 6.2355776313186500e-05 5.5181139507201185e+09 6.1636321701532695e+05 5.1541363024687395e+09 1.0919329447541349e+09 3.5042696378613107e+17 2.9887470298782877e-03 3.0000000000000000e+00 6.2857093980224818e+01
1.1078926315934369e+07 6.2355776313107746e-05 5.5181139507108259e+09 6.1636321701506758e+05 5.1541363024600611e+09 1.0919329447522969e+09 3.5518803018735258e+17 3.0022216985195922e-03 3.0000000000000000e+00 6.2857093980147745e+01
1.1128875294404950e+07 6.2355776313028328e-05 5.5181139507014551e+09 6.1636321701480588e+05 5.1541363024513083e+09 1.0919329447504423e+09 3.6001378268758618e+17 3.0157571172655662e-03 3.0000000000000000e+00 6.2857093980070061e+01
1.1179049466218196e+07 6.2355776312948138e-05 5.5181139506920061e+09 6.1636321701454278e+05 5.1541363024424801e+09 1.0919329447485778e+09 3.6490510014275450e+17 3.0293535600060752e-03 3.0000000000000000e+00 6.2857093979991951e+01
1.1229449846650964e+07 6.2355776312867284e-05 5.5181139506824589e+09 6.1636321701427572e+05 5.1541363024335632e+09 1.0919329447466855e+09 3.6986287334933248e+17 3.0430113018658127e-03 3.0000000000000000e+00 6.2857093979912676e+01
1.1280077455557443e+07 6.2355776312785752e-05 5.5181139506728334e+09 6.1636321701400680e+05 5.1541363024245749e+09 1.0919329447447798e+09 3.7488800520657690e+17 3.0567306192098584e-03 3.0000000000000000e+00 6.2857093979832683e+01
1.1330933317389809e+07 6.2355776312703339e-05 5.5181139506631098e+09 6.1636321701373509e+05 5.1541363024154911e+09 1.0919329447428544e+09 3.7998141088096064e+17 3.0705117896492797e-03 3.0000000000000000e+00 6.2857093979752101e+01
1.1382018461218942e+07 6.2355776312620275e-05 5.5181139506533070e+09 6.1636321701346128e+05 5.1541363024063358e+09 1.0919329447409141e+09 3.8514401797284109e+17 3.0843550920467396e-03 3.0000000000000000e+00 6.2857093979670793e+01
1.1433333920755258e+07 6.2355776312536412e-05 5.5181139506434269e+09 6.1636321701318631e+05 5.1541363023971043e+09 1.0919329447389655e+09 3.9037676668539251e+17 3.0982608065221479e-03 3.0000000000000000e+00 6.2857093979589131e+01
1.1484880734369624e+07 6.2355776312451899e-05 5.5181139506334286e+09 6.1636321701290552e+05 5.1541363023877716e+09 1.0919329447369759e+09 3.9568060999583437e+17 3.1122292144583250e-03 3.0000000000000000e+00 6.2857093979505699e+01
1.1536659945114363e+07 6.2355776312366504e-05 5.5181139506233711e+09 6.1636321701262589e+05 5.1541363023783741e+09 1.0919329447349942e+09 4.0105651382898432e+17 3.1262605985066952e-03 3.0000000000000000e+00 6.2857093979422707e+01
1.1588672600744370e+07 6.2355776312280432e-05 5.5181139506131973e+09 6.1636321701234044e+05 5.1541363023688717e+09 1.0919329447329714e+09 4.0650545723317235e+17 3.1403552425930087e-03 3.0000000000000000e+00 6.2857093979337861e+01
1.1640919753738308e+07 6.2355776312193493e-05 5.5181139506029434e+09 6.1636321701205452e+05 5.1541363023592958e+09 1.0919329447309453e+09 4.1202843255854112e+17 3.1545134319230866e-03 3.0000000000000000e+00 6.2857093979252980e+01
1.1693402461319903e+07 6.2355776312105754e-05 5.5181139505926123e+09 6.1636321701176744e+05 5.1541363023496428e+09 1.0919329447289109e+09 4.1762644563777146e+17 3.1687354529885874e-03 3.0000000000000000e+00 6.2857093979167722e+01
1.1746121785479344e+07 6.2355776312017256e-05 5.5181139505821629e+09 6.1636321701147500e+05 5.1541363023398829e+09 1.0919329447268388e+09 4.2330051596926342e+17 3.1830215935728140e-03 3.0000000000000000e+00 6.2857093979081029e+01
1.1799078792994764e+07 6.2355776311927985e-05 5.5181139505716362e+09 6.1636321701118164e+05 5.1541363023300514e+09 1.0919329447247598e+09 4.2905167690280301e+17 3.1973721427565253e-03 3.0000000000000000e+00 6.2857093978993788e+01
1.1852274555453833e+07 6.2355776311837929e-05 5.5181139505609903e+09 6.1636321701088315e+05 5.1541363023201103e+09 1.0919329447226446e+09 4.3488097582775584e+17 3.2117873909237940e-03 3.0000000000000000e+00 6.2857093978905120e+01
1.1905710149275439e+07 6.2355776311746991e-05 5.5181139505502672e+09 6.1636321701058396e+05 5.1541363023100920e+09 1.0919329447205245e+09 4.4078947436381453e+17 3.2262676297678799e-03 3.0000000000000000e+00 6.2857093978816366e+01
1.1959386655731468e+07 6.2355776311655268e-05 5.5181139505394459e+09 6.1636321701028198e+05 5.1541363022999849e+09 1.0919329447183845e+09 4.4677824855433869e+17 3.2408131522971314e-03 3.0000000000000000e+00 6.2857093978726617e+01
1.2013305160968687e+07 6.2355776311562785e-05 5.5181139505285263e+09 6.1636321700997651e+05 5.1541363022897863e+09 1.0919329447162199e+09 4.5284838906232109e+17 3.2554242528409164e-03 3.0000000000000000e+00 6.2857093978635923e+01
1.2067466756030720e+07 6.2355776311469408e-05 5.5181139505175085e+09 6.1636321700966894e+05 5.1541363022794971e+09 1.0919329447140405e+09 4.5900100136901875e+17 3.2701012270555762e-03 3.0000000000000000e+00 6.2857093978544533e+01
1.2121872536880122e+07 6.2355776311375150e-05 5.5181139505063925e+09 6.1636321700935881e+05 5.1541363022691116e+09 1.0919329447118428e+09 4.6523720597527846e+17 3.2848443719304104e-03 3.0000000000000000e+00 6.2857093978452454e+01
1.2176523604420567e+07 6.2355776311279998e-05 5.5181139504951792e+09 6.1636321700904658e+05 5.1541363022586365e+09 1.0919329447096303e+09 4.7155813860560192e+17 3.2996539857936837e-03 3.0000000000000000e+00 6.2857093978359771e+01
1.2231421064519111e+07 6.2355776311184073e-05 5.5181139504838476e+09 6.1636321700872923e+05 5.1541363022480545e+09 1.0919329447073815e+09 4.7796495041498086e+17 3.3145303683186659e-03 3.0000000000000000e+00 6.2857093978265596e+01
1.2286566028028578e+07 6.2355776311087268e-05 5.5181139504724188e+09 6.1636321700840979e+05 5.1541363022373810e+09 1.0919329447051177e+09 4.8445880819854419e+17 3.3294738205296918e-03 3.0000000000000000e+00 6.2857093978170667e+01
1.2341959610810032e+07 6.2355776310989567e-05 5.5181139504609108e+09 6.1636321700808965e+05 5.1541363022266283e+09 1.0919329447028491e+09 4.9104089460404685e+17 3.3444846448082558e-03 3.0000000000000000e+00 6.2857093978075596e+01
1.2397602933755370e+07 6.2355776310890986e-05 5.5181139504492655e+09 6.1636321700776368e+05 5.1541363022157536e+09 1.0919329447005394e+09 4.9771240834726099e+17 3.3595631448991308e-03 3.0000000000000000e+00 6.2857093977978813e+01
1.2453497122809980e+07 6.2355776310791524e-05 5.5181139504375429e+09 6.1636321700743726e+05 5.1541363022048025e+09 1.0919329446982262e+09 5.0447456443027290e+17 3.3747096259165092e-03 3.0000000000000000e+00 6.2857093977881810e+01
1.2509643308995550e+07 6.2355776310691168e-05 5.5181139504257011e+09 6.1636321700710640e+05 5.1541363021937418e+09 1.0919329446958816e+09 5.1132859436276467e+17 3.3899243943501839e-03 3.0000000000000000e+00 6.2857093977783649e+01
1.2566042628432937e+07 6.2355776310589931e-05 5.5181139504137430e+09 6.1636321700677159e+05 5.1541363021825733e+09 1.0919329446935089e+09 5.1827574638629101e+17 3.4052077580717472e-03 3.0000000000000000e+00 6.2857093977684194e+01
1.2622696222365163e+07 6.2355776310487799e-05 5.5181139504016867e+09 6.1636321700643469e+05 5.1541363021713152e+09 1.0919329446911216e+09 5.2531728570160582e+17 3.4205600263408193e-03 3.0000000000000000e+00 6.2857093977584078e+01
1.2679605237180505e+07 6.2355776310384678e-05 5.5181139503895321e+09 6.1636321700609592e+05 5.1541363021599579e+09 1.0919329446887209e+09 5.3245449469907725e+17 3.4359815098113067e-03 3.0000000000000000e+00 6.2857093977483565e+01
1.2736770824435696e+07 6.2355776310280662e-05 5.5181139503772402e+09 6.1636321700575156e+05 5.1541363021484814e+09 1.0919329446862807e+09 5.3968867319223680e+17 3.4514725205376895e-03 3.0000000000000000e+00 6.2857093977381211e+01
1.2794194140879225e+07 6.2355776310175657e-05 5.5181139503648691e+09 6.1636321700540720e+05 5.1541363021369209e+09 1.0919329446838405e+09 5.4702113865449882e+17 3.4670333719813364e-03 3.0000000000000000e+00 6.2857093977279007e+01
1.2851876348474747e+07 6.2355776310069771e-05 5.5181139503523617e+09 6.1636321700505726e+05 5.1541363021252432e+09 1.0919329446813607e+09 5.5445322645909069e+17 3.4826643790168460e-03 3.0000000000000000e+00 6.2857093977175012e+01
1.2909818614424583e+07 6.2355776309962882e-05 5.5181139503397560e+09 6.1636321700470545e+05 5.1541363021134663e+09 1.0919329446788676e+09 5.6198629012225434e+17 3.4983658579384172e-03 3.0000000000000000e+00 6.2857093977070619e+01
1.2968022111193359e+07 6.2355776309854991e-05 5.5181139503270330e+09 6.1636321700435085e+05 5.1541363021015835e+09 1.0919329446763549e+09 5.6962170154974029e+17 3.5141381264662524e-03 3.0000000000000000e+00 6.2857093976965302e+01
1.3026488016531711e+07 6.2355776309746110e-05 5.5181139503141928e+09 6.1636321700399253e+05 5.1541363020895863e+09 1.0919329446738157e+09 5.7736085128666522e+17 3.5299815037529857e-03 3.0000000000000000e+00 6.2857093976858977e+01
1.3085217513500132e+07 6.2355776309636334e-05 5.5181139503012342e+09 6.1636321700363024e+05 5.1541363020774841e+09 1.0919329446712484e+09 5.8520514877074202e+17 3.5458963103901374e-03 3.0000000000000000e+00 6.2857093976751386e+01
1.3144211790492896e+07 6.2355776309525569e-05 5.5181139502881575e+09 6.1636321700326493e+05 5.1541363020652742e+09 1.0919329446686597e+09 5.9315602258897472e+17 3.5618828684146086e-03 3.0000000000000000e+00 6.2857093976642787e+01
1.3203472041262126e+07 6.2355776309413707e-05 5.5181139502749643e+09 6.1636321700289682e+05 5.1541363020529490e+09 1.0919329446660514e+09 6.0121492073782528e+17 3.5779415013151902e-03 3.0000000000000000e+00 6.2857093976533520e+01
1.3262999464941924e+07 6.2355776309300936e-05 5.5181139502616529e+09 6.1636321700252476e+05 5.1541363020405159e+09 1.0919329446634147e+09 6.0938331088692045e+17 3.5940725340391140e-03 3.0000000000000000e+00 6.2857093976423052e+01
1.3322795266072661e+07 6.2355776309187068e-05 5.5181139502482243e+09 6.1636321700215014e+05 5.1541363020279722e+09 1.0919329446607599e+09 6.1766268064633843e+17 3.6102762929986205e-03 3.0000000000000000e+00 6.2857093976311802e+01
1.3382860654625332e+07 6.2355776309072210e-05 5.5181139502346773e+09 6.1636321700177225e+05 5.1541363020153179e+09 1.0919329446580822e+09 6.2605453783753293e+17 3.6265531060775775e-03 3.0000000000000000e+00 6.2857093976199607e+01
1.3443196846026048e+07 6.2355776308956350e-05 5.5181139502209940e+09 6.1636321700138925e+05 5.1541363020025387e+09 1.0919329446553681e+09 6.3456041076793485e+17 3.6429033026381006e-03 3.0000000000000000e+00 6.2857093976085878e+01
1.3503805061180633e+07 6.2355776308839378e-05 5.5181139502071924e+09 6.1636321700100391e+05 5.1541363019896488e+09 1.0919329446526375e+09 6.4318184850927680e+17 3.6593272135272245e-03 3.0000000000000000e+00 6.2857093975971416e+01
1.3564686526499316e+07 6.2355776308721417e-05 5.5181139501932735e+09 6.1636321700061508e+05 5.1541363019766464e+09 1.0919329446498821e+09 6.5192042117971763e+17 3.6758251710835980e-03 3.0000000000000000e+00 6.2857093975855939e+01
1.3625842473921569e+07 6.2355776308602344e-05 5.5181139501792173e+09 6.1636321700022230e+05 5.1541363019635191e+09 1.0919329446470988e+09 6.6077772022977869e+17 3.6923975091442073e-03 3.0000000000000000e+00 6.2857093975739268e+01
1.3687274140941011e+07 6.2355776308482160e-05 5.5181139501650429e+09 6.1636321699982672e+05 5.1541363019502773e+09 1.0919329446442957e+09 6.6975535873218726e+17 3.7090445630511329e-03 3.0000000000000000e+00 6.2857093975621893e+01
1.3748982770630470e+07 6.2355776308360973e-05 5.5181139501507511e+09 6.1636321699942811e+05 5.1541363019369268e+09 1.0919329446414709e+09 6.7885497167563110e+17 3.7257666696583328e-03 3.0000000000000000e+00 6.2857093975503474e+01
1.3810969611667121e+07 6.2355776308238689e-05 5.5181139501363029e+09 6.1636321699902345e+05 5.1541363019234362e+09 1.0919329446386034e+09 6.8807821626253632e+17 3.7425641673384611e-03 3.0000000000000000e+00 6.2857093975383265e+01
1.3873235918357763e+07 6.2355776308115185e-05 5.5181139501217375e+09 6.1636321699861716e+05 5.1541363019098301e+09 1.0919329446357243e+09 6.9742677221085734e+17 3.7594373959897133e-03 3.0000000000000000e+00 6.2857093975262664e+01
1.3935782950664194e+07 6.2355776307990691e-05 5.5181139501070538e+09 6.1636321699820762e+05 5.1541363018961143e+09 1.0919329446328223e+09 7.0690234205999360e+17 3.7763866970427031e-03 3.0000000000000000e+00 6.2857093975140970e+01
1.3998611974228714e+07 6.2355776307864965e-05 5.5181139500922127e+09 6.1636321699779271e+05 5.1541363018822536e+09 1.0919329446298819e+09 7.1650665148085043e+17 3.7934124134673779e-03 3.0000000000000000e+00 6.2857093975017825e+01
1.4061724260399722e+07 6.2355776307738140e-05 5.5181139500772552e+09 6.1636321699737548e+05 5.1541363018682814e+09 1.0919329446269252e+09 7.2624144959011251e+17 3.8105148897799486e-03 3.0000000000000000e+00 6.2857093974893978e+01
1.4125121086257452e+07 6.2355776307610204e-05 5.5181139500621595e+09 6.1636321699695382e+05 5.1541363018541813e+09 1.0919329446239374e+09 7.3610850926878950e+17 3.8276944720498684e-03 3.0000000000000000e+00 6.2857093974768780e+01
1.4188803734639822e+07 6.2355776307481171e-05 5.5181139500469275e+09 6.1636321699652798e+05 5.1541363018399544e+09 1.0919329446209197e+09 7.4610962748509594e+17 3.8449515079068356e-03 3.0000000000000000e+00 6.2857093974642240e+01
1.4252773494168367e+07 6.2355776307350795e-05 5.5181139500315571e+09 6.1636321699609980e+05 5.1541363018255978e+09 1.0919329446178856e+09 7.5624662562169958e+17 3.8622863465478203e-03 3.0000000000000000e+00 6.2857093974515095e+01
1.4317031659274345e+07 6.2355776307219417e-05 5.5181139500160503e+09 6.1636321699566627e+05 5.1541363018111124e+09 1.0919329446148133e+09 7.6652134980743744e+17 3.8796993387441403e-03 3.0000000000000000e+00 6.2857093974386359e+01
1.4381579530224906e+07 6.2355776307086724e-05 5.5181139500003862e+09 6.1636321699522831e+05 5.1541363017964821e+09 1.0919329446117098e+09 7.7693567125352602e+17 3.8971908368485545e-03 3.0000000000000000e+00 6.2857093974256372e+01
1.4446418413149416e+07 6.2355776306952920e-05 5.5181139499846048e+09 6.1636321699478803e+05 5.1541363017817411e+09 1.0919329446085899e+09 7.8749148659434240e+17 3.9147611948023905e-03 3.0000000000000000e+00 6.2857093974125554e+01
1.4511549620065881e+07 6.2355776306817896e-05 5.5181139499686670e+09 6.1636321699434263e+05 5.1541363017668562e+09 1.0919329446054337e+09 7.9819071823283366e+17 3.9324107681427082e-03 3.0000000000000000e+00 6.2857093973993308e+01
1.4576974468907498e+07 6.2355776306681544e-05 5.5181139499525919e+09 6.1636321699389466e+05 5.1541363017518396e+09 1.0919329446022592e+09 8.0903531469062144e+17 3.9501399140094958e-03 3.0000000000000000e+00 6.2857093973860344e+01
1.4642694283549324e+07 6.2355776306544081e-05 5.5181139499363594e+09 6.1636321699344064e+05 5.1541363017366810e+09 1.0919329445990419e+09 8.2002725096286310e+17 3.9679489911528983e-03 3.0000000000000000e+00 6.2857093973725434e+01
1.4708710393835062e+07 6.2355776306405290e-05 5.5181139499199896e+09 6.1636321699298383e+05 5.1541363017213879e+09 1.0919329445958047e+09 8.3116852887793869e+17 3.9858383599404709e-03 3.0000000000000000e+00 6.2857093973589841e+01
1.4775024135603974e+07 6.2355776306265278e-05 5.5181139499034824e+09 6.1636321699252375e+05 5.1541363017059679e+09 1.0919329445925446e+09 8.4246117746200730e+17 4.0038083823644727e-03 3.0000000000000000e+00 6.2857093973453217e+01
1.4841636850717906e+07 6.2355776306124061e-05 5.5181139498867998e+09 6.1636321699205646e+05 5.1541363016903887e+09 1.0919329445892334e+09 8.5390725330854451e+17 4.0218594220491977e-03 3.0000000000000000e+00 6.2857093973314413e+01
1.4908549887088448e+07 6.2355776305981502e-05 5.5181139498699989e+09 6.1636321699158871e+05 5.1541363016746931e+09 1.0919329445859187e+09 8.6550884095287296e+17 4.0399918442583244e-03 3.0000000000000000e+00 6.2857093973175509e+01
1.4975764598704204e+07 6.2355776305837723e-05 5.5181139498530216e+09 6.1636321699111373e+05 5.1541363016588364e+09 1.0919329445825527e+09 8.7726805325179674e+17 4.0582060159023116e-03 3.0000000000000000e+00 6.2857093973034431e+01
1.5043282345658194e+07 6.2355776305692630e-05 5.5181139498358870e+09 6.1636321699063433e+05 5.1541363016428356e+09 1.0919329445791557e+09 8.8918703176839245e+17 4.0765023055458231e-03 3.0000000000000000e+00 6.2857093972892052e+01
1.5111104494175369e+07 6.2355776305546086e-05 5.5181139498186159e+09 6.1636321699015331e+05 5.1541363016267004e+09 1.0919329445757470e+09 9.0126794716202829e+17 4.0948810834151844e-03 3.0000000000000000e+00 6.2857093972749347e+01
1.5179232416640263e+07 6.2355776305398323e-05 5.5181139498011875e+09 6.1636321698966715e+05 5.1541363016104212e+09 1.0919329445723019e+09 9.1351299958366976e+17 4.1133427214058689e-03 3.0000000000000000e+00 6.2857093972604922e+01
1.5247667491624761e+07 6.2355776305249232e-05 5.5181139497835827e+09 6.1636321698917472e+05 5.1541363015939789e+09 1.0919329445688124e+09 9.2592441907658061e+17 4.1318875930900388e-03 3.0000000000000000e+00 6.2857093972458664e+01
1.5316411103915993e+07 6.2355776305098812e-05 5.5181139497658415e+09 6.1636321698867972e+05 5.1541363015774069e+09 1.0919329445653048e+09 9.3850446598244736e+17 4.1505160737240867e-03 3.0000000000000000e+00 6.2857093972311652e+01
1.5385464644544359e+07 6.2355776304947051e-05 5.5181139497479229e+09 6.1636321698817867e+05 5.1541363015606737e+09 1.0919329445617540e+09 9.5125543135301606e+17 4.1692285402562387e-03 3.0000000000000000e+00 6.2857093972162822e+01
1.5454829510811673e+07 6.2355776304793867e-05 5.5181139497298479e+09 6.1636321698767366e+05 5.1541363015437889e+09 1.0919329445581753e+09 9.6417963736735757e+17 4.1880253713341767e-03 3.0000000000000000e+00 6.2857093972012912e+01
1.5524507106319441e+07 6.2355776304639233e-05 5.5181139497116156e+09 6.1636321698716562e+05 5.1541363015267582e+09 1.0919329445545752e+09 9.7727943775476160e+17 4.2069069473127090e-03 3.0000000000000000e+00 6.2857093971862014e+01
1.5594498840997253e+07 6.2355776304483284e-05 5.5181139496932068e+09 6.1636321698665107e+05 5.1541363015095654e+09 1.0919329445509291e+09 9.9055721822338957e+17 4.2258736502614573e-03 3.0000000000000000e+00 6.2857093971709240e+01
1.5664806131131329e+07 6.2355776304325993e-05 5.5181139496746416e+09 6.1636321698613209e+05 5.1541363014922247e+09 1.0919329445472515e+09 1.0040153968947739e+18 4.2449258639725923e-03 3.0000000000000000e+00 6.2857093971555059e+01
1.5735430399393167e+07 6.2355776304167158e-05 5.5181139496559000e+09 6.1636321698560868e+05 5.1541363014747190e+09 1.0919329445435424e+09 1.0176564247441819e+18 4.2640639739686004e-03 3.0000000000000000e+00 6.2857093971399713e+01
1.5806373074868333e+07 6.2355776304006980e-05 5.5181139496370020e+09 6.1636321698508109e+05 5.1541363014570684e+09 1.0919329445398037e+09 1.0314827860469914e+18 4.2832883675100802e-03 3.0000000000000000e+00 6.2857093971242996e+01
1.5877635593085377e+07 6.2355776303845271e-05 5.5181139496179266e+09 6.1636321698454884e+05 5.1541363014392500e+09 1.0919329445360320e+09 1.0454969988311201e+18 4.3025994336035852e-03 3.0000000000000000e+00 6.2857093971084907e+01
1.5949219396044882e+07 6.2355776303682113e-05 5.5181139495986757e+09 6.1636321698401123e+05 5.1541363014212694e+09 1.0919329445322223e+09 1.0597016153355968e+18 4.3219975630094916e-03 3.0000000000000000e+00 6.2857093970925312e+01
1.6021125932248650e+07 6.2355776303517504e-05 5.5181139495792475e+09 6.1636321698346827e+05 5.1541363014031219e+09 1.0919329445283747e+09 1.0740992224753932e+18 4.3414831482499073e-03 3.0000000000000000e+00 6.2857093970764105e+01
1.6093356656728998e+07 6.2355776303351472e-05 5.5181139495596628e+09 6.1636321698292182e+05 5.1541363013848286e+09 1.0919329445245025e+09 1.0886924423125103e+18 4.3610565836166093e-03 3.0000000000000000e+00 6.2857093970601731e+01
1.6165913031078247e+07 6.2355776303183773e-05 5.5181139495398827e+09 6.1636321698237001e+05 5.1541363013663530e+09 1.0919329445205922e+09 1.1034839325335434e+18 4.3807182651790389e-03 3.0000000000000000e+00 6.2857093970437930e+01
1.6238796523478162e+07 6.2355776303014745e-05 5.5181139495199251e+09 6.1636321698181168e+05 5.1541363013477125e+09 1.0919329445166357e+09 1.1184763869336544e+18 4.4004685907922773e-03 3.0000000000000000e+00 6.2857093970272146e+01
1.6312008608729847e+07 6.2355776302844051e-05 5.5181139494997911e+09 6.1636321698125009e+05 5.1541363013289080e+09 1.0919329445126562e+09 1.1336725359071891e+18 4.4203079601051430e-03 3.0000000000000000e+00 6.2857093970105353e+01
1.6385550768283477e+07 6.2355776302671921e-05 5.5181139494794817e+09 6.1636321698068292e+05 5.1541363013099375e+09 1.0919329445086370e+09 1.1490751469449279e+18 4.4402367745682578e-03 3.0000000000000000e+00 6.2857093969936912e+01
1.6459424490268294e+07 6.2355776302498123e-05 5.5181139494589758e+09 6.1636321698011039e+05 5.1541363012907839e+09 1.0919329445045798e+09 1.1646870251380787e+18 4.4602554374421656e-03 3.0000000000000000e+00 6.2857093969766886e+01
1.6533631269522715e+07 6.2355776302322781e-05 5.5181139494382925e+09 6.1636321697953297e+05 5.1541363012714624e+09 1.0919329445004880e+09 1.1805110136891551e+18 4.4803643538054976e-03 3.0000000000000000e+00 6.2857093969595560e+01
1.6608172607624596e+07 6.2355776302145893e-05 5.5181139494174147e+09 6.1636321697894973e+05 5.1541363012519636e+09 1.0919329444963551e+09 1.1965499944297482e+18 4.5005639305631673e-03 3.0000000000000000e+00 6.2857093969422280e+01
1.6683050012921605e+07 6.2355776301967447e-05 5.5181139493963594e+09 6.1636321697836183e+05 5.1541363012322979e+09 1.0919329444921889e+09 1.2128068883453962e+18 4.5208545764546101e-03 3.0000000000000000e+00 6.2857093969247636e+01
1.6758265000561746e+07 6.2355776301787347e-05 5.5181139493751078e+09 6.1636321697776834e+05 5.1541363012124491e+09 1.0919329444879835e+09 1.2292846561075077e+18 4.5412367020620445e-03 3.0000000000000000e+00 6.2857093969071364e+01
1.6833819092524018e+07 6.2355776301605581e-05 5.5181139493536615e+09 6.1636321697716927e+05 5.1541363011924152e+09 1.0919329444837382e+09 1.2459862986125919e+18 4.5617107198187923e-03 3.0000000000000000e+00 6.2857093968893537e+01
1.6909713817649212e+07 6.2355776301422256e-05 5.5181139493320379e+09 6.1636321697656601e+05 5.1541363011722183e+09 1.0919329444794633e+09 1.2629148575287427e+18 4.5822770440176125e-03 3.0000000000000000e+00 6.2857093968714359e+01
1.6985950711670849e+07 6.2355776301237169e-05 5.5181139493101988e+09 6.1636321697595599e+05 5.1541363011518183e+09 1.0919329444751406e+09 1.2800734158495982e+18 4.6029360908190877e-03 3.0000000000000000e+00 6.2857093968533306e+01
1.7062531317246258e+07 6.2355776301050524e-05 5.5181139492881632e+09 6.1636321697533992e+05 5.1541363011312380e+09 1.0919329444707749e+09 1.2974650984558085e+18 4.6236882782600512e-03 3.0000000000000000e+00 6.2857093968350235e+01
1.7139457183987781e+07 6.2355776300862116e-05 5.5181139492659321e+09 6.1636321697471919e+05 5.1541363011104746e+09 1.0919329444663763e+09 1.3150930726841252e+18 4.6445340262620417e-03 3.0000000000000000e+00 6.2857093968165977e+01
1.7216729868494146e+07 6.2355776300672042e-05 5.5181139492435045e+09 6.1636321697409288e+05 5.1541363010895262e+09 1.0919329444619379e+09 1.3329605489042381e+18 4.6654737566397984e-03 3.0000000000000000e+00 6.2857093967979914e+01
1.7294350934381943e+07 6.2355776300480193e-05 5.5181139492208815e+09 6.1636321697346191e+05 5.1541363010683918e+09 1.0919329444574666e+09 1.3510707811034383e+18 4.6865078931097991e-03 3.0000000000000000e+00 6.2857093967792650e+01
1.7372321952317290e+07 6.2355776300286690e-05 5.5181139491980419e+09 6.1636321697282372e+05 5.1541363010470610e+09 1.0919329444529445e+09 1.3694270674792174e+18 4.7076368612988312e-03 3.0000000000000000e+00 6.2857093967603092e+01
1.7450644500047594e+07 6.2355776300091398e-05 5.5181139491749878e+09 6.1636321697217925e+05 5.1541363010255299e+09 1.0919329444483774e+09 1.3880327510399478e+18 4.7288610887526103e-03 3.0000000000000000e+00 6.2857093967411629e+01
1.7529320162433483e+07 6.2355776299894235e-05 5.5181139491517372e+09 6.1636321697153081e+05 5.1541363010038109e+09 1.0919329444437823e+09 1.4068912202136927e+18 4.7501810049444260e-03 3.0000000000000000e+00 6.2857093967219157e+01
1.7608350531480890e+07 6.2355776299695420e-05 5.5181139491282902e+09 6.1636321697087679e+05 5.1541363009819078e+09 1.0919329444391479e+09 1.4260059094652995e+18 4.7715970412838390e-03 3.0000000000000000e+00 6.2857093967024973e+01
1.7687737206373237e+07 6.2355776299494815e-05 5.5181139491046085e+09 6.1636321697021485e+05 5.1541363009597921e+09 1.0919329444344571e+09 1.4453802999218711e+18 4.7931096311253935e-03 3.0000000000000000e+00 6.2857093966828295e+01
1.7767481793503828e+07 6.2355776299292341e-05 5.5181139490807304e+09 6.1636321696954872e+05 5.1541363009374857e+09 1.0919329444297369e+09 1.4650179200067689e+18 4.8147192097774145e-03 3.0000000000000000e+00 6.2857093966630572e+01
1.7847585906508327e+07 6.2355776299088077e-05 5.5181139490566168e+09 6.1636321696887445e+05 5.1541363009149637e+09 1.0919329444249585e+09 1.4849223460821486e+18 4.8364262145107863e-03 3.0000000000000000e+00 6.2857093966430369e+01
1.7928051166297432e+07 6.2355776298881943e-05 5.5181139490322886e+09 6.1636321696819481e+05 5.1541363008922415e+09 1.0919329444201427e+09 1.5050972031003512e+18 4.8582310845678243e-03 3.0000000000000000e+00 6.2857093966228490e+01
1.8008879201089658e+07 6.2355776298673925e-05 5.5181139490077629e+09 6.1636321696751122e+05 5.1541363008693314e+09 1.0919329444152985e+09 1.5255461652640108e+18 4.8801342611711502e-03 3.0000000000000000e+00 6.2857093966025509e+01
1.8090071646444291e+07 6.2355776298464132e-05 5.5181139489829836e+09 6.1636321696681762e+05 5.1541363008461905e+09 1.0919329444103832e+09 1.5462729566952182e+18 4.9021361875326202e-03 3.0000000000000000e+00 6.2857093965819502e+01
1.8171630145294484e+07 6.2355776298252347e-05 5.5181139489580078e+09 6.1636321696612099e+05 5.1541363008228598e+09 1.0919329444054468e+09 1.5672813521137562e+18 4.9242373088623035e-03 3.0000000000000000e+00 6.2857093965612677e+01
1.8253556347980499e+07 6.2355776298038691e-05 5.5181139489327965e+09 6.1636321696541691e+05 5.1541363007993116e+09 1.0919329444004576e+09 1.5885751775245233e+18 4.9464380723774799e-03 3.0000000000000000e+00 6.2857093965403585e+01
1.8335851912283104e+07 6.2355776297823030e-05 5.5181139489073505e+09 6.1636321696470631e+05 5.1541363007755432e+09 1.0919329443954220e+09 1.6101583109143391e+18 4.9687389273116930e-03 3.0000000000000000e+00 6.2857093965192611e+01
1.8418518503457118e+07 6.2355776297605485e-05 5.5181139488816881e+09 6.1636321696399013e+05 5.1541363007515736e+09 1.0919329443903470e+09 1.6320346829581745e+18 4.9911403249238429e-03 3.0000000000000000e+00 6.2857093964979875e+01
1.8501557794265106e+07 6.2355776297385947e-05 5.5181139488557711e+09 6.1636321696326556e+05 5.1541363007273674e+09 1.0919329443852124e+09 1.6542082777350213e+18 5.0136427185073157e-03 3.0000000000000000e+00 6.2857093964764751e+01
1.8584971465011232e+07 6.2355776297164404e-05 5.5181139488296385e+09 6.1636321696253633e+05 5.1541363007029581e+09 1.0919329443800449e+09 1.6766831334534477e+18 5.0362465633991575e-03 3.0000000000000000e+00 6.2857093964548206e+01
1.8668761203575253e+07 6.2355776296940882e-05 5.5181139488032713e+09 6.1636321696180035e+05 5.1541363006783276e+09 1.0919329443748295e+09 1.6994633431870300e+18 5.0589523169892823e-03 3.0000000000000000e+00 6.2857093964329692e+01
1.8752928705446675e+07 6.2355776296715368e-05 5.5181139487766676e+09 6.1636321696105786e+05 5.1541363006534786e+09 1.0919329443695681e+09 1.7225530556197765e+18 5.0817604387297351e-03 3.0000000000000000e+00 6.2857093964109161e+01
1.8837475673759073e+07 6.2355776296487848e-05 5.5181139487498102e+09 6.1636321696030698e+05 5.1541363006283941e+09 1.0919329443642471e+09 1.7459564758016837e+18 5.1046713901439856e-03 3.0000000000000000e+00 6.2857093963886200e+01
1.8922403819324531e+07 6.2355776296258228e-05 5.5181139487227173e+09 6.1636321695955074e+05 5.1541363006030903e+09 1.0919329443588881e+09 1.7696778659145398e+18 5.1276856348362616e-03 3.0000000000000000e+00 6.2857093963661519e+01
1.9007714860668283e+07 6.2355776296026507e-05 5.5181139486953688e+09 6.1636321695878636e+05 5.1541363005775442e+09 1.0919329443534715e+09 1.7937215460481487e+18 5.1508036385009438e-03 3.0000000000000000e+00 6.2857093963434586e+01
1.9093410524063475e+07 6.2355776295792685e-05 5.5181139486677856e+09 6.1636321695801662e+05 5.1541363005517817e+09 1.0919329443480167e+09 1.8180918949871045e+18 5.1740258689319772e-03 3.0000000000000000e+00 6.2857093963206026e+01
1.9179492543566100e+07 6.2355776295556749e-05 5.5181139486399479e+09 6.1636321695723920e+05 5.1541363005257778e+09 1.0919329443425078e+09 1.8427933510082278e+18 5.1973527960323378e-03 3.0000000000000000e+00 6.2857093962975242e+01
1.9265962661050081e+07 6.2355776295318713e-05 5.5181139486118746e+09 6.1636321695645619e+05 5.1541363004995556e+09 1.0919329443369591e+09 1.8678304126888796e+18 5.2207848918235447e-03 3.0000000000000000e+00 6.2857093962742653e+01
1.9352822626242533e+07 6.2355776295078575e-05 5.5181139485835266e+09 6.1636321695566364e+05 5.1541363004730787e+09 1.0919329443313429e+09 1.8932076397262090e+18 5.2443226304552150e-03 3.0000000000000000e+00 6.2857093962507292e+01
1.9440074196759149e+07 6.2355776294836215e-05 5.5181139485549240e+09 6.1636321695486456e+05 5.1541363004463644e+09 1.0919329443256805e+09 1.9189296537675622e+18 5.2679664882146482e-03 3.0000000000000000e+00 6.2857093962269964e+01
1.9527719138139781e+07 6.2355776294591647e-05 5.5181139485260668e+09 6.1636321695405873e+05 5.1541363004194107e+09 1.0919329443199701e+09 1.9450011392521946e+18 5.2917169435364748e-03 3.0000000000000000e+00 6.2857093962030639e+01
1.9615759223884154e+07 6.2355776294344855e-05 5.5181139484969540e+09 6.1636321695324616e+05 5.1541363003922167e+09 1.0919329443142118e+09 1.9714268442643410e+18 5.3155744770123263e-03 3.0000000000000000e+00 6.2857093961789481e+01
1.9704196235487770e+07 6.2355776294095854e-05 5.5181139484675865e+09 6.1636321695242706e+05 5.1541363003647852e+09 1.0919329443084075e+09 1.9982115813979658e+18 5.3395395714005717e-03 3.0000000000000000e+00 6.2857093961546191e+01
1.9793031962477930e+07 6.2355776293844631e-05 5.5181139484379253e+09 6.1636321695159748e+05 5.1541363003370838e+09 1.0919329443025289e+09 2.0253602286332086e+18 5.3636127116360750e-03 3.0000000000000000e+00 6.2857093961299896e+01
1.9882268202449974e+07 6.2355776293591091e-05 5.5181139484080296e+09 6.1636321695076395e+05 5.1541363003091564e+09 1.0919329442966223e+09 2.0528777302247549e+18 5.3877943848400162e-03 3.0000000000000000e+00 6.2857093961052314e+01
1.9971906761103638e+07 6.2355776293335341e-05 5.5181139483778381e+09 6.1636321694991994e+05 5.1541363002809591e+09 1.0919329442906415e+09 2.0807690976022694e+18 5.4120850803297494e-03 3.0000000000000000e+00 6.2857093960801620e+01
2.0061949452279586e+07 6.2355776293077247e-05 5.5181139483473930e+09 6.1636321694907011e+05 5.1541363002525196e+09 1.0919329442846191e+09 2.1090394102830687e+18 5.4364852896286878e-03 3.0000000000000000e+00 6.2857093960549264e+01
2.0152398097996142e+07 6.2355776292816726e-05 5.5181139483166533e+09 6.1636321694821189e+05 5.1541363002238092e+09 1.0919329442785378e+09 2.1376938167972122e+18 5.4609955064762791e-03 3.0000000000000000e+00 6.2857093960294470e+01
2.0243254528486129e+07 6.2355776292553997e-05 5.5181139482856398e+09 6.1636321694734483e+05 5.1541363001948414e+09 1.0919329442723935e+09 2.1667375356250737e+18 5.4856162268379603e-03 3.0000000000000000e+00 6.2857093960036998e+01
2.0334520582233917e+07 6.2355776292288815e-05 5.5181139482543516e+09 6.1636321694647125e+05 5.1541363001656170e+09 1.0919329442662029e+09 2.1961758561478170e+18 5.5103479489152264e-03 3.0000000000000000e+00 6.2857093959777536e+01
2.0426198106012616e+07 6.2355776292021206e-05 5.5181139482227879e+09 6.1636321694559068e+05 5.1541363001361351e+09 1.0919329442599630e+09 2.2260141396106332e+18 5.5351911731556921e-03 3.0000000000000000e+00 6.2857093959516071e+01
2.0518288954921469e+07 6.2355776291751267e-05 5.5181139481909313e+09 6.1636321694470081e+05 5.1541363001063805e+09 1.0919329442536571e+09 2.2562578200990897e+18 5.5601464022632238e-03 3.0000000000000000e+00 6.2857093959251692e+01
2.0610794992423363e+07 6.2355776291478780e-05 5.5181139481587801e+09 6.1636321694380278e+05 5.1541363000763493e+09 1.0919329442472932e+09 2.2869124055288504e+18 5.5852141412081144e-03 3.0000000000000000e+00 6.2857093958985203e+01
2.0703718090382539e+07 6.2355776291203867e-05 5.5181139481263552e+09 6.1636321694289823e+05 5.1541363000460615e+09 1.0919329442408834e+09 2.3179834786487060e+18 5.6103948972372952e-03 3.0000000000000000e+00 6.2857093958716511e+01
2.0797060129102495e+07 6.2355776290926501e-05 5.5181139480936155e+09 6.1636321694198321e+05 5.1541363000154839e+09 1.0919329442343993e+09 2.3494766980573030e+18 5.6356891798846048e-03 3.0000000000000000e+00 6.2857093958444828e+01
2.0890822997364003e+07 6.2355776290646601e-05 5.5181139480606022e+09 6.1636321694106213e+05 5.1541362999846449e+09 1.0919329442278724e+09 2.3813977992337132e+18 5.6610975009811024e-03 3.0000000000000000e+00 6.2857093958171284e+01
2.0985008592463344e+07 6.2355776290364261e-05 5.5181139480272751e+09 6.1636321694013057e+05 5.1541362999535179e+09 1.0919329442212710e+09 2.4137525955819039e+18 5.6866203746654149e-03 3.0000000000000000e+00 6.2857093957894598e+01
2.1079618820250701e+07 6.2355776290079251e-05 5.5181139479936533e+09 6.1636321693919203e+05 5.1541362999221125e+09 1.0919329442146204e+09 2.4465469794895293e+18 5.7122583173941496e-03 3.0000000000000000e+00 6.2857093957615952e+01
2.1174655595168717e+07 6.2355776289791707e-05 5.5181139479597187e+09 6.1636321693824418e+05 5.1541362998904190e+09 1.0919329442079034e+09 2.4797869234009815e+18 5.7380118479523423e-03 3.0000000000000000e+00 6.2857093957334477e+01
2.1270120840291239e+07 6.2355776289501616e-05 5.5181139479254894e+09 6.1636321693728818e+05 5.1541362998584461e+09 1.0919329442011290e+09 2.5134784809051182e+18 5.7638814874639505e-03 3.0000000000000000e+00 6.2857093957050559e+01
2.1366016487362228e+07 6.2355776289208854e-05 5.5181139478909464e+09 6.1636321693632379e+05 5.1541362998261824e+09 1.0919329441942952e+09 2.5476277878377236e+18 5.7898677594024070e-03 3.0000000000000000e+00 6.2857093956764110e+01
2.1462344476834852e+07 6.2355776288913436e-05 5.5181139478560905e+09 6.1636321693535056e+05 5.1541362997936258e+09 1.0919329441873984e+09 2.5822410633989243e+18 5.8159711896012042e-03 3.0000000000000000e+00 6.2857093956475126e+01
2.1559106757910751e+07 6.2355776288615375e-05 5.5181139478209200e+09 6.1636321693436825e+05 5.1541362997607756e+09 1.0919329441804376e+09 2.6173246112858675e+18 5.8421923062645376e-03 3.0000000000000000e+00 6.2857093956183398e+01
2.1656305288579468e+07 6.2355776288314523e-05 5.5181139477854166e+09 6.1636321693337639e+05 5.1541362997276134e+09 1.0919329441734090e+09 2.6528848208406948e+18 5.8685316399779948e-03 3.0000000000000000e+00 6.2857093955888999e+01
2.1753942035658088e+07 6.2355776288011027e-05 5.5181139477496195e+09 6.1636321693237778e+05 5.1541362996941767e+09 1.0919329441663325e+09 2.6889281682141819e+18 5.8949897237192909e-03 3.0000000000000000e+00 6.2857093955592362e+01
2.1852018974831026e+07 6.2355776287704876e-05 5.5181139477134886e+09 6.1636321693136822e+05 5.1541362996604300e+09 1.0919329441591785e+09 2.7254612175451197e+18 5.9215670928690553e-03 3.0000000000000000e+00 6.2857093955292541e+01
2.1950538090689994e+07 6.2355776287395837e-05 5.5181139476770248e+09 6.1636321693035006e+05 5.1541362996263714e+09 1.0919329441519635e+09 2.7624906221558405e+18 5.9482642852216588e-03 3.0000000000000000e+00 6.2857093954990262e+01
2.2049501376774188e+07 6.2355776287084034e-05 5.5181139476402273e+09 6.1636321692932188e+05 5.1541362995920000e+09 1.0919329441446774e+09 2.8000231257638175e+18 5.9750818409961097e-03 3.0000000000000000e+00 6.2857093954685041e+01
2.2148910835610602e+07 6.2355776286769453e-05 5.5181139476031170e+09 6.1636321692828625e+05 5.1541362995573378e+09 1.0919329441373386e+09 2.8380655637098762e+18 6.0020203028469622e-03 3.0000000000000000e+00 6.2857093954377362e+01
2.2248768478754554e+07 6.2355776286451999e-05 5.5181139475656528e+09 6.1636321692723967e+05 5.1541362995223465e+09 1.0919329441299224e+09 2.8766248642030121e+18 6.0290802158753246e-03 3.0000000000000000e+00 6.2857093954066556e+01
2.2349076326830398e+07 6.2355776286131658e-05 5.5181139475278559e+09 6.1636321692618425e+05 5.1541362994870424e+09 1.0919329441224432e+09 2.9157080495821404e+18 6.0562621276398663e-03 3.0000000000000000e+00 6.2857093953753136e+01
2.2449836409572411e+07 6.2355776285808443e-05 5.5181139474897251e+09 6.1636321692511975e+05 5.1541362994514256e+09 1.0919329441148999e+09 2.9553222375949998e+18 6.0835665881679140e-03 3.0000000000000000e+00 6.2857093953437065e+01
2.2551050765865851e+07 6.2355776285482234e-05 5.5181139474512424e+09 6.1636321692404570e+05 5.1541362994154806e+09 1.0919329441072888e+09 2.9954746426944195e+18 6.1109941499665693e-03 3.0000000000000000e+00 6.2857093953118110e+01
2.2652721443788238e+07 6.2355776285153152e-05 5.5181139474124060e+09 6.1636321692296071e+05 5.1541362993792067e+09 1.0919329440996003e+09 3.0361725773521603e+18 6.1385453680338955e-03 3.0000000000000000e+00 6.2857093952795985e+01
2.2754850500650767e+07 6.2355776284821183e-05 5.5181139473732367e+09 6.1636321692186687e+05 5.1541362993426199e+09 1.0919329440918491e+09 3.0774234533907323e+18 6.1662207998701476e-03 3.0000000000000000e+00 6.2857093952471104e+01
2.2857440003039960e+07 6.2355776284486123e-05 5.5181139473336954e+09 6.1636321692076232e+05 5.1541362993056889e+09 1.0919329440840218e+09 3.1192347833331200e+18 6.1940210054890485e-03 3.0000000000000000e+00 6.2857093952143053e+01
2.2960492026859485e+07 6.2355776284147947e-05 5.5181139472938004e+09 6.1636321691964869e+05 5.1541362992684240e+09 1.0919329440761304e+09 3.1616141817710459e+18 6.2219465474291323e-03 3.0000000000000000e+00 6.2857093951812466e+01
2.3064008657372143e+07 6.2355776283806898e-05 5.5181139472535524e+09 6.1636321691852435e+05 5.1541362992308321e+09 1.0919329440681629e+09 3.2045693667516355e+18 6.2499979907651134e-03 3.0000000000000000e+00 6.2857093951478525e+01
2.3167991989242077e+07 6.2355776283462637e-05 5.5181139472129326e+09 6.1636321691739000e+05 5.1541362991928902e+09 1.0919329440601246e+09 3.2481081611830733e+18 6.2781759031193271e-03 3.0000000000000000e+00 6.2857093951141685e+01
2.3272444126577158e+07 6.2355776283115272e-05 5.5181139471719599e+09 6.1636321691624681e+05 5.1541362991546183e+09 1.0919329440520236e+09 3.2922384942592625e+18 6.3064808546732199e-03 3.0000000000000000e+00 6.2857093950802224e+01
2.3377367182971556e+07 6.2355776282764817e-05 5.5181139471305943e+09 6.1636321691509080e+05 5.1541362991159849e+09 1.0919329440438318e+09 3.3369684029038909e+18 6.3349134181788763e-03 3.0000000000000000e+00 6.2857093950458868e+01
2.3482763281548515e+07 6.2355776282411137e-05 5.5181139470888767e+09 6.1636321691392688e+05 5.1541362990770178e+09 1.0919329440355840e+09 3.3823060332340859e+18 6.3634741689706240e-03 3.0000000000000000e+00 6.2857093950113267e+01
2.3588634555003311e+07 6.2355776282054366e-05 5.5181139470467672e+09 6.1636321691274992e+05 5.1541362990376863e+09 1.0919329440272436e+09 3.4282596420439788e+18 6.3921636849766537e-03 3.0000000000000000e+00 6.2857093949763708e+01
2.3694983145646397e+07 6.2355776281694262e-05 5.5181139470042839e+09 6.1636321691156412e+05 5.1541362989980059e+09 1.0919329440188408e+09 3.4748375983083848e+18 6.4209825467307375e-03 3.0000000000000000e+00 6.2857093949411578e+01
2.3801811205446780e+07 6.2355776281330946e-05 5.5181139469614096e+09 6.1636321691036643e+05 5.1541362989579592e+09 1.0919329440103536e+09 3.5220483847070167e+18 6.4499313373839653e-03 3.0000000000000000e+00 6.2857093949055930e+01
2.3909120896075532e+07 6.2355776280964309e-05 5.5181139469181623e+09 6.1636321690915967e+05 5.1541362989175625e+09 1.0919329440018022e+09 3.5699005991692421e+18 6.4790106427165348e-03 3.0000000000000000e+00 6.2857093948697596e+01
2.4016914388949562e+07 6.2355776280594461e-05 5.5181139468745041e+09 6.1636321690793918e+05 5.1541362988767862e+09 1.0919329439931533e+09 3.6184029564399790e+18 6.5082210511496234e-03 3.0000000000000000e+00 6.2857093948335155e+01
2.4125193865275532e+07 6.2355776280221184e-05 5.5181139468304729e+09 6.1636321690671053e+05 5.1541362988356581e+09 1.0919329439844468e+09 3.6675642896667730e+18 6.5375631537572792e-03 3.0000000000000000e+00 6.2857093947970270e+01
2.4233961516094014e+07 6.2355776279844573e-05 5.5181139467860298e+09 6.1636321690546907e+05 5.1541362987941475e+09 1.0919329439756494e+09 3.7173935520085135e+18 6.5670375442783979e-03 3.0000000000000000e+00 6.2857093947601612e+01
2.4343219542323802e+07 6.2355776279464533e-05 5.5181139467411947e+09 6.1636321690421738e+05 5.1541362987522678e+09 1.0919329439667795e+09 3.7678998182659164e+18 6.5966448191287176e-03 3.0000000000000000e+00 6.2857093947229984e+01
2.4452970154806469e+07 6.2355776279081064e-05 5.5181139466959486e+09 6.1636321690295404e+05 5.1541362987100077e+09 1.0919329439578271e+09 3.8190922865342495e+18 6.6263855774129025e-03 3.0000000000000000e+00 6.2857093946854754e+01
2.4563215574351091e+07 6.2355776278694044e-05 5.5181139466502895e+09 6.1636321690167952e+05 5.1541362986673594e+09 1.0919329439487956e+09 3.8709802798784369e+18 6.6562604209366620e-03 3.0000000000000000e+00 6.2857093946476326e+01
2.4673958031779196e+07 6.2355776278303596e-05 5.5181139466042194e+09 6.1636321690039290e+05 5.1541362986243267e+09 1.0919329439396782e+09 3.9235732480309791e+18 6.6862699542189208e-03 3.0000000000000000e+00 6.2857093946094288e+01
2.4785199767969944e+07 6.2355776277909719e-05 5.5181139465577383e+09 6.1636321689909440e+05 5.1541362985809126e+09 1.0919329439304767e+09 3.9768807691129375e+18 6.7164147845040793e-03 3.0000000000000000e+00 6.2857093945708698e+01
2.4896943033905271e+07 6.2355776277512169e-05 5.5181139465108252e+09 6.1636321689778403e+05 5.1541362985370951e+09 1.0919329439211910e+09 4.0309125513781514e+18 6.7466955217742293e-03 3.0000000000000000e+00 6.2857093945319548e+01
2.5009190090715751e+07 6.2355776277111096e-05 5.5181139464635000e+09 6.1636321689646249e+05 5.1541362984928923e+09 1.0919329439118261e+09 4.0856784349815060e+18 6.7771127787615952e-03 3.0000000000000000e+00 6.2857093944927037e+01
2.5121943209726132e+07 6.2355776276706349e-05 5.5181139464157438e+09 6.1636321689512883e+05 5.1541362984482851e+09 1.0919329439023755e+09 4.1411883937708237e+18 6.8076671709608669e-03 3.0000000000000000e+00 6.2857093944531051e+01
2.5235204672501367e+07 6.2355776276297958e-05 5.5181139463675566e+09 6.1636321689378330e+05 5.1541362984032764e+09 1.0919329438928406e+09 4.1974525371033498e+18 6.8383593166416743e-03 3.0000000000000000e+00 6.2857093944131492e+01
2.5348976770892758e+07 6.2355776275885798e-05 5.5181139463189383e+09 6.1636321689242660e+05 5.1541362983578644e+09 1.0919329438832266e+09 4.2544811116868280e+18 6.8691898368610903e-03 3.0000000000000000e+00 6.2857093943728621e+01
2.5463261807084348e+07 6.2355776275469979e-05 5.5181139462698689e+09 6.1636321689105593e+05 5.1541362983120317e+09 1.0919329438735135e+09 4.3122845034456463e+18 6.9001593554762122e-03 3.0000000000000000e+00 6.2857093943321608e+01
2.5578062093639512e+07 6.2355776275050393e-05 5.5181139462203684e+09 6.1636321688967408e+05 5.1541362982657957e+09 1.0919329438637214e+09 4.3708732394122435e+18 6.9312684991567723e-03 3.0000000000000000e+00 6.2857093942911327e+01
2.5693379953547727e+07 6.2355776274627053e-05 5.5181139461704159e+09 6.1636321688827896e+05 5.1541362982191362e+09 1.0919329438538351e+09 4.4302579896442941e+18 6.9625178973978206e-03 3.0000000000000000e+00 6.2857093942497038e+01
2.5809217720271602e+07 6.2355776274199931e-05 5.5181139461200142e+09 6.1636321688687149e+05 5.1541362981720629e+09 1.0919329438438616e+09 4.4904495691679355e+18 6.9939081825324649e-03 3.0000000000000000e+00 6.2857093942078926e+01
2.5925577737794079e+07 6.2355776273768839e-05 5.5181139460691404e+09 6.1636321688545030e+05 5.1541362981245461e+09 1.0919329438337905e+09 4.5514589399473654e+18 7.0254399897446721e-03 3.0000000000000000e+00 6.2857093941656949e+01
2.6042462360665876e+07 6.2355776273333966e-05 5.5181139460178366e+09 6.1636321688401792e+05 5.1541362980766230e+09 1.0919329438236401e+09 4.6132972128812032e+18 7.0571139570821092e-03 3.0000000000000000e+00 6.2857093941231582e+01
2.6159873954053126e+07 6.2355776272894999e-05 5.5181139459660416e+09 6.1636321688257158e+05 5.1541362980282440e+09 1.0919329438133910e+09 4.6759756498259773e+18 7.0889307254690609e-03 3.0000000000000000e+00 6.2857093940802137e+01
2.6277814893785235e+07 6.2355776272452157e-05 5.5181139459137964e+09 6.1636321688111313e+05 5.1541362979794445e+09 1.0919329438030560e+09 4.7395056656471562e+18 7.1208909387194012e-03 3.0000000000000000e+00 6.2857093940369083e+01
2.6396287566402957e+07 6.2355776272005330e-05 5.5181139458610802e+09 6.1636321687964140e+05 5.1541362979302044e+09 1.0919329437926269e+09 4.8038988302979164e+18 7.1529952435496142e-03 3.0000000000000000e+00 6.2857093939931985e+01
2.6515294369206689e+07 6.2355776271554505e-05 5.5181139458078747e+09 6.1636321687815501e+05 5.1541362978805113e+09 1.0919329437820940e+09 4.8691668709263299e+18 7.1852442895918873e-03 3.0000000000000000e+00 6.2857093939490532e+01
2.6634837710304983e+07 6.2355776271099479e-05 5.5181139457541981e+09 6.1636321687665675e+05 5.1541362978303719e+09 1.0919329437714767e+09 4.9353216740110531e+18 7.2176387294072527e-03 3.0000000000000000e+00 6.2857093939045761e+01
2.6754920008663263e+07 6.2355776270640469e-05 5.5181139457000313e+09 6.1636321687514381e+05 5.1541362977797794e+09 1.0919329437607558e+09 5.0023752875260232e+18 7.2501792184987883e-03 3.0000000000000000e+00 6.2857093938596343e+01
2.6875543694152780e+07 6.2355776270177243e-05 5.5181139456453743e+09 6.1636321687361761e+05 5.1541362977287283e+09 1.0919329437499406e+09 5.0703399231346760e+18 7.2828664153248950e-03 3.0000000000000000e+00 6.2857093938143166e+01
2.6996711207599785e+07 6.2355776269709817e-05 5.5181139455902081e+09 6.1636321687207604e+05 5.1541362976772013e+09 1.0919329437390165e+09 5.1392279584138455e+18 7.3157009813125994e-03 3.0000000000000000e+00 6.2857093937685399e+01
2.7118425000834916e+07 6.2355776269238162e-05 5.5181139455345716e+09 6.1636321687052352e+05 5.1541362976252337e+09 1.0919329437280149e+09 5.2090519391080192e+18 7.3486835808709659e-03 3.0000000000000000e+00 6.2857093937224448e+01
2.7240687536742803e+07 6.2355776268762319e-05 5.5181139454784241e+09 6.1636321686895541e+05 5.1541362975727882e+09 1.0919329437169027e+09 5.2798245814140754e+18 7.3818148814045097e-03 3.0000000000000000e+00 6.2857093936758723e+01
2.7363501289311912e+07 6.2355776268282139e-05 5.5181139454217682e+09 6.1636321686737356e+05 5.1541362975198717e+09 1.0919329437056935e+09 5.3515587742971658e+18 7.4150955533267273e-03 3.0000000000000000e+00 6.2857093936288955e+01
2.7486868743684612e+07 6.2355776267797650e-05 5.5181139453645821e+09 6.1636321686577518e+05 5.1541362974664593e+09 1.0919329436943667e+09 5.4242675818380063e+18 7.4485262700736488e-03 3.0000000000000000e+00 6.2857093935814333e+01
2.7610792396207448e+07 6.2355776267308729e-05 5.5181139453069067e+09 6.1636321686416562e+05 5.1541362974125862e+09 1.0919329436829610e+09 5.4979642456120812e+18 7.4821077081174700e-03 3.0000000000000000e+00 6.2857093935336351e+01
2.7735274754481666e+07 6.2355776266815376e-05 5.5181139452487020e+09 6.1636321686254092e+05 5.1541362973582220e+09 1.0919329436714480e+09 5.5726621871012229e+18 7.5158405469802391e-03 3.0000000000000000e+00 6.2857093934853864e+01
2.7860318337413952e+07 6.2355776266317592e-05 5.5181139451899672e+09 6.1636321686090063e+05 5.1541362973033600e+09 1.0919329436598244e+09 5.6483750101378028e+18 7.5497254692476071e-03 3.0000000000000000e+00 6.2857093934366787e+01
2.7985925675267398e+07 6.2355776265815267e-05 5.5181139451307030e+09 6.1636321685924591e+05 5.1541362972480030e+09 1.0919329436480985e+09 5.7251165033823099e+18 7.5837631605826378e-03 3.0000000000000000e+00 6.2857093933875490e+01
2.8112099309712704e+07 6.2355776265308525e-05 5.5181139450708904e+09 6.1636321685757441e+05 5.1541362971921387e+09 1.0919329436362536e+09 5.8029006428345252e+18 7.6179543097396876e-03 3.0000000000000000e+00 6.2857093933379034e+01
2.8238841793879610e+07 6.2355776264797107e-05 5.5181139450105486e+09 6.1636321685588965e+05 5.1541362971357784e+09 1.0919329436243150e+09 5.8817415943787264e+18 7.6522996085783392e-03 3.0000000000000000e+00 6.2857093932878676e+01
2.8366155692408562e+07 6.2355776264281054e-05 5.5181139449496574e+09 6.1636321685418906e+05 5.1541362970789032e+09 1.0919329436122642e+09 5.9616537163636183e+18 7.6867997520773997e-03 3.0000000000000000e+00 6.2857093932373758e+01
2.8494043581502602e+07 6.2355776263760338e-05 5.5181139448882380e+09 6.1636321685247542e+05 5.1541362970215321e+09 1.0919329436001208e+09 6.0426515622172160e+18 7.7214554383489668e-03 3.0000000000000000e+00 6.2857093931864874e+01
2.8622508048979495e+07 6.2355776263234975e-05 5.5181139448262291e+09 6.1636321685074246e+05 5.1541362969636164e+09 1.0919329435878406e+09 6.1247498830972621e+18 7.7562673686525528e-03 3.0000000000000000e+00 6.2857093931350285e+01
2.8751551694324102e+07 6.2355776262704854e-05 5.5181139447636919e+09 6.1636321684899693e+05 5.1541362969052019e+09 1.0919329435754712e+09 6.2079636305777388e+18 7.7912362474092754e-03 3.0000000000000000e+00 6.2857093930831951e+01
2.8881177128740981e+07 6.2355776262169855e-05 5.5181139447005663e+09 6.1636321684723417e+05 5.1541362968462400e+09 1.0919329435629797e+09 6.2923079593717678e+18 7.8263627822161147e-03 3.0000000000000000e+00 6.2857093930308608e+01
2.9011386975207210e+07 6.2355776261630084e-05 5.5181139446368713e+09 6.1636321684545511e+05 5.1541362967867470e+09 1.0919329435503728e+09 6.3777982300915528e+18 7.8616476838602213e-03 3.0000000000000000e+00 6.2857093929780206e+01
2.9142183868525483e+07 6.2355776261085449e-05 5.5181139445726089e+09 6.1636321684366069e+05 5.1541362967267246e+09 1.0919329435376570e+09 6.4644500120458588e+18 7.8970916663333151e-03 3.0000000000000000e+00 6.2857093929247355e+01
2.9273570455377415e+07 6.2355776260535935e-05 5.5181139445077772e+09 6.1636321684185066e+05 5.1541362966661663e+09 1.0919329435248306e+09 6.5522790860754094e+18 7.9326954468461192e-03 3.0000000000000000e+00 6.2857093928709787e+01
2.9405549394377097e+07 6.2355776259981447e-05 5.5181139444423380e+09 6.1636321684002248e+05 5.1541362966050472e+09 1.0919329435118754e+09 6.6413014474269297e+18 7.9684597458428794e-03 3.0000000000000000e+00 6.2857093928166833e+01
2.9538123356124889e+07 6.2355776259421849e-05 5.5181139443763113e+09 6.1636321683817869e+05 5.1541362965433741e+09 1.0919329434988101e+09 6.7315333086661120e+18 8.0043852870159398e-03 3.0000000000000000e+00 6.2857093927619438e+01
2.9671295023261480e+07 6.2355776258857278e-05 5.5181139443096962e+09 6.1636321683631861e+05 5.1541362964811544e+09 1.0919329434856288e+09 6.8229911026301962e+18 8.0404727973203884e-03 3.0000000000000000e+00 6.2857093927066991e+01
2.9805067090522144e+07 6.2355776258287503e-05 5.5181139442424726e+09 6.1636321683444176e+05 5.1541362964183636e+09 1.0919329434723289e+09 6.9156914854207785e+18 8.0767230069887647e-03 3.0000000000000000e+00 6.2857093926509719e+01
2.9939442264791287e+07 6.2355776257712727e-05 5.5181139441746416e+09 6.1636321683254675e+05 5.1541362963550081e+09 1.0919329434589002e+09 7.0096513394371031e+18 8.1131366495458407e-03 3.0000000000000000e+00 6.2857093925946948e+01
3.0074423265157215e+07 6.2355776257132651e-05 5.5181139441062031e+09 6.1636321683063614e+05 5.1541362962910833e+09 1.0919329434453611e+09 7.1048877764506194e+18 8.1497144618234586e-03 3.0000000000000000e+00 6.2857093925379615e+01
3.0210012822967157e+07 6.2355776256547358e-05 5.5181139440371571e+09 6.1636321682870877e+05 5.1541362962265882e+09 1.0919329434317033e+09 7.2014181407214981e+18 8.1864571839754437e-03 3.0000000000000000e+00 6.2857093924807273e+01
3.0346213681882523e+07 6.2355776255956753e-05 5.5181139439674635e+09 6.1636321682676231e+05 5.1541362961614943e+09 1.0919329434179101e+09 7.2992600121571154e+18 8.2233655594925806e-03 3.0000000000000000e+00 6.2857093924229268e+01
3.0483028597934444e+07 6.2355776255360834e-05 5.5181139438971634e+09 6.1636321682480001e+05 5.1541362960958290e+09 1.0919329434040046e+09 7.3984312095138417e+18 8.2604403352176531e-03 3.0000000000000000e+00 6.2857093923646566e+01
3.0620460339579519e+07 6.2355776254759604e-05 5.5181139438261957e+09 6.1636321682281652e+05 5.1541362960295467e+09 1.0919329433899491e+09 7.4989497936421263e+18 8.2976822613605727e-03 3.0000000000000000e+00 6.2857093923057477e+01
3.0758511687755845e+07 6.2355776254152816e-05 5.5181139437546206e+09 6.1636321682081930e+05 5.1541362959626904e+09 1.0919329433757961e+09 7.6008340707755950e+18 8.3350920915135334e-03 3.0000000000000000e+00 6.2857093922464401e+01
3.0897185435939286e+07 6.2355776253540622e-05 5.5181139436823788e+09 6.1636321681880136e+05 5.1541362958952131e+09 1.0919329433614964e+09 7.7041025958650440e+18 8.3726705826662872e-03 3.0000000000000000e+00 6.2857093921865179e+01
3.1036484390200008e+07 6.2355776252922870e-05 5.5181139436094894e+09 6.1636321681676595e+05 5.1541362958271322e+09 1.0919329433470728e+09 7.8087741759576402e+18 8.4104184952214396e-03 3.0000000000000000e+00 6.2857093921260812e+01
3.1176411369259246e+07 6.2355776252299481e-05 5.5181139435359344e+09 6.1636321681471192e+05 5.1541362957584286e+09 1.0919329433325174e+09 7.9148678736219290e+18 8.4483365930098520e-03 3.0000000000000000e+00 6.2857093920650883e+01
3.1316969204546351e+07 6.2355776251670549e-05 5.5181139434617319e+09 6.1636321681264043e+05 5.1541362956891212e+09 1.0919329433178382e+09 8.0224030104195758e+18 8.4864256433060895e-03 3.0000000000000000e+00 6.2857093920035659e+01
3.1458160740256082e+07 6.2355776251035857e-05 5.5181139433868437e+09 6.1636321681054914e+05 5.1541362956191702e+09 1.0919329433030188e+09 8.1313991704240835e+18 8.5246864168439570e-03 3.0000000000000000e+00 6.2857093919414709e+01
3.1599988833406150e+07 6.2355776250395527e-05 5.5181139433112888e+09 6.1636321680843923e+05 5.1541362955486002e+09 1.0919329432880673e+09 8.2418762037874248e+18 8.5631196878320753e-03 3.0000000000000000e+00 6.2857093918788117e+01
3.1742456353895050e+07 6.2355776249749316e-05 5.5181139432350483e+09 6.1636321680631069e+05 5.1541362954773874e+09 1.0919329432729840e+09 8.3538542303551642e+18 8.6017262339695665e-03 3.0000000000000000e+00 6.2857093918156068e+01
3.1885566184560105e+07 6.2355776249097344e-05 5.5181139431581011e+09 6.1636321680416074e+05 5.1541362954055195e+09 1.0919329432577486e+09 8.4673536433305620e+18 8.6405068364617810e-03 3.0000000000000000e+00 6.2857093917517595e+01
3.2029321221235834e+07 6.2355776248439396e-05 5.5181139430804882e+09 6.1636321680199471e+05 5.1541362953330221e+09 1.0919329432423995e+09 8.5823951129886126e+18 8.6794622800361182e-03 3.0000000000000000e+00 6.2857093916874447e+01
3.2173724372812521e+07 6.2355776247775566e-05 5.5181139430021496e+09 6.1636321679980634e+05 5.1541362952598524e+09 1.0919329432268920e+09 8.6989995904403835e+18 8.7185933529578714e-03 3.0000000000000000e+00 6.2857093916224585e+01
3.2318778561295085e+07 6.2355776247105665e-05 5.5181139429231052e+09 6.1636321679759910e+05 5.1541362951860228e+09 1.0919329432112510e+09 8.8171883114487050e+18 8.7579008470462308e-03 3.0000000000000000e+00 6.2857093915569187e+01
3.2464486721862216e+07 6.2355776246429760e-05 5.5181139428433542e+09 6.1636321679537208e+05 5.1541362951115322e+09 1.0919329431954696e+09 8.9369828002954691e+18 8.7973855576902529e-03 3.0000000000000000e+00 6.2857093914907793e+01
3.2610851802925758e+07 6.2355776245747783e-05 5.5181139427628794e+09 6.1636321679312433e+05 5.1541362950363655e+09 1.0919329431795413e+09 9.0584048737016801e+18 8.8370482838650011e-03 3.0000000000000000e+00 6.2857093914240359e+01
3.2757876766190369e+07 6.2355776245059586e-05 5.5181139426816978e+09 6.1636321679085866e+05 5.1541362949605360e+09 1.0919329431634862e+09 9.1814766448005888e+18 8.8768898281476709e-03 3.0000000000000000e+00 6.2857093913567525e+01
3.2905564586713471e+07 6.2355776244365195e-05 5.5181139425997515e+09 6.1636321678856947e+05 5.1541362948839960e+09 1.0919329431472642e+09 9.3062205271649628e+18 8.9169109967338674e-03 3.0000000000000000e+00 6.2857093912887763e+01
3.3053918252965417e+07 6.2355776243664597e-05 5.5181139425170803e+09 6.1636321678626048e+05 5.1541362948067799e+09 1.0919329431309021e+09 9.4326592388889313e+18 8.9571125994538925e-03 3.0000000000000000e+00 6.2857093912202046e+01
3.3202940766889993e+07 6.2355776242957575e-05 5.5181139424336643e+09 6.1636321678393171e+05 5.1541362947288656e+09 1.0919329431143997e+09 9.5608158067254211e+18 8.9974954497891429e-03 3.0000000000000000e+00 6.2857093911510432e+01
3.3352635143965147e+07 6.2355776242244130e-05 5.5181139423494835e+09 6.1636321678158105e+05 5.1541362946502380e+09 1.0919329430977423e+09 9.6907135702796861e+18 9.0380603648885782e-03 3.0000000000000000e+00 6.2857093910812495e+01
3.3503004413264010e+07 6.2355776241524260e-05 5.5181139422645578e+09 6.1636321677921037e+05 5.1541362945709124e+09 1.0919329430809429e+09 9.8223761862598861e+18 9.0788081655852268e-03 3.0000000000000000e+00 6.2857093910108510e+01
3.3654051617516197e+07 6.2355776240797966e-05 5.5181139421788483e+09 6.1636321677681594e+05 5.1541362944908552e+09 1.0919329430639753e+09 9.9558276327854531e+18 9.1197396764128406e-03 3.0000000000000000e+00 6.2857093909397491e+01
3.3805779813169368e+07 6.2355776240065032e-05 5.5181139420923738e+09 6.1636321677440172e+05 5.1541362944100857e+09 1.0919329430468674e+09 1.0091092213753833e+19 9.1608557256225402e-03 3.0000000000000000e+00 6.2857093908680596e+01
3.3958192070451066e+07 6.2355776239325552e-05 5.5181139420051146e+09 6.1636321677196468e+05 5.1541362943285837e+09 1.0919329430295980e+09 1.0228194563266716e+19 9.2021571451995892e-03 3.0000000000000000e+00 6.2857093907956809e+01
3.4111291473430865e+07 6.2355776238579323e-05 5.5181139419170723e+09 6.1636321676950646e+05 5.1541362942463465e+09 1.0919329430121782e+09 1.0367159650116323e+19 9.2436447708802300e-03 3.0000000000000000e+00 6.2857093907226840e+01
3.4265081120082773e+07 6.2355776237826344e-05 5.5181139418282251e+09 6.1636321676702541e+05 5.1541362941633606e+09 1.0919329429945967e+09 1.0508012782332785e+19 9.2853194421686040e-03 3.0000000000000000e+00 6.2857093906490086e+01
3.4419564122347906e+07 6.2355776237066590e-05 5.5181139417385750e+09 6.1636321676452155e+05 5.1541362940796232e+09 1.0919329429768536e+09 1.0650779611792992e+19 9.3271820023537230e-03 3.0000000000000000e+00 6.2857093905746616e+01
3.4574743606197454e+07 6.2355776236299978e-05 5.5181139416481209e+09 6.1636321676199581e+05 5.1541362939951372e+09 1.0919329429589555e+09 1.0795486138892405e+19 9.3692332985265258e-03 3.0000000000000000e+00 6.2857093904996489e+01
3.4730622711695969e+07 6.2355776235526386e-05 5.5181139415568438e+09 6.1636321675944701e+05 5.1541362939098806e+09 1.0919329429408939e+09 1.0942158717280123e+19 9.4114741815970564e-03 3.0000000000000000e+00 6.2857093904239626e+01
3.4887204593064860e+07 6.2355776234745828e-05 5.5181139414647427e+09 6.1636321675687493e+05 5.1541362938238544e+09 1.0919329429226675e+09 1.1090824058658449e+19 9.4539055063116509e-03 3.0000000000000000e+00 6.2857093903475871e+01
3.5044492418746255e+07 6.2355776233958277e-05 5.5181139413718185e+09 6.1636321675428003e+05 5.1541362937370596e+09 1.0919329429042792e+09 1.1241509237647407e+19 9.4965281312702297e-03 3.0000000000000000e+00 6.2857093902705280e+01
3.5202489371467099e+07 6.2355776233163530e-05 5.5181139412780514e+09 6.1636321675166208e+05 5.1541362936494761e+09 1.0919329428857276e+09 1.1394241696715645e+19 9.5393429189436930e-03 3.0000000000000000e+00 6.2857093901927875e+01
3.5361198648303546e+07 6.2355776232361586e-05 5.5181139411834211e+09 6.1636321674901922e+05 5.1541362935610895e+09 1.0919329428669996e+09 1.1549049251178189e+19 9.5823507356913619e-03 3.0000000000000000e+00 6.2857093901143088e+01
3.5520623460745677e+07 6.2355776231552432e-05 5.5181139410879478e+09 6.1636321674635308e+05 5.1541362934719124e+09 1.0919329428481064e+09 1.1705960094262077e+19 9.6255524517785112e-03 3.0000000000000000e+00 6.2857093900351387e+01
3.5680767034762464e+07 6.2355776230735974e-05 5.5181139409916124e+09 6.1636321674366295e+05 5.1541362933819323e+09 1.0919329428290434e+09 1.1865002802240827e+19 9.6689489413939733e-03 3.0000000000000000e+00 6.2857093899552588e+01
3.5841632610867053e+07 6.2355776229912102e-05 5.5181139408944149e+09 6.1636321674094955e+05 5.1541362932911434e+09 1.0919329428098154e+09 1.2026206339638729e+19 9.7125410826678343e-03 3.0000000000000000e+00 6.2857093898746854e+01
3.6003223444182359e+07 6.2355776229080912e-05 5.5181139407963152e+09 6.1636321673820843e+05 5.1541362931995173e+09 1.0919329427903910e+09 1.2189600064505819e+19 9.7563297576892076e-03 3.0000000000000000e+00 6.2857093897932785e+01
3.6165542804506876e+07 6.2355776228242079e-05 5.5181139406973524e+09 6.1636321673544589e+05 5.1541362931070814e+09 1.0919329427708149e+09 1.2355213733764438e+19 9.8003158525240604e-03 3.0000000000000000e+00 6.2857093897112470e+01
3.6328593976380907e+07 6.2355776227395710e-05 5.5181139405974884e+09 6.1636321673265728e+05 5.1541362930138044e+09 1.0919329427510540e+09 1.2523077508628584e+19 9.8445002572331731e-03 3.0000000000000000e+00 6.2857093896284304e+01
3.6492380259152986e+07 6.2355776226541602e-05 5.5181139404967222e+09 6.1636321672984422e+05 5.1541362929196835e+09 1.0919329427311199e+09 1.2693221960096727e+19 9.8888838658901315e-03 3.0000000000000000e+00 6.2857093895449026e+01
3.6656904967046663e+07 6.2355776225679946e-05 5.5181139403950348e+09 6.1636321672700346e+05 5.1541362928247061e+09 1.0919329427109895e+09 1.2865678074519409e+19 9.9334675765994241e-03 3.0000000000000000e+00 6.2857093894605377e+01
3.6822171429227546e+07 6.2355776224810321e-05 5.5181139402924461e+09 6.1636321672413987e+05 5.1541362927288799e+09 1.0919329426906972e+09 1.3040477259242361e+19 9.9782522915146128e-03 3.0000000000000000e+00 6.2857093893755149e+01
3.6988182989870675e+07 6.2355776223932944e-05 5.5181139401889153e+09 6.1636321672124835e+05 5.1541362926321793e+09 1.0919329426702070e+09 1.3217651348326367e+19 1.0023238916856587e-02 3.0000000000000000e+00 6.2857093892896465e+01
3.7154943008228198e+07 6.2355776223047598e-05 5.5181139400844440e+09 6.1636321671833075e+05 5.1541362925346022e+09 1.0919329426495321e+09 1.3397232608344762e+19 1.0068428362931902e-02 3.0000000000000000e+00 6.2857093892030065e+01
3.7322454858697362e+07 6.2355776222154378e-05 5.5181139399790516e+09 6.1636321671538753e+05 5.1541362924361591e+09 1.0919329426286755e+09 1.3579253744259906e+19 1.0113821544151214e-02 3.0000000000000000e+00 6.2857093891156012e+01
3.7490721930888735e+07 6.2355776221252959e-05 5.5181139398726988e+09 6.1636321671241825e+05 5.1541362923368216e+09 1.0919329426076343e+09 1.3763747905379107e+19 1.0159419379047742e-02 3.0000000000000000e+00 6.2857093890274221e+01
3.7659747629694872e+07 6.2355776220343354e-05 5.5181139397653656e+09 6.1636321670942055e+05 5.1541362922365685e+09 1.0919329425863917e+09 1.3950748691391957e+19 1.0205222790295915e-02 3.0000000000000000e+00 6.2857093889384188e+01
3.7829535375359140e+07 6.2355776219425658e-05 5.5181139396570911e+09 6.1636321670639748e+05 5.1541362921354351e+09 1.0919329425649693e+09 1.4140290158489219e+19 1.0251232704729982e-02 3.0000000000000000e+00 6.2857093888486354e+01
3.8000088603545003e+07 6.2355776218499533e-05 5.5181139395478163e+09 6.1636321670334600e+05 5.1541362920333681e+09 1.0919329425433457e+09 1.4332406825565231e+19 1.0297450053362810e-02 3.0000000000000000e+00 6.2857093887580312e+01
3.8171410765405461e+07 6.2355776217565113e-05 5.5181139394375620e+09 6.1636321670026728e+05 5.1541362919303865e+09 1.0919329425215290e+09 1.4527133680504308e+19 1.0343875771404698e-02 3.0000000000000000e+00 6.2857093886666021e+01
3.8343505327652946e+07 6.2355776216622277e-05 5.5181139393263073e+09 6.1636321669715992e+05 5.1541362918264704e+09 1.0919329424995093e+09 1.4724506186552699e+19 1.0390510798282316e-02 3.0000000000000000e+00 6.2857093885743318e+01
3.8516375772629455e+07 6.2355776215670903e-05 5.5181139392140541e+09 6.1636321669402556e+05 5.1541362917216225e+09 1.0919329424772983e+09 1.4924560288777101e+19 1.0437356077657703e-02 3.0000000000000000e+00 6.2857093884812521e+01
3.8690025598376997e+07 6.2355776214710897e-05 5.5181139391007805e+09 6.1636321669086232e+05 5.1541362916158199e+09 1.0919329424548826e+09 1.5127332420610877e+19 1.0484412557447373e-02 3.0000000000000000e+00 6.2857093883873212e+01
3.8864458318708390e+07 6.2355776213742243e-05 5.5181139389864874e+09 6.1636321668767091e+05 5.1541362915090666e+09 1.0919329424322674e+09 1.5332859510489233e+19 1.0531681189841479e-02 3.0000000000000000e+00 6.2857093882925469e+01
3.9039677463278376e+07 6.2355776212764849e-05 5.5181139388711548e+09 6.1636321668444970e+05 5.1541362914013424e+09 1.0919329424094410e+09 1.5541178988574538e+19 1.0579162931323107e-02 3.0000000000000000e+00 6.2857093881968915e+01
3.9215686577655017e+07 6.2355776211778577e-05 5.5181139387547846e+09 6.1636321668120031e+05 5.1541362912926483e+09 1.0919329423864148e+09 1.5752328793573057e+19 1.0626858742687605e-02 3.0000000000000000e+00 6.2857093881004012e+01
3.9392489223391458e+07 6.2355776210783347e-05 5.5181139386373739e+09 6.1636321667792276e+05 5.1541362911829777e+09 1.0919329423631890e+09 1.5966347379644266e+19 1.0674769589062036e-02 3.0000000000000000e+00 6.2857093880030767e+01
3.9570088978097998e+07 6.2355776209779254e-05 5.5181139385188856e+09 6.1636321667461307e+05 5.1541362910723066e+09 1.0919329423397357e+09 1.6183273723404009e+19 1.0722896439924717e-02 3.0000000000000000e+00 6.2857093879047923e+01
3.9748489435514458e+07 6.2355776208765959e-05 5.5181139383993196e+09 6.1636321667127404e+05 5.1541362909606285e+09 1.0919329423160741e+09 1.6403147331022889e+19 1.0771240269124809e-02 3.0000000000000000e+00 6.2857093878056347e+01
3.9927694205582932e+07 6.2355776207743597e-05 5.5181139382786942e+09 6.1636321666790592e+05 5.1541362908479586e+09 1.0919329422922068e+09 1.6626008245420954e+19 1.0819802054902052e-02 3.0000000000000000e+00 6.2857093877056229e+01
4.0107706914520815e+07 6.2355776206711924e-05 5.5181139381569710e+09 6.1636321666450729e+05 5.1541362907342644e+09 1.0919329422681229e+09 1.6851897053560343e+19 1.0868582779906544e-02 3.0000000000000000e+00 6.2857093876046974e+01
4.0288531204894193e+07 6.2355776205671049e-05 5.5181139380341501e+09 6.1636321666107723e+05 5.1541362906195459e+09 1.0919329422438166e+09 1.7080854893836882e+19 1.0917583431218635e-02 3.0000000000000000e+00 6.2857093875028319e+01
4.0470170735691525e+07 6.2355776204620647e-05 5.5181139379102125e+09 6.1636321665761643e+05 5.1541362905037832e+09 1.0919329422192924e+09 1.7312923463571993e+19 1.0966805000368875e-02 3.0000000000000000e+00 6.2857093874000718e+01
4.0652629182397716e+07 6.2355776203560840e-05 5.5181139377851562e+09 6.1636321665412374e+05 5.1541362903869762e+09 1.0919329421945422e+09 1.7548145026606705e+19 1.1016248483358120e-02 3.0000000000000000e+00 6.2857093872963546e+01
4.0835910237068474e+07 6.2355776202491396e-05 5.5181139376589642e+09 6.1636321665059938e+05 5.1541362902691078e+09 1.0919329421695676e+09 1.7786562420998500e+19 1.1065914880677647e-02 3.0000000000000000e+00 6.2857093871916980e+01
4.1020017608405009e+07 6.2355776201412317e-05 5.5181139375316534e+09 6.1636321664704522e+05 5.1541362901501942e+09 1.0919329421443818e+09 1.8028219066823041e+19 1.1115805197329421e-02 3.0000000000000000e+00 6.2857093870861476e+01
4.1204955021829106e+07 6.2355776200323371e-05 5.5181139374031668e+09 6.1636321664345730e+05 5.1541362900301828e+09 1.0919329421189566e+09 1.8273158974081591e+19 1.1165920442846431e-02 3.0000000000000000e+00 6.2857093869796159e+01
4.1390726219558477e+07 6.2355776199224681e-05 5.5181139372735434e+09 6.1636321663983841e+05 5.1541362899091063e+09 1.0919329420933120e+09 1.8521426750716162e+19 1.1216261631313101e-02 3.0000000000000000e+00 6.2857093868721570e+01
4.1577334960682504e+07 6.2355776198116139e-05 5.5181139371427240e+09 6.1636321663618390e+05 5.1541362897869177e+09 1.0919329420674152e+09 1.8773067610733257e+19 1.1266829781385821e-02 3.0000000000000000e+00 6.2857093867636280e+01
4.1764785021238312e+07 6.2355776196997513e-05 5.5181139370107288e+09 6.1636321663249773e+05 5.1541362896636314e+09 1.0919329420412939e+09 1.9028127382438351e+19 1.1317625916313573e-02 3.0000000000000000e+00 6.2857093866541632e+01
4.1953080194287159e+07 6.2355776195868696e-05 5.5181139368775568e+09 6.1636321662878012e+05 5.1541362895392399e+09 1.0919329420149498e+09 1.9286652516781871e+19 1.1368651063958613e-02 3.0000000000000000e+00 6.2857093865437761e+01
4.2142224289991185e+07 6.2355776194729796e-05 5.5181139367431698e+09 6.1636321662502713e+05 5.1541362894137182e+09 1.0919329419883549e+09 1.9548690095818858e+19 1.1419906256817278e-02 3.0000000000000000e+00 6.2857093864323197e+01
4.2332221135690540e+07 6.2355776193580487e-05 5.5181139366075668e+09 6.1636321662124083e+05 5.1541362892870579e+09 1.0919329419615242e+09 1.9814287841283379e+19 1.1471392532040891e-02 3.0000000000000000e+00 6.2857093863198941e+01
4.2523074575980805e+07 6.2355776192420879e-05 5.5181139364707489e+09 6.1636321661742078e+05 5.1541362891592646e+09 1.0919329419344542e+09 2.0083494123279553e+19 1.1523110931456724e-02 3.0000000000000000e+00 6.2857093862064531e+01
4.2714788472790800e+07 6.2355776191250849e-05 5.5181139363326759e+09 6.1636321661356394e+05 5.1541362890303020e+09 1.0919329419071233e+09 2.0356357969090572e+19 1.1575062501589102e-02 3.0000000000000000e+00 6.2857093860919129e+01
4.2907366705460705e+07 6.2355776190070085e-05 5.5181139361933680e+09 6.1636321660967474e+05 5.1541362889001818e+09 1.0919329418795633e+09 2.0632929072107520e+19 1.1627248293680573e-02 3.0000000000000000e+00 6.2857093859764312e+01
4.3100813170820616e+07 6.2355776188878791e-05 5.5181139360528049e+09 6.1636321660574945e+05 5.1541362887688885e+09 1.0919329418517478e+09 2.0913257800879362e+19 1.1679669363713167e-02 3.0000000000000000e+00 6.2857093858598674e+01
4.3295131783269316e+07 6.2355776187676654e-05 5.5181139359109488e+09 6.1636321660178737e+05 5.1541362886363926e+09 1.0919329418236713e+09 2.1197395208285946e+19 1.1732326772429779e-02 3.0000000000000000e+00 6.2857093857422157e+01
4.3490326474853568e+07 6.2355776186463649e-05 5.5181139357678375e+09 6.1636321659779199e+05 5.1541362885027189e+09 1.0919329417953589e+09 2.1485393040835719e+19 1.1785221585355634e-02 3.0000000000000000e+00 6.2857093856235714e+01
4.3686401195347615e+07 6.2355776185239680e-05 5.5181139356234121e+09 6.1636321659375844e+05 5.1541362883678207e+09 1.0919329417667758e+09 2.1777303748089688e+19 1.1838354872819831e-02 3.0000000000000000e+00 6.2857093855038002e+01
4.3883359912333131e+07 6.2355776184004760e-05 5.5181139354776936e+09 6.1636321658968879e+05 5.1541362882317152e+09 1.0919329417379370e+09 2.2073180492213305e+19 1.1891727709977019e-02 3.0000000000000000e+00 6.2857093853829404e+01
4.4081206611279517e+07 6.2355776182758524e-05 5.5181139353306618e+09 6.1636321658558398e+05 5.1541362880943785e+09 1.0919329417088492e+09 2.2373077157658395e+19 1.1945341176829148e-02 3.0000000000000000e+00 6.2857093852610511e+01
4.4279945295624517e+07 6.2355776181501106e-05 5.5181139351822968e+09 6.1636321658144100e+05 5.1541362879558001e+09 1.0919329416794908e+09 2.2677048360976368e+19 1.1999196358247321e-02 3.0000000000000000e+00 6.2857093851380249e+01
4.4479579986855254e+07 6.2355776180232278e-05 5.5181139350325785e+09 6.1636321657725982e+05 5.1541362878159599e+09 1.0919329416498618e+09 2.2985149460764971e+19 1.2053294343993737e-02 3.0000000000000000e+00 6.2857093850138639e+01
4.4680114724589579e+07 6.2355776178952052e-05 5.5181139348815279e+09 6.1636321657304210e+05 5.1541362876748705e+09 1.0919329416199737e+09 2.3297436567749960e+19 1.2107636228743765e-02 3.0000000000000000e+00 6.2857093848886201e+01
4.4881553566657856e+07 6.2355776177660293e-05 5.5181139347291040e+09 6.1636321656878525e+05 5.1541362875325012e+09 1.0919329415898085e+09 2.3613966555004068e+19 1.2162223112108073e-02 3.0000000000000000e+00 6.2857093847622060e+01
4.5083900589185022e+07 6.2355776176356798e-05 5.5181139345752888e+09 6.1636321656448930e+05 5.1541362873888350e+09 1.0919329415593660e+09 2.3934797068304314e+19 1.2217056098654889e-02 3.0000000000000000e+00 6.2857093846346366e+01
4.5287159886673100e+07 6.2355776175041443e-05 5.5181139344201021e+09 6.1636321656015678e+05 5.1541362872438822e+09 1.0919329415286646e+09 2.4259986536630596e+19 1.2272136297932350e-02 3.0000000000000000e+00 6.2857093845059808e+01
4.5491335572084032e+07 6.2355776173714245e-05 5.5181139342635031e+09 6.1636321655578376e+05 5.1541362870976124e+09 1.0919329414976761e+09 2.4589594182806536e+19 1.2327464824490956e-02 3.0000000000000000e+00 6.2857093843761334e+01
4.5696431776922934e+07 6.2355776172375092e-05 5.5181139341054926e+09 6.1636321655137115e+05 5.1541362869500227e+09 1.0919329414664071e+09 2.4923680034284990e+19 1.2383042797906120e-02 3.0000000000000000e+00 6.2857093842450979e+01
4.5902452651321657e+07 6.2355776171023851e-05 5.5181139339460707e+09 6.1636321654692036e+05 5.1541362868011160e+09 1.0919329414348674e+09 2.5262304934080238e+19 1.2438871342800825e-02 3.0000000000000000e+00 6.2857093841129256e+01
4.6109402364122808e+07 6.2355776169660426e-05 5.5181139337851782e+09 6.1636321654242626e+05 5.1541362866508389e+09 1.0919329414030209e+09 2.5605530551848468e+19 1.2494951588868378e-02 3.0000000000000000e+00 6.2857093839794736e+01
4.6317285102964059e+07 6.2355776168284601e-05 5.5181139336228542e+09 6.1636321653789422e+05 5.1541362864992189e+09 1.0919329413709054e+09 2.5953419395118948e+19 1.2551284670895271e-02 3.0000000000000000e+00 6.2857093838448925e+01
4.6526105074362934e+07 6.2355776166896375e-05 5.5181139334590416e+09 6.1636321653331909e+05 5.1541362863462152e+09 1.0919329413384848e+09 2.6306034820677870e+19 1.2607871728784140e-02 3.0000000000000000e+00 6.2857093837090289e+01
4.6735866503801897e+07 6.2355776165495626e-05 5.5181139332937775e+09 6.1636321652870486e+05 5.1541362861918478e+09 1.0919329413057868e+09 2.6663441046106522e+19 1.2664713907576839e-02 3.0000000000000000e+00 6.2857093835720121e+01
4.6946573635813847e+07 6.2355776164082138e-05 5.5181139331269836e+09 6.1636321652404638e+05 5.1541362860360584e+09 1.0919329412727757e+09 2.7025703161476784e+19 1.2721812357477609e-02 3.0000000000000000e+00 6.2857093834336851e+01
4.7158230734068051e+07 6.2355776162655911e-05 5.5181139329587202e+09 6.1636321651934902e+05 5.1541362858788910e+09 1.0919329412394886e+09 2.7392887141204902e+19 1.2779168233876335e-02 3.0000000000000000e+00 6.2857093832941949e+01
4.7370842081456356e+07 6.2355776161216836e-05 5.5181139327889080e+09 6.1636321651460626e+05 5.1541362857202816e+09 1.0919329412058802e+09 2.7765059856066748e+19 1.2836782697371952e-02 3.0000000000000000e+00 6.2857093831533540e+01
4.7584411980179921e+07 6.2355776159764696e-05 5.5181139326175671e+09 6.1636321650982159e+05 5.1541362855602427e+09 1.0919329411719747e+09 2.8142289085376238e+19 1.2894656913795913e-02 3.0000000000000000e+00 6.2857093830112809e+01
4.7798944751836210e+07 6.2355776158299478e-05 5.5181139324446964e+09 6.1636321650499525e+05 5.1541362853987732e+09 1.0919329411377738e+09 2.8524643529328951e+19 1.2952792054235778e-02 3.0000000000000000e+00 6.2857093828679545e+01
4.8014444737506486e+07 6.2355776156820979e-05 5.5181139322702379e+09 6.1636321650012303e+05 5.1541362852358227e+09 1.0919329411032476e+09 2.8912192821513937e+19 1.3011189295058926e-02 3.0000000000000000e+00 6.2857093827232738e+01
4.8230916297843635e+07 6.2355776155329184e-05 5.5181139320942106e+09 6.1636321649520705e+05 5.1541362850714073e+09 1.0919329410684116e+09 2.9305007541595038e+19 1.3069849817936345e-02 3.0000000000000000e+00 6.2857093825772978e+01
4.8448363813160390e+07 6.2355776153823864e-05 5.5181139319165964e+09 6.1636321649024752e+05 5.1541362849055099e+09 1.0919329410332668e+09 2.9703159228164760e+19 1.3128774809866541e-02 3.0000000000000000e+00 6.2857093824300215e+01
4.8666791683517992e+07 6.2355776152304938e-05 5.5181139317373734e+09 6.1636321648524259e+05 5.1541362847381086e+09 1.0919329409978004e+09 3.0106720391772717e+19 1.3187965463199570e-02 3.0000000000000000e+00 6.2857093822813937e+01
4.8886204328815222e+07 6.2355776150772377e-05 5.5181139315565443e+09 6.1636321648019296e+05 5.1541362845692053e+09 1.0919329409620173e+09 3.0515764528131252e+19 1.3247422975661163e-02 3.0000000000000000e+00 6.2857093821314415e+01
4.9106606188877814e+07 6.2355776149225858e-05 5.5181139313740673e+09 6.1636321647509746e+05 5.1541362843987656e+09 1.0919329409259090e+09 3.0930366131500061e+19 1.3307148550376943e-02 3.0000000000000000e+00 6.2857093819801314e+01
4.9328001723548330e+07 6.2355776147665379e-05 5.5181139311899443e+09 6.1636321646995586e+05 5.1541362842267857e+09 1.0919329408894742e+09 3.1350600708253135e+19 1.3367143395896808e-02 3.0000000000000000e+00 6.2857093818274564e+01
4.9550395412776366e+07 6.2355776146090738e-05 5.5181139310041542e+09 6.1636321646476816e+05 5.1541362840532503e+09 1.0919329408527126e+09 3.1776544790629728e+19 1.3427408726219338e-02 3.0000000000000000e+00 6.2857093816734142e+01
4.9773791756709248e+07 6.2355776144502016e-05 5.5181139308166981e+09 6.1636321645953367e+05 5.1541362838781605e+09 1.0919329408156195e+09 3.2208275950672269e+19 1.3487945760816399e-02 3.0000000000000000e+00 6.2857093815179603e+01
4.9998195275783047e+07 6.2355776142898793e-05 5.5181139306275368e+09 6.1636321645425167e+05 5.1541362837014732e+09 1.0919329407781897e+09 3.2645872814353699e+19 1.3548755724657807e-02 3.0000000000000000e+00 6.2857093813611179e+01
5.0223610510814093e+07 6.2355776141281163e-05 5.5181139304366693e+09 6.1636321644892171e+05 5.1541362835231953e+09 1.0919329407404201e+09 3.3089415075896480e+19 1.3609839848236107e-02 3.0000000000000000e+00 6.2857093812028452e+01
5.0450042023090817e+07 6.2355776139648910e-05 5.5181139302440567e+09 6.1636321644354193e+05 5.1541362833432913e+09 1.0919329407022972e+09 3.3538983512286474e+19 1.3671199367591477e-02 3.0000000000000000e+00 6.2857093810430861e+01
5.0677494394466095e+07 6.2355776138001926e-05 5.5181139300497398e+09 6.1636321643811674e+05 5.1541362831617908e+09 1.0919329406638527e+09 3.3994659997983949e+19 1.3732835524336753e-02 3.0000000000000000e+00 6.2857093808819812e+01
5.0905972227449916e+07 6.2355776136339993e-05 5.5181139298536377e+09 6.1636321643264010e+05 5.1541362829786234e+09 1.0919329406250436e+09 3.4456527519834206e+19 1.3794749565682529e-02 3.0000000000000000e+00 6.2857093807193579e+01
5.1135480145302549e+07 6.2355776134663098e-05 5.5181139296557722e+09 6.1636321642711456e+05 5.1541362827938108e+09 1.0919329405858881e+09 3.4924670192181105e+19 1.3856942744462411e-02 3.0000000000000000e+00 6.2857093805552708e+01
5.1366022792128071e+07 6.2355776132970930e-05 5.5181139294561214e+09 6.1636321642154013e+05 5.1541362826073275e+09 1.0919329405463860e+09 3.5399173272185627e+19 1.3919416319158363e-02 3.0000000000000000e+00 6.2857093803897456e+01
5.1597604832968369e+07 6.2355776131263582e-05 5.5181139292546682e+09 6.1636321641591447e+05 5.1541362824191608e+09 1.0919329405065210e+09 3.5880123175353033e+19 1.3982171553926183e-02 3.0000000000000000e+00 6.2857093802226956e+01
5.1830230953897499e+07 6.2355776129540839e-05 5.5181139290513916e+09 6.1636321641023783e+05 5.1541362822292948e+09 1.0919329404662945e+09 3.6367607491270324e+19 1.4045209718621053e-02 3.0000000000000000e+00 6.2857093800541158e+01
5.2063905862116531e+07 6.2355776127802470e-05 5.5181139288462715e+09 6.1636321640450950e+05 5.1541362820377045e+09 1.0919329404257019e+09 3.6861714999558091e+19 1.4108532088823265e-02 3.0000000000000000e+00 6.2857093798840118e+01
5.2298634286048815e+07 6.2355776126048380e-05 5.5181139286393099e+09 6.1636321639873064e+05 5.1541362818443937e+09 1.0919329403847513e+09 3.7362535686038831e+19 1.4172139945864037e-02 3.0000000000000000e+00 6.2857093797124122e+01
5.2534420975435622e+07 6.2355776124278447e-05 5.5181139284304647e+09 6.1636321639289823e+05 5.1541362816493254e+09 1.0919329403434210e+09 3.7870160759124951e+19 1.4236034576851395e-02 3.0000000000000000e+00 6.2857093795392167e+01
5.2771270701432303e+07 6.2355776122492455e-05 5.5181139282197390e+09 6.1636321638701437e+05 5.1541362814524975e+09 1.0919329403017263e+09 3.8384682666429465e+19 1.4300217274696278e-02 3.0000000000000000e+00 6.2857093793645056e+01
5.3009188256704777e+07 6.2355776120690402e-05 5.5181139280071106e+09 6.1636321638107672e+05 5.1541362812538948e+09 1.0919329402596505e+09 3.8906195111602340e+19 1.4364689338138654e-02 3.0000000000000000e+00 6.2857093791881837e+01
5.3248178455526561e+07 6.2355776118872073e-05 5.5181139277925615e+09 6.1636321637508553e+05 5.1541362810534973e+09 1.0919329402171950e+09 3.9434793071395594e+19 1.4429452071773818e-02 3.0000000000000000e+00 6.2857093790102674e+01
5.3488246133876167e+07 6.2355776117037332e-05 5.5181139275760717e+09 6.1636321636903984e+05 5.1541362808512888e+09 1.0919329401743536e+09 3.9970572812960375e+19 1.4494506786078805e-02 3.0000000000000000e+00 6.2857093788307417e+01
5.3729396149534948e+07 6.2355776115185881e-05 5.5181139273576212e+09 6.1636321636294015e+05 5.1541362806472464e+09 1.0919329401311293e+09 4.0513631911378821e+19 1.4559854797438867e-02 3.0000000000000000e+00 6.2857093786496186e+01
5.3971633382185414e+07 6.2355776113317814e-05 5.5181139271372099e+09 6.1636321635678550e+05 5.1541362804413710e+09 1.0919329400875156e+09 4.1064069267434234e+19 1.4625497428174161e-02 3.0000000000000000e+00 6.2857093784668550e+01
5.4214962733509965e+07 6.2355776111432793e-05 5.5181139269147997e+09 6.1636321635057521e+05 5.1541362802336302e+09 1.0919329400435078e+09 4.1621985125622686e+19 1.4691436006566451e-02 3.0000000000000000e+00 6.2857093782824421e+01
5.4459389127290078e+07 6.2355776109530831e-05 5.5181139266903696e+09 6.1636321634430718e+05 5.1541362800240049e+09 1.0919329399990904e+09 4.2187481092409434e+19 1.4757671866886047e-02 3.0000000000000000e+00 6.2857093780963162e+01
5.4704917509506032e+07 6.2355776107611590e-05 5.5181139264639206e+09 6.1636321633798419e+05 5.1541362798124933e+09 1.0919329399542840e+09 4.2760660154733355e+19 1.4824206349418778e-02 3.0000000000000000e+00 6.2857093779085488e+01
5.4951552848436594e+07 6.2355776105675056e-05 5.5181139262354136e+09 6.1636321633160254e+05 5.1541362795990610e+09 1.0919329399090617e+09 4.3341626698761888e+19 1.4891040800493027e-02 3.0000000000000000e+00 6.2857093777190478e+01
5.5199300134760164e+07 6.2355776103721039e-05 5.5181139260048666e+09 6.1636321632516524e+05 5.1541362793837185e+09 1.0919329398634450e+09 4.3930486528903029e+19 1.4958176572507149e-02 3.0000000000000000e+00 6.2857093775278891e+01
5.5448164381655343e+07 6.2355776101749282e-05 5.5181139257722235e+09 6.1636321631866950e+05 5.1541362791664200e+09 1.0919329398174143e+09 4.4527346887073128e+19 1.5025615023956693e-02 3.0000000000000000e+00 6.2857093773349973e+01
5.5698150624902502e+07 6.2355776099759811e-05 5.5181139255374622e+09 6.1636321631211252e+05 5.1541362789471464e+09 1.0919329397709498e+09 4.5132316472228053e+19 1.5093357519461963e-02 3.0000000000000000e+00 6.2857093771402887e+01
5.5949263922985643e+07 6.2355776097752289e-05 5.5181139253006029e+09 6.1636321630549920e+05 5.1541362787259083e+09 1.0919329397240858e+09 4.5745505460158947e+19 1.5161405429795584e-02 3.0000000000000000e+00 6.2857093769439025e+01
5.6201509357194789e+07 6.2355776095726606e-05 5.5181139250615873e+09 6.1636321629882464e+05 5.1541362785026588e+09 1.0919329396767879e+09 4.6367025523557360e+19 1.5229760131910292e-02 3.0000000000000000e+00 6.2857093767457037e+01
5.6454892031728789e+07 6.2355776093682641e-05 5.5181139248204155e+09 6.1636321629209002e+05 5.1541362782773943e+09 1.0919329396290643e+09 4.6996989852352799e+19 1.5298423008966743e-02 3.0000000000000000e+00 6.2857093765457236e+01
5.6709417073798619e+07 6.2355776091620286e-05 5.5181139245770674e+09 6.1636321628529439e+05 5.1541362780500994e+09 1.0919329395809085e+09 4.7635513174326731e+19 1.5367395450361532e-02 3.0000000000000000e+00 6.2857093763439153e+01
5.6965089633731104e+07 6.2355776089539214e-05 5.5181139243315239e+09 6.1636321627843799e+05 5.1541362778207502e+09 1.0919329395323219e+09 4.8282711776006406e+19 1.5436678851755320e-02 3.0000000000000000e+00 6.2857093761403156e+01
5.7221914885073155e+07 6.2355776087439304e-05 5.5181139240837460e+09 6.1636321627151850e+05 5.1541362775893164e+09 1.0919329394832885e+09 4.8938703523842875e+19 1.5506274615101035e-02 3.0000000000000000e+00 6.2857093759348516e+01
5.7479898024696454e+07 6.2355776085320461e-05 5.5181139238337326e+09 6.1636321626453660e+05 5.1541362773557959e+09 1.0919329394338126e+09 4.9603607885676446e+19 1.5576184148672276e-02 3.0000000000000000e+00 6.2857093757275244e+01
5.7739044272902593e+07 6.2355776083182455e-05 5.5181139235814648e+09 6.1636321625749208e+05 5.1541362771201677e+09 1.0919329393838933e+09 5.0277545952493904e+19 1.5646408867091781e-02 3.0000000000000000e+00 6.2857093755183335e+01
5.7999358873528749e+07 6.2355776081025055e-05 5.5181139233269224e+09 6.1636321625038516e+05 5.1541362768824139e+09 1.0919329393335314e+09 5.0960640460481626e+19 1.5716950191360098e-02 3.0000000000000000e+00 6.2857093753072959e+01
5.8260847094053753e+07 6.2355776078848289e-05 5.5181139230700865e+09 6.1636321624321328e+05 5.1541362766425161e+09 1.0919329392827094e+09 5.1653015813377638e+19 1.5787809548884268e-02 3.0000000000000000e+00 6.2857093750943271e+01
5.8523514225704700e+07 6.2355776076651790e-05 5.5181139228109179e+09 6.1636321623597620e+05 5.1541362764004431e+09 1.0919329392314253e+09 5.2354798105128075e+19 1.5858988373506785e-02 3.0000000000000000e+00 6.2857093748794270e+01
5.8787365583563998e+07 6.2355776074435478e-05 5.5181139225493975e+09 6.1636321622867254e+05 5.1541362761561747e+09 1.0919329391796694e+09 5.3066115142850945e+19 1.5930488105534553e-02 3.0000000000000000e+00 6.2857093746625431e+01
5.9052406506676942e+07 6.2355776072199108e-05 5.5181139222855234e+09 6.1636321622130391e+05 5.1541362759097052e+09 1.0919329391274531e+09 5.3787096470112215e+19 1.6002310191768055e-02 3.0000000000000000e+00 6.2857093744437293e+01
5.9318642358159743e+07 6.2355776069942463e-05 5.5181139220192585e+09 6.1636321621386870e+05 5.1541362756610041e+09 1.0919329390747650e+09 5.4517873390517977e+19 1.6074456085530632e-02 3.0000000000000000e+00 6.2857093742229488e+01
5.9586078525308028e+07 6.2355776067665557e-05 5.5181139217506008e+09 6.1636321620636643e+05 5.1541362754100666e+09 1.0919329390216017e+09 5.5258578991627092e+19 1.6146927246697879e-02 3.0000000000000000e+00 6.2857093740001680e+01
5.9854720419705883e+07 6.2355776065367943e-05 5.5181139214795132e+09 6.1636321619879734e+05 5.1541362751568594e+09 1.0919329389679649e+09 5.6009348169189016e+19 1.6219725141727190e-02 3.0000000000000000e+00 6.2857093737754028e+01
6.0124573477335356e+07 6.2355776063049607e-05 5.5181139212059555e+09 6.1636321619115747e+05 5.1541362749013462e+09 1.0919329389138265e+09 5.6770317651710599e+19 1.6292851243687435e-02 3.0000000000000000e+00 6.2857093735485407e+01
6.0395643158686414e+07 6.2355776060710441e-05 5.5181139209299469e+09 6.1636321618344984e+05 5.1541362746435461e+09 1.0919329388592079e+09 5.7541626025356689e+19 1.6366307032288765e-02 3.0000000000000000e+00 6.2857093733196507e+01
6.0667934948867500e+07 6.2355776058350024e-05 5.5181139206514482e+09 6.1636321617567353e+05 5.1541362743834133e+09 1.0919329388041027e+09 5.8323413759189492e+19 1.6440093993912563e-02 3.0000000000000000e+00 6.2857093730887414e+01
6.0941454357716456e+07 6.2355776055968208e-05 5.5181139203704205e+09 6.1636321616782644e+05 5.1541362741209211e+09 1.0919329387484958e+09 5.9115823230750106e+19 1.6514213621641495e-02 3.0000000000000000e+00 6.2857093728557288e+01
6.1216206919912070e+07 6.2355776053564925e-05 5.5181139200868454e+09 6.1636321615990740e+05 5.1541362738560534e+09 1.0919329386923792e+09 5.9918998751988220e+19 1.6588667415289755e-02 3.0000000000000000e+00 6.2857093726205697e+01
6.1492198195086047e+07 6.2355776051140025e-05 5.5181139198007202e+09 6.1636321615191712e+05 5.1541362735888023e+09 1.0919329386357579e+09 6.0733086595543974e+19 1.6663456881433395e-02 3.0000000000000000e+00 6.2857093723832890e+01
6.1769433767935507e+07 6.2355776048693103e-05 5.5181139195120087e+09 6.1636321614385536e+05 5.1541362733191338e+09 1.0919329385786297e+09 6.1558235021386686e+19 1.6738583533440814e-02 3.0000000000000000e+00 6.2857093721439028e+01
6.2047919248335987e+07 6.2355776046224117e-05 5.5181139192206888e+09 6.1636321613572026e+05 5.1541362730470276e+09 1.0919329385209820e+09 6.2394594303815705e+19 1.6814048891503373e-02 3.0000000000000000e+00 6.2857093719023311e+01
6.2327660271454982e+07 6.2355776043732770e-05 5.5181139189267225e+09 6.1636321612751111e+05 5.1541362727724533e+09 1.0919329384628096e+09 6.3242316758827926e+19 1.6889854482666188e-02 3.0000000000000000e+00 6.2857093716585609e+01
6.2608662497865945e+07 6.2355776041218925e-05 5.5181139186301098e+09 6.1636321611922840e+05 5.1541362724954062e+09 1.0919329384041157e+09 6.4101556771857555e+19 1.6966001840858974e-02 3.0000000000000000e+00 6.2857093714126080e+01
6.2890931613662831e+07 6.2355776038682393e-05 5.5181139183308115e+09 6.1636321611087001e+05 5.1541362722158499e+09 1.0919329383448858e+09 6.4972470825892192e+19 1.7042492506927142e-02 3.0000000000000000e+00 6.2857093711644090e+01
6.3174473330575198e+07 6.2355776036122917e-05 5.5181139180288267e+09 6.1636321610243805e+05 5.1541362719337816e+09 1.0919329382851346e+09 6.5855217529971261e+19 1.7119328028662950e-02 3.0000000000000000e+00 6.2857093709140223e+01
6.3459293386083707e+07 6.2355776033540294e-05 5.5181139177240982e+09 6.1636321609392879e+05 5.1541362716491547e+09 1.0919329382248354e+09 6.6749957648071500e+19 1.7196509960836812e-02 3.0000000000000000e+00 6.2857093706613419e+01
6.3745397543536291e+07 6.2355776030934305e-05 5.5181139174166050e+09 6.1636321608534153e+05 5.1541362713619442e+09 1.0919329381639833e+09 6.7656854128385171e+19 1.7274039865228775e-02 3.0000000000000000e+00 6.2857093704063523e+01
6.4032791592264757e+07 6.2355776028304817e-05 5.5181139171063480e+09 6.1636321607667790e+05 5.1541362710721502e+09 1.0919329381025903e+09 6.8576072132995629e+19 1.7351919310660137e-02 3.0000000000000000e+00 6.2857093701490825e+01
6.4321481347701892e+07 6.2355776025651530e-05 5.5181139167932873e+09 6.1636321606793627e+05 5.1541362707797394e+09 1.0919329380406446e+09 6.9507779067956290e+19 1.7430149873025158e-02 3.0000000000000000e+00 6.2857093698894957e+01
6.4611472651499204e+07 6.2355776022974310e-05 5.5181139164773836e+09 6.1636321605911409e+05 5.1541362704846764e+09 1.0919329379781282e+09 7.0452144613778391e+19 1.7508733135322960e-02 3.0000000000000000e+00 6.2857093696275214e+01
6.4902771371645086e+07 6.2355776020272844e-05 5.5181139161586380e+09 6.1636321605021344e+05 5.1541362701869516e+09 1.0919329379150553e+09 7.1409340756332855e+19 1.7587670687689572e-02 3.0000000000000000e+00 6.2857093693632244e+01
6.5195383402583562e+07 6.2355776017546997e-05 5.5181139158370094e+09 6.1636321604123223e+05 5.1541362698865395e+09 1.0919329378514118e+09 7.2379541818171802e+19 1.7666964127430101e-02 3.0000000000000000e+00 6.2857093690965272e+01
6.5489314665333569e+07 6.2355776014796566e-05 5.5181139155124807e+09 6.1636321603216999e+05 5.1541362695834179e+09 1.0919329377871943e+09 7.3362924490276053e+19 1.7746615059051046e-02 3.0000000000000000e+00 6.2857093688274176e+01
6.5784571107608758e+07 6.2355776012021211e-05 5.5181139151850109e+09 6.1636321602302534e+05 5.1541362692775469e+09 1.0919329377223926e+09 7.4359667864233574e+19 1.7826625094292760e-02 3.0000000000000000e+00 6.2857093685558780e+01
6.6081158703937866e+07 6.2355776009220704e-05 5.5181139148545809e+09 6.1636321601379872e+05 5.1541362689689102e+09 1.0919329376570101e+09 7.5369953464855216e+19 1.7906995852162082e-02 3.0000000000000000e+00 6.2857093682818999e+01
6.6379083455785595e+07 6.2355776006395069e-05 5.5181139145211706e+09 6.1636321600448806e+05 5.1541362686574955e+09 1.0919329375910320e+09 7.6393965283233890e+19 1.7987728958965100e-02 3.0000000000000000e+00 6.2857093680054142e+01
6.6678351391674042e+07 6.2355776003543726e-05 5.5181139141847420e+09 6.1636321599509381e+05 5.1541362683432550e+09 1.0919329375244615e+09 7.7431889810252251e+19 1.8068826048340023e-02 3.0000000000000000e+00 6.2857093677264558e+01
6.6978968567304708e+07 6.2355776000666687e-05 5.5181139138452740e+09 6.1636321598561434e+05 5.1541362680261793e+09 1.0919329374572871e+09 7.8483916070546375e+19 1.8150288761290281e-02 3.0000000000000000e+00 6.2857093674449708e+01
6.7280941065681040e+07 6.2355775997763722e-05 5.5181139135027475e+09 6.1636321597604943e+05 5.1541362677062445e+09 1.0919329373895073e+09 7.9550235656930263e+19 1.8232118746217711e-02 3.0000000000000000e+00 6.2857093671609313e+01
6.7584274997231483e+07 6.2355775994834411e-05 5.5181139131571045e+09 6.1636321596639697e+05 5.1541362673834019e+09 1.0919329373211071e+09 8.0631042765288522e+19 1.8314317658955904e-02 3.0000000000000000e+00 6.2857093668743119e+01
6.7888976499933168e+07 6.2355775991878605e-05 5.5181139128083448e+09 6.1636321595665812e+05 5.1541362670576468e+09 1.0919329372520947e+09 8.1726534229942845e+19 1.8396887162803733e-02 3.0000000000000000e+00 6.2857093665851288e+01
6.8195051739436090e+07 6.2355775988896236e-05 5.5181139124564476e+09 6.1636321594683151e+05 5.1541362667289610e+09 1.0919329371824605e+09 8.2836909559498998e+19 1.8479828928558987e-02 3.0000000000000000e+00 6.2857093662933160e+01
6.8502506909187883e+07 6.2355775985886830e-05 5.5181139121013556e+09 6.1636321593691525e+05 5.1541362663972912e+09 1.0919329371121910e+09 8.3962370973181067e+19 1.8563144634552203e-02 3.0000000000000000e+00 6.2857093659988600e+01
6.8811348230559126e+07 6.2355775982850183e-05 5.5181139117430677e+09 6.1636321592691098e+05 5.1541362660626335e+09 1.0919329370412979e+09 8.5103123437658948e+19 1.8646835966680594e-02 3.0000000000000000e+00 6.2857093657017906e+01
6.9121581952969253e+07 6.2355775979786160e-05 5.5181139113815260e+09 6.1636321591681452e+05 5.1541362657249432e+09 1.0919329369697514e+09 8.6259374704376594e+19 1.8730904618442214e-02 3.0000000000000000e+00 6.2857093654019693e+01
6.9433214354012996e+07 6.2355775976694354e-05 5.5181139110167294e+09 6.1636321590662841e+05 5.1541362653842058e+09 1.0919329368975694e+09 8.7431335347387433e+19 1.8815352290970165e-02 3.0000000000000000e+00 6.2857093650995068e+01
6.9746251739587411e+07 6.2355775973574738e-05 5.5181139106486397e+09 6.1636321589634987e+05 5.1541362650403976e+09 1.0919329368247328e+09 8.8619218801703289e+19 1.8900180693067061e-02 3.0000000000000000e+00 6.2857093647942754e+01
7.0060700444019511e+07 6.2355775970426866e-05 5.5181139102772169e+09 6.1636321588597796e+05 5.1541362646934719e+09 1.0919329367512343e+09 8.9823241402165117e+19 1.8985391541239603e-02 3.0000000000000000e+00 6.2857093644862864e+01
7.0376566830194414e+07 6.2355775967250546e-05 5.5181139099024220e+09 6.1636321587551106e+05 5.1541362643434019e+09 1.0919329366770627e+09 9.1043622422841229e+19 1.9070986559733303e-02 3.0000000000000000e+00 6.2857093641754759e+01
7.0693857289684057e+07 6.2355775964045414e-05 5.5181139095242558e+09 6.1636321586495196e+05 5.1541362639901772e+09 1.0919329366022379e+09 9.2280584116960870e+19 1.9156967480567357e-02 3.0000000000000000e+00 6.2857093638619340e+01
7.1012578242876604e+07 6.2355775960811483e-05 5.5181139091426783e+09 6.1636321585429646e+05 5.1541362636337671e+09 1.0919329365267298e+09 9.3534351757390987e+19 1.9243336043569731e-02 3.0000000000000000e+00 6.2857093635455172e+01
7.1332736139106348e+07 6.2355775957548211e-05 5.5181139087576303e+09 6.1636321584354388e+05 5.1541362632741213e+09 1.0919329364505339e+09 9.4805153677662011e+19 1.9330093996412341e-02 3.0000000000000000e+00 6.2857093632262284e+01
7.1654337456784144e+07 6.2355775954255570e-05 5.5181139083691320e+09 6.1636321583269560e+05 5.1541362629112453e+09 1.0919329363736598e+09 9.6093221313551598e+19 1.9417243094646423e-02 3.0000000000000000e+00 6.2857093629040833e+01
7.1977388703528598e+07 6.2355775950933033e-05 5.5181139079771051e+09 6.1636321582174883e+05 5.1541362625450773e+09 1.0919329362960877e+09 9.7398789245233365e+19 1.9504785101738045e-02 3.0000000000000000e+00 6.2857093625790270e+01
7.2301896416297689e+07 6.2355775947580585e-05 5.5181139075815306e+09 6.1636321581070172e+05 5.1541362621755962e+09 1.0919329362178047e+09 9.8722095239998030e+19 1.9592721789103821e-02 3.0000000000000000e+00 6.2857093622509893e+01
7.2627867161521047e+07 6.2355775944197793e-05 5.5181139071823874e+09 6.1636321579955588e+05 5.1541362618027811e+09 1.0919329361388221e+09 1.0006338029555502e+20 1.9681054936146726e-02 3.0000000000000000e+00 6.2857093619200185e+01
7.2955307535232842e+07 6.2355775940784426e-05 5.5181139067796373e+09 6.1636321578830923e+05 5.1541362614265966e+09 1.0919329360591249e+09 1.0142288868392259e+20 1.9769786330292104e-02 3.0000000000000000e+00 6.2857093615860485e+01
7.3284224163205400e+07 6.2355775937340254e-05 5.5181139063732595e+09 6.1636321577696176e+05 5.1541362610470219e+09 1.0919329359787133e+09 1.0280086799591470e+20 1.9858917767023906e-02 3.0000000000000000e+00 6.2857093612490878e+01
7.3614623701082677e+07 6.2355775933864858e-05 5.5181139059631968e+09 6.1636321576551138e+05 5.1541362606640062e+09 1.0919329358975725e+09 1.0419756918622917e+20 1.9948451049920820e-02 3.0000000000000000e+00 6.2857093609090754e+01
7.3946512834515825e+07 6.2355775930358114e-05 5.5181139055494289e+09 6.1636321575395716e+05 5.1541362602775316e+09 1.0919329358156960e+09 1.0561324661915499e+20 2.0038387990693043e-02 3.0000000000000000e+00 6.2857093605659742e+01
7.4279898279297903e+07 6.2355775926819699e-05 5.5181139051319170e+09 6.1636321574229770e+05 5.1541362598875580e+09 1.0919329357330737e+09 1.0704815811489381e+20 2.0128730409218760e-02 3.0000000000000000e+00 6.2857093602197608e+01
7.4614786781499907e+07 6.2355775923249258e-05 5.5181139047106409e+09 6.1636321573053440e+05 5.1541362594940701e+09 1.0919329356497154e+09 1.0850256499651456e+20 2.0219480133581016e-02 3.0000000000000000e+00 6.2857093598704473e+01
7.4951185117607236e+07 6.2355775919646590e-05 5.5181139042855415e+09 6.1636321571866283e+05 5.1541362590970125e+09 1.0919329355655899e+09 1.0997673213754470e+20 2.0310639000104706e-02 3.0000000000000000e+00 6.2857093595179258e+01
7.5289100094656900e+07 6.2355775916011355e-05 5.5181139038566198e+09 6.1636321570668579e+05 5.1541362586963816e+09 1.0919329354807172e+09 1.1147092801020876e+20 2.0402208853393729e-02 3.0000000000000000e+00 6.2857093591622693e+01
7.5628538550375178e+07 6.2355775912343228e-05 5.5181139034238157e+09 6.1636321569460025e+05 5.1541362582921228e+09 1.0919329353950753e+09 1.1298542473432167e+20 2.0494191546368317e-02 3.0000000000000000e+00 6.2857093588034054e+01
7.5969507353316024e+07 6.2355775908641979e-05 5.5181139029870911e+09 6.1636321568240458e+05 5.1541362578842068e+09 1.0919329353086531e+09 1.1452049812684684e+20 2.0586588940302537e-02 3.0000000000000000e+00 6.2857093584412588e+01
7.6312013403000087e+07 6.2355775904907282e-05 5.5181139025464258e+09 6.1636321567009902e+05 5.1541362574726076e+09 1.0919329352214525e+09 1.1607642775212743e+20 2.0679402904861952e-02 3.0000000000000000e+00 6.2857093580758480e+01
7.6656063630054206e+07 6.2355775901138907e-05 5.5181139021017818e+09 6.1636321565768216e+05 5.1541362570572929e+09 1.0919329351334629e+09 1.1765349697279961e+20 2.0772635318141427e-02 3.0000000000000000e+00 6.2857093577071318e+01
7.7001664996351764e+07 6.2355775897336420e-05 5.5181139016531181e+09 6.1636321564515354e+05 5.1541362566382256e+09 1.0919329350446813e+09 1.1925199300139835e+20 2.0866288066703171e-02 3.0000000000000000e+00 6.2857093573350930e+01
7.7348824495153546e+07 6.2355775893499591e-05 5.5181139012003965e+09 6.1636321563251107e+05 5.1541362562153664e+09 1.0919329349550931e+09 1.2087220695266406e+20 2.0960363045614893e-02 3.0000000000000000e+00 6.2857093569596834e+01
7.7697549151249170e+07 6.2355775889627973e-05 5.5181139007435970e+09 6.1636321561975637e+05 5.1541362557886934e+09 1.0919329348647096e+09 1.2251443389655928e+20 2.1054862158488140e-02 3.0000000000000000e+00 6.2857093565809500e+01
7.8047846021099359e+07 6.2355775885721484e-05 5.5181139002826614e+09 6.1636321560688503e+05 5.1541362553581629e+09 1.0919329347734995e+09 1.2417897291200682e+20 2.1149787317516839e-02 3.0000000000000000e+00 6.2857093561987298e+01
7.8399722192978591e+07 6.2355775881779650e-05 5.5181138998175497e+09 6.1636321559389657e+05 5.1541362549237318e+09 1.0919329346814594e+09 1.2586612714135675e+20 2.1245140443515973e-02 3.0000000000000000e+00 6.2857093558130465e+01
7.8753184787118629e+07 6.2355775877802146e-05 5.5181138993482428e+09 6.1636321558079170e+05 5.1541362544853773e+09 1.0919329345885944e+09 1.2757620384559461e+20 2.1340923465960445e-02 3.0000000000000000e+00 6.2857093554239086e+01
7.9108240955852583e+07 6.2355775873788755e-05 5.5181138988746824e+09 6.1636321556756715e+05 5.1541362540430574e+09 1.0919329344948814e+09 1.2930951446029884e+20 2.1437138323024140e-02 3.0000000000000000e+00 6.2857093550312072e+01
7.9464897883759588e+07 6.2355775869739151e-05 5.5181138983968668e+09 6.1636321555422456e+05 5.1541362535967560e+09 1.0919329344003317e+09 1.3106637465235862e+20 2.1533786961619127e-02 3.0000000000000000e+00 6.2857093546350022e+01
7.9823162787810266e+07 6.2355775865652875e-05 5.5181138979147196e+09 6.1636321554076090e+05 5.1541362531464119e+09 1.0919329343049242e+09 1.3284710437746319e+20 2.1630871337435079e-02 3.0000000000000000e+00 6.2857093542352089e+01
8.0183042917512685e+07 6.2355775861529721e-05 5.5181138974282198e+09 6.1636321552717569e+05 5.1541362526920033e+09 1.0919329342086556e+09 1.3465202793837047e+20 2.1728393414978803e-02 3.0000000000000000e+00 6.2857093538317976e+01
8.0544545555059075e+07 6.2355775857369231e-05 5.5181138969373083e+09 6.1636321551346662e+05 5.1541362522334719e+09 1.0919329341115091e+09 1.3648147404396913e+20 2.1826355167614029e-02 3.0000000000000000e+00 6.2857093534247170e+01
8.0907678015473217e+07 6.2355775853171200e-05 5.5181138964419670e+09 6.1636321549963392e+05 5.1541362517708044e+09 1.0919329340134864e+09 1.3833577586914207e+20 2.1924758577601334e-02 3.0000000000000000e+00 6.2857093530139601e+01
8.1272447646758437e+07 6.2355775848935168e-05 5.5181138959421568e+09 6.1636321548567759e+05 5.1541362513039608e+09 1.0919329339145877e+09 1.4021527111544378e+20 2.2023605636138244e-02 3.0000000000000000e+00 6.2857093525995353e+01
8.1638861830046281e+07 6.2355775844660932e-05 5.5181138954378366e+09 6.1636321547159506e+05 5.1541362508329058e+09 1.0919329338147948e+09 1.4212030207260149e+20 2.2122898343399536e-02 3.0000000000000000e+00 6.2857093521813638e+01
8.2006927979745895e+07 6.2355775840348030e-05 5.5181138949289484e+09 6.1636321545738447e+05 5.1541362503575830e+09 1.0919329337140944e+09 1.4405121568085236e+20 2.2222638708577689e-02 3.0000000000000000e+00 6.2857093517593860e+01
8.2376653543694034e+07 6.2355775835996137e-05 5.5181138944154539e+09 6.1636321544304513e+05 5.1541362498779612e+09 1.0919329336124816e+09 1.4600836359412772e+20 2.2322828749923584e-02 3.0000000000000000e+00 6.2857093513335862e+01
8.2748046003305808e+07 6.2355775831604928e-05 5.5181138938973322e+09 6.1636321542857727e+05 5.1541362493940144e+09 1.0919329335099580e+09 1.4799210224409543e+20 2.2423470494787295e-02 3.0000000000000000e+00 6.2857093509039657e+01
8.3121112873726010e+07 6.2355775827173943e-05 5.5181138933745251e+09 6.1636321541397879e+05 5.1541362489056873e+09 1.0919329334065089e+09 1.5000279290507205e+20 2.2524565979659149e-02 3.0000000000000000e+00 6.2857093504704892e+01
8.3495861703981251e+07 6.2355775822703100e-05 5.5181138928469744e+09 6.1636321539924550e+05 5.1541362484129391e+09 1.0919329333021045e+09 1.5204080175981838e+20 2.2626117250210891e-02 3.0000000000000000e+00 6.2857093500329839e+01
8.3872300077132657e+07 6.2355775818191708e-05 5.5181138923146791e+09 6.1636321538438229e+05 5.1541362479157534e+09 1.0919329331967793e+09 1.5410649996622679e+20 2.2728126361337156e-02 3.0000000000000000e+00 6.2857093495916352e+01
8.4250435610429361e+07 6.2355775813639549e-05 5.5181138917775602e+09 6.1636321536938357e+05 5.1541362474140635e+09 1.0919329330904939e+09 1.5620026372491618e+20 2.2830595377196956e-02 3.0000000000000000e+00 6.2857093491462571e+01
8.4630275955462590e+07 6.2355775809046300e-05 5.5181138912356005e+09 6.1636321535425005e+05 5.1541362469078503e+09 1.0919329329832535e+09 1.5832247434774492e+20 2.2933526371255508e-02 3.0000000000000000e+00 6.2857093486968743e+01
8.5011828798320562e+07 6.2355775804411620e-05 5.5181138906887388e+09 6.1636321533897868e+05 5.1541362463970604e+09 1.0919329328750360e+09 1.6047351832725468e+20 2.3036921426326185e-02 3.0000000000000000e+00 6.2857093482433946e+01
8.5395101859743908e+07 6.2355775799734968e-05 5.5181138901369181e+09 6.1636321532356855e+05 5.1541362458816414e+09 1.0919329327658353e+09 1.6265378740705716e+20 2.3140782634612635e-02 3.0000000000000000e+00 6.2857093477857980e+01
8.5780102895282045e+07 6.2355775795016005e-05 5.5181138895801363e+09 6.1636321530802199e+05 5.1541362453615828e+09 1.0919329326556675e+09 1.6486367865317805e+20 2.3245112097751156e-02 3.0000000000000000e+00 6.2857093473241505e+01
8.6166839695449963e+07 6.2355775790254501e-05 5.5181138890182972e+09 6.1636321529233153e+05 5.1541362448368044e+09 1.0919329325444803e+09 1.6710359452636964e+20 2.3349911926853168e-02 3.0000000000000000e+00 6.2857093468582356e+01
8.6555320085885972e+07 6.2355775785449900e-05 5.5181138884514008e+09 6.1636321527650161e+05 5.1541362443072996e+09 1.0919329324323049e+09 1.6937394295540600e+20 2.3455184242547999e-02 3.0000000000000000e+00 6.2857093463881782e+01
8.6945551927510008e+07 6.2355775780601890e-05 5.5181138878793678e+09 6.1636321526052756e+05 5.1541362437729998e+09 1.0919329323191082e+09 1.7167513741137481e+20 2.3560931175025748e-02 3.0000000000000000e+00 6.2857093459138397e+01
8.7337543116682708e+07 6.2355775775710024e-05 5.5181138873021784e+09 6.1636321524441056e+05 5.1541362432338800e+09 1.0919329322048984e+09 1.7400759698297664e+20 2.3667154864080373e-02 3.0000000000000000e+00 6.2857093454352537e+01
8.7731301585365206e+07 6.2355775770774058e-05 5.5181138867197742e+09 6.1636321522814711e+05 5.1541362426898899e+09 1.0919329320896506e+09 1.7637174645284992e+20 2.3773857459153072e-02 3.0000000000000000e+00 6.2857093449523177e+01
8.8126835301279604e+07 6.2355775765793355e-05 5.5181138861320972e+09 6.1636321521173697e+05 5.1541362421409760e+09 1.0919329319733636e+09 1.7876801637493021e+20 2.3881041119375689e-02 3.0000000000000000e+00 6.2857093444650332e+01
8.8524152268070236e+07 6.2355775760767780e-05 5.5181138855391064e+09 6.1636321519517712e+05 5.1541362415871019e+09 1.0919329318560157e+09 1.8119684315286251e+20 2.3988708013614447e-02 3.0000000000000000e+00 6.2857093439732985e+01
8.8923260525465608e+07 6.2355775755696695e-05 5.5181138849407644e+09 6.1636321517846920e+05 5.1541362410282269e+09 1.0919329317376184e+09 1.8365866911947778e+20 2.4096860320513846e-02 3.0000000000000000e+00 6.2857093434771635e+01
8.9324168149441049e+07 6.2355775750579735e-05 5.5181138843370113e+09 6.1636321516160993e+05 5.1541362404642944e+09 1.0919329316181486e+09 1.8615394261735014e+20 2.4205500228540670e-02 3.0000000000000000e+00 6.2857093429765541e+01
8.9726883252382189e+07 6.2355775745416602e-05 5.5181138837277889e+09 6.1636321514459676e+05 5.1541362398952589e+09 1.0919329314975884e+09 1.8868311808044738e+20 2.4314629936028398e-02 3.0000000000000000e+00 6.2857093424713575e+01
9.0131413983249098e+07 6.2355775740206821e-05 5.5181138831130772e+09 6.1636321512743132e+05 5.1541362393210945e+09 1.0919329313759489e+09 1.9124665611689247e+20 2.4424251651221588e-02 3.0000000000000000e+00 6.2857093419616376e+01
9.0537768527741119e+07 6.2355775734949972e-05 5.5181138824928179e+09 6.1636321511011128e+05 5.1541362387417450e+09 1.0919329312532139e+09 1.9384502359284751e+20 2.4534367592320597e-02 3.0000000000000000e+00 6.2857093414473283e+01
9.0945955108462602e+07 6.2355775729645499e-05 5.5181138818669310e+09 6.1636321509263385e+05 5.1541362381571445e+09 1.0919329311293638e+09 1.9647869371753887e+20 2.4644979987526461e-02 3.0000000000000000e+00 6.2857093409283493e+01
9.1355981985089213e+07 6.2355775724293172e-05 5.5181138812353992e+09 6.1636321507499856e+05 5.1541362375672693e+09 1.0919329310043950e+09 1.9914814612943762e+20 2.4756091075085973e-02 3.0000000000000000e+00 6.2857093404046907e+01
9.1767857454535112e+07 6.2355775718892544e-05 5.5181138805981617e+09 6.1636321505720355e+05 5.1541362369720650e+09 1.0919329308782942e+09 2.0185386698360920e+20 2.4867703103337004e-02 3.0000000000000000e+00 6.2857093398762686e+01
9.2181589851120800e+07 6.2355775713443073e-05 5.5181138799551611e+09 6.1636321503924765e+05 5.1541362363714781e+09 1.0919329307510533e+09 2.0459634904025144e+20 2.4979818330753942e-02 3.0000000000000000e+00 6.2857093393430794e+01
9.2597187546741828e+07 6.2355775707944312e-05 5.5181138793063574e+09 6.1636321502113040e+05 5.1541362357654676e+09 1.0919329306226690e+09 2.0737609175443577e+20 2.5092439025993486e-02 3.0000000000000000e+00 6.2857093388051076e+01
9.3014658951038137e+07 6.2355775702395812e-05 5.5181138786516924e+09 6.1636321500285016e+05 5.1541362351539831e+09 1.0919329304931300e+09 2.1019360136706533e+20 2.5205567467940435e-02 3.0000000000000000e+00 6.2857093382622899e+01
9.3434012511564270e+07 6.2355775696797250e-05 5.5181138779910870e+09 6.1636321498440183e+05 5.1541362345369558e+09 1.0919329303623998e+09 2.1304939099707192e+20 2.5319205945753903e-02 3.0000000000000000e+00 6.2857093377144757e+01
9.3855256713960290e+07 6.2355775691148068e-05 5.5181138773245411e+09 6.1636321496578958e+05 5.1541362339143724e+09 1.0919329302305076e+09 2.1594398073486341e+20 2.5433356758913568e-02 3.0000000000000000e+00 6.2857093371617978e+01
9.4278400082123488e+07 6.2355775685447821e-05 5.5181138766519575e+09 6.1636321494700806e+05 5.1541362332861528e+09 1.0919329300974164e+09 2.1887789773704194e+20 2.5548022217266247e-02 3.0000000000000000e+00 6.2857093366040949e+01
9.4703451178380877e+07 6.2355775679696074e-05 5.5181138759732971e+09 6.1636321492805681e+05 5.1541362326522570e+09 1.0919329299631221e+09 2.2185167632240814e+20 2.5663204641072627e-02 3.0000000000000000e+00 6.2857093360413529e+01
9.5130418603662431e+07 6.2355775673892259e-05 5.5181138752884998e+09 6.1636321490893466e+05 5.1541362320126305e+09 1.0919329298276172e+09 2.2486585806927020e+20 2.5778906361054191e-02 3.0000000000000000e+00 6.2857093354735397e+01
9.5559310997675151e+07 6.2355775668036171e-05 5.5181138745975075e+09 6.1636321488963766e+05 5.1541362313672180e+09 1.0919329296908727e+09 2.2792099191407539e+20 2.5895129718440421e-02 3.0000000000000000e+00 6.2857093349005247e+01
9.5990137039077863e+07 6.2355775662127026e-05 5.5181138739002819e+09 6.1636321487016813e+05 5.1541362307159786e+09 1.0919329295529060e+09 2.3101763425138088e+20 2.6011877065016127e-02 3.0000000000000000e+00 6.2857093343224072e+01
9.6422905445656851e+07 6.2355775656164483e-05 5.5181138731967621e+09 6.1636321485052351e+05 5.1541362300588617e+09 1.0919329294136984e+09 2.3415634903518298e+20 2.6129150763169070e-02 3.0000000000000000e+00 6.2857093337390751e+01
9.6857624974502251e+07 6.2355775650148109e-05 5.5181138724868717e+09 6.1636321483069984e+05 5.1541362293957987e+09 1.0919329292732220e+09 2.3733770788162365e+20 2.6246953185937751e-02 3.0000000000000000e+00 6.2857093331504174e+01
9.7294304422185242e+07 6.2355775644077350e-05 5.5181138717705708e+09 6.1636321481069759e+05 5.1541362287267466e+09 1.0919329291314802e+09 2.4056229017309148e+20 2.6365286717059427e-02 3.0000000000000000e+00 6.2857093325564684e+01
9.7732952624936104e+07 6.2355775637951757e-05 5.5181138710478001e+09 6.1636321479051444e+05 5.1541362280516481e+09 1.0919329289884562e+09 2.4383068316373887e+20 2.6484153751018372e-02 3.0000000000000000e+00 6.2857093319571490e+01
9.8173578458822921e+07 6.2355775631770679e-05 5.5181138703184824e+09 6.1636321477014874e+05 5.1541362273704376e+09 1.0919329288441391e+09 2.4714348208642982e+20 2.6603556693094280e-02 3.0000000000000000e+00 6.2857093313524153e+01
9.8616190839931265e+07 6.2355775625533888e-05 5.5181138695825958e+09 6.1636321474959957e+05 5.1541362266830873e+09 1.0919329286985216e+09 2.5050129026114329e+20 2.6723497959410984e-02 3.0000000000000000e+00 6.2857093307422161e+01
9.9060798724544570e+07 6.2355775619240704e-05 5.5181138688400450e+09 6.1636321472886391e+05 5.1541362259895172e+09 1.0919329285515826e+09 2.5390471920484860e+20 2.6843979976985309e-02 3.0000000000000000e+00 6.2857093301264868e+01
9.9507411109325424e+07 6.2355775612890599e-05 5.5181138680907888e+09 6.1636321470794152e+05 5.1541362252896814e+09 1.0919329284033203e+09 2.5735438874287384e+20 2.6965005183776220e-02 3.0000000000000000e+00 6.2857093295052209e+01
9.9956037031497523e+07 6.2355775606483114e-05 5.5181138673347502e+09 6.1636321468682936e+05 5.1541362245835142e+09 1.0919329282537134e+09 2.6085092712178663e+20 2.7086576028734117e-02 3.0000000000000000e+00 6.2857093288783084e+01
1.0040668556902863e+08 6.2355775600017691e-05 5.5181138665718889e+09 6.1636321466552722e+05 5.1541362238709698e+09 1.0919329281027601e+09 2.6439497112380929e+20 2.7208694971850425e-02 3.0000000000000000e+00 6.2857093282457697e+01
1.0085936584081422e+08 6.2355775593493897e-05 5.5181138658021269e+09 6.1636321464403160e+05 5.1541362231519842e+09 1.0919329279504356e+09 2.6798716618278840e+20 2.7331364484207317e-02 3.0000000000000000e+00 6.2857093276074721e+01
1.0131408700686201e+08 6.2355775586911177e-05 5.5181138650254250e+09 6.1636321462234296e+05 5.1541362224265118e+09 1.0919329277967436e+09 2.7162816650173956e+20 2.7454587048027803e-02 3.0000000000000000e+00 6.2857093269634433e+01
1.0177085826847731e+08 6.2355775580268867e-05 5.5181138642416849e+09 6.1636321460045734e+05 5.1541362216944675e+09 1.0919329276416557e+09 2.7531863517198982e+20 2.7578365156725876e-02 3.0000000000000000e+00 6.2857093263135731e+01
1.0222968886844920e+08 6.2355775573566641e-05 5.5181138634508677e+09 6.1636321457837359e+05 5.1541362209558134e+09 1.0919329274851637e+09 2.7905924429393815e+20 2.7702701314956987e-02 3.0000000000000000e+00 6.2857093256578167e+01
1.0269058809123762e+08 6.2355775566803808e-05 5.5181138626528950e+09 6.1636321455608984e+05 5.1541362202104788e+09 1.0919329273272545e+09 2.8285067509945713e+20 2.7827598038668782e-02 3.0000000000000000e+00 6.2857093249961217e+01
1.0315356526316114e+08 6.2355775559979839e-05 5.5181138618477278e+09 6.1636321453360631e+05 5.1541362194584188e+09 1.0919329271679294e+09 2.8669361807595733e+20 2.7953057855151911e-02 3.0000000000000000e+00 6.2857093243284922e+01
1.0361862975258578e+08 6.2355775553094180e-05 5.5181138610352879e+09 6.1636321451092022e+05 5.1541362186995659e+09 1.0919329270071692e+09 2.9058877309213783e+20 2.8079083303091282e-02 3.0000000000000000e+00 6.2857093236548479e+01
1.0408579097011450e+08 6.2355775546146260e-05 5.5181138602154760e+09 6.1636321448802645e+05 5.1541362179338312e+09 1.0919329268449373e+09 2.9453684952544402e+20 2.8205676932617323e-02 3.0000000000000000e+00 6.2857093229750433e+01
1.0455505836877768e+08 6.2355775539135660e-05 5.5181138593882933e+09 6.1636321446492849e+05 5.1541362171612082e+09 1.0919329266812582e+09 2.9853856639125914e+20 2.8332841305357678e-02 3.0000000000000000e+00 6.2857093222891734e+01
1.0502644144422436e+08 6.2355775532061579e-05 5.5181138585536013e+09 6.1636321444161958e+05 5.1541362163815727e+09 1.0919329265160844e+09 3.0259465247384797e+20 2.8460578994488953e-02 3.0000000000000000e+00 6.2857093215970444e+01
1.0549994973491442e+08 6.2355775524923694e-05 5.5181138577113819e+09 6.1636321441810066e+05 5.1541362155949078e+09 1.0919329263494225e+09 3.0670584645908405e+20 2.8588892584788878e-02 3.0000000000000000e+00 6.2857093208986761e+01
1.0597559282231157e+08 6.2355775517721244e-05 5.5181138568615561e+09 6.1636321439437009e+05 5.1541362148011360e+09 1.0919329261812606e+09 3.1087289706897526e+20 2.8717784672688519e-02 3.0000000000000000e+00 6.2857093201940124e+01
1.0645338033107723e+08 6.2355775510453660e-05 5.5181138560040455e+09 6.1636321437042486e+05 5.1541362140001869e+09 1.0919329260115776e+09 3.1509656319802035e+20 2.8847257866324885e-02 3.0000000000000000e+00 6.2857093194829872e+01
1.0693332192926531e+08 6.2355775503120496e-05 5.5181138551387711e+09 6.1636321434626146e+05 5.1541362131919909e+09 1.0919329258403487e+09 3.1937761405141778e+20 2.8977314785593671e-02 3.0000000000000000e+00 6.2857093187654741e+01
1.0741542732851779e+08 6.2355775495720993e-05 5.5181138542656946e+09 6.1636321432188153e+05 5.1541362123765011e+09 1.0919329256675851e+09 3.2371682928515069e+20 2.9107958062202274e-02 3.0000000000000000e+00 6.2857093180415390e+01
1.0789970628426133e+08 6.2355775488254580e-05 5.5181138533847179e+09 6.1636321429728065e+05 5.1541362115536337e+09 1.0919329254932561e+09 3.2811499914797757e+20 2.9239190339723053e-02 3.0000000000000000e+00 6.2857093173110421e+01
1.0838616859590456e+08 6.2355775480720717e-05 5.5181138524958010e+09 6.1636321427245927e+05 5.1541362107233477e+09 1.0919329253173645e+09 3.3257292462534892e+20 2.9371014273646825e-02 3.0000000000000000e+00 6.2857093165739997e+01
1.0887482410703646e+08 6.2355775473118833e-05 5.5181138515988264e+09 6.1636321424741065e+05 5.1541362098855381e+09 1.0919329251398628e+09 3.3709141758528284e+20 2.9503432531436582e-02 3.0000000000000000e+00 6.2857093158302114e+01
1.0936568270562547e+08 6.2355775465448171e-05 5.5181138506937561e+09 6.1636321422213758e+05 5.1541362090401669e+09 1.0919329249607701e+09 3.4167130092621890e+20 2.9636447792581479e-02 3.0000000000000000e+00 6.2857093150797503e+01
1.0985875432421967e+08 6.2355775457708282e-05 5.5181138497805099e+09 6.1636321419663541e+05 5.1541362081871586e+09 1.0919329247800541e+09 3.4631340872688488e+20 2.9770062748651058e-02 3.0000000000000000e+00 6.2857093143224958e+01
1.1035404894014765e+08 6.2355775449898380e-05 5.5181138488589916e+09 6.1636321417090180e+05 5.1541362073264275e+09 1.0919329245976985e+09 3.5101858639819506e+20 2.9904280103349695e-02 3.0000000000000000e+00 6.2857093135583561e+01
1.1085157657572052e+08 6.2355775442017925e-05 5.5181138479291611e+09 6.1636321414493676e+05 5.1541362064579287e+09 1.0919329244137025e+09 3.5578769083721607e+20 3.0039102572571339e-02 3.0000000000000000e+00 6.2857093127873505e+01
1.1135134729843459e+08 6.2355775434066142e-05 5.5181138469909191e+09 6.1636321411873703e+05 5.1541362055815725e+09 1.0919329242280433e+09 3.6062159058322339e+20 3.0174532884454441e-02 3.0000000000000000e+00 6.2857093120093907e+01
1.1185337122117521e+08 6.2355775426042680e-05 5.5181138460442095e+09 6.1636321409230027e+05 5.1541362046973085e+09 1.0919329240407047e+09 3.6552116597587726e+20 3.0310573779437147e-02 3.0000000000000000e+00 6.2857093112243717e+01
1.1235765850242129e+08 6.2355775417946563e-05 5.5181138450889320e+09 6.1636321406562463e+05 5.1541362038050423e+09 1.0919329238516734e+09 3.7048730931554779e+20 3.0447228010312802e-02 3.0000000000000000e+00 6.2857093104322750e+01
1.1286421934645095e+08 6.2355775409777344e-05 5.5181138441250286e+09 6.1636321403870801e+05 5.1541362029047184e+09 1.0919329236609342e+09 3.7552092502582008e+20 3.0584498342285601e-02 3.0000000000000000e+00 6.2857093096330168e+01
1.1337306400354797e+08 6.2355775401534236e-05 5.5181138431524210e+09 6.1636321401154925e+05 5.1541362019962616e+09 1.0919329234684792e+09 3.8062292981820522e+20 3.0722387553026559e-02 3.0000000000000000e+00 6.2857093088265763e+01
1.1388420277020916e+08 6.2355775393216711e-05 5.5181138421710119e+09 6.1636321398414345e+05 5.1541362010795889e+09 1.0919329232742736e+09 3.8579425285908981e+20 3.0860898432729735e-02 3.0000000000000000e+00 6.2857093080127818e+01
1.1439764598935279e+08 6.2355775384823956e-05 5.5181138411807404e+09 6.1636321395649086e+05 5.1541362001546335e+09 1.0919329230783191e+09 3.9103583593895389e+20 3.1000033784168667e-02 3.0000000000000000e+00 6.2857093071916815e+01
1.1491340405052781e+08 6.2355775376355443e-05 5.5181138401815109e+09 6.1636321392858704e+05 5.1541361992213163e+09 1.0919329228805842e+09 3.9634863364388808e+20 3.1139796422753108e-02 3.0000000000000000e+00 6.2857093063631048e+01
1.1543148739012413e+08 6.2355775367810276e-05 5.5181138391732626e+09 6.1636321390043315e+05 5.1541361982795706e+09 1.0919329226810777e+09 4.0173361352944019e+20 3.1280189176585975e-02 3.0000000000000000e+00 6.2857093055271079e+01
1.1595190649158379e+08 6.2355775359188023e-05 5.5181138381558990e+09 6.1636321387202316e+05 5.1541361973293133e+09 1.0919329224797561e+09 4.0719175629682521e+20 3.1421214886520575e-02 3.0000000000000000e+00 6.2857093046835068e+01
1.1647467188561307e+08 6.2355775350487788e-05 5.5181138371293402e+09 6.1636321384335705e+05 5.1541361963704681e+09 1.0919329222766194e+09 4.1272405597152752e+20 3.1562876406218118e-02 3.0000000000000000e+00 6.2857093038323015e+01
1.1699979415039562e+08 6.2355775341708909e-05 5.5181138360934896e+09 6.1636321381443064e+05 5.1541361954029446e+09 1.0919329220716383e+09 4.1833152008433199e+20 3.1705176602205433e-02 3.0000000000000000e+00 6.2857093029733690e+01
1.1752728391180645e+08 6.2355775332850611e-05 5.5181138350483065e+09 6.1636321378524601e+05 5.1541361944266987e+09 1.0919329218648276e+09 4.2401516985481272e+20 3.1848118353932982e-02 3.0000000000000000e+00 6.2857093021067712e+01
1.1805715184362701e+08 6.2355775323912340e-05 5.5181138339936552e+09 6.1636321375579480e+05 5.1541361934416113e+09 1.0919329216561275e+09 4.2977604037731385e+20 3.1991704553833135e-02 3.0000000000000000e+00 6.2857093012322572e+01
1.1858940866776115e+08 6.2355775314893323e-05 5.5181138329294767e+09 6.1636321372607793e+05 5.1541361924476309e+09 1.0919329214455450e+09 4.3561518080946169e+20 3.2135938107378664e-02 3.0000000000000000e+00 6.2857093003498470e+01
1.1912406515445204e+08 6.2355775305792787e-05 5.5181138318556910e+09 6.1636321369609330e+05 5.1541361914446726e+09 1.0919329212330651e+09 4.4153365456323425e+20 3.2280821933141586e-02 3.0000000000000000e+00 6.2857092994594893e+01
1.1966113212250020e+08 6.2355775296610056e-05 5.5181138307721825e+09 6.1636321366583533e+05 5.1541361904326334e+09 1.0919329210186481e+09 4.4753253949862425e+20 3.2426358962852175e-02 3.0000000000000000e+00 6.2857092985610166e+01
1.2020062043948227e+08 6.2355775287344247e-05 5.5181138296789103e+09 6.1636321363530750e+05 5.1541361894114704e+09 1.0919329208023190e+09 4.5361292811994300e+20 3.2572552141458308e-02 3.0000000000000000e+00 6.2857092976545353e+01
1.2074254102197112e+08 6.2355775277994697e-05 5.5181138285757389e+09 6.1636321360450191e+05 5.1541361883810644e+09 1.0919329205840216e+09 4.5977592777477829e+20 3.2719404427185073e-02 3.0000000000000000e+00 6.2857092967398060e+01
1.2128690483575653e+08 6.2355775268560634e-05 5.5181138274625883e+09 6.1636321357341739e+05 5.1541361873413391e+09 1.0919329203637474e+09 4.6602266085566756e+20 3.2866918791594570e-02 3.0000000000000000e+00 6.2857092958167968e+01
1.2183372289606723e+08 6.2355775259041393e-05 5.5181138263394003e+09 6.1636321354205348e+05 5.1541361862922373e+09 1.0919329201414933e+09 4.7235426500450170e+20 3.3015098219646100e-02 3.0000000000000000e+00 6.2857092948854792e+01
1.2238300626779376e+08 6.2355775249436094e-05 5.5181138252060375e+09 6.1636321351040388e+05 5.1541361852336340e+09 1.0919329199172151e+09 4.7877189331971211e+20 3.3163945709756552e-02 3.0000000000000000e+00 6.2857092939456940e+01
1.2293476606571236e+08 6.2355775239744058e-05 5.5181138240624609e+09 6.1636321347847045e+05 5.1541361841654873e+09 1.0919329196909254e+09 4.8527671456627137e+20 3.3313464273861067e-02 3.0000000000000000e+00 6.2857092929974655e+01
1.2348901345470983e+08 6.2355775229964297e-05 5.5181138229085340e+09 6.1636321344624809e+05 5.1541361830876741e+09 1.0919329194625883e+09 4.9186991338854456e+20 3.3463656937473947e-02 3.0000000000000000e+00 6.2857092920406700e+01
1.2404575965000956e+08 6.2355775220096255e-05 5.5181138217441769e+09 6.1636321341373352e+05 5.1541361820001192e+09 1.0919329192321804e+09 4.9855269052603335e+20 3.3614526739749975e-02 3.0000000000000000e+00 6.2857092910751909e+01
1.2460501591739836e+08 6.2355775210138942e-05 5.5181138205692921e+09 6.1636321338092512e+05 5.1541361809027290e+09 1.0919329189996903e+09 5.0532626303205363e+20 3.3766076733545786e-02 3.0000000000000000e+00 6.2857092901010006e+01
1.2516679357345451e+08 6.2355775200091790e-05 5.5181138193838024e+09 6.1636321334782057e+05 5.1541361797954369e+09 1.0919329187651017e+09 5.1219186449538456e+20 3.3918309985481773e-02 3.0000000000000000e+00 6.2857092891179988e+01
1.2573110398577669e+08 6.2355775189953700e-05 5.5181138181875887e+09 6.1636321331441682e+05 5.1541361786781244e+09 1.0919329185283930e+09 5.1915074526492230e+20 3.4071229576004024e-02 3.0000000000000000e+00 6.2857092881261238e+01
1.2629795857321405e+08 6.2355775179724008e-05 5.5181138169805727e+09 6.1636321328071202e+05 5.1541361775507250e+09 1.0919329182895508e+09 5.2620417267739591e+20 3.4224838599446722e-02 3.0000000000000000e+00 6.2857092871253066e+01
1.2686736880609722e+08 6.2355775169401929e-05 5.5181138157626562e+09 6.1636321324670245e+05 5.1541361764131393e+09 1.0919329180485489e+09 5.3335343128816950e+20 3.4379140164094754e-02 3.0000000000000000e+00 6.2857092861154371e+01
1.2743934620647046e+08 6.2355775158986487e-05 5.5181138145337229e+09 6.1636321321238554e+05 5.1541361752652664e+09 1.0919329178053691e+09 5.4059982310518240e+20 3.4534137392246582e-02 3.0000000000000000e+00 6.2857092850964541e+01
1.2801390234832481e+08 6.2355775148476990e-05 5.5181138132936745e+09 6.1636321317775710e+05 5.1541361741070156e+09 1.0919329175599818e+09 5.4794466782606714e+20 3.4689833420277434e-02 3.0000000000000000e+00 6.2857092840682100e+01
1.2859104885783222e+08 6.2355775137872476e-05 5.5181138120424309e+09 6.1636321314281691e+05 5.1541361729383030e+09 1.0919329173123853e+09 5.5538930307849414e+20 3.4846231398702771e-02 3.0000000000000000e+00 6.2857092830307174e+01
1.2917079741358092e+08 6.2355775127172133e-05 5.5181138107798767e+09 6.1636321310756076e+05 5.1541361717590275e+09 1.0919329170625498e+09 5.6293508466377707e+20 3.5003334492242036e-02 3.0000000000000000e+00 6.2857092819838350e+01
1.2975315974681163e+08 6.2355775116375092e-05 5.5181138095059118e+09 6.1636321307198587e+05 5.1541361705690947e+09 1.0919329168104556e+09 5.7058338680377940e+20 3.5161145879882685e-02 3.0000000000000000e+00 6.2857092809274889e+01
1.3033814764165500e+08 6.2355775105480473e-05 5.5181138082204399e+09 6.1636321303609014e+05 5.1541361693684120e+09 1.0919329165560880e+09 5.7833560239119807e+20 3.5319668754944550e-02 3.0000000000000000e+00 6.2857092798616215e+01
1.3092577293537004e+08 6.2355775094487489e-05 5.5181138069233427e+09 6.1636321299986844e+05 5.1541361681568737e+09 1.0919329162994101e+09 5.8619314324322628e+20 3.5478906325144388e-02 3.0000000000000000e+00 6.2857092787860637e+01
1.3151604751858369e+08 6.2355775083395044e-05 5.5181138056145220e+09 6.1636321296332008e+05 5.1541361669343834e+09 1.0919329160404177e+09 5.9415744035867355e+20 3.5638861812660870e-02 3.0000000000000000e+00 6.2857092777008269e+01
1.3210898333553135e+08 6.2355775072202351e-05 5.5181138042938795e+09 6.1636321292644227e+05 5.1541361657008514e+09 1.0919329157790906e+09 6.0222994417857148e+20 3.5799538454199691e-02 3.0000000000000000e+00 6.2857092766057953e+01
1.3270459238429865e+08 6.2355775060908528e-05 5.5181138029612980e+09 6.1636321288923034e+05 5.1541361644561653e+09 1.0919329155153961e+09 6.1041212485033171e+20 3.5960939501059150e-02 3.0000000000000000e+00 6.2857092755008466e+01
1.3330288671706417e+08 6.2355775049512683e-05 5.5181138016166801e+09 6.1636321285168268e+05 5.1541361632002401e+09 1.0919329152493222e+09 6.1870547249548362e+20 3.6123068219195892e-02 3.0000000000000000e+00 6.2857092743859283e+01
1.3390387844034339e+08 6.2355775038013838e-05 5.5181138002599068e+09 6.1636321281379531e+05 5.1541361619329596e+09 1.0919329149808412e+09 6.2711149748104738e+20 3.6285927889290998e-02 3.0000000000000000e+00 6.2857092732609161e+01
1.3450757971523356e+08 6.2355775026411085e-05 5.5181137988908615e+09 6.1636321277556452e+05 5.1541361606542196e+09 1.0919329147099264e+09 6.3563173069460826e+20 3.6449521806816404e-02 3.0000000000000000e+00 6.2857092721257132e+01
1.3511400275765988e+08 6.2355775014703437e-05 5.5181137975094461e+09 6.1636321273698891e+05 5.1541361593639259e+09 1.0919329144365683e+09 6.4426772382310780e+20 3.6613853282101504e-02 3.0000000000000000e+00 6.2857092709802686e+01
1.3572315983862266e+08 6.2355775002889902e-05 5.5181137961155624e+09 6.1636321269806637e+05 5.1541361580619783e+09 1.0919329141607516e+09 6.5302104963544148e+20 3.6778925640400230e-02 3.0000000000000000e+00 6.2857092698245339e+01
1.3633506328444558e+08 6.2355774990969696e-05 5.5181137947090731e+09 6.1636321265879087e+05 5.1541361567482615e+09 1.0919329138824339e+09 6.6189330226888547e+20 3.6944742221958309e-02 3.0000000000000000e+00 6.2857092686583144e+01
1.3694972547702518e+08 6.2355774978941828e-05 5.5181137932898798e+09 6.1636321261916053e+05 5.1541361554226799e+09 1.0919329136016016e+09 6.7088609751941906e+20 3.7111306382080808e-02 3.0000000000000000e+00 6.2857092674815448e+01
1.3756715885408133e+08 6.2355774966805187e-05 5.5181137918578463e+09 6.1636321257917117e+05 5.1541361540851040e+09 1.0919329133182251e+09 6.8000107313598929e+20 3.7278621491200079e-02 3.0000000000000000e+00 6.2857092662941319e+01
1.3818737590940905e+08 6.2355774954558880e-05 5.5181137904128742e+09 6.1636321253882069e+05 5.1541361527354450e+09 1.0919329130322897e+09 6.8923988911876918e+20 3.7446690934943919e-02 3.0000000000000000e+00 6.2857092650959892e+01
1.3881038919313109e+08 6.2355774942201821e-05 5.5181137889548454e+09 6.1636321249810630e+05 5.1541361513735876e+09 1.0919329127437756e+09 6.9860422802148216e+20 3.7615518114204112e-02 3.0000000000000000e+00 6.2857092638870519e+01
1.3943621131195217e+08 6.2355774929733211e-05 5.5181137874836416e+09 6.1636321245702310e+05 5.1541361499994268e+09 1.0919329124526479e+09 7.0809579525782110e+20 3.7785106445205253e-02 3.0000000000000000e+00 6.2857092626671495e+01
1.4006485492941380e+08 6.2355774917151831e-05 5.5181137859991474e+09 6.1636321241556993e+05 5.1541361486128492e+09 1.0919329121588984e+09 7.1771631941203185e+20 3.7955459359573840e-02 3.0000000000000000e+00 6.2857092614362678e+01
1.4069633276615074e+08 6.2355774904456827e-05 5.5181137845012426e+09 6.1636321237374190e+05 5.1541361472137461e+09 1.0919329118624928e+09 7.2746755255372598e+20 3.8126580304407728e-02 3.0000000000000000e+00 6.2857092601942540e+01
1.4133065760014829e+08 6.2355774891647059e-05 5.5181137829897928e+09 6.1636321233153529e+05 5.1541361458019915e+09 1.0919329115634043e+09 7.3735127055695151e+20 3.8298472742345879e-02 3.0000000000000000e+00 6.2857092589410044e+01
1.4196784226700085e+08 6.2355774878721540e-05 5.5181137814646778e+09 6.1636321228894684e+05 5.1541361443774757e+09 1.0919329112616100e+09 7.4736927342363463e+20 3.8471140151638446e-02 3.0000000000000000e+00 6.2857092576764060e+01
1.4260789966017172e+08 6.2355774865679157e-05 5.5181137799257812e+09 6.1636321224597399e+05 5.1541361429400854e+09 1.0919329109570916e+09 7.5752338561136407e+20 3.8644586026217113e-02 3.0000000000000000e+00 6.2857092564004034e+01
1.4325084273125395e+08 6.2355774852518935e-05 5.5181137783729849e+09 6.1636321220261301e+05 5.1541361414897108e+09 1.0919329106498230e+09 7.6781545636567869e+20 3.8818813875765863e-02 3.0000000000000000e+00 6.2857092551128837e+01
1.4389668449023241e+08 6.2355774839239843e-05 5.5181137768061523e+09 6.1636321215885971e+05 5.1541361400262299e+09 1.0919329103397741e+09 7.7824736005683518e+20 3.8993827225791922e-02 3.0000000000000000e+00 6.2857092538137060e+01
1.4454543800574708e+08 6.2355774825840582e-05 5.5181137752251453e+09 6.1636321211471059e+05 5.1541361385495052e+09 1.0919329100269206e+09 7.8882099652117070e+20 3.9169629617697127e-02 3.0000000000000000e+00 6.2857092525027831e+01
1.4519711640535748e+08 6.2355774812320364e-05 5.5181137736298666e+09 6.1636321207016311e+05 5.1541361370594521e+09 1.0919329097112439e+09 7.9953829140710359e+20 3.9346224608849643e-02 3.0000000000000000e+00 6.2857092511800282e+01
1.4585173287580830e+08 6.2355774798677956e-05 5.5181137720201788e+09 6.1636321202521399e+05 5.1541361355559397e+09 1.0919329093927212e+09 8.1040119652580721e+20 3.9523615772655819e-02 3.0000000000000000e+00 6.2857092498453355e+01
1.4650930066329619e+08 6.2355774784912275e-05 5.5181137703959255e+09 6.1636321197985648e+05 5.1541361340388241e+09 1.0919329090713046e+09 8.2141169020669474e+20 3.9701806698632609e-02 3.0000000000000000e+00 6.2857092484985273e+01
1.4716983307373795e+08 6.2355774771022100e-05 5.5181137687570076e+09 6.1636321193409129e+05 5.1541361325080090e+09 1.0919329087469988e+09 8.3257177765768895e+20 3.9880800992480182e-02 3.0000000000000000e+00 6.2857092471396165e+01
1.4783334347303960e+08 6.2355774757006415e-05 5.5181137671032696e+09 6.1636321188791143e+05 5.1541361309633503e+09 1.0919329084197547e+09 8.4388349133042588e+20 4.0060602276154843e-02 3.0000000000000000e+00 6.2857092457683983e+01
1.4849984528736687e+08 6.2355774742864137e-05 5.5181137654345922e+09 6.1636321184131433e+05 5.1541361294047413e+09 1.0919329080895538e+09 8.5534889129037031e+20 4.0241214187942340e-02 3.0000000000000000e+00 6.2857092443847776e+01
1.4916935200341707e+08 6.2355774728594030e-05 5.5181137637508202e+09 6.1636321179429512e+05 5.1541361278320360e+09 1.0919329077563620e+09 8.6697006559202692e+20 4.0422640382531530e-02 3.0000000000000000e+00 6.2857092429886279e+01
1.4984187716869166e+08 6.2355774714194877e-05 5.5181137620518351e+09 6.1636321174685168e+05 5.1541361262451143e+09 1.0919329074201636e+09 8.7874913065918215e+20 4.0604884531088230e-02 3.0000000000000000e+00 6.2857092415798896e+01
1.5051743439177075e+08 6.2355774699665687e-05 5.5181137603375196e+09 6.1636321169898100e+05 5.1541361246438742e+09 1.0919329070809379e+09 8.9068823167036922e+20 4.0787950321329654e-02 3.0000000000000000e+00 6.2857092401584616e+01
1.5119603734258813e+08 6.2355774685005132e-05 5.5181137586076775e+09 6.1636321165067516e+05 5.1541361230281363e+09 1.0919329067386284e+09 9.0278954294951005e+20 4.0971841457598857e-02 3.0000000000000000e+00 6.2857092387241103e+01
1.5187769975270817e+08 6.2355774670212088e-05 5.5181137568622293e+09 6.1636321160193509e+05 5.1541361213978167e+09 1.0919329063932419e+09 9.1505526836193657e+20 4.1156561660939853e-02 3.0000000000000000e+00 6.2857092372768754e+01
1.5256243541560343e+08 6.2355774655285470e-05 5.5181137551010008e+09 6.1636321155275311e+05 5.1541361197527590e+09 1.0919329060447240e+09 9.2748764171572373e+20 4.1342114669172779e-02 3.0000000000000000e+00 6.2857092358165019e+01
1.5325025818693402e+08 6.2355774640223828e-05 5.5181137533238535e+09 6.1636321150312759e+05 5.1541361180928335e+09 1.0919329056930628e+09 9.4008892716852183e+20 4.1528504236969653e-02 3.0000000000000000e+00 6.2857092343429713e+01
1.5394118198482773e+08 6.2355774625026173e-05 5.5181137515306311e+09 6.1636321145305154e+05 5.1541361164178972e+09 1.0919329053382092e+09 9.5286141963990335e+20 4.1715734135930223e-02 3.0000000000000000e+00 6.2857092328560547e+01
1.5463522079016185e+08 6.2355774609691042e-05 5.5181137497212143e+09 6.1636321140252473e+05 5.1541361147278280e+09 1.0919329049801612e+09 9.6580744522928410e+20 4.1903808154658377e-02 3.0000000000000000e+00 6.2857092313557700e+01
1.5533238864684597e+08 6.2355774594217457e-05 5.5181137478954487e+09 6.1636321135154064e+05 5.1541361130224915e+09 1.0919329046188729e+09 9.7892936163957696e+20 4.2092730098838793e-02 3.0000000000000000e+00 6.2857092298418991e+01
1.5603269966210616e+08 6.2355774578603875e-05 5.5181137460531950e+09 6.1636321130009810e+05 5.1541361113017502e+09 1.0919329042543359e+09 9.9222955860655787e+20 4.2282503791313875e-02 3.0000000000000000e+00 6.2857092283144198e+01
1.5673616800677055e+08 6.2355774562849388e-05 5.5181137441942787e+09 6.1636321124818805e+05 5.1541361095654516e+09 1.0919329038864861e+09 1.0057104583340828e+21 4.2473133072161245e-02 3.0000000000000000e+00 6.2857092267730472e+01
1.5744280791555589e+08 6.2355774546952341e-05 5.5181137423185606e+09 6.1636321119580977e+05 5.1541361078134546e+09 1.0919329035153182e+09 1.0193745159352057e+21 4.2664621798771271e-02 3.0000000000000000e+00 6.2857092252177893e+01
1.5815263368735573e+08 6.2355774530911746e-05 5.5181137404258852e+09 6.1636321114295698e+05 5.1541361060456247e+09 1.0919329031407876e+09 1.0332242198793132e+21 4.2856973845925295e-02 3.0000000000000000e+00 6.2857092236484284e+01
1.5886565968552974e+08 6.2355774514726166e-05 5.5181137385161152e+09 6.1636321108962758e+05 5.1541361042618246e+09 1.0919329027628796e+09 1.0472620924453105e+21 4.3050193105873921e-02 3.0000000000000000e+00 6.2857092220649207e+01
1.5958190033819425e+08 6.2355774498394260e-05 5.5181137365890932e+09 6.1636321103581716e+05 5.1541361024619074e+09 1.0919329023815632e+09 1.0614906901809652e+21 4.3244283488415781e-02 3.0000000000000000e+00 6.2857092204671325e+01
1.6030137013851440e+08 6.2355774481914807e-05 5.5181137346446428e+09 6.1636321098151873e+05 5.1541361006457129e+09 1.0919329019967885e+09 1.0759126043685295e+21 4.3439248920976795e-02 3.0000000000000000e+00 6.2857092188548641e+01
1.6102408364499715e+08 6.2355774465286385e-05 5.5181137326826267e+09 6.1636321092673065e+05 5.1541360988131123e+09 1.0919329016085441e+09 1.0905304614966122e+21 4.3635093348689334e-02 3.0000000000000000e+00 6.2857092172280510e+01
1.6175005548178616e+08 6.2355774448507746e-05 5.5181137307028694e+09 6.1636321087144618e+05 5.1541360969639425e+09 1.0919329012167819e+09 1.1053469237385576e+21 4.3831820734472428e-02 3.0000000000000000e+00 6.2857092155864876e+01
1.6247930033895746e+08 6.2355774431577374e-05 5.5181137287052326e+09 6.1636321081566392e+05 5.1541360950980692e+09 1.0919329008214922e+09 1.1203646894372532e+21 4.4029435059111680e-02 3.0000000000000000e+00 6.2857092139301578e+01
1.6321183297281682e+08 6.2355774414494142e-05 5.5181137266895399e+09 6.1636321075937594e+05 5.1541360932153320e+09 1.0919329004226191e+09 1.1355864935965338e+21 4.4227940321339927e-02 3.0000000000000000e+00 6.2857092122588121e+01
1.6394766820619842e+08 6.2355774397256385e-05 5.5181137246556358e+09 6.1636321070258110e+05 5.1541360913155851e+09 1.0919329000201542e+09 1.1510151083792877e+21 4.4427340537918102e-02 3.0000000000000000e+00 6.2857092105724092e+01
1.6468682092876464e+08 6.2355774379863003e-05 5.5181137226033421e+09 6.1636321064527100e+05 5.1541360893986645e+09 1.0919328996140378e+09 1.1666533436123374e+21 4.4627639743716641e-02 3.0000000000000000e+00 6.2857092088707049e+01
1.6542930609730738e+08 6.2355774362312332e-05 5.5181137205325031e+09 6.1636321058744378e+05 5.1541360874644184e+09 1.0919328992042570e+09 1.1825040472981127e+21 4.4828841991796896e-02 3.0000000000000000e+00 6.2857092071536549e+01
1.6617513873605081e+08 6.2355774344603055e-05 5.5181137184429417e+09 6.1636321052909316e+05 5.1541360855126867e+09 1.0919328987907674e+09 1.1985701061333670e+21 4.5030951353493387e-02 3.0000000000000000e+00 6.2857092054210582e+01
1.6692433393695530e+08 6.2355774326733709e-05 5.5181137163345013e+09 6.1636321047021588e+05 5.1541360835433197e+09 1.0919328983735456e+09 1.2148544460348596e+21 4.5233971918496020e-02 3.0000000000000000e+00 6.2857092036728339e+01
1.6767690686002287e+08 6.2355774308702871e-05 5.5181137142070065e+09 6.1636321041080658e+05 5.1541360815561562e+09 1.0919328979525537e+09 1.2313600326722668e+21 4.5437907794932987e-02 3.0000000000000000e+00 6.2857092019088121e+01
1.6843287273360386e+08 6.2355774290509091e-05 5.5181137120602980e+09 6.1636321035086154e+05 5.1541360795510426e+09 1.0919328975277655e+09 1.2480898720082200e+21 4.5642763109453720e-02 3.0000000000000000e+00 6.2857092001288819e+01
1.6919224685470515e+08 6.2355774272150946e-05 5.5181137098941822e+09 6.1636321029037377e+05 5.1541360775278053e+09 1.0919328970991313e+09 1.2650470108457900e+21 4.5848542007312504e-02 3.0000000000000000e+00 6.2857091983328345e+01
1.6995504458929971e+08 6.2355774253626864e-05 5.5181137077084818e+09 6.1636321022933861e+05 5.1541360754862757e+09 1.0919328966666183e+09 1.2822345373833636e+21 4.6055248652452412e-02 3.0000000000000000e+00 6.2857091965205370e+01
1.7072128137263745e+08 6.2355774234935409e-05 5.5181137055030403e+09 6.1636321016775281e+05 5.1541360734263058e+09 1.0919328962302029e+09 1.2996555817770266e+21 4.6262887227589360e-02 3.0000000000000000e+00 6.2857091946918800e+01
1.7149097270955765e+08 6.2355774216074939e-05 5.5181137032776604e+09 6.1636321010561055e+05 5.1541360713477135e+09 1.0919328957898448e+09 1.3173133167106612e+21 4.6471461934297006e-02 3.0000000000000000e+00 6.2857091928467156e+01
1.7226413417480257e+08 6.2355774197044101e-05 5.5181137010321665e+09 6.1636321004290576e+05 5.1541360692503347e+09 1.0919328953455000e+09 1.3352109579737178e+21 4.6680976993091483e-02 3.0000000000000000e+00 6.2857091909848400e+01
1.7304078141333351e+08 6.2355774177841241e-05 5.5181136987663822e+09 6.1636320997963473e+05 5.1541360671340027e+09 1.0919328948971429e+09 1.3533517650469058e+21 4.6891436643517283e-02 3.0000000000000000e+00 6.2857091891061593e+01
1.7382093014064437e+08 6.2355774158464813e-05 5.5181136964801321e+09 6.1636320991579304e+05 5.1541360649985514e+09 1.0919328944447417e+09 1.3717390416957226e+21 4.7102845144232054e-02 3.0000000000000000e+00 6.2857091872105379e+01
1.7460459614308399e+08 6.2355774138913382e-05 5.5181136941731987e+09 6.1636320985137182e+05 5.1541360628437891e+09 1.0919328939882340e+09 1.3903761365722352e+21 4.7315206773094053e-02 3.0000000000000000e+00 6.2857091852976957e+01
1.7539179527817270e+08 6.2355774119185158e-05 5.5181136918454256e+09 6.1636320978636993e+05 5.1541360606695576e+09 1.0919328935276113e+09 1.4092664438248545e+21 4.7528525827247821e-02 3.0000000000000000e+00 6.2857091833676201e+01
1.7618254347492403e+08 6.2355774099278718e-05 5.5181136894966373e+09 6.1636320972078177e+05 5.1541360584756937e+09 1.0919328930628343e+09 1.4284134037165001e+21 4.7742806623211495e-02 3.0000000000000000e+00 6.2857091814201432e+01
1.7697685673416686e+08 6.2355774079192287e-05 5.5181136871265974e+09 6.1636320965459943e+05 5.1541360562619820e+09 1.0919328925938468e+09 1.4478205032511234e+21 4.7958053496963957e-02 3.0000000000000000e+00 6.2857091794550186e+01
1.7777475112886932e+08 6.2355774058924415e-05 5.5181136847351503e+09 6.1636320958781941e+05 5.1541360540282764e+09 1.0919328921206238e+09 1.4674912768087658e+21 4.8174270804032769e-02 3.0000000000000000e+00 6.2857091774721511e+01
1.7857624280446404e+08 6.2355774038473340e-05 5.5181136823220787e+09 6.1636320952043496e+05 5.1541360517743731e+09 1.0919328916431177e+09 1.4874293067892072e+21 4.8391462919582136e-02 3.0000000000000000e+00 6.2857091754713288e+01
1.7938134797917473e+08 6.2355774017837503e-05 5.5181136798872080e+09 6.1636320945244189e+05 5.1541360495001087e+09 1.0919328911612988e+09 1.5076382242644212e+21 4.8609634238501578e-02 3.0000000000000000e+00 6.2857091734524467e+01
1.8019008294434449e+08 6.2355773997015021e-05 5.5181136774303408e+09 6.1636320938383625e+05 5.1541360472052937e+09 1.0919328906751390e+09 1.5281217096398154e+21 4.8828789175494700e-02 3.0000000000000000e+00 6.2857091714153825e+01
1.8100246406476536e+08 6.2355773976004470e-05 5.5181136749512625e+09 6.1636320931460918e+05 5.1541360448897381e+09 1.0919328901845756e+09 1.5488834933245445e+21 4.9048932165168702e-02 3.0000000000000000e+00 6.2857091693598484e+01
1.8181850777900955e+08 6.2355773954804049e-05 5.5181136724497766e+09 6.1636320924475580e+05 5.1541360425532503e+09 1.0919328896895738e+09 1.5699273564108460e+21 4.9270067662123988e-02 3.0000000000000000e+00 6.2857091672857372e+01
1.8263823059976205e+08 6.2355773933412022e-05 5.5181136699256859e+09 6.1636320917427191e+05 5.1541360401956530e+09 1.0919328891901042e+09 1.5912571313626669e+21 4.9492200141044371e-02 3.0000000000000000e+00 6.2857091651928897e+01
1.8346164911415470e+08 6.2355773911826695e-05 5.5181136673787766e+09 6.1636320910314959e+05 5.1541360378167391e+09 1.0919328886861105e+09 1.6128767027136236e+21 4.9715334096787543e-02 3.0000000000000000e+00 6.2857091630811027e+01
1.8428877998410192e+08 6.2355773890046198e-05 5.5181136648088722e+09 6.1636320903138770e+05 5.1541360354163456e+09 1.0919328881775846e+09 1.6347900077744272e+21 4.9939474044476108e-02 3.0000000000000000e+00 6.2857091609503172e+01
1.8511963994663784e+08 6.2355773868068986e-05 5.5181136622157164e+09 6.1636320895897364e+05 5.1541360329942379e+09 1.0919328876644371e+09 1.6570010373499545e+21 5.0164624519588918e-02 3.0000000000000000e+00 6.2857091588001680e+01
1.8595424581425494e+08 6.2355773845893054e-05 5.5181136595991526e+09 6.1636320888590859e+05 5.1541360305502605e+09 1.0919328871466768e+09 1.6795138364660363e+21 5.0390790078052812e-02 3.0000000000000000e+00 6.2857091566306977e+01
1.8679261447524425e+08 6.2355773823516869e-05 5.5181136569589272e+09 6.1636320881218067e+05 5.1541360280841885e+09 1.0919328866242189e+09 1.7023325051061493e+21 5.0617975296334869e-02 3.0000000000000000e+00 6.2857091544415312e+01
1.8763476289403716e+08 6.2355773800938305e-05 5.5181136542948427e+09 6.1636320873778756e+05 5.1541360255958252e+09 1.0919328860970473e+09 1.7254611989580557e+21 5.0846184771534929e-02 3.0000000000000000e+00 6.2857091522326343e+01
1.8848070811154863e+08 6.2355773778155707e-05 5.5181136516066847e+09 6.1636320866272273e+05 5.1541360230849810e+09 1.0919328855651159e+09 1.7489041301706721e+21 5.1075423121478725e-02 3.0000000000000000e+00 6.2857091500037804e+01
1.8933046724552202e+08 6.2355773755167314e-05 5.5181136488942175e+09 6.1636320858697686e+05 5.1541360205514317e+09 1.0919328850283582e+09 1.7726655681211463e+21 5.1305694984811238e-02 3.0000000000000000e+00 6.2857091477547108e+01
1.9018405749087548e+08 6.2355773731971121e-05 5.5181136461572638e+09 6.1636320851054951e+05 5.1541360179950075e+09 1.0919328844867713e+09 1.7967498401923969e+21 5.1537005021090543e-02 3.0000000000000000e+00 6.2857091454854043e+01
1.9104149612004992e+08 6.2355773708565242e-05 5.5181136433955507e+09 6.1636320843342971e+05 5.1541360154154606e+09 1.0919328839402778e+09 1.8211613325612155e+21 5.1769357910882177e-02 3.0000000000000000e+00 6.2857091431955403e+01
1.9190280048335844e+08 6.2355773684947917e-05 5.5181136406089001e+09 6.1636320835561398e+05 5.1541360128126163e+09 1.0919328833888526e+09 1.8459044909970631e+21 5.2002758355853836e-02 3.0000000000000000e+00 6.2857091408850167e+01
1.9276798800933746e+08 6.2355773661117140e-05 5.5181136377970591e+09 6.1636320827709464e+05 5.1541360101862450e+09 1.0919328828324413e+09 1.8709838216717111e+21 5.2237211078870444e-02 3.0000000000000000e+00 6.2857091385535973e+01
1.9363707620509946e+08 6.2355773637070932e-05 5.5181136349597902e+09 6.1636320819786470e+05 5.1541360075361252e+09 1.0919328822709947e+09 1.8964038919799088e+21 5.2472720824089727e-02 3.0000000000000000e+00 6.2857091362010941e+01
1.9451008265668708e+08 6.2355773612807503e-05 5.5181136320968990e+09 6.1636320811791974e+05 5.1541360048620720e+09 1.0919328817044811e+09 1.9221693313711924e+21 5.2709292357058325e-02 3.0000000000000000e+00 6.2857091338273435e+01
1.9538702502942911e+08 6.2355773588324755e-05 5.5181136292081308e+09 6.1636320803725231e+05 5.1541360021638489e+09 1.0919328811328478e+09 1.9482848321929662e+21 5.2946930464808070e-02 3.0000000000000000e+00 6.2857091314321515e+01
1.9626792106829789e+08 6.2355773563620707e-05 5.5181136262932491e+09 6.1636320795585564e+05 5.1541359994412355e+09 1.0919328805560472e+09 1.9747551505451086e+21 5.3185639955952976e-02 3.0000000000000000e+00 6.2857091290153107e+01
1.9715278859826836e+08 6.2355773538693462e-05 5.5181136233520384e+09 6.1636320787372394e+05 5.1541359966940260e+09 1.0919328799740376e+09 2.0015851071460847e+21 5.3425425660786459e-02 3.0000000000000000e+00 6.2857091265766464e+01
1.9804164552467886e+08 6.2355773513540907e-05 5.5181136203842449e+09 6.1636320779085020e+05 5.1541359939219894e+09 1.0919328793867698e+09 2.0287795882109344e+21 5.3666292431379103e-02 3.0000000000000000e+00 6.2857091241159452e+01
1.9893450983359328e+08 6.2355773488161076e-05 5.5181136173896132e+09 6.1636320770722558e+05 5.1541359911248865e+09 1.0919328787941811e+09 2.0563435463411030e+21 5.3908245141676844e-02 3.0000000000000000e+00 6.2857091216329543e+01
1.9983139959216511e+08 6.2355773462551949e-05 5.5181136143679276e+09 6.1636320762284542e+05 5.1541359883025141e+09 1.0919328781962383e+09 2.0842820014264290e+21 5.4151288687599594e-02 3.0000000000000000e+00 6.2857091191275252e+01
2.0073233294900304e+08 6.2355773436711210e-05 5.5181136113189526e+09 6.1636320753770601e+05 5.1541359854546471e+09 1.0919328775929155e+09 2.1126000415593362e+21 5.4395427987140338e-02 3.0000000000000000e+00 6.2857091165995620e+01
2.0163732813453817e+08 6.2355773410637097e-05 5.5181136082423944e+09 6.1636320745179313e+05 5.1541359825810232e+09 1.0919328769841115e+09 2.1413028239614720e+21 5.4640667980464561e-02 3.0000000000000000e+00 6.2857091140486325e+01
2.0254640346139288e+08 6.2355773384327264e-05 5.5181136051380568e+09 6.1636320736510702e+05 5.1541359796814489e+09 1.0919328763698280e+09 2.1703955759229344e+21 5.4887013630010320e-02 3.0000000000000000e+00 6.2857091114747355e+01
2.0345957732475144e+08 6.2355773357779734e-05 5.5181136020056467e+09 6.1636320727763488e+05 5.1541359767556553e+09 1.0919328757499747e+09 2.1998835957542282e+21 5.5134469920588569e-02 3.0000000000000000e+00 6.2857091088775150e+01
2.0437686820273218e+08 6.2355773330992174e-05 5.5181135988449268e+09 6.1636320718937321e+05 5.1541359738034191e+09 1.0919328751245265e+09 2.2297722537512337e+21 5.5383041859484089e-02 3.0000000000000000e+00 6.2857091062568514e+01
2.0529829465676144e+08 6.2355773303962581e-05 5.5181135956556644e+09 6.1636320710031549e+05 5.1541359708245192e+09 1.0919328744934373e+09 2.2600669931731917e+21 5.5632734476556804e-02 3.0000000000000000e+00 6.2857091036125482e+01
2.0622387533194914e+08 6.2355773276688757e-05 5.5181135924375629e+09 6.1636320701045101e+05 5.1541359678186874e+09 1.0919328738566310e+09 2.2907733312340178e+21 5.5883552824343485e-02 3.0000000000000000e+00 6.2857091009442918e+01
2.0715362895746610e+08 6.2355773249168466e-05 5.5181135891903887e+09 6.1636320691977511e+05 5.1541359647856970e+09 1.0919328732140749e+09 2.3218968601071075e+21 5.6135501978160064e-02 3.0000000000000000e+00 6.2857090982519416e+01
2.0808757434692293e+08 6.2355773221399406e-05 5.5181135859138479e+09 6.1636320682827849e+05 5.1541359617252808e+09 1.0919328725657027e+09 2.3534432479437641e+21 5.6388587036204356e-02 3.0000000000000000e+00 6.2857090955352312e+01
2.0902573039875087e+08 6.2355773193379353e-05 5.5181135826077232e+09 6.1636320673595765e+05 5.1541359586372271e+09 1.0919328719114900e+09 2.3854182399054688e+21 5.6642813119659109e-02 3.0000000000000000e+00 6.2857090927940490e+01
2.0996811609658408e+08 6.2355773165106193e-05 5.5181135792717028e+09 6.1636320664280001e+05 5.1541359555212555e+09 1.0919328712513475e+09 2.4178276592101611e+21 5.6898185372795743e-02 3.0000000000000000e+00 6.2857090900280213e+01
2.1091475050964379e+08 6.2355773136577391e-05 5.5181135759055309e+09 6.1636320654880116e+05 5.1541359523771181e+09 1.0919328705852439e+09 2.4506774081927832e+21 5.7154708963078379e-02 3.0000000000000000e+00 6.2857090872370208e+01
2.1186565279312429e+08 6.2355773107790821e-05 5.5181135725089521e+09 6.1636320645395364e+05 5.1541359492045774e+09 1.0919328699131265e+09 2.4839734693801660e+21 5.7412389081268417e-02 3.0000000000000000e+00 6.2857090844208251e+01
2.1282084218858030e+08 6.2355773078744191e-05 5.5181135690816736e+09 6.1636320635824790e+05 5.1541359460033646e+09 1.0919328692349274e+09 2.5177219065805810e+21 5.7671230941529567e-02 3.0000000000000000e+00 6.2857090815791402e+01
2.1378033802431658e+08 6.2355773049434926e-05 5.5181135656234207e+09 6.1636320626167837e+05 5.1541359427732191e+09 1.0919328685506072e+09 2.5519288659880591e+21 5.7931239781533389e-02 3.0000000000000000e+00 6.2857090787118125e+01
2.1474415971577886e+08 6.2355773019860818e-05 5.5181135621339178e+09 6.1636320616423595e+05 5.1541359395138845e+09 1.0919328678601015e+09 2.5866005773017159e+21 5.8192420862565229e-02 3.0000000000000000e+00 6.2857090758185770e+01
2.1571232676594681e+08 6.2355772990019427e-05 5.5181135586128721e+09 6.1636320606591250e+05 5.1541359362250900e+09 1.0919328671633525e+09 2.6217433548602899e+21 5.8454779469630694e-02 3.0000000000000000e+00 6.2857090728991750e+01
2.1668485876572862e+08 6.2355772959908436e-05 5.5181135550600080e+09 6.1636320596669987e+05 5.1541359329065752e+09 1.0919328664603026e+09 2.6573635987921175e+21 5.8718320911562635e-02 3.0000000000000000e+00 6.2857090699533778e+01
2.1766177539435747e+08 6.2355772929525297e-05 5.5181135514750328e+09 6.1636320586659061e+05 5.1541359295580673e+09 1.0919328657508988e+09 2.6934677961806903e+21 5.8983050521128497e-02 3.0000000000000000e+00 6.2857090669809565e+01
2.1864309641978973e+08 6.2355772898867569e-05 5.5181135478576708e+09 6.1636320576557773e+05 5.1541359261793060e+09 1.0919328650350916e+09 2.7300625222460642e+21 5.9248973655138287e-02 3.0000000000000000e+00 6.2857090639817109e+01
2.1962884169910491e+08 6.2355772867932693e-05 5.5181135442076092e+09 6.1636320566365193e+05 5.1541359227700033e+09 1.0919328643128154e+09 2.7671544415423441e+21 5.9516095694552934e-02 3.0000000000000000e+00 6.2857090609553659e+01
2.2061903117890754e+08 6.2355772836718363e-05 5.5181135405245543e+09 6.1636320556080365e+05 5.1541359193298883e+09 1.0919328635840023e+09 2.8047503091714123e+21 5.9784422044593194e-02 3.0000000000000000e+00 6.2857090579016194e+01
2.2161368489573085e+08 6.2355772805221910e-05 5.5181135368082304e+09 6.1636320545702730e+05 5.1541359158586931e+09 1.0919328628486123e+09 2.8428569720131431e+21 6.0053958134849011e-02 3.0000000000000000e+00 6.2857090548203288e+01
2.2261282297644198e+08 6.2355772773440787e-05 5.5181135330583038e+09 6.1636320535231195e+05 5.1541359123561153e+09 1.0919328621065686e+09 2.8814813699723409e+21 6.0324709419389402e-02 3.0000000000000000e+00 6.2857090517111523e+01
2.2361646563864949e+08 6.2355772741372458e-05 5.5181135292745018e+09 6.1636320524665131e+05 5.1541359088218937e+09 1.0919328613578262e+09 2.9206305372426438e+21 6.0596681376872769e-02 3.0000000000000000e+00 6.2857090485739192e+01
2.2462463319111237e+08 6.2355772709014350e-05 5.5181135254564905e+09 6.1636320514003444e+05 5.1541359052557240e+09 1.0919328606023073e+09 2.9603116035875521e+21 6.0869879510657830e-02 3.0000000000000000e+00 6.2857090454082865e+01
2.2563734603415096e+08 6.2355772676363723e-05 5.5181135216039953e+09 6.1636320503245643e+05 5.1541359016573362e+09 1.0919328598399780e+09 3.0005317956388824e+21 6.1144309348914898e-02 3.0000000000000000e+00 6.2857090422141319e+01
2.2665462466005975e+08 6.2355772643418113e-05 5.5181135177166634e+09 6.1636320492390357e+05 5.1541358980264177e+09 1.0919328590707405e+09 3.0412984382128914e+21 6.1419976444737831e-02 3.0000000000000000e+00 6.2857090389910283e+01
2.2767648965352216e+08 6.2355772610174766e-05 5.5181135137942200e+09 6.1636320481437165e+05 5.1541358943627005e+09 1.0919328582945650e+09 3.0826189556442511e+21 6.1696886376256338e-02 3.0000000000000000e+00 6.2857090357388529e+01
2.2870296169202691e+08 6.2355772576630920e-05 5.5181135098363123e+09 6.1636320470384881e+05 5.1541358906658573e+09 1.0919328575113673e+09 3.1245008731381181e+21 6.1975044746748857e-02 3.0000000000000000e+00 6.2857090324572688e+01
2.2973406154628652e+08 6.2355772542784012e-05 5.5181135058426466e+09 6.1636320459232759e+05 5.1541358869356165e+09 1.0919328567210951e+09 3.1669518181406359e+21 6.2254457184755911e-02 3.0000000000000000e+00 6.2857090291460260e+01
2.3076981008065763e+08 6.2355772508631169e-05 5.5181135018128891e+09 6.1636320447979867e+05 5.1541358831716623e+09 1.0919328559236822e+09 3.2099795217280669e+21 6.2535129344194154e-02 3.0000000000000000e+00 6.2857090258048842e+01
2.3181022825356308e+08 6.2355772474169722e-05 5.5181134977467070e+09 6.1636320436625206e+05 5.1541358793736877e+09 1.0919328551190574e+09 3.2535918200146572e+21 6.2817066904470531e-02 3.0000000000000000e+00 6.2857090224335188e+01
2.3285533711791614e+08 6.2355772439396810e-05 5.5181134936437864e+09 6.1636320425168029e+05 5.1541358755413971e+09 1.0919328543071680e+09 3.2977966555798354e+21 6.3100275570597358e-02 3.0000000000000000e+00 6.2857090190317159e+01
2.3390515782154644e+08 6.2355772404309656e-05 5.5181134895037756e+09 6.1636320413607196e+05 5.1541358716744652e+09 1.0919328534879332e+09 3.3426020789146286e+21 6.3384761073307760e-02 3.0000000000000000e+00 6.2857090155991358e+01
2.3495971160762790e+08 6.2355772368905373e-05 5.5181134853263588e+09 6.1636320401942008e+05 5.1541358677725935e+09 1.0919328526613038e+09 3.3880162498878746e+21 6.3670529169171639e-02 3.0000000000000000e+00 6.2857090121355824e+01
2.3601901981510857e+08 6.2355772333181196e-05 5.5181134811111841e+09 6.1636320390171278e+05 5.1541358638354540e+09 1.0919328518271949e+09 3.4340474392321689e+21 6.3957585640711967e-02 3.0000000000000000e+00 6.2857090086406906e+01
2.3708310387914255e+08 6.2355772297134144e-05 5.5181134768579187e+09 6.1636320378294238e+05 5.1541358598627367e+09 1.0919328509855530e+09 3.4807040300502326e+21 6.4245936296522130e-02 3.0000000000000000e+00 6.2857090051142258e+01
2.3815198533152351e+08 6.2355772260761329e-05 5.5181134725662088e+09 6.1636320366309769e+05 5.1541358558541098e+09 1.0919328501362982e+09 3.5279945193415435e+21 6.4535586971383160e-02 3.0000000000000000e+00 6.2857090015558867e+01
2.3922568580112058e+08 6.2355772224059758e-05 5.5181134682357225e+09 6.1636320354217128e+05 5.1541358518092642e+09 1.0919328492793779e+09 3.5759275195498208e+21 6.4826543526381938e-02 3.0000000000000000e+00 6.2857089979654234e+01
2.4030422701431593e+08 6.2355772187026542e-05 5.5181134638661051e+09 6.1636320342015219e+05 5.1541358477278681e+09 1.0919328484147148e+09 3.6245117601315055e+21 6.5118811849029803e-02 3.0000000000000000e+00 6.2857089943425152e+01
2.4138763079544446e+08 6.2355772149658606e-05 5.5181134594569855e+09 6.1636320329702948e+05 5.1541358436095762e+09 1.0919328475422308e+09 3.6737560891455476e+21 6.5412397853381682e-02 3.0000000000000000e+00 6.2857089906868502e+01
2.4247591906723526e+08 6.2355772111953050e-05 5.5181134550080299e+09 6.1636320317279454e+05 5.1541358394540758e+09 1.0919328466618655e+09 3.7236694748647900e+21 6.5707307480155672e-02 3.0000000000000000e+00 6.2857089869981465e+01
2.4356911385125545e+08 6.2355772073906661e-05 5.5181134505188465e+09 6.1636320304743527e+05 5.1541358352610044e+09 1.0919328457735326e+09 3.7742610074092537e+21 6.6003546696853294e-02 3.0000000000000000e+00 6.2857089832760863e+01
2.4466723726835561e+08 6.2355772035516458e-05 5.5181134459891214e+09 6.1636320292094559e+05 5.1541358310300598e+09 1.0919328448771896e+09 3.8255399004016183e+21 6.6301121497880366e-02 3.0000000000000000e+00 6.2857089795204566e+01
2.4577031153911743e+08 6.2355771996779337e-05 5.5181134414184437e+09 6.1636320279331109e+05 5.1541358267608662e+09 1.0919328439727337e+09 3.8775154926451666e+21 6.6600037904668064e-02 3.0000000000000000e+00 6.2857089757308323e+01
2.4687835898430344e+08 6.2355771957692087e-05 5.5181134368064585e+09 6.1636320266452362e+05 5.1541358224530916e+09 1.0919328430601079e+09 3.9301972498245909e+21 6.6900301965794995e-02 3.0000000000000000e+00 6.2857089719069833e+01
2.4799140202530855e+08 6.2355771918251712e-05 5.5181134321528149e+09 6.1636320253457292e+05 5.1541358181064024e+09 1.0919328421392391e+09 3.9835947662298023e+21 6.7201919757109443e-02 3.0000000000000000e+00 6.2857089680486006e+01
2.4910946318461379e+08 6.2355771878454784e-05 5.5181134274570808e+09 6.1636320240344596e+05 5.1541358137204037e+09 1.0919328412100346e+09 4.0377177665032631e+21 6.7504897381852322e-02 3.0000000000000000e+00 6.2857089641552932e+01
2.5023256508624214e+08 6.2355771838298307e-05 5.5181134227189426e+09 6.1636320227113599e+05 5.1541358092947941e+09 1.0919328402724471e+09 4.0925761074110372e+21 6.7809240970780782e-02 3.0000000000000000e+00 6.2857089602268616e+01
2.5136073045621613e+08 6.2355771797778839e-05 5.5181134179379692e+09 6.1636320213762950e+05 5.1541358048291759e+09 1.0919328393263810e+09 4.1481797796378003e+21 6.8114956682292130e-02 3.0000000000000000e+00 6.2857089562629085e+01
2.5249398212301791e+08 6.2355771756893196e-05 5.5181134131137877e+09 6.1636320200291625e+05 5.1541358003231993e+09 1.0919328383717630e+09 4.2045389096064264e+21 6.8422050702548518e-02 3.0000000000000000e+00 6.2857089522631384e+01
2.5363234301805109e+08 6.2355771715638029e-05 5.5181134082460070e+09 6.1636320186698576e+05 5.1541357957764997e+09 1.0919328374085195e+09 4.2616637613221048e+21 6.8730529245602121e-02 3.0000000000000000e+00 6.2857089482272251e+01
2.5477583617610472e+08 6.2355771674010128e-05 5.5181134033342333e+09 6.1636320172982593e+05 5.1541357911887121e+09 1.0919328364365644e+09 4.3195647382416481e+21 6.9040398553520843e-02 3.0000000000000000e+00 6.2857089441548062e+01
2.5592448473581952e+08 6.2355771632005967e-05 5.5181133983780766e+09 6.1636320159142744e+05 5.1541357865594654e+09 1.0919328354558320e+09 4.3782523851681348e+21 6.9351664896514634e-02 3.0000000000000000e+00 6.2857089400456211e+01
2.5707831194015592e+08 6.2355771589622200e-05 5.5181133933771429e+09 6.1636320145177981e+05 5.1541357818883963e+09 1.0919328344662478e+09 4.4377373901712932e+21 6.9664334573062356e-02 3.0000000000000000e+00 6.2857089358993441e+01
2.5823734113686460e+08 6.2355771546855412e-05 5.5181133883310022e+09 6.1636320131086838e+05 5.1541357771750994e+09 1.0919328334677079e+09 4.4980305865340050e+21 6.9978413910039283e-02 3.0000000000000000e+00 6.2857089317155520e+01
2.5940159577895871e+08 6.2355771503702051e-05 5.5181133832392616e+09 6.1636320116868475e+05 5.1541357724192123e+09 1.0919328324601526e+09 4.5591429547252405e+21 7.0293909262845067e-02 3.0000000000000000e+00 6.2857089274939923e+01
2.6057109942518857e+08 6.2355771460158784e-05 5.5181133781014910e+09 6.1636320102521405e+05 5.1541357676203327e+09 1.0919328314434769e+09 4.6210856243997615e+21 7.0610827015532326e-02 3.0000000000000000e+00 6.2857089232342204e+01
2.6174587574051839e+08 6.2355771416221966e-05 5.5181133729172964e+09 6.1636320088044787e+05 5.1541357627780914e+09 1.0919328304176211e+09 4.6838698764251169e+21 7.0929173580935936e-02 3.0000000000000000e+00 6.2857089189359883e+01
2.6292594849660513e+08 6.2355771371888166e-05 5.5181133676862679e+09 6.1636320073437411e+05 5.1541357578921013e+09 1.0919328293824995e+09 4.7475071449359849e+21 7.1248955400802658e-02 3.0000000000000000e+00 6.2857089145989335e+01
2.6411134157227936e+08 6.2355771327153619e-05 5.5181133624079332e+09 6.1636320058697811e+05 5.1541357529619312e+09 1.0919328283380079e+09 4.8120090194165776e+21 7.1570178945921520e-02 3.0000000000000000e+00 6.2857089102226347e+01
2.6530207895402873e+08 6.2355771282014881e-05 5.5181133570819225e+09 6.1636320043825172e+05 5.1541357479872265e+09 1.0919328272840889e+09 4.8773872468113343e+21 7.1892850716254800e-02 3.0000000000000000e+00 6.2857089058068226e+01
2.6649818473648307e+08 6.2355771236468090e-05 5.5181133517077818e+09 6.1636320028818236e+05 5.1541357429675627e+09 1.0919328262206533e+09 4.9436537336641670e+21 7.2216977241069472e-02 3.0000000000000000e+00 6.2857089013511533e+01
2.6769968312290218e+08 6.2355771190509789e-05 5.5181133462850628e+09 6.1636320013675513e+05 5.1541357379025316e+09 1.0919328251475952e+09 5.0108205482869617e+21 7.2542565079069518e-02 3.0000000000000000e+00 6.2857088968551629e+01
2.6890659842566538e+08 6.2355771144136118e-05 5.5181133408133326e+09 6.1636319998395932e+05 5.1541357327917213e+09 1.0919328240648391e+09 5.0788999229572687e+21 7.2869620818528297e-02 3.0000000000000000e+00 6.2857088923185394e+01
2.7011895506676352e+08 6.2355771097343307e-05 5.5181133352921610e+09 6.1636319982978352e+05 5.1541357276347275e+09 1.0919328229723039e+09 5.1479042561462260e+21 7.3198151077422169e-02 3.0000000000000000e+00 6.2857088877409545e+01
2.7133677757829338e+08 6.2355771050127712e-05 5.5181133297210760e+09 6.1636319967421214e+05 5.1541357224311171e+09 1.0919328218698792e+09 5.2178461147763583e+21 7.3528162503564323e-02 3.0000000000000000e+00 6.2857088831219336e+01
2.7256009060295373e+08 6.2355771002485334e-05 5.5181133240996675e+09 6.1636319951723772e+05 5.1541357171804972e+09 1.0919328207575123e+09 5.2887382365103635e+21 7.3859661774739196e-02 3.0000000000000000e+00 6.2857088784612692e+01
2.7378891889454418e+08 6.2355770954412393e-05 5.5181133184274445e+09 6.1636319935884350e+05 5.1541357118824167e+09 1.0919328196350842e+09 5.3605935320707954e+21 7.4192655598837656e-02 3.0000000000000000e+00 6.2857088737584512e+01
2.7502328731846613e+08 6.2355770905905039e-05 5.5181133127039757e+09 6.1636319919901923e+05 5.1541357065364704e+09 1.0919328185025222e+09 5.4334250875913524e+21 7.4527150713992824e-02 3.0000000000000000e+00 6.2857088690131633e+01
2.7626322085222566e+08 6.2355770856959382e-05 5.5181133069287519e+09 6.1636319903774699e+05 5.1541357011421862e+09 1.0919328173596997e+09 5.5072461670001473e+21 7.4863153888716255e-02 3.0000000000000000e+00 6.2857088642248925e+01
2.7750874458593929e+08 6.2355770807571330e-05 5.5181133011013613e+09 6.1636319887502003e+05 5.1541356956991711e+09 1.0919328162065685e+09 5.5820702144352097e+21 7.5200671922035042e-02 3.0000000000000000e+00 6.2857088593934428e+01
2.7875988372284150e+08 6.2355770757736886e-05 5.5181132952212934e+09 6.1636319871082180e+05 5.1541356902069569e+09 1.0919328150430114e+09 5.6579108566929747e+21 7.5539711643629284e-02 3.0000000000000000e+00 6.2857088545183188e+01
2.8001666357979453e+08 6.2355770707452185e-05 5.5181132892880983e+09 6.1636319854513998e+05 5.1541356846651182e+09 1.0919328138689411e+09 5.7347819057099445e+21 7.5880279913970311e-02 3.0000000000000000e+00 6.2857088495991327e+01
2.8127910958780116e+08 6.2355770656712892e-05 5.5181132833012857e+09 6.1636319837796246e+05 5.1541356790731983e+09 1.0919328126842721e+09 5.8126973610780965e+21 7.6222383624459600e-02 3.0000000000000000e+00 6.2857088446355604e+01
2.8254724729251879e+08 6.2355770605515131e-05 5.5181132772603455e+09 6.1636319820927083e+05 5.1541356734307194e+09 1.0919328114888735e+09 5.8916714125944622e+21 7.6566029697568094e-02 3.0000000000000000e+00 6.2857088396270420e+01
2.8382110235477674e+08 6.2355770553854713e-05 5.5181132711648273e+09 6.1636319803905650e+05 5.1541356677372675e+09 1.0919328102826846e+09 5.9717184428452851e+21 7.6911225086976287e-02 3.0000000000000000e+00 6.2857088345732976e+01
2.8510070055109525e+08 6.2355770501727411e-05 5.5181132650142202e+09 6.1636319786730362e+05 5.1541356619923582e+09 1.0919328090655930e+09 6.0528530298254666e+21 7.7257976777715051e-02 3.0000000000000000e+00 6.2857088294738887e+01
2.8638606777420712e+08 6.2355770449129132e-05 5.5181132588080359e+09 6.1636319769399823e+05 5.1541356561955366e+09 1.0919328078375001e+09 6.1350899495933030e+21 7.7606291786306750e-02 3.0000000000000000e+00 6.2857088243283783e+01
2.8767723003358185e+08 6.2355770396055335e-05 5.5181132525457630e+09 6.1636319751912798e+05 5.1541356503463249e+09 1.0919328065983179e+09 6.2184441789616782e+21 7.7956177160907497e-02 3.0000000000000000e+00 6.2857088191364276e+01
2.8897421345595169e+08 6.2355770342502022e-05 5.5181132462268934e+09 6.1636319734267588e+05 5.1541356444442501e+09 1.0919328053479261e+09 6.3029308982254098e+21 7.8307639981449559e-02 3.0000000000000000e+00 6.2857088138975058e+01
2.9027704428584033e+08 6.2355770288464681e-05 5.5181132398509159e+09 6.1636319716462959e+05 5.1541356384888363e+09 1.0919328040862379e+09 6.3885654939260043e+21 7.8660687359784723e-02 3.0000000000000000e+00 6.2857088086112540e+01
2.9158574888609421e+08 6.2355770233938962e-05 5.5181132334173222e+09 6.1636319698497490e+05 5.1541356324796057e+09 1.0919328028131516e+09 6.4753635616537329e+21 7.9015326439828129e-02 3.0000000000000000e+00 6.2857088032772680e+01
2.9290035373841572e+08 6.2355770178920445e-05 5.5181132269255819e+09 6.1636319680369645e+05 5.1541356264160633e+09 1.0919328015285592e+09 6.5633409088878910e+21 7.9371564397702904e-02 3.0000000000000000e+00 6.2857087978950609e+01
2.9422088544389904e+08 6.2355770123404808e-05 5.5181132203751659e+09 6.1636319662077818e+05 5.1541356202977180e+09 1.0919328002323465e+09 6.6525135578756222e+21 7.9729408441885252e-02 3.0000000000000000e+00 6.2857087924641839e+01
2.9554737072356874e+08 6.2355770067387402e-05 5.5181132137655640e+09 6.1636319643620844e+05 5.1541356141240873e+09 1.0919327989244308e+09 6.7428977485498527e+21 8.0088865813350466e-02 3.0000000000000000e+00 6.2857087869842722e+01
2.9687983641892016e+08 6.2355770010863782e-05 5.5181132070962286e+09 6.1636319624997047e+05 5.1541356078946648e+09 1.0919327976046937e+09 6.8345099414868758e+21 8.0449943785719388e-02 3.0000000000000000e+00 6.2857087814548329e+01
2.9821830949246252e+08 6.2355769953829327e-05 5.5181132003666096e+09 6.1636319606204843e+05 5.1541356016089363e+09 1.0919327962730229e+09 6.9273668209041274e+21 8.0812649665405439e-02 3.0000000000000000e+00 6.2857087758754041e+01
2.9956281702826476e+08 6.2355769896279469e-05 5.5181131935761786e+09 6.1636319587242836e+05 5.1541355952664070e+09 1.0919327949293191e+09 7.0214852976986418e+21 8.1176990791762743e-02 3.0000000000000000e+00 6.2857087702455566e+01
3.0091338623250347e+08 6.2355769838209451e-05 5.5181131867243862e+09 6.1636319568109559e+05 5.1541355888665609e+09 1.0919327935734789e+09 7.1168825125268693e+21 8.1542974537234386e-02 3.0000000000000000e+00 6.2857087645648839e+01
3.0227004443401343e+08 6.2355769779614748e-05 5.5181131798106833e+09 6.1636319548803405e+05 5.1541355824088898e+09 1.0919327922053878e+09 7.2135758389262890e+21 8.1910608307501756e-02 3.0000000000000000e+00 6.2857087588328646e+01
3.0363281908484048e+08 6.2355769720490466e-05 5.5181131728344822e+09 6.1636319529322628e+05 5.1541355758928423e+09 1.0919327908249226e+09 7.3115828864793979e+21 8.2279899541634310e-02 3.0000000000000000e+00 6.2857087530490190e+01
3.0500173776079708e+08 6.2355769660831834e-05 5.5181131657952337e+09 6.1636319509665831e+05 5.1541355693179083e+09 1.0919327894319842e+09 7.4109215040207826e+21 8.2650855712240068e-02 3.0000000000000000e+00 6.2857087472129145e+01
3.0637682816202056e+08 6.2355769600634016e-05 5.5181131586923685e+09 6.1636319489831384e+05 5.1541355626835508e+09 1.0919327880264568e+09 7.5116097828876609e+21 8.3023484325616945e-02 3.0000000000000000e+00 6.2857087413240798e+01
3.0775811811353326e+08 6.2355769539892213e-05 5.5181131515253201e+09 6.1636319469817728e+05 5.1541355559892454e+09 1.0919327866082301e+09 7.6136660602146941e+21 8.3397792921904579e-02 3.0000000000000000e+00 6.2857087353820383e+01
3.0914563556580567e+08 6.2355769478601451e-05 5.5181131442935181e+09 6.1636319449623371e+05 5.1541355492344532e+09 1.0919327851771986e+09 7.7171089222734688e+21 8.3773789075236790e-02 3.0000000000000000e+00 6.2857087293863501e+01
3.1053940859532219e+08 6.2355769416756865e-05 5.5181131369963360e+09 6.1636319429246243e+05 5.1541355424186001e+09 1.0919327837332153e+09 7.8219572078573645e+21 8.4151480393895070e-02 3.0000000000000000e+00 6.2857087233364005e+01
3.1193946540514910e+08 6.2355769354353237e-05 5.5181131296332054e+09 6.1636319408685039e+05 5.1541355355411444e+09 1.0919327822761877e+09 7.9282300117124813e+21 8.4530874520462262e-02 3.0000000000000000e+00 6.2857087172318153e+01
3.1334583432550526e+08 6.2355769291385811e-05 5.5181131222035570e+09 6.1636319387938106e+05 5.1541355286015577e+09 1.0919327808059990e+09 8.0359466880151207e+21 8.4911979131977469e-02 3.0000000000000000e+00 6.2857087110720819e+01
3.1475854381433541e+08 6.2355769227849273e-05 5.5181131147067451e+09 6.1636319367003581e+05 5.1541355215992413e+09 1.0919327793225169e+09 8.1451268538965290e+21 8.5294801940091203e-02 3.0000000000000000e+00 6.2857087048566534e+01
3.1617762245788604e+08 6.2355769163738515e-05 5.5181131071421804e+09 6.1636319345879834e+05 5.1541355145336399e+09 1.0919327778256259e+09 8.2557903930154675e+21 8.5679350691221526e-02 3.0000000000000000e+00 6.2857086985850685e+01
3.1760309897128373e+08 6.2355769099048345e-05 5.5181130995092554e+09 6.1636319324565213e+05 5.1541355074041853e+09 1.0919327763152092e+09 8.3679574591794808e+21 8.6065633166710717e-02 3.0000000000000000e+00 6.2857086922568179e+01
3.1903500219911635e+08 6.2355769033773560e-05 5.5181130918073626e+09 6.1636319303058111e+05 5.1541355002103109e+09 1.0919327747911525e+09 8.4816484800151851e+21 8.6453657182982827e-02 3.0000000000000000e+00 6.2857086858714190e+01
3.2047336111601657e+08 6.2355768967908929e-05 5.5181130840358553e+09 6.1636319281356502e+05 5.1541354929514179e+09 1.0919327732533126e+09 8.5968841606885393e+21 8.6843430591701756e-02 3.0000000000000000e+00 6.2857086794282722e+01
3.2191820482724839e+08 6.2355768901449057e-05 5.5181130761941061e+09 6.1636319259458687e+05 5.1541354856269178e+09 1.0919327717015688e+09 8.7136854876756042e+21 8.7234961279930190e-02 3.0000000000000000e+00 6.2857086729268850e+01
3.2336956256929576e+08 6.2355768834388483e-05 5.5181130682815065e+09 6.1636319237363199e+05 5.1541354782362328e+09 1.0919327701358175e+09 8.8320737325845683e+21 8.7628257170289117e-02 3.0000000000000000e+00 6.2857086663668241e+01
3.2482746371045458e+08 6.2355768766721921e-05 5.5181130602973909e+09 6.1636319215067918e+05 5.1541354707787542e+09 1.0919327685559084e+09 8.9520704560297044e+21 8.8023326221118220e-02 3.0000000000000000e+00 6.2857086597474449e+01
3.2629193775142646e+08 6.2355768698443815e-05 5.5181130522411308e+09 6.1636319192571263e+05 5.1541354632538881e+09 1.0919327669617290e+09 9.0736975115578675e+21 8.8420176426636785e-02 3.0000000000000000e+00 6.2857086530682828e+01
3.2776301432591629e+08 6.2355768629548743e-05 5.5181130441120415e+09 6.1636319169871020e+05 5.1541354556610003e+09 1.0919327653531232e+09 9.1969770496285118e+21 8.8818815817105698e-02 3.0000000000000000e+00 6.2857086463286791e+01
3.2924072320123136e+08 6.2355768560030947e-05 5.5181130359095144e+09 6.1636319146965980e+05 5.1541354479995146e+09 1.0919327637300045e+09 9.3219315216476191e+21 8.9219252458989651e-02 3.0000000000000000e+00 6.2857086395282820e+01
3.3072509427888387e+08 6.2355768489884991e-05 5.5181130276328440e+09 6.1636319123853697e+05 5.1541354402687769e+09 1.0919327620922000e+09 9.4485836840565106e+21 8.9621494455120548e-02 3.0000000000000000e+00 6.2857086326663648e+01
3.3221615759519619e+08 6.2355768419105020e-05 5.5181130192813644e+09 6.1636319100532541e+05 5.1541354324681683e+09 1.0919327604395943e+09 9.5769566024762330e+21 9.0025549944861422e-02 3.0000000000000000e+00 6.2857086257424470e+01
3.3371394332190824e+08 6.2355768347685479e-05 5.5181130108544273e+09 6.1636319077000697e+05 5.1541354245970755e+09 1.0919327587720587e+09 9.7070736559081448e+21 9.0431427104271031e-02 3.0000000000000000e+00 6.2857086187559759e+01
3.3521848176678842e+08 6.2355768275620499e-05 5.5181130023513279e+09 6.1636319053256139e+05 5.1541354166548462e+09 1.0919327570894494e+09 9.8389585409917164e+21 9.0839134146269457e-02 3.0000000000000000e+00 6.2857086117063552e+01
3.3672980337424672e+08 6.2355768202904102e-05 5.5181129937713795e+09 6.1636319029297051e+05 5.1541354086408329e+09 1.0919327553916378e+09 9.9726352763201299e+21 9.1248679320804285e-02 3.0000000000000000e+00 6.2857086045930728e+01
3.3824793872595066e+08 6.2355768129530761e-05 5.5181129851138954e+09 6.1636319005121337e+05 5.1541354005544043e+09 1.0919327536784754e+09 1.0108128206814402e+22 9.1660070915017280e-02 3.0000000000000000e+00 6.2857085974154494e+01
3.3977291854144424e+08 6.2355768055494146e-05 5.5181129763781719e+09 6.1636318980727275e+05 5.1541353923948917e+09 1.0919327519498405e+09 1.0245462008157077e+22 9.2073317253412487e-02 3.0000000000000000e+00 6.2857085901730315e+01
3.4130477367876953e+08 6.2355767980788509e-05 5.5181129675635214e+09 6.1636318956112908e+05 5.1541353841616583e+09 1.0919327502055941e+09 1.0384661691286122e+22 9.2488426698024206e-02 3.0000000000000000e+00 6.2857085828651954e+01
3.4284353513509119e+08 6.2355767905407754e-05 5.5181129586691790e+09 6.1636318931275769e+05 5.1541353758539934e+09 1.0919327484455612e+09 1.0525752606949854e+22 9.2905407648586610e-02 3.0000000000000000e+00 6.2857085754912397e+01
3.4438923404732335e+08 6.2355767829345781e-05 5.5181129496944790e+09 6.1636318906214368e+05 5.1541353674712677e+09 1.0919327466696365e+09 1.0668760450323741e+22 9.3324268542703551e-02 3.0000000000000000e+00 6.2857085680507112e+01
3.4594190169276011e+08 6.2355767752596397e-05 5.5181129406386566e+09 6.1636318880926352e+05 5.1541353590127735e+09 1.0919327448776534e+09 1.0813711265689963e+22 9.3745017856019047e-02 3.0000000000000000e+00 6.2857085605429035e+01
3.4750156948970819e+08 6.2355767675153394e-05 5.5181129315010052e+09 6.1636318855409906e+05 5.1541353504778442e+09 1.0919327430694828e+09 1.0960631451180549e+22 9.4167664102389290e-02 3.0000000000000000e+00 6.2857085529672858e+01
3.4906826899812263e+08 6.2355767597010580e-05 5.5181129222807617e+09 6.1636318829662725e+05 5.1541353418657770e+09 1.0919327412449617e+09 1.1109547763584956e+22 9.4592215834054472e-02 3.0000000000000000e+00 6.2857085453231704e+01
3.5064203192024559e+08 6.2355767518161516e-05 5.5181129129772005e+09 6.1636318803682947e+05 5.1541353331758823e+09 1.0919327394039583e+09 1.1260487323222886e+22 9.5018681641812028e-02 3.0000000000000000e+00 6.2857085376100180e+01
3.5222289010124773e+08 6.2355767438599779e-05 5.5181129035895557e+09 6.1636318777468405e+05 5.1541353244074497e+09 1.0919327375463185e+09 1.1413477618883481e+22 9.5447070155190453e-02 3.0000000000000000e+00 6.2857085298271834e+01
3.5381087552987260e+08 6.2355767358319175e-05 5.5181128941170835e+09 6.1636318751016958e+05 5.1541353155597868e+09 1.0919327356718912e+09 1.1568546512831443e+22 9.5877390042623925e-02 3.0000000000000000e+00 6.2857085219739957e+01
3.5540602033908403e+08 6.2355767277312942e-05 5.5181128845590000e+09 6.1636318724326487e+05 5.1541353066321583e+09 1.0919327337805259e+09 1.1725722245881320e+22 9.6309650011627640e-02 3.0000000000000000e+00 6.2857085140498683e+01
3.5700835680671620e+08 6.2355767195574764e-05 5.5181128749145393e+09 6.1636318697394733e+05 5.1541352976238537e+09 1.0919327318720627e+09 1.1885033442540524e+22 9.6743858808974056e-02 3.0000000000000000e+00 6.2857085060541010e+01
3.5861791735612690e+08 6.2355767113097770e-05 5.5181128651829185e+09 6.1636318670219672e+05 5.1541352885341339e+09 1.0919327299463580e+09 1.2046509116222545e+22 9.7180025220869923e-02 3.0000000000000000e+00 6.2857084979861220e+01
3.6023473455685353e+08 6.2355767029875442e-05 5.5181128553633528e+09 6.1636318642799021e+05 5.1541352793622704e+09 1.0919327280032496e+09 1.2210178674530661e+22 9.7618158073133912e-02 3.0000000000000000e+00 6.2857084898452392e+01
3.6185884112527215e+08 6.2355766945901002e-05 5.5181128454550390e+09 6.1636318615130498e+05 5.1541352701075134e+09 1.0919327260425768e+09 1.2376071924613655e+22 9.8058266231375354e-02 3.0000000000000000e+00 6.2857084816307790e+01
3.6349026992525971e+08 6.2355766861167715e-05 5.5181128354571724e+09 6.1636318587211822e+05 5.1541352607691135e+09 1.0919327240641773e+09 1.2544219078594230e+22 9.8500358601173649e-02 3.0000000000000000e+00 6.2857084733420479e+01
3.6512905396885872e+08 6.2355766775668697e-05 5.5181128253689690e+09 6.1636318559040967e+05 5.1541352513463335e+09 1.0919327220679076e+09 1.2714650759071128e+22 9.8944444128258258e-02 3.0000000000000000e+00 6.2857084649784518e+01
3.6677522641694540e+08 6.2355766689396982e-05 5.5181128151895866e+09 6.1636318530615466e+05 5.1541352418383894e+09 1.0919327200535929e+09 1.2887398004696134e+22 9.9390531798689966e-02 3.0000000000000000e+00 6.2857084565392704e+01
3.6842882057990080e+08 6.2355766602345577e-05 5.5181128049182205e+09 6.1636318501933198e+05 5.1541352322445278e+09 1.0919327180210831e+09 1.3062492275826615e+22 9.9838630639042497e-02 3.0000000000000000e+00 6.2857084480238669e+01
3.7008986991828471e+08 6.2355766514507393e-05 5.5181127945540285e+09 6.1636318472991744e+05 5.1541352225639601e+09 1.0919327159702065e+09 1.3239965460255193e+22 1.0028874971658541e-01 3.0000000000000000e+00 6.2857084394315336e+01
3.7175840804351270e+08 6.2355766425875464e-05 5.5181127840961676e+09 6.1636318443788635e+05 5.1541352127959051e+09 1.0919327139007883e+09 1.3419849879016935e+22 1.0074089813946720e-01 3.0000000000000000e+00 6.2857084307615267e+01
3.7343446871853638e+08 6.2355766336442595e-05 5.5181127735437946e+09 6.1636318414321565e+05 5.1541352029395733e+09 1.0919327118126650e+09 1.3602178292275665e+22 1.0119508505690002e-01 3.0000000000000000e+00 6.2857084220131568e+01
3.7511808585852647e+08 6.2355766246201453e-05 5.5181127628960457e+09 6.1636318384588137e+05 5.1541351929941587e+09 1.0919327097056668e+09 1.3786983905290158e+22 1.0165131965934446e-01 3.0000000000000000e+00 6.2857084131857135e+01
3.7680929353155923e+08 6.2355766155144747e-05 5.5181127521520805e+09 6.1636318354586093e+05 5.1541351829588699e+09 1.0919327075796337e+09 1.3974300374461370e+22 1.0210961117869573e-01 3.0000000000000000e+00 6.2857084042785466e+01
3.7850812595930564e+08 6.2355766063265173e-05 5.5181127413110342e+09 6.1636318324313057e+05 5.1541351728329029e+09 1.0919327054343972e+09 1.4164161813461932e+22 1.0256996888847041e-01 3.0000000000000000e+00 6.2857083952909235e+01
3.8021461751772398e+08 6.2355765970555275e-05 5.5181127303720055e+09 6.1636318293766305e+05 5.1541351626154165e+09 1.0919327032697647e+09 1.4356602799448765e+22 1.0303240210399399e-01 3.0000000000000000e+00 6.2857083862220563e+01
3.8192880273775548e+08 6.2355765877007547e-05 5.5181127193341131e+09 6.1636318262943462e+05 5.1541351523055916e+09 1.0919327010855675e+09 1.4551658379360304e+22 1.0349692018258944e-01 3.0000000000000000e+00 6.2857083770712194e+01
3.8365071630602294e+08 6.2355765782614358e-05 5.5181127081964731e+09 6.1636318231842131e+05 5.1541351419025946e+09 1.0919326988816357e+09 1.4749364076299105e+22 1.0396353252376667e-01 3.0000000000000000e+00 6.2857083678377315e+01
3.8538039306553262e+08 6.2355765687368146e-05 5.5181126969581661e+09 6.1636318200459587e+05 5.1541351314055748e+09 1.0919326966577761e+09 1.4949755896001156e+22 1.0443224856941240e-01 3.0000000000000000e+00 6.2857083585207562e+01
3.8711786801637948e+08 6.2355765591261050e-05 5.5181126856183090e+09 6.1636318168793642e+05 5.1541351208136988e+09 1.0919326944138341e+09 1.5152870333393339e+22 1.0490307780398163e-01 3.0000000000000000e+00 6.2857083491196690e+01
3.8886317631645513e+08 6.2355765494285563e-05 5.5181126741759605e+09 6.1636318136841315e+05 5.1541351101260948e+09 1.0919326921495984e+09 1.5358744379239703e+22 1.0537602975468922e-01 3.0000000000000000e+00 6.2857083396335589e+01
3.9061635328215951e+08 6.2355765396433579e-05 5.5181126626302195e+09 6.1636318104600441e+05 5.1541350993419151e+09 1.0919326898649151e+09 1.5567415526878114e+22 1.0585111399170274e-01 3.0000000000000000e+00 6.2857083300617987e+01
3.9237743438911527e+08 6.2355765297697361e-05 5.5181126509801245e+09 6.1636318072068039e+05 5.1541350884602680e+09 1.0919326875595734e+09 1.5778921779048447e+22 1.0632834012833622e-01 3.0000000000000000e+00 6.2857083204034907e+01
3.9414645527288586e+08 6.2355765198068790e-05 5.5181126392247543e+09 6.1636318039241736e+05 5.1541350774802856e+09 1.0919326852334051e+09 1.5993301654813672e+22 1.0680771782124460e-01 3.0000000000000000e+00 6.2857083106579509e+01
3.9592345172969639e+08 6.2355765097539924e-05 5.5181126273631496e+09 6.1636318006118760e+05 5.1541350664010801e+09 1.0919326828862135e+09 1.6210594196574729e+22 1.0728925677061912e-01 3.0000000000000000e+00 6.2857083008243364e+01
3.9770845971715826e+08 6.2355764996102443e-05 5.5181126153943281e+09 6.1636317972696316e+05 5.1541350552217293e+09 1.0919326805178010e+09 1.6430838977180987e+22 1.0777296672038361e-01 3.0000000000000000e+00 6.2857082909018445e+01
3.9950151535499644e+08 6.2355764893748378e-05 5.5181126033173504e+09 6.1636317938971799e+05 5.1541350439413557e+09 1.0919326781279826e+09 1.6654076107136975e+22 1.0825885745839169e-01 3.0000000000000000e+00 6.2857082808896720e+01
4.0130265492578053e+08 6.2355764790469190e-05 5.5181125911312351e+09 6.1636317904942669e+05 5.1541350325590420e+09 1.0919326757165782e+09 1.6880346241907342e+22 1.0874693881662459e-01 3.0000000000000000e+00 6.2857082707870759e+01
4.0311191487565899e+08 6.2355764686256694e-05 5.5181125788350039e+09 6.1636317870606086e+05 5.1541350210738745e+09 1.0919326732833872e+09 1.7109690589320938e+22 1.0923722067139056e-01 3.0000000000000000e+00 6.2857082605932199e+01
4.0492933181509644e+08 6.2355764581102337e-05 5.5181125664276352e+09 6.1636317835959140e+05 5.1541350094849024e+09 1.0919326708282027e+09 1.7342150917075472e+22 1.0972971294352425e-01 3.0000000000000000e+00 6.2857082503072355e+01
4.0675494251961470e+08 6.2355764474997732e-05 5.5181125539081297e+09 6.1636317800998921e+05 5.1541349977911901e+09 1.0919326683508186e+09 1.7577769560344105e+22 1.1022442559858772e-01 3.0000000000000000e+00 6.2857082399282639e+01
4.0858878393053675e+08 6.2355764367934217e-05 5.5181125412754889e+09 6.1636317765722843e+05 5.1541349859918032e+09 1.0919326658510523e+09 1.7816589429485492e+22 1.1072136864707190e-01 3.0000000000000000e+00 6.2857082294555333e+01
4.1043089315573430e+08 6.2355764259903175e-05 5.5181125285286922e+09 6.1636317730128043e+05 5.1541349740857925e+09 1.0919326633287001e+09 1.8058654017858472e+22 1.1122055214459928e-01 3.0000000000000000e+00 6.2857082188881812e+01
4.1228130747037882e+08 6.2355764150895821e-05 5.5181125156666803e+09 6.1636317694211379e+05 5.1541349620721684e+09 1.0919326607835398e+09 1.8304007409743090e+22 1.1172198619212743e-01 3.0000000000000000e+00 6.2857082082252973e+01
4.1414006431769556e+08 6.2355764040903335e-05 5.5181125026884356e+09 6.1636317657970171e+05 5.1541349499499769e+09 1.0919326582153811e+09 1.8552694288368955e+22 1.1222568093615318e-01 3.0000000000000000e+00 6.2857081974660687e+01
4.1600720130972135e+08 6.2355763929916811e-05 5.5181124895929184e+09 6.1636317621401581e+05 5.1541349377182446e+09 1.0919326556240234e+09 1.8804759944052947e+22 1.1273164656891807e-01 3.0000000000000000e+00 6.2857081866096735e+01
4.1788275622806573e+08 6.2355763817927319e-05 5.5181124763790493e+09 6.1636317584502441e+05 5.1541349253759689e+09 1.0919326530092418e+09 1.9060250282447478e+22 1.1323989332861460e-01 3.0000000000000000e+00 6.2857081756551487e+01
4.1976676702467525e+08 6.2355763704925643e-05 5.5181124630457516e+09 6.1636317547269794e+05 5.1541349129221420e+09 1.0919326503708272e+09 1.9319211832900495e+22 1.1375043149959331e-01 3.0000000000000000e+00 6.2857081646016404e+01
4.2165927182260185e+08 6.2355763590902811e-05 5.5181124495919657e+09 6.1636317509700707e+05 5.1541349003557749e+09 1.0919326477085712e+09 1.9581691756929524e+22 1.1426327141257092e-01 3.0000000000000000e+00 6.2857081534482553e+01
4.2356030891677362e+08 6.2355763475849512e-05 5.5181124360165949e+09 6.1636317471792107e+05 5.1541348876758423e+09 1.0919326450222564e+09 1.9847737856810430e+22 1.1477842344483931e-01 3.0000000000000000e+00 6.2857081421940954e+01
4.2546991677477050e+08 6.2355763359756464e-05 5.5181124223185396e+09 6.1636317433540919e+05 5.1541348748813200e+09 1.0919326423116648e+09 2.0117398584283252e+22 1.1529589802047564e-01 3.0000000000000000e+00 6.2857081308382334e+01
4.2738813403760189e+08 6.2355763242614247e-05 5.5181124084966841e+09 6.1636317394943954e+05 5.1541348619711618e+09 1.0919326395765705e+09 2.0390723049375947e+22 1.1581570561055310e-01 3.0000000000000000e+00 6.2857081193797420e+01
4.2931499952048916e+08 6.2355763124413320e-05 5.5181123945499296e+09 6.1636317355998349e+05 5.1541348489443388e+09 1.0919326368167706e+09 2.0667761029348302e+22 1.1633785673335287e-01 3.0000000000000000e+00 6.2857081078177735e+01
4.3125055221365082e+08 6.2355763005144264e-05 5.5181123804771194e+09 6.1636317316700611e+05 5.1541348357997818e+09 1.0919326340320172e+09 2.0948562977757214e+22 1.1686236195457692e-01 3.0000000000000000e+00 6.2857080961512573e+01
4.3319483128309137e+08 6.2355762884797362e-05 5.5181123662771559e+09 6.1636317277047923e+05 5.1541348225364532e+09 1.0919326312221112e+09 2.1233180033645227e+22 1.1738923188756187e-01 3.0000000000000000e+00 6.2857080843793923e+01
4.3514787607139409e+08 6.2355762763362734e-05 5.5181123519488440e+09 6.1636317237036792e+05 5.1541348091532412e+09 1.0919326283868048e+09 2.1521664030853736e+22 1.1791847719349359e-01 3.0000000000000000e+00 6.2857080725011400e+01
4.3710972609851700e+08 6.2355762640830853e-05 5.5181123374910450e+09 6.1636317196663958e+05 5.1541347956490889e+09 1.0919326255258675e+09 2.1814067507463010e+22 1.1845010858162312e-01 3.0000000000000000e+00 6.2857080605155048e+01
4.3908042106259257e+08 6.2355762517191419e-05 5.5181123229025841e+09 6.1636317155926395e+05 5.1541347820228901e+09 1.0919326226390839e+09 2.2110443715360169e+22 1.1898413680948325e-01 3.0000000000000000e+00 6.2857080484216169e+01
4.4106000084073091e+08 6.2355762392434796e-05 5.5181123081822844e+09 6.1636317114820541e+05 5.1541347682735510e+09 1.0919326197262025e+09 2.2410846629937377e+22 1.1952057268310609e-01 3.0000000000000000e+00 6.2857080362184107e+01
4.4304850548982692e+08 6.2355762266550589e-05 5.5181122933289499e+09 6.1636317073343275e+05 5.1541347543999510e+09 1.0919326167870016e+09 2.2715330959921677e+22 1.2005942705724194e-01 3.0000000000000000e+00 6.2857080239049573e+01
4.4504597524737066e+08 6.2355762139528796e-05 5.5181122783414049e+09 6.1636317031491315e+05 5.1541347404009886e+09 1.0919326138212488e+09 2.3023952157338514e+22 1.2060071083557876e-01 3.0000000000000000e+00 6.2857080114802883e+01
4.4705245053226149e+08 6.2355762011359037e-05 5.5181122632183943e+09 6.1636316989260982e+05 5.1541347262754993e+09 1.0919326108286831e+09 2.3336766427610273e+22 1.2114443497096286e-01 3.0000000000000000e+00 6.2857079989433075e+01
4.4906797194562626e+08 6.2355761882030997e-05 5.5181122479587030e+09 6.1636316946648899e+05 5.1541347120223475e+09 1.0919326078090661e+09 2.3653830739792597e+22 1.2169061046562052e-01 3.0000000000000000e+00 6.2857079862930100e+01
4.5109258027164048e+08 6.2355761751534147e-05 5.5181122325611343e+09 6.1636316903652018e+05 5.1541346976404085e+09 1.0919326047621806e+09 2.3975202836949315e+22 1.2223924837138060e-01 3.0000000000000000e+00 6.2857079735284913e+01
4.5312631647835398e+08 6.2355761619858091e-05 5.5181122170243950e+09 6.1636316860266286e+05 5.1541346831284828e+09 1.0919326016877403e+09 2.4300941246668435e+22 1.2279035978989815e-01 3.0000000000000000e+00 6.2857079606485456e+01
4.5516922171851957e+08 6.2355761486991961e-05 5.5181122013472509e+09 6.1636316816488560e+05 5.1541346684854097e+09 1.0919325985855222e+09 2.4631105291721114e+22 1.2334395587287909e-01 3.0000000000000000e+00 6.2857079476522607e+01
4.5722133733042592e+08 6.2355761352925009e-05 5.5181121855284262e+09 6.1636316772315279e+05 5.1541346537100039e+09 1.0919325954552736e+09 2.4965755100865405e+22 1.2390004782230576e-01 3.0000000000000000e+00 6.2857079345385607e+01
4.5928270483873403e+08 6.2355761217646502e-05 5.5181121695666466e+09 6.1636316727742739e+05 5.1541346388010674e+09 1.0919325922967327e+09 2.5304951619796622e+22 1.2445864689066374e-01 3.0000000000000000e+00 6.2857079213063606e+01
4.6135336595531762e+08 6.2355761081145584e-05 5.5181121534605999e+09 6.1636316682767193e+05 5.1541346237573910e+09 1.0919325891096334e+09 2.5648756622246885e+22 1.2501976438116930e-01 3.0000000000000000e+00 6.2857079079545152e+01
4.6343336258010679e+08 6.2355760943410952e-05 5.5181121372090302e+09 6.1636316637385520e+05 5.1541346085777779e+09 1.0919325858937547e+09 2.5997232721234976e+22 1.2558341164799838e-01 3.0000000000000000e+00 6.2857078944821438e+01
4.6552273680193633e+08 6.2355760804431521e-05 5.5181121208105659e+09 6.1636316591593553e+05 5.1541345932609644e+09 1.0919325826488016e+09 2.6350443380469376e+22 1.2614960009651607e-01 3.0000000000000000e+00 6.2857078808879898e+01
4.6762153089939708e+08 6.2355760664196245e-05 5.5181121042639132e+09 6.1636316545387730e+05 5.1541345778057404e+09 1.0919325793745215e+09 2.6708452925906121e+22 1.2671834118350767e-01 3.0000000000000000e+00 6.2857078671709772e+01
4.6972978734169149e+08 6.2355760522693455e-05 5.5181120875677195e+09 6.1636316498764418e+05 5.1541345622108345e+09 1.0919325760706568e+09 2.7071326557463697e+22 1.2728964641741017e-01 3.0000000000000000e+00 6.2857078533300566e+01
4.7184754878949308e+08 6.2355760379911984e-05 5.5181120707206306e+09 6.1636316451719590e+05 5.1541345464749908e+09 1.0919325727369220e+09 2.7439130360897140e+22 1.2786352735854536e-01 3.0000000000000000e+00 6.2857078393640180e+01
4.7397485809580964e+08 6.2355760235840096e-05 5.5181120537213154e+09 6.1636316404249892e+05 5.1541345305969553e+09 1.0919325693730798e+09 2.7811931319833262e+22 1.2843999561935382e-01 3.0000000000000000e+00 6.2857078252718757e+01
4.7611175830685025e+08 6.2355760090466257e-05 5.5181120365683613e+09 6.1636316356351040e+05 5.1541345145754194e+09 1.0919325659788268e+09 2.8189797327969762e+22 1.2901906286462947e-01 3.0000000000000000e+00 6.2857078110523524e+01
4.7825829266289657e+08 6.2355759943778636e-05 5.5181120192603769e+09 6.1636316308019194e+05 5.1541344984090815e+09 1.0919325625538902e+09 2.8572797201439688e+22 1.2960074081175602e-01 3.0000000000000000e+00 6.2857077967042954e+01
4.8041450459917760e+08 6.2355759795765348e-05 5.5181120017959900e+09 6.1636316259250673e+05 5.1541344820966520e+09 1.0919325590980098e+09 2.8961000691344236e+22 1.3018504123094396e-01 3.0000000000000000e+00 6.2857077822266447e+01
4.8258043774674857e+08 6.2355759646414466e-05 5.5181119841737680e+09 6.1636316210041358e+05 5.1541344656368036e+09 1.0919325556108932e+09 2.9354478496455504e+22 1.3077197594546844e-01 3.0000000000000000e+00 6.2857077676181454e+01
4.8475613593337399e+08 6.2355759495713779e-05 5.5181119663923016e+09 6.1636316160387523e+05 5.1541344490282116e+09 1.0919325520922768e+09 2.9753302276092121e+22 1.3136155683190898e-01 3.0000000000000000e+00 6.2857077528777033e+01
4.8694164318441445e+08 6.2355759343651226e-05 5.5181119484501190e+09 6.1636316110284696e+05 5.1541344322695055e+09 1.0919325485418437e+09 3.0157544663169574e+22 1.3195379582038924e-01 3.0000000000000000e+00 6.2857077380039996e+01
4.8913700372371739e+08 6.2355759190214392e-05 5.5181119303458099e+09 6.1636316059729317e+05 5.1541344153593636e+09 1.0919325449593410e+09 3.0567279277427980e+22 1.3254870489481907e-01 3.0000000000000000e+00 6.2857077229959749e+01
4.9134226197451204e+08 6.2355759035390878e-05 5.5181119120778627e+09 6.1636316008716845e+05 5.1541343982963800e+09 1.0919325413444476e+09 3.0982580738839571e+22 1.3314629609313616e-01 3.0000000000000000e+00 6.2857077078522899e+01
4.9355746256030828e+08 6.2355758879168295e-05 5.5181118936448488e+09 6.1636315957243531e+05 5.1541343810792170e+09 1.0919325376968977e+09 3.1403524681198224e+22 1.3374658150755045e-01 3.0000000000000000e+00 6.2857076925717955e+01
4.9578265030579960e+08 6.2355758721533864e-05 5.5181118750452375e+09 6.1636315905304905e+05 5.1541343637064447e+09 1.0919325340163741e+09 3.1830187765893821e+22 1.3434957328478819e-01 3.0000000000000000e+00 6.2857076771532071e+01
4.9801787023777032e+08 6.2355758562474779e-05 5.5181118562775383e+09 6.1636315852896986e+05 5.1541343461766729e+09 1.0919325303025954e+09 3.2262647695873571e+22 1.3495528362633805e-01 3.0000000000000000e+00 6.2857076615953218e+01
5.0026316758600646e+08 6.2355758401978271e-05 5.5181118373402243e+09 6.1636315800015372e+05 5.1541343284884758e+09 1.0919325265552492e+09 3.2700983229793113e+22 1.3556372478869791e-01 3.0000000000000000e+00 6.2857076458968407e+01
5.0251858778421092e+08 6.2355758240031399e-05 5.5181118182317839e+09 6.1636315746655897e+05 5.1541343106404371e+09 1.0919325227740402e+09 3.3145274196359815e+22 1.3617490908362276e-01 3.0000000000000000e+00 6.2857076300565190e+01
5.0478417647092319e+08 6.2355758076620868e-05 5.5181117989506502e+09 6.1636315692814230e+05 5.1541342926310959e+09 1.0919325189586618e+09 3.3595601508871029e+22 1.3678884887837400e-01 3.0000000000000000e+00 6.2857076140730861e+01
5.0705997949044251e+08 6.2355757911733599e-05 5.5181117794952536e+09 6.1636315638485830e+05 5.1541342744589891e+09 1.0919325151087921e+09 3.4052047179949885e+22 1.3740555659596945e-01 3.0000000000000000e+00 6.2857075979451800e+01
5.0934604289375567e+08 6.2355757745356189e-05 5.5181117598640461e+09 6.1636315583666577e+05 5.1541342561226664e+09 1.0919325112241390e+09 3.4514694336481107e+22 1.3802504471543500e-01 3.0000000000000000e+00 6.2857075816715891e+01
5.1164241293946892e+08 6.2355757577475140e-05 5.5181117400554399e+09 6.1636315528352070e+05 5.1541342376206436e+09 1.0919325073043909e+09 3.4983627234749966e+22 1.3864732577205680e-01 3.0000000000000000e+00 6.2857075652509977e+01
5.1394913609474367e+08 6.2355757408077034e-05 5.5181117200678072e+09 6.1636315472537442e+05 5.1541342189514055e+09 1.0919325033492026e+09 3.5458931275786843e+22 1.3927241235763513e-01 3.0000000000000000e+00 6.2857075486819681e+01
5.1626625903623736e+08 6.2355757237147927e-05 5.5181116998995218e+09 6.1636315416218340e+05 5.1541342001134348e+09 1.0919324993582661e+09 3.5940693020920217e+22 1.3990031712073911e-01 3.0000000000000000e+00 6.2857075319632081e+01
5.1859382865104741e+08 6.2355757064674062e-05 5.5181116795489941e+09 6.1636315359390504e+05 5.1541341811052361e+09 1.0919324953312790e+09 3.6429000207541111e+22 1.4053105276696254e-01 3.0000000000000000e+00 6.2857075150934570e+01
5.2093189203766018e+08 6.2355756890641615e-05 5.5181116590145397e+09 6.1636315302048856e+05 5.1541341619252453e+09 1.0919324912678816e+09 3.6923941765081417e+22 1.4116463205918109e-01 3.0000000000000000e+00 6.2857074980712042e+01
5.2328049650690407e+08 6.2355756715036303e-05 5.5181116382945318e+09 6.1636315244189301e+05 5.1541341425719385e+09 1.0919324871677840e+09 3.7425607831209701e+22 1.4180106781781057e-01 3.0000000000000000e+00 6.2857074808952291e+01
5.2563968958290690e+08 6.2355756537844031e-05 5.5181116173872433e+09 6.1636315185806551e+05 5.1541341230437069e+09 1.0919324830306113e+09 3.7934089768246790e+22 1.4244037292106618e-01 3.0000000000000000e+00 6.2857074635639762e+01
5.2800951900405735e+08 6.2355756359050419e-05 5.5181115962910290e+09 6.1636315126896370e+05 5.1541341033390102e+09 1.0919324788560631e+09 3.8449480179804539e+22 1.4308256030522323e-01 3.0000000000000000e+00 6.2857074460761723e+01
5.3039003272397107e+08 6.2355756178641061e-05 5.5181115750041628e+09 6.1636315067453752e+05 5.1541340834562368e+09 1.0919324746437852e+09 3.8971872927650354e+22 1.4372764296487878e-01 3.0000000000000000e+00 6.2857074284303366e+01
5.3278127891246104e+08 6.2355755996601226e-05 5.5181115535249014e+09 6.1636315007473784e+05 5.1541340633937588e+09 1.0919324703934288e+09 3.9501363148801389e+22 1.4437563395321465e-01 3.0000000000000000e+00 6.2857074106250302e+01
5.3518330595651245e+08 6.2355755812916290e-05 5.5181115318515568e+09 6.1636314946952043e+05 5.1541340431499977e+09 1.0919324661046810e+09 4.0038047272850418e+22 1.4502654638226156e-01 3.0000000000000000e+00 6.2857073926589088e+01
5.3759616246126127e+08 6.2355755627571319e-05 5.5181115099823265e+09 6.1636314885883173e+05 5.1541340227232723e+09 1.0919324617771618e+09 4.0582023039527470e+22 1.4568039342316433e-01 3.0000000000000000e+00 6.2857073745304092e+01
5.4001989725097859e+08 6.2355755440551323e-05 5.5181114879154463e+09 6.1636314824262331e+05 5.1541340021119375e+09 1.0919324574105287e+09 4.1133389516499963e+22 1.4633718830644846e-01 3.0000000000000000e+00 6.2857073562380826e+01
5.4245455937005758e+08 6.2355755251841164e-05 5.5181114656491718e+09 6.1636314762084885e+05 5.1541339813143539e+09 1.0919324530044525e+09 4.1692247117414567e+22 1.4699694432228766e-01 3.0000000000000000e+00 6.2857073377805598e+01
5.4490019808400714e+08 6.2355755061425651e-05 5.5181114431816587e+09 6.1636314699345361e+05 5.1541339603288107e+09 1.0919324485585461e+09 4.2258697620184571e+22 1.4765967482077319e-01 3.0000000000000000e+00 6.2857073191562108e+01
5.4735686288044751e+08 6.2355754869289264e-05 5.5181114205110846e+09 6.1636314636038709e+05 5.1541339391535997e+09 1.0919324440724514e+09 4.2832844185524976e+22 1.4832539321218347e-01 3.0000000000000000e+00 6.2857073003635435e+01
5.4982460347011256e+08 6.2355754675416528e-05 5.5181113976356459e+09 6.1636314572160062e+05 5.1541339177870378e+09 1.0919324395458233e+09 4.3414791375740325e+22 1.4899411296725565e-01 3.0000000000000000e+00 6.2857072814010991e+01
5.5230346978785539e+08 6.2355754479791680e-05 5.5181113745534811e+09 6.1636314507704205e+05 5.1541338962273836e+09 1.0919324349782925e+09 4.4004645173767159e+22 1.4966584761745830e-01 3.0000000000000000e+00 6.2857072622673435e+01
5.5479351199365854e+08 6.2355754282399014e-05 5.5181113512627068e+09 6.1636314442665665e+05 5.1541338744728832e+09 1.0919324303694713e+09 4.4602513002475211e+22 1.5034061075526492e-01 3.0000000000000000e+00 6.2857072429606518e+01
5.5729478047364950e+08 6.2355754083222333e-05 5.5181113277614613e+09 6.1636314377039601e+05 5.1541338525217905e+09 1.0919324257190161e+09 4.5208503744231356e+22 1.5101841603442917e-01 3.0000000000000000e+00 6.2857072234795886e+01
5.5980732584111965e+08 6.2355753882245606e-05 5.5181113040478039e+09 6.1636314310820238e+05 5.1541338303722992e+09 1.0919324210265181e+09 4.5822727760728618e+22 1.5169927717026108e-01 3.0000000000000000e+00 6.2857072038224473e+01
5.6233119893754911e+08 6.2355753679452773e-05 5.5181112801198711e+09 6.1636314244002569e+05 5.1541338080226631e+09 1.0919324162916226e+09 4.6445296913085291e+22 1.5238320793990456e-01 3.0000000000000000e+00 6.2857071839877214e+01
5.6486645083363497e+08 6.2355753474827068e-05 5.5181112559756651e+09 6.1636314176580939e+05 5.1541337854710236e+09 1.0919324115139284e+09 4.7076324582216685e+22 1.5307022218261612e-01 3.0000000000000000e+00 6.2857071639737519e+01
5.6741313283032465e+08 6.2355753268352257e-05 5.5181112316132822e+09 6.1636314108550060e+05 5.1541337627155952e+09 1.0919324066930614e+09 4.7715925689483609e+22 1.5376033380004489e-01 3.0000000000000000e+00 6.2857071437789529e+01
5.6997129645985472e+08 6.2355753060011466e-05 5.5181112070307245e+09 6.1636314039904345e+05 5.1541337397545176e+09 1.0919324018286250e+09 4.8364216717622049e+22 1.5445355675651404e-01 3.0000000000000000e+00 6.2857071234016757e+01
5.7254099348679268e+08 6.2355752849787768e-05 5.5181111822260113e+09 6.1636313970638323e+05 5.1541337165859337e+09 1.0919323969202318e+09 4.9021315731956118e+22 1.5514990507930304e-01 3.0000000000000000e+00 6.2857071028403119e+01
5.7512227590908527e+08 6.2355752637664223e-05 5.5181111571971235e+09 6.1636313900746289e+05 5.1541336932079668e+09 1.0919323919674778e+09 4.9687342401900337e+22 1.5584939285893185e-01 3.0000000000000000e+00 6.2857070820931433e+01
5.7771519595911014e+08 6.2355752423623741e-05 5.5181111319420614e+09 6.1636313830222702e+05 5.1541336696187401e+09 1.0919323869699700e+09 5.0362418022753256e+22 1.5655203424944567e-01 3.0000000000000000e+00 6.2857070611585385e+01
5.8031980610473275e+08 6.2355752207648852e-05 5.5181111064587469e+09 6.1636313759061694e+05 5.1541336458163185e+09 1.0919323819272928e+09 5.1046665537787477e+22 1.5725784346870156e-01 3.0000000000000000e+00 6.2857070400347624e+01
5.8293615905036855e+08 6.2355751989722155e-05 5.5181110807451410e+09 6.1636313687257608e+05 5.1541336217987919e+09 1.0919323768390453e+09 5.1740209560639915e+22 1.5796683479865600e-01 3.0000000000000000e+00 6.2857070187201366e+01
5.8556430773804879e+08 6.2355751769826046e-05 5.5181110547991467e+09 6.1636313614804531e+05 5.1541335975642099e+09 1.0919323717048082e+09 5.2443176398005987e+22 1.5867902258565394e-01 3.0000000000000000e+00 6.2857069972128812e+01
5.8820430534849238e+08 6.2355751547942676e-05 5.5181110286186647e+09 6.1636313541696640e+05 5.1541335731106100e+09 1.0919323665241692e+09 5.3155694072642371e+22 1.5939442124071898e-01 3.0000000000000000e+00 6.2857069755112889e+01
5.9085620530218184e+08 6.2355751324053992e-05 5.5181110022015991e+09 6.1636313467928232e+05 5.1541335484360237e+09 1.0919323612967241e+09 5.3877892346682196e+22 1.6011304523984513e-01 3.0000000000000000e+00 6.2857069536136805e+01
5.9352006126044381e+08 6.2355751098142065e-05 5.5181109755457935e+09 6.1636313393493090e+05 5.1541335235384493e+09 1.0919323560220323e+09 5.4609902745266894e+22 1.6083490912428933e-01 3.0000000000000000e+00 6.2857069315181832e+01
5.9619592712653565e+08 6.2355750870188490e-05 5.5181109486490898e+09 6.1636313318385254e+05 5.1541334984158669e+09 1.0919323506996713e+09 5.5351858580499395e+22 1.6156002750086620e-01 3.0000000000000000e+00 6.2857069092230489e+01
5.9888385704673564e+08 6.2355750640174783e-05 5.5181109215093136e+09 6.1636313242598670e+05 5.1541334730662422e+09 1.0919323453292124e+09 5.6103894975722459e+22 1.6228841504224314e-01 3.0000000000000000e+00 6.2857068867264800e+01
6.0158390541143870e+08 6.2355750408082442e-05 5.5181108941242685e+09 6.1636313166127168e+05 5.1541334474875298e+09 1.0919323399102182e+09 5.6866148890127064e+22 1.6302008648723748e-01 3.0000000000000000e+00 6.2857068640266206e+01
6.0429612685625744e+08 6.2355750173892632e-05 5.5181108664917393e+09 6.1636313088964578e+05 5.1541334216776571e+09 1.0919323344422514e+09 5.7638759143695188e+22 1.6375505664111456e-01 3.0000000000000000e+00 6.2857068411216716e+01
6.0702057626312697e+08 6.2355749937586418e-05 5.5181108386094713e+09 6.1636313011104451e+05 5.1541333956345196e+09 1.0919323289248552e+09 5.8421866442481126e+22 1.6449334037588725e-01 3.0000000000000000e+00 6.2857068180097080e+01
6.0975730876141584e+08 6.2355749699144516e-05 5.5181108104752493e+09 6.1636312932541012e+05 5.1541333693560410e+09 1.0919323233576202e+09 5.9215613404236648e+22 1.6523495263061697e-01 3.0000000000000000e+00 6.2857067946890325e+01
6.1250637972904181e+08 6.2355749458547897e-05 5.5181107820867596e+09 6.1636312853267393e+05 5.1541333428400745e+09 1.0919323177400601e+09 6.0020144584384299e+22 1.6597990841171600e-01 3.0000000000000000e+00 6.2857067711575624e+01
6.1526784479359210e+08 6.2355749215776829e-05 5.5181107534417095e+09 6.1636312773277354e+05 5.1541333160844669e+09 1.0919323120717320e+09 6.0835606502343308e+22 1.6672822279325095e-01 3.0000000000000000e+00 6.2857067474134993e+01
6.1804175983344877e+08 6.2355748970811920e-05 5.5181107245378056e+09 6.1636312692564516e+05 5.1541332890870800e+09 1.0919323063521845e+09 6.1662147668213383e+22 1.6747991091724776e-01 3.0000000000000000e+00 6.2857067234549049e+01
6.2082818097892034e+08 6.2355748723633028e-05 5.5181106953726740e+09 6.1636312611122197e+05 5.1541332618456926e+09 1.0919323005809436e+09 6.2499918609821184e+22 1.6823498799399828e-01 3.0000000000000000e+00 6.2857066992798480e+01
6.2362716461337650e+08 6.2355748474220423e-05 5.5181106659439631e+09 6.1636312528943759e+05 5.1541332343581181e+09 1.0919322947575395e+09 6.3349071900133613e+22 1.6899346930236783e-01 3.0000000000000000e+00 6.2857066748863090e+01
6.2643876737438965e+08 6.2355748222553842e-05 5.5181106362493210e+09 6.1636312446022849e+05 5.1541332066221485e+09 1.0919322888815217e+09 6.4209762185044573e+22 1.6975537019010437e-01 3.0000000000000000e+00 6.2857066502724145e+01
6.2926304615488088e+08 6.2355747968612796e-05 5.5181106062862959e+09 6.1636312362352363e+05 5.1541331786354990e+09 1.0919322829523866e+09 6.5082146211538382e+22 1.7052070607414907e-01 3.0000000000000000e+00 6.2857066254360937e+01
6.3210005810427129e+08 6.2355747712376886e-05 5.5181105760524979e+09 6.1636312277925806e+05 5.1541331503959389e+09 1.0919322769696741e+09 6.5966382856236163e+22 1.7128949244094832e-01 3.0000000000000000e+00 6.2857066003753758e+01
6.3494986062963808e+08 6.2355747453825310e-05 5.5181105455454750e+09 6.1636312192736310e+05 5.1541331219011774e+09 1.0919322709328976e+09 6.6862633154330132e+22 1.7206174484676687e-01 3.0000000000000000e+00 6.2857065750882363e+01
6.3781251139687657e+08 6.2355747192937129e-05 5.5181105147627573e+09 6.1636312106776983e+05 5.1541330931489010e+09 1.0919322648415687e+09 6.7771060328910901e+22 1.7283747891800269e-01 3.0000000000000000e+00 6.2857065495726353e+01
6.4068806833186662e+08 6.2355746929691188e-05 5.5181104837018356e+09 6.1636312020040746e+05 5.1541330641367750e+09 1.0919322586951857e+09 6.8691829820693152e+22 1.7361671035150325e-01 3.0000000000000000e+00 6.2857065238264738e+01
6.4357658962164533e+08 6.2355746664066210e-05 5.5181104523602200e+09 6.1636311932520755e+05 5.1541330348624668e+09 1.0919322524932637e+09 6.9625109318145503e+22 1.7439945491488296e-01 3.0000000000000000e+00 6.2857064978477290e+01
6.4647813371558404e+08 6.2355746396040808e-05 5.5181104207353430e+09 6.1636311844209558e+05 5.1541330053235836e+09 1.0919322462352743e+09 7.0571068788029367e+22 1.7518572844684221e-01 3.0000000000000000e+00 6.2857064716341739e+01
6.4939275932657099e+08 6.2355746125593081e-05 5.5181103888246746e+09 6.1636311755100475e+05 5.1541329755177593e+09 1.0919322399207447e+09 7.1529880506352672e+22 1.7597554685748787e-01 3.0000000000000000e+00 6.2857064451838355e+01
6.5232052543219995e+08 6.2355745852701291e-05 5.5181103566256275e+09 6.1636311665186123e+05 5.1541329454425783e+09 1.0919322335491512e+09 7.2501719089744865e+22 1.7676892612865527e-01 3.0000000000000000e+00 6.2857064184945230e+01
6.5526149127596307e+08 6.2355745577343416e-05 5.5181103241355953e+09 6.1636311574459146e+05 5.1541329150956049e+09 1.0919322271199729e+09 7.3486761527257156e+22 1.7756588231423145e-01 3.0000000000000000e+00 6.2857063915640389e+01
6.5821571636844957e+08 6.2355745299496959e-05 5.5181102913519306e+09 6.1636311482912209e+05 5.1541328844743671e+09 1.0919322206326897e+09 7.4485187212595425e+22 1.7836643154047999e-01 3.0000000000000000e+00 6.2857063643902286e+01
6.6118326048855078e+08 6.2355745019139543e-05 5.5181102582719860e+09 6.1636311390537908e+05 5.1541328535763950e+09 1.0919322140867772e+09 7.5497177976791204e+22 1.7917059000636748e-01 3.0000000000000000e+00 6.2857063369708854e+01
6.6416418368466878e+08 6.2355744736248468e-05 5.5181102248930969e+09 6.1636311297328840e+05 5.1541328223991938e+09 1.0919322074817109e+09 7.6522918121315928e+22 1.7997837398389083e-01 3.0000000000000000e+00 6.2857063093038093e+01
6.6715854627593195e+08 6.2355744450800805e-05 5.5181101912125568e+09 6.1636311203277460e+05 5.1541327909402380e+09 1.0919322008169556e+09 7.7562594451645620e+22 1.8078979981840701e-01 3.0000000000000000e+00 6.2857062813867849e+01
6.7016640885341585e+08 6.2355744162773512e-05 5.5181101572276411e+09 6.1636311108376156e+05 5.1541327591969852e+09 1.0919321940919724e+09 7.8616396311281590e+22 1.8160488392896357e-01 3.0000000000000000e+00 6.2857062532175213e+01
6.7318783228136849e+08 6.2355743872143226e-05 5.5181101229355860e+09 6.1636311012617103e+05 5.1541327271668520e+09 1.0919321873062067e+09 7.9684515616232799e+22 1.8242364280863063e-01 3.0000000000000000e+00 6.2857062247937165e+01
6.7622287769844258e+08 6.2355743578886447e-05 5.5181100883336258e+09 6.1636310915992642e+05 5.1541326948472528e+09 1.0919321804591155e+09 8.0767146889967441e+22 1.8324609302483483e-01 3.0000000000000000e+00 6.2857061961131031e+01
6.7927160651893246e+08 6.2355743282979485e-05 5.5181100534189596e+09 6.1636310818494949e+05 5.1541326622355776e+09 1.0919321735501447e+09 8.1864487298838963e+22 1.8407225121969467e-01 3.0000000000000000e+00 6.2857061671733376e+01
6.8233408043401682e+08 6.2355742984398284e-05 5.5181100181887617e+09 6.1636310720116179e+05 5.1541326293291807e+09 1.0919321665787385e+09 8.2976736687993494e+22 1.8490213411035675e-01 3.0000000000000000e+00 6.2857061379721131e+01
6.8541036141300690e+08 6.2355742683118734e-05 5.5181099826401720e+09 6.1636310620848299e+05 5.1541325961253986e+09 1.0919321595443268e+09 8.4104097617765005e+22 1.8573575848933432e-01 3.0000000000000000e+00 6.2857061085070370e+01
6.8850051170460069e+08 6.2355742379116441e-05 5.5181099467703276e+09 6.1636310520683322e+05 5.1541325626215458e+09 1.0919321524463449e+09 8.5246775400565358e+22 1.8657314122484733e-01 3.0000000000000000e+00 6.2857060787757590e+01
6.9160459383814240e+08 6.2355742072366807e-05 5.5181099105763264e+09 6.1636310419613239e+05 5.1541325288149195e+09 1.0919321452842240e+09 8.6404978138274930e+22 1.8741429926116296e-01 3.0000000000000000e+00 6.2857060487758631e+01
6.9472267062488759e+08 6.2355741762845044e-05 5.5181098740552282e+09 6.1636310317629692e+05 5.1541324947027721e+09 1.0919321380573728e+09 8.7578916760141861e+22 1.8825924961893911e-01 3.0000000000000000e+00 6.2857060185049015e+01
6.9785480515927458e+08 6.2355741450525998e-05 5.5181098372040730e+09 6.1636310214724462e+05 5.1541324602823381e+09 1.0919321307652082e+09 8.8768805061195781e+22 1.8910800939556860e-01 3.0000000000000000e+00 6.2857059879604321e+01
7.0100106082020056e+08 6.2355741135384517e-05 5.5181098000198812e+09 6.1636310110889166e+05 5.1541324255508366e+09 1.0919321234071367e+09 8.9974859741183728e+22 1.8996059576552488e-01 3.0000000000000000e+00 6.2857059571399603e+01
7.0416150127230489e+08 6.2355740817394905e-05 5.5181097624996519e+09 6.1636310006115632e+05 5.1541323905054607e+09 1.0919321159825788e+09 9.1197300444034918e+22 1.9081702598070985e-01 3.0000000000000000e+00 6.2857059260410821e+01
7.0733619046725655e+08 6.2355740496531587e-05 5.5181097246403484e+09 6.1636309900395246e+05 5.1541323551433744e+09 1.0919321084909244e+09 9.2436349797861555e+22 1.9167731737080262e-01 3.0000000000000000e+00 6.2857058946612121e+01
7.1052519264504850e+08 6.2355740172768530e-05 5.5181096864388924e+09 6.1636309793719347e+05 5.1541323194617043e+09 1.0919321009315596e+09 9.3692233455503493e+22 1.9254148734361029e-01 3.0000000000000000e+00 6.2857058629978070e+01
7.1372857233529770e+08 6.2355739846079591e-05 5.5181096478922043e+09 6.1636309686079435e+05 5.1541322834575777e+09 1.0919320933038819e+09 9.4965180135623503e+22 1.9340955338542021e-01 3.0000000000000000e+00 6.2857058310483147e+01
7.1694639435855091e+08 6.2355739516438288e-05 5.5181096089971695e+09 6.1636309577466804e+05 5.1541322471280775e+09 1.0919320856072745e+09 9.6255421664360791e+22 1.9428153306135351e-01 3.0000000000000000e+00 6.2857057988101865e+01
7.2017872382759619e+08 6.2355739183817937e-05 5.5181095697506104e+09 6.1636309467872442e+05 5.1541322104702444e+09 1.0919320778410990e+09 9.7563193017550810e+22 1.9515744401572085e-01 3.0000000000000000e+00 6.2857057662807264e+01
7.2342562614878023e+08 6.2355738848191621e-05 5.5181095301493902e+09 6.1636309357287828e+05 5.1541321734811401e+09 1.0919320700047514e+09 9.8888732363518084e+22 1.9603730397237915e-01 3.0000000000000000e+00 6.2857057334574151e+01
7.2668716702333236e+08 6.2355738509532087e-05 5.5181094901902761e+09 6.1636309245703812e+05 5.1541321361577492e+09 1.0919320620975833e+09 1.0023228110645115e+23 1.9692113073509021e-01 3.0000000000000000e+00 6.2857057003375367e+01
7.2996341244869363e+08 6.2355738167812095e-05 5.5181094498700314e+09 6.1636309133111220e+05 5.1541320984970512e+09 1.0919320541189446e+09 1.0159408393036626e+23 1.9780894218788111e-01 3.0000000000000000e+00 6.2857056669183692e+01
7.3325442871985567e+08 6.2355737823003833e-05 5.5181094091854029e+09 6.1636309019501135e+05 5.1541320604960022e+09 1.0919320460682034e+09 1.0297438884366994e+23 1.9870075629540662e-01 3.0000000000000000e+00 6.2857056331972849e+01
7.3656028243068933e+08 6.2355737475079385e-05 5.5181093681331158e+09 6.1636308904864569e+05 5.1541320221515417e+09 1.0919320379447229e+09 1.0437344722432035e+23 1.9959659110330955e-01 3.0000000000000000e+00 6.2857055991715974e+01
7.3988104047531152e+08 6.2355737124010737e-05 5.5181093267098188e+09 6.1636308789191837e+05 5.1541319834605465e+09 1.0919320297478166e+09 1.0579151386561554e+23 2.0049646473859073e-01 3.0000000000000000e+00 6.2857055648384303e+01
7.4321677004942548e+08 6.2355736769769429e-05 5.5181092849121590e+09 6.1636308672473626e+05 5.1541319444198847e+09 1.0919320214768248e+09 1.0722884702259044e+23 2.0140039540997251e-01 3.0000000000000000e+00 6.2857055301950332e+01
7.4656753865168440e+08 6.2355736412326757e-05 5.5181092427367840e+09 6.1636308554700785e+05 5.1541319050264177e+09 1.0919320131310987e+09 1.0868570845905067e+23 2.0230840140826792e-01 3.0000000000000000e+00 6.2857054952386775e+01
7.4993341408505678e+08 6.2355736051653704e-05 5.5181092001802444e+09 6.1636308435863536e+05 5.1541318652769308e+09 1.0919320047099457e+09 1.1016236349524470e+23 2.0322050110675080e-01 3.0000000000000000e+00 6.2857054599664906e+01
7.5331446445819890e+08 6.2355735687721255e-05 5.5181091572391081e+09 6.1636308315952215e+05 5.1541318251682158e+09 1.0919319962126808e+09 1.1165908105618294e+23 2.0413671296152755e-01 3.0000000000000000e+00 6.2857054243755698e+01
7.5671075818683219e+08 6.2355735320499716e-05 5.5181091139099054e+09 6.1636308194957348e+05 5.1541317846970272e+09 1.0919319876386330e+09 1.1317613372061358e+23 2.0505705551191042e-01 3.0000000000000000e+00 6.2857053884631462e+01
7.6012236399512863e+08 6.2355734949959624e-05 5.5181090701891289e+09 6.1636308072868991e+05 5.1541317438600979e+09 1.0919319789870970e+09 1.1471379777066431e+23 2.0598154738079280e-01 3.0000000000000000e+00 6.2857053522262305e+01
7.6354935091710079e+08 6.2355734576070865e-05 5.5181090260732470e+09 6.1636307949677366e+05 5.1541317026541214e+09 1.0919319702573805e+09 1.1627235324215778e+23 2.0691020727502582e-01 3.0000000000000000e+00 6.2857053156619408e+01
7.6699178829799843e+08 6.2355734198803081e-05 5.5181089815586739e+09 6.1636307825372438e+05 5.1541316610757494e+09 1.0919319614487722e+09 1.1785208397561074e+23 2.0784305398579692e-01 3.0000000000000000e+00 6.2857052787673155e+01
7.7044974579571259e+08 6.2355733818125915e-05 5.5181089366418028e+09 6.1636307699944009e+05 5.1541316191216192e+09 1.0919319525605493e+09 1.1945327766792689e+23 2.0878010638900993e-01 3.0000000000000000e+00 6.2857052415392992e+01
7.7392329338218451e+08 6.2355733434008481e-05 5.5181088913190060e+09 6.1636307573382044e+05 5.1541315767883396e+09 1.0919319435920010e+09 1.2107622592479109e+23 2.0972138344566732e-01 3.0000000000000000e+00 6.2857052039749306e+01
7.7741250134482157e+08 6.2355733046419622e-05 5.5181088455866175e+09 6.1636307445676369e+05 5.1541315340724821e+09 1.0919319345424058e+09 1.2272122431377570e+23 2.1066690420225323e-01 3.0000000000000000e+00 6.2857051660711882e+01
7.8091744028791964e+08 6.2355732655328030e-05 5.5181087994409323e+09 6.1636307316816575e+05 5.1541314909705925e+09 1.0919319254110267e+09 1.2438857241816893e+23 2.1161668779111942e-01 3.0000000000000000e+00 6.2857051278249934e+01
7.8443818113409173e+08 6.2355732260702102e-05 5.5181087528782253e+09 6.1636307186792255e+05 5.1541314474791851e+09 1.0919319161971259e+09 1.2607857389153363e+23 2.1257075343087189e-01 3.0000000000000000e+00 6.2857050892332495e+01
7.8797479512570333e+08 6.2355731862509853e-05 5.5181087058947144e+09 6.1636307055592816e+05 5.1541314035947313e+09 1.0919319068999527e+09 1.2779153651300844e+23 2.1352912042676012e-01 3.0000000000000000e+00 6.2857050502928139e+01
7.9152735382631373e+08 6.2355731460718935e-05 5.5181086584866142e+09 6.1636306923207897e+05 5.1541313593136911e+09 1.0919318975187731e+09 1.2952777224335930e+23 2.1449180817106736e-01 3.0000000000000000e+00 6.2857050110006313e+01
7.9509592912212396e+08 6.2355731055296982e-05 5.5181086106500626e+09 6.1636306789626414e+05 5.1541313146324635e+09 1.0919318880528016e+09 1.3128759728179264e+23 2.1545883614350289e-01 3.0000000000000000e+00 6.2857049713533989e+01
7.9868059322343206e+08 6.2355730646211239e-05 5.5181085623811989e+09 6.1636306654837634e+05 5.1541312695474396e+09 1.0919318785012774e+09 1.3307133212354156e+23 2.1643022391159666e-01 3.0000000000000000e+00 6.2857049313479166e+01
8.0228141866609347e+08 6.2355730233428340e-05 5.5181085136761217e+09 6.1636306518830894e+05 5.1541312240549746e+09 1.0919318688634455e+09 1.3487930161823260e+23 2.1740599113109452e-01 3.0000000000000000e+00 6.2857048909810530e+01
8.0589847831298923e+08 6.2355729816915067e-05 5.5181084645308895e+09 6.1636306381595018e+05 5.1541311781513853e+09 1.0919318591385133e+09 1.3671183502904703e+23 2.1838615754635643e-01 3.0000000000000000e+00 6.2857048502494877e+01
8.0953184535550070e+08 6.2355729396637634e-05 5.5181084149415035e+09 6.1636306243118783e+05 5.1541311318329420e+09 1.0919318493256855e+09 1.3856926609268533e+23 2.1937074299075551e-01 3.0000000000000000e+00 6.2857048091498761e+01
8.1318159331498981e+08 6.2355728972562146e-05 5.5181083649039850e+09 6.1636306103391200e+05 5.1541310850959234e+09 1.0919318394241838e+09 1.4045193308014608e+23 2.2035976738707966e-01 3.0000000000000000e+00 6.2857047676789698e+01
8.1684779604428709e+08 6.2355728544654057e-05 5.5181083144142551e+09 6.1636305962400883e+05 5.1541310379365225e+09 1.0919318294332013e+09 1.4236017885833119e+23 2.2135325074793441e-01 3.0000000000000000e+00 6.2857047258333935e+01
8.2053052772918642e+08 6.2355728112878904e-05 5.5181082634682360e+09 6.1636305820136331e+05 5.1541309903509274e+09 1.0919318193519228e+09 1.4429435095248771e+23 2.2235121317614773e-01 3.0000000000000000e+00 6.2857046836097268e+01
8.2422986288994586e+08 6.2355727677201788e-05 5.5181082120618124e+09 6.1636305676586111e+05 5.1541309423353004e+09 1.0919318091795380e+09 1.4625480160949855e+23 2.2335367486517724e-01 3.0000000000000000e+00 6.2857046410045740e+01
8.2794587638279545e+08 6.2355727237587176e-05 5.5181081601908064e+09 6.1636305531738629e+05 5.1541308938857317e+09 1.0919317989152257e+09 1.4824188786203197e+23 2.2436065609951800e-01 3.0000000000000000e+00 6.2857045980145280e+01
8.3167864340145242e+08 6.2355726793999829e-05 5.5181081078510246e+09 6.1636305385581939e+05 5.1541308449983120e+09 1.0919317885581393e+09 1.5025597159356429e+23 2.2537217725511374e-01 3.0000000000000000e+00 6.2857045546360048e+01
8.3542823947864199e+08 6.2355726346403524e-05 5.5181080550382519e+09 6.1636305238104658e+05 5.1541307956690950e+09 1.0919317781074719e+09 1.5229741960428403e+23 2.2638825879976818e-01 3.0000000000000000e+00 6.2857045108656649e+01
8.3919474048762667e+08 6.2355725894762276e-05 5.5181080017481937e+09 6.1636305089294491e+05 5.1541307458940763e+09 1.0919317675623527e+09 1.5436660367789367e+23 2.2740892129356016e-01 3.0000000000000000e+00 6.2857044666998320e+01
8.4297822264374077e+08 6.2355725439039415e-05 5.5181079479765377e+09 6.1636304939139495e+05 5.1541306956692266e+09 1.0919317569219348e+09 1.5646390064931699e+23 2.2843418538925864e-01 3.0000000000000000e+00 6.2857044221349760e+01
8.4677876250593305e+08 6.2355724979198048e-05 5.5181078937189322e+09 6.1636304787627491e+05 5.1541306449904814e+09 1.0919317461853554e+09 1.5858969247332740e+23 2.2946407183274115e-01 3.0000000000000000e+00 6.2857043771674952e+01
8.5059643697831583e+08 6.2355724515200976e-05 5.5181078389709854e+09 6.1636304634746234e+05 5.1541305938537378e+09 1.0919317353517470e+09 1.6074436629410878e+23 2.3049860146341328e-01 3.0000000000000000e+00 6.2857043317937411e+01
8.5443132331172132e+08 6.2355724047010629e-05 5.5181077837282667e+09 6.1636304480483336e+05 5.1541305422548571e+09 1.0919317244202318e+09 1.6292831451576096e+23 2.3153779521463053e-01 3.0000000000000000e+00 6.2857042860100570e+01
8.5828349910526407e+08 6.2355723574589143e-05 5.5181077279863071e+09 6.1636304324826342e+05 5.1541304901896658e+09 1.0919317133899267e+09 1.6514193487376245e+23 2.3258167411412120e-01 3.0000000000000000e+00 6.2857042398127327e+01
8.6215304230791211e+08 6.2355723097898285e-05 5.5181076717405968e+09 6.1636304167762632e+05 5.1541304376539507e+09 1.0919317022599380e+09 1.6738563050740639e+23 2.3363025928441275e-01 3.0000000000000000e+00 6.2857041931980334e+01
8.6604003122006381e+08 6.2355722616899527e-05 5.5181076149865875e+09 6.1636304009279516e+05 5.1541303846434650e+09 1.0919316910293658e+09 1.6965981003321778e+23 2.3468357194325834e-01 3.0000000000000000e+00 6.2857041461621904e+01
8.6994454449513233e+08 6.2355722131553754e-05 5.5181075577196732e+09 6.1636303849364188e+05 5.1541303311539049e+09 1.0919316796973033e+09 1.7196488761937033e+23 2.3574163340406643e-01 3.0000000000000000e+00 6.2857040987014010e+01
8.7386666114113712e+08 6.2355721641821774e-05 5.5181074999352064e+09 6.1636303688003519e+05 5.1541302771809330e+09 1.0919316682628198e+09 1.7430128306111328e+23 2.3680446507633213e-01 3.0000000000000000e+00 6.2857040508118033e+01
8.7780646052230251e+08 6.2355721147664013e-05 5.5181074416285429e+09 6.1636303525184700e+05 5.1541302227202063e+09 1.0919316567250075e+09 1.7666942185722308e+23 2.3787208846606980e-01 3.0000000000000000e+00 6.2857040024895596e+01
8.8176402236066437e+08 6.2355720649040518e-05 5.5181073827949562e+09 6.1636303360894462e+05 5.1541301677673149e+09 1.0919316450829265e+09 1.7906973528749485e+23 2.3894452517624892e-01 3.0000000000000000e+00 6.2857039537307372e+01
8.8573942673768234e+08 6.2355720145910727e-05 5.5181073234296627e+09 6.1636303195119440e+05 5.1541301123177862e+09 1.0919316333356295e+09 1.8150266049128455e+23 2.4002179690723041e-01 3.0000000000000000e+00 6.2857039045314053e+01
8.8973275409586084e+08 6.2355719638233995e-05 5.5181072635278807e+09 6.1636303027846408e+05 5.1541300563671551e+09 1.0919316214821792e+09 1.8396864054712081e+23 2.4110392545720616e-01 3.0000000000000000e+00 6.2857038548876190e+01
8.9374408524037671e+08 6.2355719125969339e-05 5.5181072030847282e+09 6.1636302859061398e+05 5.1541299999108686e+09 1.0919316095215857e+09 1.8646812455339608e+23 2.4219093272263978e-01 3.0000000000000000e+00 6.2857038047952358e+01
8.9777350134071434e+08 6.2355718609075222e-05 5.5181071420953617e+09 6.1636302688751253e+05 5.1541299429443893e+09 1.0919315974529171e+09 1.8900156771015581e+23 2.4328284069870967e-01 3.0000000000000000e+00 6.2857037542503576e+01
9.0182108393230796e+08 6.2355718087509778e-05 5.5181070805548029e+09 6.1636302516901866e+05 5.1541298854630785e+09 1.0919315852751732e+09 1.9156943140199775e+23 2.4437967147975403e-01 3.0000000000000000e+00 6.2857037032487973e+01
9.0588691491819179e+08 6.2355717561230793e-05 5.5181070184580917e+09 6.1636302343499474e+05 5.1541298274622984e+09 1.0919315729873793e+09 1.9417218328209818e+23 2.4548144725971782e-01 3.0000000000000000e+00 6.2857036517864863e+01
9.0997107657065713e+08 6.2355717030195752e-05 5.5181069558002100e+09 6.1636302168530086e+05 5.1541297689373617e+09 1.0919315605885434e+09 1.9681029735737941e+23 2.4658819033260176e-01 3.0000000000000000e+00 6.2857035998592565e+01
9.1407365153291738e+08 6.2355716494361558e-05 5.5181068925760593e+09 6.1636301991979382e+05 5.1541297098835096e+09 1.0919315480776510e+09 1.9948425407483470e+23 2.4769992309291344e-01 3.0000000000000000e+00 6.2857035474628724e+01
9.1819472282077992e+08 6.2355715953685005e-05 5.5181068287805443e+09 6.1636301813833113e+05 5.1541296502959814e+09 1.0919315354536924e+09 2.0219454040902553e+23 2.4881666803612018e-01 3.0000000000000000e+00 6.2857034945930991e+01
9.2233437382432652e+08 6.2355715408122129e-05 5.5181067644084883e+09 6.1636301634076913e+05 5.1541295901699381e+09 1.0919315227156498e+09 2.0494164995076850e+23 2.4993844775910440e-01 3.0000000000000000e+00 6.2857034412456940e+01
9.2649268830959988e+08 6.2355714857628830e-05 5.5181066994546957e+09 6.1636301452696347e+05 5.1541295295005302e+09 1.0919315098624997e+09 2.0772608299702575e+23 2.5106528496062058e-01 3.0000000000000000e+00 6.2857033874163577e+01
9.3066975042029989e+08 6.2355714302160710e-05 5.5181066339138937e+09 6.1636301269676420e+05 5.1541294682828331e+09 1.0919314968931801e+09 2.1054834664201856e+23 2.5219720244175470e-01 3.0000000000000000e+00 6.2857033331006555e+01
9.3486564467948496e+08 6.2355713741672571e-05 5.5181065677807703e+09 6.1636301085002488e+05 5.1541294065118866e+09 1.0919314838066530e+09 2.1340895486957733e+23 2.5333422310638515e-01 3.0000000000000000e+00 6.2857032782942440e+01
9.3908045599128330e+08 6.2355713176119216e-05 5.5181065010500116e+09 6.1636300898659788e+05 5.1541293441827211e+09 1.0919314706018722e+09 2.1630842864674652e+23 2.5447636996164658e-01 3.0000000000000000e+00 6.2857032229927405e+01
9.4331426964261043e+08 6.2355712605454796e-05 5.5181064337161684e+09 6.1636300710632885e+05 5.1541292812902536e+09 1.0919314572777443e+09 2.1924729601866224e+23 2.5562366611839477e-01 3.0000000000000000e+00 6.2857031671915770e+01
9.4756717130489540e+08 6.2355712029633220e-05 5.5181063657738304e+09 6.1636300520906830e+05 5.1541292178294268e+09 1.0919314438332095e+09 2.2222609220471787e+23 2.5677613479167483e-01 3.0000000000000000e+00 6.2857031108862977e+01
9.5183924703581381e+08 6.2355711448607758e-05 5.5181062972174673e+09 6.1636300329466071e+05 5.1541291537950773e+09 1.0919314302671659e+09 2.2524535969603643e+23 2.5793379930119048e-01 3.0000000000000000e+00 6.2857030540723223e+01
9.5613058328102970e+08 6.2355710862331329e-05 5.5181062280415525e+09 6.1636300136295403e+05 5.1541290891820421e+09 1.0919314165785363e+09 2.2830564835426788e+23 2.5909668307177558e-01 3.0000000000000000e+00 6.2857029967451190e+01
9.6044126687594438e+08 6.2355710270756634e-05 5.5181061582404776e+09 6.1636299941378925e+05 5.1541290239850807e+09 1.0919314027661936e+09 2.3140751551172781e+23 2.6026480963386861e-01 3.0000000000000000e+00 6.2857029388999848e+01
9.6477138504745400e+08 6.2355709673835819e-05 5.5181060878085794e+09 6.1636299744700757e+05 5.1541289581989098e+09 1.0919313888290126e+09 2.3455152607289760e+23 2.6143820262398848e-01 3.0000000000000000e+00 6.2857028805321939e+01
9.6912102541571403e+08 6.2355709071520380e-05 5.5181060167401896e+09 6.1636299546245392e+05 5.1541288918182259e+09 1.0919313747658944e+09 2.3773825261730257e+23 2.6261688578521247e-01 3.0000000000000000e+00 6.2857028216371752e+01
9.7349027599591291e+08 6.2355708463761691e-05 5.5181059450295267e+09 6.1636299345996417e+05 5.1541288248376350e+09 1.0919313605756760e+09 2.4096827550378880e+23 2.6380088296765675e-01 3.0000000000000000e+00 6.2857027622100446e+01
9.7787922520005226e+08 6.2355707850510555e-05 5.5181058726708078e+09 6.1636299143937835e+05 5.1541287572517328e+09 1.0919313462572238e+09 2.4424218297621613e+23 2.6499021812895890e-01 3.0000000000000000e+00 6.2857027022460521e+01
9.8228796183873665e+08 6.2355707231717358e-05 5.5181057996581497e+09 6.1636298940053047e+05 5.1541286890550318e+09 1.0919313318093615e+09 2.4756057127058730e+23 2.6618491533476279e-01 3.0000000000000000e+00 6.2857026417402871e+01
9.8671657512297034e+08 6.2355706607331927e-05 5.5181057259856730e+09 6.1636298734325846e+05 5.1541286202420282e+09 1.0919313172309408e+09 2.5092404472363285e+23 2.6738499875920485e-01 3.0000000000000000e+00 6.2857025806879378e+01
9.9116515466596234e+08 6.2355705977303765e-05 5.5181056516473980e+09 6.1636298526739399e+05 5.1541285508071423e+09 1.0919313025207686e+09 2.5433321588287068e+23 2.6859049268540380e-01 3.0000000000000000e+00 6.2857025190840339e+01
9.9563379048494005e+08 6.2355705341581998e-05 5.5181055766373053e+09 6.1636298317276826e+05 5.1541284807447548e+09 1.0919312876776490e+09 2.5778870561816181e+23 2.6980142150595132e-01 3.0000000000000000e+00 6.2857024569235335e+01
1.0001225730029706e+09 6.2355704700114921e-05 5.5181055009493189e+09 6.1636298105921317e+05 5.1541284100491886e+09 1.0919312727003906e+09 2.6129114323478072e+23 2.7101780972340594e-01 3.0000000000000000e+00 6.2857023942014798e+01
1.0046315930507904e+09 6.2355704052850805e-05 5.5181054245773411e+09 6.1636297892655875e+05 5.1541283387147455e+09 1.0919312575877888e+09 2.6484116658802271e+23 2.7223968195078874e-01 3.0000000000000000e+00 6.2857023309128188e+01
1.0091609418686434e+09 6.2355703399737147e-05 5.5181053475151577e+09 6.1636297677462990e+05 5.1541282667356234e+09 1.0919312423386035e+09 2.6843942219936830e+23 2.7346706291208067e-01 3.0000000000000000e+00 6.2857022670523783e+01
1.0137107111081274e+09 6.2355702740721214e-05 5.5181052697565536e+09 6.1636297460325412e+05 5.1541281941060181e+09 1.0919312269516115e+09 2.7208656537422551e+23 2.7469997744272362e-01 3.0000000000000000e+00 6.2857022026150148e+01
1.0182809928340480e+09 6.2355702075749515e-05 5.5181051912952175e+09 6.1636297241225466e+05 5.1541281208200321e+09 1.0919312114255607e+09 2.7578326032127180e+23 2.7593845049012211e-01 3.0000000000000000e+00 6.2857021375955114e+01
1.0228718795262824e+09 6.2355701404768435e-05 5.5181051121248159e+09 6.1636297020145436e+05 5.1541280468717518e+09 1.0919311957591956e+09 2.7953018027341807e+23 2.7718250711414832e-01 3.0000000000000000e+00 6.2857020719885959e+01
1.0274834640816501e+09 6.2355700727723373e-05 5.5181050322389393e+09 6.1636296797067649e+05 5.1541279722551861e+09 1.0919311799512637e+09 2.8332800761041554e+23 2.7843217248764923e-01 3.0000000000000000e+00 6.2857020057890580e+01
1.0321158398157930e+09 6.2355700044559818e-05 5.5181049516310978e+09 6.1636296571973572e+05 5.1541278969642801e+09 1.0919311640004523e+09 2.8717743398312853e+23 2.7968747189695514e-01 3.0000000000000000e+00 6.2857019389913702e+01
1.0367691004650635e+09 6.2355699355222288e-05 5.5181048702947836e+09 6.1636296344845323e+05 5.1541278209929523e+09 1.0919311479054935e+09 2.9107916043949579e+23 2.8094843074239229e-01 3.0000000000000000e+00 6.2857018715902562e+01
1.0414433401884210e+09 6.2355698659655068e-05 5.5181047882234287e+09 6.1636296115664579e+05 5.1541277443350658e+09 1.0919311316650894e+09 2.9503389755220284e+23 2.8221507453879552e-01 3.0000000000000000e+00 6.2857018035802568e+01
1.0461386535693380e+09 6.2355697957801779e-05 5.5181047054103680e+09 6.1636295884412667e+05 5.1541276669843969e+09 1.0919311152779164e+09 2.9904236554808973e+23 2.8348742891602552e-01 3.0000000000000000e+00 6.2857017349558532e+01
1.0508551356177132e+09 6.2355697249605826e-05 5.5181046218488970e+09 6.1636295651070657e+05 5.1541275889346867e+09 1.0919310987426333e+09 3.0310529443931624e+23 2.8476551961948648e-01 3.0000000000000000e+00 6.2857016657114251e+01
1.0555928817717944e+09 6.2355696535009583e-05 5.5181045375322714e+09 6.1636295415620087e+05 5.1541275101796284e+09 1.0919310820579319e+09 3.0722342415630864e+23 2.8604937251064744e-01 3.0000000000000000e+00 6.2857015958415104e+01
1.0603519879001098e+09 6.2355695813955372e-05 5.5181044524536695e+09 6.1636295178041817e+05 5.1541274307128525e+09 1.0919310652224557e+09 3.1139750468251484e+23 2.8733901356756542e-01 3.0000000000000000e+00 6.2857015253404278e+01
1.0651325503034073e+09 6.2355695086384916e-05 5.5181043666061707e+09 6.1636294938316196e+05 5.1541273505278997e+09 1.0919310482348123e+09 3.1562829619098744e+23 2.8863446888541033e-01 3.0000000000000000e+00 6.2857014542023464e+01
1.0699346657166040e+09 6.2355694352239180e-05 5.5181042799828548e+09 6.1636294696424226e+05 5.1541272696183023e+09 1.0919310310936553e+09 3.1991656918282494e+23 2.8993576467699372e-01 3.0000000000000000e+00 6.2857013824216423e+01
1.0747584313107431e+09 6.2355693611458791e-05 5.5181041925767040e+09 6.1636294452346233e+05 5.1541271879775057e+09 1.0919310137975907e+09 3.2426310462749259e+23 2.9124292727329865e-01 3.0000000000000000e+00 6.2857013099924721e+01
1.0796039446949601e+09 6.2355692863983711e-05 5.5181041043806410e+09 6.1636294206062495e+05 5.1541271055989008e+09 1.0919309963452210e+09 3.2866869410505007e+23 2.9255598312401221e-01 3.0000000000000000e+00 6.2857012369089972e+01
1.0844713039184585e+09 6.2355692109753699e-05 5.5181040153875294e+09 6.1636293957552896e+05 5.1541270224758234e+09 1.0919309787351205e+09 3.3313413995031117e+23 2.9387495879806097e-01 3.0000000000000000e+00 6.2857011631652377e+01
1.0893606074724929e+09 6.2355691348707376e-05 5.5181039255901747e+09 6.1636293706797645e+05 5.1541269386015472e+09 1.0919309609658871e+09 3.3766025539896300e+23 2.9519988098414790e-01 3.0000000000000000e+00 6.2857010887553557e+01
1.0942719542923634e+09 6.2355690580783376e-05 5.5181038349812841e+09 6.1636293453776045e+05 5.1541268539692678e+09 1.0919309430360539e+09 3.4224786473566902e+23 2.9653077649129295e-01 3.0000000000000000e+00 6.2857010136731901e+01
1.0992054437594154e+09 6.2355689805919343e-05 5.5181037435535450e+09 6.1636293198467954e+05 5.1541267685721483e+09 1.0919309249441936e+09 3.4689780344418524e+23 2.9786767224937483e-01 3.0000000000000000e+00 6.2857009379127931e+01
1.1041611757030530e+09 6.2355689024052815e-05 5.5181036512995481e+09 6.1636292940852442e+05 5.1541266824032736e+09 1.0919309066888230e+09 3.5161091835951645e+23 2.9921059530967598e-01 3.0000000000000000e+00 6.2857008614679344e+01
1.1091392504027574e+09 6.2355688235120324e-05 5.5181035582118425e+09 6.1636292680908972e+05 5.1541265954556808e+09 1.0919308882684870e+09 3.5638806782213771e+23 3.0055957284542995e-01 3.0000000000000000e+00 6.2857007843325285e+01
1.1141397685901167e+09 6.2355687439058052e-05 5.5181034642828817e+09 6.1636292418616312e+05 5.1541265077223215e+09 1.0919308696816809e+09 3.6123012183431382e+23 3.0191463215237058e-01 3.0000000000000000e+00 6.2857007065002918e+01
1.1191628314508638e+09 6.2355686635801529e-05 5.5181033695050592e+09 6.1636292153953249e+05 5.1541264191960907e+09 1.0919308509269016e+09 3.6613796221854003e+23 3.0327580064928500e-01 3.0000000000000000e+00 6.2857006279649411e+01
1.1242085406269248e+09 6.2355685825285880e-05 5.5181032738706894e+09 6.1636291886898153e+05 5.1541263298698196e+09 1.0919308320026162e+09 3.7111248277813749e+23 3.0464310587856752e-01 3.0000000000000000e+00 6.2857005487200439e+01
1.1292769982184744e+09 6.2355685007445280e-05 5.5181031773720684e+09 6.1636291617429862e+05 5.1541262397362957e+09 1.0919308129073250e+09 3.7615458946002915e+23 3.0601657550677702e-01 3.0000000000000000e+00 6.2857004687593509e+01
1.1343683067860031e+09 6.2355684182213822e-05 5.5181030800013733e+09 6.1636291345526255e+05 5.1541261487882204e+09 1.0919307936394608e+09 3.8126520051972725e+23 3.0739623732519672e-01 3.0000000000000000e+00 6.2857003880762711e+01
1.1394825693523917e+09 6.2355683349524409e-05 5.5181029817507057e+09 6.1636291071165400e+05 5.1541260570182161e+09 1.0919307741974692e+09 3.8644524668856404e+23 3.0878211925039650e-01 3.0000000000000000e+00 6.2857003066643443e+01
1.1446198894049969e+09 6.2355682509309901e-05 5.5181028826121235e+09 6.1636290794324991e+05 5.1541259644188681e+09 1.0919307545797696e+09 3.9169567134319340e+23 3.1017424932479726e-01 3.0000000000000000e+00 6.2857002245169149e+01
1.1497803708977439e+09 6.2355681661502060e-05 5.5181027825775909e+09 6.1636290514982678e+05 5.1541258709826660e+09 1.0919307347847784e+09 3.9701743067739336e+23 3.1157265571723836e-01 3.0000000000000000e+00 6.2857001416273974e+01
1.1549641182532315e+09 6.2355680806032435e-05 5.5181026816390495e+09 6.1636290233116085e+05 5.1541257767020798e+09 1.0919307148109095e+09 4.0241149387620683e+23 3.1297736672354731e-01 3.0000000000000000e+00 6.2857000579891277e+01
1.1601712363648441e+09 6.2355679942831702e-05 5.5181025797882853e+09 6.1636289948702045e+05 5.1541256815694456e+09 1.0919306946565218e+09 4.0787884329244662e+23 3.1438841076711260e-01 3.0000000000000000e+00 6.2856999735952563e+01
1.1654018305988746e+09 6.2355679071830067e-05 5.5181024770170650e+09 6.1636289661717601e+05 5.1541255855770702e+09 1.0919306743199883e+09 4.1342047462559555e+23 3.1580581639945821e-01 3.0000000000000000e+00 6.2856998884389625e+01
1.1706560067966561e+09 6.2355678192956961e-05 5.5181023733170967e+09 6.1636289372139773e+05 5.1541254887172031e+09 1.0919306537996802e+09 4.1903739710314322e+23 3.1722961230082120e-01 3.0000000000000000e+00 6.2856998025134558e+01
1.1759338712767043e+09 6.2355677306141194e-05 5.5181022686799488e+09 6.1636289079944859e+05 5.1541253909819756e+09 1.0919306330939186e+09 4.2473063366437884e+23 3.1865982728073194e-01 3.0000000000000000e+00 6.2856997158117011e+01
1.1812355308368683e+09 6.2355676411311180e-05 5.5181021630971928e+09 6.1636288785109436e+05 5.1541252923635130e+09 1.0919306122010431e+09 4.3050122114668939e+23 3.2009649027859705e-01 3.0000000000000000e+00 6.2856996283267279e+01
1.1865610927564917e+09 6.2355675508394266e-05 5.5181020565602417e+09 6.1636288487609406e+05 5.1541251928537941e+09 1.0919305911193461e+09 4.3635021047438266e+23 3.2153963036428468e-01 3.0000000000000000e+00 6.2856995400514379e+01
1.1919106647985840e+09 6.2355674597317577e-05 5.5181019490604897e+09 6.1636288187420694e+05 5.1541250924447823e+09 1.0919305698471222e+09 4.4227866685007907e+23 3.2298927673871264e-01 3.0000000000000000e+00 6.2856994509786674e+01
1.1972843552119999e+09 6.2355673678007227e-05 5.5181018405892515e+09 6.1636287884519272e+05 5.1541249911283627e+09 1.0919305483826680e+09 4.4828766994869942e+23 3.2444545873443836e-01 3.0000000000000000e+00 6.2856993611012967e+01
1.2026822727336316e+09 6.2355672750388894e-05 5.5181017311377249e+09 6.1636287578880345e+05 5.1541248888963156e+09 1.0919305267242267e+09 4.5437831411409666e+23 3.2590820581625368e-01 3.0000000000000000e+00 6.2856992704119804e+01
1.2081045265906067e+09 6.2355671814387360e-05 5.5181016206970692e+09 6.1636287270479463e+05 5.1541247857403831e+09 1.0919305048700662e+09 4.6055170855834862e+23 3.2737754758177934e-01 3.0000000000000000e+00 6.2856991789034701e+01
1.2135512265025012e+09 6.2355670869926989e-05 5.5181015092583256e+09 6.1636286959291343e+05 5.1541246816521940e+09 1.0919304828183939e+09 4.6680897756376841e+23 3.2885351376206473e-01 3.0000000000000000e+00 6.2856990865682775e+01
1.2190224826835573e+09 6.2355669916931331e-05 5.5181013968124943e+09 6.1636286645291024e+05 5.1541245766233473e+09 1.0919304605674419e+09 4.7315126068765052e+23 3.3033613422218894e-01 3.0000000000000000e+00 6.2856989933989951e+01
1.2245184058449144e+09 6.2355668955323313e-05 5.5181012833504410e+09 6.1636286328452732e+05 5.1541244706453152e+09 1.0919304381153834e+09 4.7957971296980528e+23 3.3182543896186451e-01 3.0000000000000000e+00 6.2856988993879696e+01
1.2300391071968503e+09 6.2355667985024846e-05 5.5181011688630295e+09 6.1636286008751439e+05 5.1541243637095490e+09 1.0919304154604447e+09 4.8609550514291152e+23 3.3332145811604502e-01 3.0000000000000000e+00 6.2856988045278165e+01
1.2355846984510300e+09 6.2355667005957704e-05 5.5181010533409681e+09 6.1636285686160810e+05 5.1541242558073816e+09 1.0919303926007600e+09 4.9269982384572262e+23 3.3482422195553413e-01 3.0000000000000000e+00 6.2856987088107019e+01
1.2411552918227673e+09 6.2355666018042388e-05 5.5181009367748852e+09 6.1636285360654746e+05 5.1541241469300594e+09 1.0919303695344796e+09 4.9939387183917538e+23 3.3633376088759775e-01 3.0000000000000000e+00 6.2856986122289122e+01
1.2467510000332944e+09 6.2355665021199115e-05 5.5181008191553907e+09 6.1636285032207170e+05 5.1541240370688066e+09 1.0919303462597558e+09 5.0617886822543289e+23 3.3785010545657967e-01 3.0000000000000000e+00 6.2856985147746876e+01
1.2523719363120449e+09 6.2355664015347178e-05 5.5181007004729385e+09 6.1636284700791258e+05 5.1541239262147102e+09 1.0919303227746875e+09 5.1305604866990065e+23 3.3937328634451897e-01 3.0000000000000000e+00 6.2856984164400984e+01
1.2580182143989420e+09 6.2355663000405019e-05 5.5181005807179213e+09 6.1636284366380284e+05 5.1541238143587942e+09 1.0919302990773814e+09 5.2002666562626454e+23 3.4090333437177078e-01 3.0000000000000000e+00 6.2856983172172313e+01
1.2636899485467029e+09 6.2355661976290687e-05 5.5181004598806362e+09 6.1636284028946958e+05 5.1541237014920025e+09 1.0919302751659029e+09 5.2709198856457838e+23 3.4244028049762959e-01 3.0000000000000000e+00 6.2856982170979784e+01
1.2693872535231485e+09 6.2355660942921103e-05 5.5181003379513388e+09 6.1636283688464458e+05 5.1541235876052237e+09 1.0919302510383520e+09 5.3425330420246135e+23 3.4398415582095565e-01 3.0000000000000000e+00 6.2856981160744020e+01
1.2751102446135273e+09 6.2355659900212865e-05 5.5181002149201288e+09 6.1636283344904706e+05 5.1541234726892176e+09 1.0919302266927385e+09 5.4151191673942132e+23 3.4553499158080370e-01 3.0000000000000000e+00 6.2856980141381570e+01
1.2808590376228476e+09 6.2355658848081230e-05 5.5181000907770691e+09 6.1636282998240390e+05 5.1541233567346954e+09 1.0919302021271274e+09 5.4886914809438513e+23 3.4709281915705559e-01 3.0000000000000000e+00 6.2856979112811878e+01
1.2866337488782203e+09 6.2355657786441359e-05 5.5180999655120811e+09 6.1636282648442895e+05 5.1541232397322521e+09 1.0919301773394909e+09 5.5632633814642122e+23 3.4865767007105403e-01 3.0000000000000000e+00 6.2856978074949993e+01
1.2924344952312138e+09 6.2355656715207193e-05 5.5180998391150494e+09 6.1636282295484259e+05 5.1541231216724358e+09 1.0919301523278472e+09 5.6388484497877470e+23 3.5022957598624083e-01 3.0000000000000000e+00 6.2856977027712745e+01
1.2982613940602176e+09 6.2355655634291997e-05 5.5180997115757608e+09 6.1636281939336075e+05 5.1541230025457010e+09 1.0919301270901840e+09 5.7154604512618008e+23 3.5180856870879706e-01 3.0000000000000000e+00 6.2856975971016311e+01
1.3041145632728183e+09 6.2355654543608369e-05 5.5180995828838444e+09 6.1636281579969008e+05 5.1541228823423719e+09 1.0919301016244218e+09 5.7931133382555861e+23 3.5339468018828651e-01 3.0000000000000000e+00 6.2856974904773566e+01
1.3099941213081849e+09 6.2355653443067920e-05 5.5180994530289307e+09 6.1636281217354489e+05 5.1541227610527525e+09 1.0919300759285364e+09 5.8718212527011346e+23 3.5498794251830235e-01 3.0000000000000000e+00 6.2856973828899910e+01
1.3159001871394649e+09 6.2355652332581719e-05 5.5180993220004711e+09 6.1636280851462693e+05 5.1541226386669998e+09 1.0919300500004146e+09 5.9515985286687309e+23 3.5658838793711511e-01 3.0000000000000000e+00 6.2856972743306940e+01
1.3218328802761929e+09 6.2355651212059695e-05 5.5180991897878799e+09 6.1636280482264352e+05 5.1541225151752186e+09 1.0919300238379822e+09 6.0324596949773891e+23 3.5819604882832606e-01 3.0000000000000000e+00 6.2856971647907898e+01
1.3277923207667089e+09 6.2355650081411372e-05 5.5180990563804541e+09 6.1636280109729408e+05 5.1541223905674191e+09 1.0919299974391091e+09 6.1144194778408270e+23 3.5981095772152144e-01 3.0000000000000000e+00 6.2856970542613531e+01
1.3337786292005856e+09 6.2355648940545027e-05 5.5180989217674103e+09 6.1636279733827966e+05 5.1541222648335199e+09 1.0919299708016768e+09 6.1974928035492567e+23 3.6143314729293052e-01 3.0000000000000000e+00 6.2856969427335578e+01
1.3397919267110710e+09 6.2355647789368393e-05 5.5180987859378300e+09 6.1636279354529339e+05 5.1541221379633265e+09 1.0919299439235113e+09 6.2816948011878649e+23 3.6306265036608709e-01 3.0000000000000000e+00 6.2856968301982974e+01
1.3458323349775381e+09 6.2355646627788310e-05 5.5180986488807144e+09 6.1636278971802793e+05 5.1541220099465704e+09 1.0919299168024340e+09 6.3670408053918472e+23 3.6469949991249240e-01 3.0000000000000000e+00 6.2856967166464500e+01
1.3518999762279468e+09 6.2355645455710861e-05 5.5180985105850077e+09 6.1636278585617593e+05 5.1541218807729177e+09 1.0919298894362674e+09 6.4535463591392754e+23 3.6634372905228291e-01 3.0000000000000000e+00 6.2856966020689050e+01
1.3579949732413187e+09 6.2355644273041013e-05 5.5180983710394764e+09 6.1636278195942263e+05 5.1541217504318829e+09 1.0919298618227811e+09 6.5412272165816338e+23 3.6799537105489988e-01 3.0000000000000000e+00 6.2856964864563608e+01
1.3641174493502200e+09 6.2355643079683046e-05 5.5180982302328291e+09 6.1636277802745276e+05 5.1541216189129162e+09 1.0919298339597406e+09 6.6300993459128843e+23 3.6965445933976204e-01 3.0000000000000000e+00 6.2856963697994580e+01
1.3702675284432580e+09 6.2355641875540494e-05 5.5180980881536942e+09 6.1636277405994968e+05 5.1541214862053947e+09 1.0919298058449023e+09 6.7201789322776248e+23 3.7132102747694185e-01 3.0000000000000000e+00 6.2856962520888047e+01
1.3764453349675877e+09 6.2355640660515885e-05 5.5180979447905655e+09 6.1636277005659114e+05 5.1541213522985706e+09 1.0919297774759829e+09 6.8114823807185175e+23 3.7299510918784434e-01 3.0000000000000000e+00 6.2856961333148647e+01
1.3826509939314301e+09 6.2355639434510748e-05 5.5180978001318159e+09 6.1636276601705258e+05 5.1541212171815891e+09 1.0919297488506823e+09 6.9040263191641282e+23 3.7467673834588960e-01 3.0000000000000000e+00 6.2856960134680129e+01
1.3888846309066014e+09 6.2355638197425945e-05 5.5180976541657639e+09 6.1636276194100850e+05 5.1541210808435335e+09 1.0919297199666939e+09 6.9978276014568476e+23 3.7636594897719683e-01 3.0000000000000000e+00 6.2856958925386074e+01
1.3951463720310545e+09 6.2355636949161338e-05 5.5180975068805866e+09 6.1636275782812829e+05 5.1541209432733622e+09 1.0919296908216751e+09 7.0929033104225125e+23 3.7806277526127352e-01 3.0000000000000000e+00 6.2856957705168455e+01
1.4014363440114315e+09 6.2355635689615823e-05 5.5180973582643642e+09 6.1636275367807993e+05 5.1541208044599419e+09 1.0919296614132729e+09 7.1892707609813325e+23 3.7976725153170704e-01 3.0000000000000000e+00 6.2856956473928982e+01
1.4077546741256263e+09 6.2355634418687582e-05 5.5180972083050423e+09 6.1636274949052371e+05 5.1541206643920164e+09 1.0919296317390800e+09 7.2869475033011794e+23 3.8147941227685761e-01 3.0000000000000000e+00 6.2856955231566950e+01
1.4141014902253623e+09 6.2355633136273615e-05 5.5180970569905233e+09 6.1636274526512576e+05 5.1541205230582790e+09 1.0919296017967308e+09 7.3859513259938475e+23 3.8319929214055715e-01 3.0000000000000000e+00 6.2856953977983402e+01
1.4204769207387769e+09 6.2355631842270245e-05 5.5180969043085365e+09 6.1636274100154103e+05 5.1541203804472761e+09 1.0919295715837798e+09 7.4863002593545765e+23 3.8492692592280942e-01 3.0000000000000000e+00 6.2856952713076019e+01
1.4268810946730227e+09 6.2355630536572575e-05 5.5180967502467299e+09 6.1636273669942608e+05 5.1541202365474663e+09 1.0919295410977938e+09 7.5880125786456710e+23 3.8666234858049414e-01 3.0000000000000000e+00 6.2856951436743145e+01
1.4333141416168764e+09 6.2355629219075045e-05 5.5180965947926369e+09 6.1636273235843191e+05 5.1541200913472033e+09 1.0919295103362994e+09 7.6911068074246947e+23 3.8840559522807366e-01 3.0000000000000000e+00 6.2856950148881410e+01
1.4397761917433612e+09 6.2355627889671092e-05 5.5180964379336700e+09 6.1636272797820647e+05 5.1541199448347378e+09 1.0919294792968018e+09 7.7956017209179954e+23 3.9015670113830325e-01 3.0000000000000000e+00 6.2856948849386235e+01
1.4462673758123815e+09 6.2355626548252959e-05 5.5180962796571274e+09 6.1636272355839540e+05 5.1541197969981976e+09 1.0919294479767902e+09 7.9015163494398426e+23 3.9191570174294516e-01 3.0000000000000000e+00 6.2856947538152887e+01
1.4527878251733685e+09 6.2355625194712090e-05 5.5180961199502268e+09 6.1636271909864387e+05 5.1541196478256426e+09 1.0919294163737502e+09 8.0088699818581737e+23 3.9368263263348374e-01 3.0000000000000000e+00 6.2856946215076142e+01
1.4593376717679374e+09 6.2355623828938927e-05 5.5180959587999897e+09 6.1636271459858608e+05 5.1541194973049603e+09 1.0919293844850893e+09 8.1176821691075600e+23 3.9545752956184715e-01 3.0000000000000000e+00 6.2856944880047678e+01
1.4659170481325591e+09 6.2355622450823057e-05 5.5180957961934185e+09 6.1636271005786094e+05 5.1541193454240046e+09 1.0919293523082490e+09 8.2279727277494345e+23 3.9724042844112861e-01 3.0000000000000000e+00 6.2856943532960216e+01
1.4725260874012396e+09 6.2355621060252808e-05 5.5180956321173401e+09 6.1636270547610056e+05 5.1541191921704664e+09 1.0919293198406224e+09 8.3397617435813446e+23 3.9903136534631428e-01 3.0000000000000000e+00 6.2856942173705129e+01
1.4791649233082163e+09 6.2355619657115653e-05 5.5180954665584631e+09 6.1636270085293311e+05 5.1541190375319366e+09 1.0919292870795746e+09 8.4530695752946455e+23 4.0083037651501208e-01 3.0000000000000000e+00 6.2856940802172097e+01
1.4858336901906619e+09 6.2355618241298063e-05 5.5180952995033970e+09 6.1636269618798536e+05 5.1541188814959116e+09 1.0919292540224605e+09 8.5679168581821576e+23 4.0263749834818391e-01 3.0000000000000000e+00 6.2856939418250363e+01
1.4925325229914050e+09 6.2355616812685396e-05 5.5180951309386168e+09 6.1636269148087897e+05 5.1541187240497513e+09 1.0919292206665995e+09 8.6843245078963047e+23 4.0445276741088360e-01 3.0000000000000000e+00 6.2856938021828057e+01
1.4992615572616587e+09 6.2355615371162103e-05 5.5180949608504753e+09 6.1636268673123256e+05 5.1541185651807137e+09 1.0919291870092888e+09 8.8023137242581444e+23 4.0627622043299505e-01 3.0000000000000000e+00 6.2856936612792055e+01
1.5060209291637647e+09 6.2355613916611349e-05 5.5180947892252131e+09 6.1636268193866336e+05 5.1541184048759422e+09 1.0919291530478163e+09 8.9219059951180686e+23 4.0810789430997518e-01 3.0000000000000000e+00 6.2856935191029002e+01
1.5128107754739485e+09 6.2355612448915498e-05 5.5180946160489492e+09 6.1636267710278369e+05 5.1541182431224728e+09 1.0919291187794344e+09 9.0431231002691818e+23 4.0994782610360092e-01 3.0000000000000000e+00 6.2856933756424027e+01
1.5196312335850859e+09 6.2355610967955815e-05 5.5180944413076477e+09 6.1636267222319986e+05 5.1541180799071970e+09 1.0919290842013535e+09 9.1659871154137534e+23 4.1179605304271782e-01 3.0000000000000000e+00 6.2856932308860472e+01
1.5264824415094850e+09 6.2355609473612321e-05 5.5180942649871740e+09 6.1636266729951883e+05 5.1541179152169113e+09 1.0919290493107886e+09 9.2905204161834821e+23 4.1365261252399338e-01 3.0000000000000000e+00 6.2856930848221914e+01
1.5333645378816772e+09 6.2355607965764194e-05 5.5180940870732355e+09 6.1636266233133897e+05 5.1541177490382729e+09 1.0919290141048937e+09 9.4167456822144771e+23 4.1551754211267350e-01 3.0000000000000000e+00 6.2856929374389303e+01
1.5402776619612231e+09 6.2355606444289245e-05 5.5180939075514650e+09 6.1636265731826215e+05 5.1541175813578501e+09 1.0919289785808473e+09 9.5446859012775614e+23 4.1739087954334164e-01 3.0000000000000000e+00 6.2856927887244758e+01
1.5472219536355314e+09 6.2355604909064417e-05 5.5180937264073143e+09 6.1636265225988044e+05 5.1541174121620617e+09 1.0919289427357588e+09 9.6743643734647267e+23 4.1927266272068281e-01 3.0000000000000000e+00 6.2856926386667375e+01
1.5541975534226875e+09 6.2355603359965324e-05 5.5180935436261406e+09 6.1636264715578710e+05 5.1541172414372244e+09 1.0919289065667458e+09 9.8058047154324323e+23 4.2116292972024955e-01 3.0000000000000000e+00 6.2856924872536730e+01
1.5612046024742987e+09 6.2355601796866810e-05 5.5180933591931219e+09 6.1636264200556488e+05 5.1541170691695061e+09 1.0919288700708518e+09 9.9390308647024404e+23 4.2306171878923154e-01 3.0000000000000000e+00 6.2856923344728997e+01
1.5682432425783494e+09 6.2355600219642145e-05 5.5180931730933399e+09 6.1636263680879911e+05 5.1541168953449631e+09 1.0919288332451384e+09 1.0074067084021560e+24 4.2496906834723042e-01 3.0000000000000000e+00 6.2856921803121558e+01
1.5753136161620708e+09 6.2355598628163853e-05 5.5180929853117399e+09 6.1636263156506862e+05 5.1541167199495344e+09 1.0919287960866210e+09 1.0210937965779741e+24 4.2688501698703529e-01 3.0000000000000000e+00 6.2856920247589500e+01
1.5824158662948225e+09 6.2355597022302982e-05 5.5180927958331280e+09 6.1636262627395056e+05 5.1541165429690285e+09 1.0919287585923033e+09 1.0349668436489221e+24 4.2880960347540409e-01 3.0000000000000000e+00 6.2856918678007581e+01
1.5895501366909876e+09 6.2355595401929523e-05 5.5180926046421337e+09 6.1636262093501352e+05 5.1541163643890915e+09 1.0919287207591281e+09 1.0490283761323784e+24 4.3074286675384765e-01 3.0000000000000000e+00 6.2856917094248210e+01
1.5967165717128806e+09 6.2355593766912532e-05 5.5180924117233305e+09 6.1636261554782861e+05 5.1541161841953125e+09 1.0919286825840561e+09 1.0632809548719812e+24 4.3268484593941592e-01 3.0000000000000000e+00 6.2856915496183873e+01
1.6039153163736694e+09 6.2355592117119423e-05 5.5180922170610733e+09 6.1636261011195881e+05 5.1541160023730774e+09 1.0919286440639906e+09 1.0777271755040358e+24 4.3463558032549110e-01 3.0000000000000000e+00 6.2856913883685486e+01
1.6111465163403087e+09 6.2355590452416732e-05 5.5180920206396008e+09 6.1636260462696292e+05 5.1541158189076672e+09 1.0919286051958051e+09 1.0923696689301844e+24 4.3659510938258050e-01 3.0000000000000000e+00 6.2856912256622280e+01
1.6184103179364874e+09 6.2355588772669882e-05 5.5180918224430342e+09 6.1636259909239761e+05 5.1541156337842503e+09 1.0919285659763584e+09 1.1072111017965424e+24 4.3856347275911556e-01 3.0000000000000000e+00 6.2856910614862848e+01
1.6257068681455910e+09 6.2355587077742738e-05 5.5180916224553366e+09 6.1636259350781678e+05 5.1541154469878416e+09 1.0919285264024889e+09 1.1222541769793464e+24 4.4054071028225322e-01 3.0000000000000000e+00 6.2856908958275007e+01
1.6330363146136742e+09 6.2355585367498175e-05 5.5180914206602964e+09 6.1636258787276549e+05 5.1541152585033073e+09 1.0919284864709730e+09 1.1375016340771811e+24 4.4252686195868207e-01 3.0000000000000000e+00 6.2856907286724109e+01
1.6403988056524489e+09 6.2355583641797836e-05 5.5180912170416021e+09 6.1636258218678925e+05 5.1541150683154068e+09 1.0919284461785903e+09 1.1529562499098964e+24 4.4452196797543020e-01 3.0000000000000000e+00 6.2856905600075372e+01
1.6477944902422864e+09 6.2355581900501846e-05 5.5180910115827475e+09 6.1636257644942682e+05 5.1541148764087219e+09 1.0919284055220721e+09 1.1686208390243191e+24 4.4652606870067929e-01 3.0000000000000000e+00 6.2856903898192392e+01
1.6552235180352302e+09 6.2355580143469514e-05 5.5180908042671289e+09 6.1636257066021487e+05 5.1541146827677517e+09 1.0919283644981349e+09 1.1844982542068212e+24 4.4853920468457947e-01 3.0000000000000000e+00 6.2856902180937624e+01
1.6626860393580256e+09 6.2355578370558418e-05 5.5180905950779448e+09 6.1636256481868378e+05 5.1541144873767948e+09 1.0919283231034513e+09 1.2005913870028469e+24 4.5056141666007055e-01 3.0000000000000000e+00 6.2856900448172219e+01
1.6701822052151611e+09 6.2355576581625213e-05 5.5180903839982967e+09 6.1636255892436299e+05 5.1541142902200699e+09 1.0919282813346868e+09 1.2169031682435121e+24 4.5259274554370488e-01 3.0000000000000000e+00 6.2856898699756570e+01
1.6777121672919240e+09 6.2355574776524914e-05 5.5180901710110712e+09 6.1636255297677382e+05 5.1541140912815886e+09 1.0919282391884491e+09 1.2334365685793659e+24 4.5463323243647524e-01 3.0000000000000000e+00 6.2856896935549187e+01
1.6852760779574702e+09 6.2355572955111641e-05 5.5180899560990152e+09 6.1636254697543243e+05 5.1541138905452461e+09 1.0919281966613097e+09 1.2501945990213766e+24 4.5668291862464583e-01 3.0000000000000000e+00 6.2856895155406448e+01
1.6928740902679060e+09 6.2355571117237848e-05 5.5180897392447805e+09 6.1636254091985780e+05 5.1541136879948273e+09 1.0919281537498600e+09 1.2671803114892692e+24 4.5874184558058684e-01 3.0000000000000000e+00 6.2856893359186003e+01
1.7005063579693871e+09 6.2355569262754796e-05 5.5180895204307823e+09 6.1636253480955702e+05 5.1541134836139145e+09 1.0919281104506075e+09 1.2843967993673598e+24 4.6081005496361366e-01 3.0000000000000000e+00 6.2856891546741871e+01
1.7081730355012281e+09 6.2355567391512377e-05 5.5180892996393185e+09 6.1636252864403604e+05 5.1541132773859692e+09 1.0919280667600505e+09 1.3018471980678775e+24 4.6288758862082868e-01 3.0000000000000000e+00 6.2856889717927679e+01
1.7158742779990289e+09 6.2355565503359196e-05 5.5180890768525286e+09 6.1636252242279635e+05 5.1541130692943096e+09 1.0919280226746573e+09 1.3195346856019824e+24 4.6497448858796797e-01 3.0000000000000000e+00 6.2856887872595742e+01
1.7236102412978125e+09 6.2355563598142286e-05 5.5180888520523586e+09 6.1636251614533388e+05 5.1541128593220758e+09 1.0919279781908555e+09 1.3374624831585348e+24 4.6707079709025118e-01 3.0000000000000000e+00 6.2856886010596845e+01
1.7313810819351864e+09 6.2355561675707662e-05 5.5180886252206154e+09 6.1636250981113827e+05 5.1541126474522734e+09 1.0919279333050287e+09 1.3556338556907123e+24 4.6917655654323664e-01 3.0000000000000000e+00 6.2856884131779744e+01
1.7391869571544816e+09 6.2355559735899512e-05 5.5180883963389502e+09 6.1636250341970008e+05 5.1541124336677628e+09 1.0919278880135667e+09 1.3740521125105797e+24 4.7129180955367267e-01 3.0000000000000000e+00 6.2856882235993631e+01
1.7470280249079769e+09 6.2355557778560842e-05 5.5180881653888559e+09 6.1636249697050336e+05 5.1541122179512529e+09 1.0919278423128135e+09 1.3927206078918255e+24 4.7341659892036914e-01 3.0000000000000000e+00 6.2856880323085647e+01
1.7549044438600662e+09 6.2355555803533401e-05 5.5180879323516130e+09 6.1636249046302214e+05 5.1541120002852669e+09 1.0919277961990423e+09 1.4116427416805748e+24 4.7555096763505617e-01 3.0000000000000000e+00 6.2856878392899937e+01
1.7628163733904774e+09 6.2355553810657132e-05 5.5180876972083597e+09 6.1636248389673140e+05 5.1541117806521816e+09 1.0919277496685321e+09 1.4308219599145884e+24 4.7769495888325553e-01 3.0000000000000000e+00 6.2856876445281188e+01
1.7707639735974965e+09 6.2355551799770964e-05 5.5180874599400625e+09 6.1636247727109795e+05 5.1541115590342274e+09 1.0919277027175052e+09 1.4502617554507892e+24 4.7984861604515300e-01 3.0000000000000000e+00 6.2856874480071205e+01
1.7787474053012066e+09 6.2355549770711874e-05 5.5180872205275288e+09 6.1636247058558860e+05 5.1541113354134703e+09 1.0919276553421829e+09 1.4699656686014050e+24 4.8201198269647583e-01 3.0000000000000000e+00 6.2856872497112406e+01
1.7867668300467441e+09 6.2355547723315808e-05 5.5180869789513903e+09 6.1636246383966133e+05 5.1541111097718163e+09 1.0919276075387247e+09 1.4899372877786892e+24 4.8418510260937414e-01 3.0000000000000000e+00 6.2856870496243957e+01
1.7948224101075656e+09 6.2355545657416951e-05 5.5180867351920815e+09 6.1636245703276992e+05 5.1541108820909939e+09 1.0919275593032596e+09 1.5101802501484475e+24 4.8636801975330612e-01 3.0000000000000000e+00 6.2856868477304495e+01
1.8029143084887326e+09 6.2355543572848159e-05 5.5180864892298613e+09 6.1636245016436209e+05 5.1541106523525696e+09 1.0919275106318741e+09 1.5306982422923734e+24 4.8856077829592609e-01 3.0000000000000000e+00 6.2856866440130020e+01
1.8110426889302094e+09 6.2355541469440732e-05 5.5180862410448322e+09 6.1636244323388254e+05 5.1541104205379543e+09 1.0919274615206335e+09 1.5514950008794790e+24 4.9076342260397871e-01 3.0000000000000000e+00 6.2856864384556204e+01
1.8192077159101770e+09 6.2355539347024340e-05 5.5180859906168995e+09 6.1636243624077039e+05 5.1541101866283798e+09 1.0919274119655631e+09 1.5725743133465659e+24 4.9297599724419544e-01 3.0000000000000000e+00 6.2856862310417029e+01
1.8274095546483603e+09 6.2355537205427273e-05 5.5180857379258137e+09 6.1636242918446055e+05 5.1541099506049280e+09 1.0919273619626586e+09 1.5939400185879900e+24 4.9519854698419574e-01 3.0000000000000000e+00 6.2856860217545183e+01
1.8356483711093726e+09 6.2355535044476181e-05 5.5180854829511080e+09 6.1636242206438095e+05 5.1541097124484863e+09 1.0919273115078661e+09 1.6155960076547563e+24 4.9743111679339219e-01 3.0000000000000000e+00 6.2856858105771124e+01
1.8439243320060730e+09 6.2355532863996087e-05 5.5180852256721582e+09 6.1636241487995698e+05 5.1541094721397877e+09 1.0919272605971141e+09 1.6375462244631576e+24 4.9967375184389973e-01 3.0000000000000000e+00 6.2856855974924777e+01
1.8522376048029399e+09 6.2355530663810510e-05 5.5180849660681057e+09 6.1636240763060376e+05 5.1541092296593523e+09 1.0919272092262578e+09 1.6597946665130247e+24 5.0192649751144935e-01 3.0000000000000000e+00 6.2856853824832996e+01
1.8605883577194600e+09 6.2355528443741465e-05 5.5180847041179762e+09 6.1636240031573758e+05 5.1541089849875898e+09 1.0919271573911610e+09 1.6823453856156895e+24 5.0418939937630458e-01 3.0000000000000000e+00 6.2856851655322686e+01
1.8689767597335322e+09 6.2355526203609191e-05 5.5180844398005562e+09 6.1636239293476567e+05 5.1541087381046829e+09 1.0919271050876231e+09 1.7052024886319326e+24 5.0646250322418451e-01 3.0000000000000000e+00 6.2856849466218570e+01
1.8774029805848866e+09 6.2355523943232464e-05 5.5180841730944395e+09 6.1636238548708870e+05 5.1541084889906416e+09 1.0919270523113973e+09 1.7283701382198399e+24 5.0874585504718783e-01 3.0000000000000000e+00 6.2856847257342991e+01
1.8858671907785194e+09 6.2355521662428188e-05 5.5180839039780617e+09 6.1636237797210691e+05 5.1541082376253176e+09 1.0919269990582335e+09 1.7518525535929513e+24 5.1103950104472418e-01 3.0000000000000000e+00 6.2856845028518542e+01
1.8943695615881429e+09 6.2355519361011847e-05 5.5180836324296227e+09 6.1636237038921006e+05 5.1541079839883547e+09 1.0919269453238075e+09 1.7756540112885781e+24 5.1334348762444737e-01 3.0000000000000000e+00 6.2856842779564310e+01
1.9029102650596514e+09 6.2355517038797120e-05 5.5180833584271469e+09 6.1636236273778486e+05 5.1541077280592241e+09 1.0919268911037734e+09 1.7997788459466532e+24 5.1565786140319336e-01 3.0000000000000000e+00 6.2856840510298781e+01
1.9114894740146027e+09 6.2355514695596034e-05 5.5180830819484634e+09 6.1636235501721245e+05 5.1541074698172159e+09 1.0919268363937457e+09 1.8242314510991366e+24 5.1798266920792413e-01 3.0000000000000000e+00 6.2856838220538940e+01
1.9201073620537148e+09 6.2355512331218989e-05 5.5180828029711828e+09 6.1636234722686675e+05 5.1541072092414198e+09 1.0919267811892881e+09 1.8490162799701046e+24 5.2031795807667292e-01 3.0000000000000000e+00 6.2856835910099015e+01
1.9287641035603790e+09 6.2355509945474677e-05 5.5180825214727430e+09 6.1636233936611842e+05 5.1541069463107643e+09 1.0919267254859412e+09 1.8741378462867879e+24 5.2266377525949592e-01 3.0000000000000000e+00 6.2856833578792745e+01
1.9374598737041883e+09 6.2355507538169920e-05 5.5180822374303427e+09 6.1636233143432997e+05 5.1541066810039482e+09 1.0919266692791870e+09 1.8996007251015582e+24 5.2502016821942732e-01 3.0000000000000000e+00 6.2856831226431574e+01
1.9461948484444821e+09 6.2355505109109780e-05 5.5180819508209877e+09 6.1636232343085995e+05 5.1541064132994947e+09 1.0919266125644803e+09 1.9254095536251176e+24 5.2738718463343937e-01 3.0000000000000000e+00 6.2856828852825402e+01
1.9549692045339069e+09 6.2355502658097866e-05 5.5180816616215067e+09 6.1636231535506132e+05 5.1541061431757622e+09 1.0919265553372362e+09 1.9515690320709994e+24 5.2976487239340542e-01 3.0000000000000000e+00 6.2856826457782724e+01
1.9637831195219927e+09 6.2355500184935593e-05 5.5180813698084726e+09 6.1636230720628006e+05 5.1541058706108675e+09 1.0919264975928204e+09 1.9780839245115357e+24 5.3215327960706871e-01 3.0000000000000000e+00 6.2856824041109881e+01
1.9726367717587454e+09 6.2355497689422899e-05 5.5180810753582821e+09 6.1636229898385727e+05 5.1541055955827618e+09 1.0919264393265634e+09 2.0049590597454720e+24 5.3455245459901501e-01 3.0000000000000000e+00 6.2856821602611745e+01
1.9815303403982568e+09 6.2355495171357770e-05 5.5180807782470779e+09 6.1636229068712518e+05 5.1541053180691662e+09 1.0919263805337336e+09 2.0321993321773560e+24 5.3696244591164877e-01 3.0000000000000000e+00 6.2856819142090600e+01
1.9904640054023287e+09 6.2355492630536280e-05 5.5180804784508448e+09 6.1636228231541649e+05 5.1541050380476437e+09 1.0919263212096021e+09 2.0598097027088848e+24 5.3938330230617615e-01 3.0000000000000000e+00 6.2856816659349086e+01
1.9994379475441148e+09 6.2355490066753070e-05 5.5180801759452753e+09 6.1636227386804717e+05 5.1541047554955015e+09 1.0919262613493218e+09 2.0877951996423230e+24 5.4181507276358887e-01 3.0000000000000000e+00 6.2856814154184313e+01
2.0084523484117785e+09 6.2355487479800350e-05 5.5180798707059221e+09 6.1636226534433942e+05 5.1541044703898935e+09 1.0919262009480903e+09 2.1161609195962708e+24 5.4425780648565547e-01 3.0000000000000000e+00 6.2856811626395860e+01
2.0175073904121680e+09 6.2355484869468898e-05 5.5180795627080650e+09 6.1636225674360013e+05 5.1541041827077332e+09 1.0919261400009952e+09 2.1449120284337878e+24 5.4671155289591566e-01 3.0000000000000000e+00 6.2856809075778507e+01
2.0266032567745063e+09 6.2355482235547347e-05 5.5180792519267683e+09 6.1636224806513381e+05 5.1541038924257336e+09 1.0919260785031087e+09 2.1740537622031903e+24 5.4917636164067951e-01 3.0000000000000000e+00 6.2856806502126254e+01
2.0357401315541000e+09 6.2355479577822626e-05 5.5180789383368998e+09 6.1636223930823873e+05 5.1541035995204144e+09 1.0919260164494581e+09 2.2035914280916156e+24 5.5165228259003152e-01 3.0000000000000000e+00 6.2856803905231438e+01
2.0449181996360626e+09 6.2355476896079371e-05 5.5180786219130535e+09 6.1636223047220614e+05 5.1541033039680481e+09 1.0919259538350210e+09 2.2335304053914850e+24 5.5413936583883705e-01 3.0000000000000000e+00 6.2856801284884206e+01
2.0541376467390559e+09 6.2355474190100850e-05 5.5180783026296453e+09 6.1636222155632055e+05 5.1541030057447386e+09 1.0919258906547275e+09 2.2638761464802316e+24 5.5663766170775808e-01 3.0000000000000000e+00 6.2856798640872711e+01
2.0633986594190490e+09 6.2355471459667837e-05 5.5180779804608002e+09 6.1636221255985880e+05 5.1541027048263168e+09 1.0919258269034531e+09 2.2946341778131668e+24 5.5914722074426726e-01 3.0000000000000000e+00 6.2856795972982987e+01
2.0727014250730917e+09 6.2355468704559358e-05 5.5180776553804626e+09 6.1636220348209492e+05 5.1541024011884470e+09 1.0919257625760531e+09 2.3258101009299637e+24 5.6166809372367132e-01 3.0000000000000000e+00 6.2856793280999966e+01
2.0820461319431081e+09 6.2355465924552461e-05 5.5180773273623257e+09 6.1636219432229362e+05 5.1541020948065529e+09 1.0919256976673179e+09 2.3574095934747795e+24 5.6420033165013739e-01 3.0000000000000000e+00 6.2856790564706095e+01
2.0914329691197042e+09 6.2355463119422188e-05 5.5180769963798256e+09 6.1636218507971219e+05 5.1541017856558313e+09 1.0919256321719837e+09 2.3894384102302016e+24 5.6674398575772367e-01 3.0000000000000000e+00 6.2856787823881412e+01
2.1008621265459950e+09 6.2355460288941343e-05 5.5180766624061842e+09 6.1636217575360462e+05 5.1541014737112627e+09 1.0919255660847647e+09 2.4219023841653103e+24 5.6929910751141555e-01 3.0000000000000000e+00 6.2856785058305164e+01
2.1103337950214481e+09 6.2355457432880984e-05 5.5180763254143486e+09 6.1636216634321283e+05 5.1541011589475851e+09 1.0919254994002891e+09 2.4548074274979088e+24 5.7186574860816530e-01 3.0000000000000000e+00 6.2856782267752919e+01
2.1198481662057440e+09 6.2355454551009837e-05 5.5180759853770876e+09 6.1636215684778034e+05 5.1541008413393574e+09 1.0919254321131959e+09 2.4881595327712144e+24 5.7444396097793704e-01 3.0000000000000000e+00 6.2856779452000659e+01
2.1294054326226549e+09 6.2355451643094636e-05 5.5180756422668400e+09 6.1636214726653462e+05 5.1541005208608379e+09 1.0919253642180111e+09 2.5219647739452226e+24 5.7703379678475764e-01 3.0000000000000000e+00 6.2856776610819928e+01
2.1390057876639397e+09 6.2355448708900123e-05 5.5180752960558453e+09 6.1636213759870059e+05 5.1541001974860992e+09 1.0919252957092423e+09 2.5562293075028017e+24 5.7963530842776922e-01 3.0000000000000000e+00 6.2856773743981122e+01
2.1486494255932584e+09 6.2355445748188802e-05 5.5180749467160921e+09 6.1636212784349639e+05 5.1540998711889744e+09 1.0919252265813494e+09 2.5909593735708952e+24 5.8224854854229013e-01 3.0000000000000000e+00 6.2856770851252854e+01
2.1583365415501022e+09 6.2355442760720891e-05 5.5180745942192898e+09 6.1636211800013273e+05 5.1540995419430437e+09 1.0919251568287389e+09 2.6261612970569573e+24 5.8487357000087770e-01 3.0000000000000000e+00 6.2856767932401404e+01
2.1680673315537415e+09 6.2355439746254813e-05 5.5180742385369167e+09 6.1636210806781170e+05 5.1540992097216663e+09 1.0919250864457572e+09 2.6618414888007512e+24 5.8751042591439750e-01 3.0000000000000000e+00 6.2856764987190694e+01
2.1778419925071945e+09 6.2355436704546421e-05 5.5180738796401739e+09 6.1636209804572933e+05 5.1540988744979401e+09 1.0919250154267068e+09 2.6980064467418697e+24 5.9015916963309600e-01 3.0000000000000000e+00 6.2856762015382806e+01
2.1876607222012091e+09 6.2355433635349506e-05 5.5180735175000286e+09 6.1636208793307631e+05 5.1540985362447453e+09 1.0919249437658532e+09 2.7346627571031155e+24 5.9281985474768040e-01 3.0000000000000000e+00 6.2856759016738174e+01
2.1975237193182673e+09 6.2355430538415732e-05 5.5180731520871735e+09 6.1636207772903377e+05 5.1540981949347076e+09 1.0919248714573934e+09 2.7718170955899004e+24 5.9549253509040045e-01 3.0000000000000000e+00 6.2856755991014339e+01
2.2074311834366045e+09 6.2355427413494458e-05 5.5180727833720264e+09 6.1636206743277539e+05 5.1540978505402050e+09 1.0919247984954724e+09 2.8094762286060117e+24 5.9817726473613742e-01 3.0000000000000000e+00 6.2856752937966689e+01
2.2173833150342464e+09 6.2355424260332657e-05 5.5180724113247309e+09 6.1636205704346672e+05 5.1540975030333395e+09 1.0919247248741767e+09 2.8476470144858214e+24 6.0087409800349567e-01 3.0000000000000000e+00 6.2856749857348490e+01
2.2273803154930701e+09 6.2355421078675178e-05 5.5180720359151754e+09 6.1636204656026699e+05 5.1540971523859949e+09 1.0919246505875490e+09 2.8863364047433472e+24 6.0358308945590278e-01 3.0000000000000000e+00 6.2856746748910695e+01
2.2374223871028743e+09 6.2355417868264576e-05 5.5180716571129951e+09 6.1636203598232870e+05 5.1540967985698032e+09 1.0919245756295831e+09 2.9255514453381342e+24 6.0630429390271023e-01 3.0000000000000000e+00 6.2856743612402489e+01
2.2475097330654755e+09 6.2355414628840791e-05 5.5180712748875275e+09 6.1636202530879690e+05 5.1540964415561190e+09 1.0919244999942214e+09 2.9652992779584515e+24 6.0903776640030238e-01 3.0000000000000000e+00 6.2856740447571035e+01
2.2576425574988184e+09 6.2355411360141854e-05 5.5180708892078018e+09 6.1636201453880337e+05 5.1540960813160315e+09 1.0919244236753116e+09 3.0055871413218925e+24 6.1178356225320818e-01 3.0000000000000000e+00 6.2856737254159093e+01
2.2678210654411077e+09 6.2355408061903165e-05 5.5180705000426455e+09 6.1636200367148034e+05 5.1540957178204117e+09 1.0919243466667039e+09 3.0464223724936157e+24 6.1454173701522041e-01 3.0000000000000000e+00 6.2856734031910001e+01
2.2780454628549552e+09 6.2355404733857670e-05 5.5180701073605566e+09 6.1636199270594865e+05 5.1540953510398340e+09 1.0919242689621689e+09 3.0878124082225197e+24 6.1731234649051647e-01 3.0000000000000000e+00 6.2856730780563581e+01
2.2883159566315489e+09 6.2355401375735988e-05 5.5180697111297188e+09 6.1636198164131795e+05 5.1540949809445877e+09 1.0919241905553977e+09 3.1297647862956133e+24 6.2009544673478856e-01 3.0000000000000000e+00 6.2856727499856355e+01
2.2986327545948391e+09 6.2355397987266415e-05 5.5180693113180790e+09 6.1636197047669301e+05 5.1540946075047302e+09 1.0919241114400461e+09 3.1722871469106771e+24 6.2289109405637466e-01 3.0000000000000000e+00 6.2856724189523433e+01
2.3089960655057435e+09 6.2355394568174705e-05 5.5180689078932924e+09 6.1636195921117207e+05 5.1540942306900511e+09 1.0919240316097243e+09 3.2153872340676661e+24 6.2569934501739666e-01 3.0000000000000000e+00 6.2856720849297766e+01
2.3194060990663710e+09 6.2355391118184059e-05 5.5180685008226986e+09 6.1636194784384267e+05 5.1540938504700432e+09 1.0919239510579667e+09 3.2590728969789882e+24 6.2852025643490483e-01 3.0000000000000000e+00 6.2856717478909502e+01
2.3298630659242673e+09 6.2355387637015242e-05 5.5180680900733442e+09 6.1636193637378444e+05 5.1540934668139267e+09 1.0919238697782512e+09 3.3033520914989598e+24 6.3135388538202464e-01 3.0000000000000000e+00 6.2856714078086256e+01
2.3403671776766734e+09 6.2355384124386591e-05 5.5180676756119804e+09 6.1636192480006767e+05 5.1540930796906500e+09 1.0919237877639897e+09 3.3482328815726511e+24 6.3420028918911076e-01 3.0000000000000000e+00 6.2856710646552806e+01
2.3509186468748116e+09 6.2355380580013652e-05 5.5180672574050674e+09 6.1636191312175756e+05 5.1540926890688820e+09 1.0919237050085583e+09 3.3937234407044021e+24 6.3705952544490574e-01 3.0000000000000000e+00 6.2856707184032651e+01
2.3615176870281835e+09 6.2355377003609668e-05 5.5180668354187679e+09 6.1636190133790881e+05 5.1540922949170160e+09 1.0919236215052583e+09 3.4398320534463833e+24 6.3993165199770341e-01 3.0000000000000000e+00 6.2856703690245986e+01
2.3721645126088910e+09 6.2355373394885102e-05 5.5180664096188936e+09 6.1636188944756496e+05 5.1540918972031231e+09 1.0919235372473123e+09 3.4865671169072386e+24 6.4281672695651837e-01 3.0000000000000000e+00 6.2856700164910080e+01
2.3828593390559773e+09 6.2355369753547870e-05 5.5180659799710197e+09 6.1636187744976743e+05 5.1540914958950443e+09 1.0919234522279277e+09 3.5339371422813538e+24 6.4571480869225939e-01 3.0000000000000000e+00 6.2856696607740815e+01
2.3936023827797852e+09 6.2355366079303341e-05 5.5180655464403515e+09 6.1636186534354254e+05 5.1540910909602852e+09 1.0919233664402049e+09 3.5819507563988530e+24 6.4862595583891047e-01 3.0000000000000000e+00 6.2856693018450322e+01
2.4043938611663361e+09 6.2355362371854008e-05 5.5180651089918175e+09 6.1636185312791262e+05 5.1540906823660793e+09 1.0919232798772159e+09 3.6306167032965840e+24 6.5155022729471401e-01 3.0000000000000000e+00 6.2856689396749445e+01
2.4152339925817299e+09 6.2355358630899915e-05 5.5180646675899734e+09 6.1636184080188489e+05 5.1540902700793324e+09 1.0919231925319257e+09 3.6799438458105946e+24 6.5448768222336229e-01 3.0000000000000000e+00 6.2856685742344276e+01
2.4261229963765621e+09 6.2355354856138135e-05 5.5180642221991425e+09 6.1636182836446725e+05 5.1540898540667086e+09 1.0919231043973043e+09 3.7299411671901060e+24 6.5743838005519206e-01 3.0000000000000000e+00 6.2856682054941295e+01
2.4370610928903642e+09 6.2355351047263302e-05 5.5180637727832327e+09 6.1636181581464759e+05 5.1540894342945061e+09 1.0919230154661798e+09 3.7806177727334783e+24 6.6040238048838640e-01 3.0000000000000000e+00 6.2856678334241046e+01
2.4480485034560609e+09 6.2355347203967029e-05 5.5180633193058996e+09 6.1636180315141403e+05 5.1540890107287712e+09 1.0919229257313819e+09 3.8319828914464290e+24 6.6337974349017992e-01 3.0000000000000000e+00 6.2856674579944205e+01
2.4590854504044485e+09 6.2355343325938190e-05 5.5180628617304268e+09 6.1636179037374072e+05 5.1540885833352127e+09 1.0919228351856413e+09 3.8840458777226801e+24 6.6637052929807161e-01 3.0000000000000000e+00 6.2856670791747227e+01
2.4701721570686951e+09 6.2355339412863126e-05 5.5180624000198021e+09 6.1636177748059412e+05 5.1540881520792599e+09 1.0919227438216341e+09 3.9368162130475688e+24 6.6937479842104064e-01 3.0000000000000000e+00 6.2856666969344168e+01
2.4813088477888594e+09 6.2355335464424911e-05 5.5180619341366014e+09 6.1636176447092649e+05 5.1540877169259548e+09 1.0919226516319361e+09 3.9903035077246827e+24 6.7239261164077102e-01 3.0000000000000000e+00 6.2856663112425395e+01
2.4924957479164295e+09 6.2355331480304016e-05 5.5180614640431681e+09 6.1636175134369009e+05 5.1540872778401289e+09 1.0919225586091230e+09 4.0445175026260513e+24 6.7542403001287710e-01 3.0000000000000000e+00 6.2856659220680640e+01
2.5037330838188834e+09 6.2355327460178109e-05 5.5180609897014503e+09 6.1636173809782043e+05 5.1540868347862339e+09 1.0919224647456515e+09 4.0994680709660501e+24 6.7846911486813988e-01 3.0000000000000000e+00 6.2856655293794972e+01
2.5150210828842692e+09 6.2355323403721671e-05 5.5180605110730257e+09 6.1636172473224369e+05 5.1540863877283878e+09 1.0919223700339124e+09 4.1551652200994095e+24 6.8152792781374427e-01 3.0000000000000000e+00 6.2856651331450990e+01
2.5263599735258079e+09 6.2355319310606380e-05 5.5180600281191769e+09 6.1636171124588046e+05 5.1540859366304255e+09 1.0919222744662571e+09 4.2116190933437059e+24 6.8460053073452443e-01 3.0000000000000000e+00 6.2856647333329107e+01
2.5377499851865120e+09 6.2355315180500970e-05 5.5180595408008146e+09 6.1636169763763878e+05 5.1540854814558344e+09 1.0919221780349476e+09 4.2688399718265491e+24 6.8768698579421483e-01 3.0000000000000000e+00 6.2856643299106381e+01
2.5491913483438320e+09 6.2355311013071141e-05 5.5180590490784779e+09 6.1636168390641524e+05 5.1540850221677570e+09 1.0919220807321656e+09 4.3268382763579201e+24 6.9078735543670500e-01 3.0000000000000000e+00 6.2856639228456501e+01
2.5606842945143180e+09 6.2355306807979733e-05 5.5180585529124088e+09 6.1636167005110160e+05 5.1540845587290573e+09 1.0919219825500572e+09 4.3856245693278571e+24 6.9390170238730220e-01 3.0000000000000000e+00 6.2856635121051362e+01
2.5722290562583051e+09 6.2355302564886145e-05 5.5180580522624025e+09 6.1636165607057372e+05 5.1540840911021843e+09 1.0919218834806573e+09 4.4452095566300753e+24 6.9703008965399793e-01 3.0000000000000000e+00 6.2856630976558698e+01
2.5838258671846180e+09 6.2355298283447253e-05 5.5180575470879774e+09 6.1636164196370170e+05 5.1540836192493248e+09 1.0919217835159590e+09 4.5056040896115313e+24 7.0017258052874143e-01 3.0000000000000000e+00 6.2856626794644050e+01
2.5954749619553008e+09 6.2355293963316249e-05 5.5180570373482018e+09 6.1636162772934139e+05 5.1540831431322498e+09 1.0919216826478550e+09 4.5668191670486642e+24 7.0332923858871821e-01 3.0000000000000000e+00 6.2856622574969251e+01
2.6071765762903633e+09 6.2355289604143667e-05 5.5180565230018673e+09 6.1636161336634401e+05 5.1540826627124653e+09 1.0919215808682048e+09 4.6288659371503551e+24 7.0650012769763459e-01 3.0000000000000000e+00 6.2856618317194211e+01
2.6189309469725499e+09 6.2355285205576517e-05 5.5180560040073185e+09 6.1636159887354588e+05 5.1540821779510641e+09 1.0919214781687624e+09 4.6917556995880846e+24 7.0968531200700691e-01 3.0000000000000000e+00 6.2856614020974845e+01
2.6307383118521347e+09 6.2355280767258911e-05 5.5180554803225632e+09 6.1636158424977423e+05 5.1540816888088245e+09 1.0919213745412178e+09 4.7554999075538547e+24 7.1288485595745987e-01 3.0000000000000000e+00 6.2856609685964266e+01
2.6425989098517294e+09 6.2355276288831666e-05 5.5180549519051809e+09 6.1636156949384161e+05 5.1540811952461290e+09 1.0919212699771564e+09 4.8201101698457990e+24 7.1609882428002591e-01 3.0000000000000000e+00 6.2856605311811222e+01
2.6545129809711232e+09 6.2355271769932237e-05 5.5180544187124557e+09 6.1636155460455967e+05 5.1540806972230721e+09 1.0919211644681573e+09 4.8855982529823606e+24 7.1932728199745399e-01 3.0000000000000000e+00 6.2856600898164096e+01
2.6664807662921338e+09 6.2355267210194775e-05 5.5180538807011805e+09 6.1636153958071861e+05 5.1540801946992989e+09 1.0919210580056481e+09 4.9519760833450839e+24 7.2257029442552301e-01 3.0000000000000000e+00 6.2856596444665463e+01
2.6785025079834909e+09 6.2355262609250326e-05 5.5180533378278570e+09 6.1636152442110633e+05 5.1540796876341772e+09 1.0919209505810394e+09 5.0192557493504897e+24 7.2582792717436140e-01 3.0000000000000000e+00 6.2856591950956492e+01
2.6905784493057327e+09 6.2355257966726643e-05 5.5180527900485125e+09 6.1636150912449160e+05 5.1540791759866438e+09 1.0919208421856072e+09 5.0874495036515878e+24 7.2910024614977254e-01 3.0000000000000000e+00 6.2856587416672966e+01
2.7027088346161294e+09 6.2355253282247764e-05 5.5180522373188248e+09 6.1636149368963903e+05 5.1540786597152929e+09 1.0919207328105969e+09 5.1565697653691385e+24 7.3238731755456565e-01 3.0000000000000000e+00 6.2856582841449793e+01
2.7148939093736291e+09 6.2355248555434584e-05 5.5180516795940599e+09 6.1636147811529925e+05 5.1540781387783422e+09 1.0919206224471560e+09 5.2266291223533395e+24 7.3568920788989312e-01 3.0000000000000000e+00 6.2856578224917193e+01
2.7271339201438222e+09 6.2355243785904504e-05 5.5180511168290892e+09 6.1636146240021288e+05 5.1540776131336365e+09 1.0919205110863597e+09 5.2976403334762217e+24 7.3900598395659445e-01 3.0000000000000000e+00 6.2856573566702991e+01
2.7394291146039329e+09 6.2355238973271640e-05 5.5180505489783354e+09 6.1636144654310425e+05 5.1540770827386141e+09 1.0919203987191691e+09 5.3696163309550838e+24 7.4233771285654526e-01 3.0000000000000000e+00 6.2856568866429676e+01
2.7517797415478301e+09 6.2355234117146319e-05 5.5180499759958487e+09 6.1636143054269184e+05 5.1540765475503483e+09 1.0919202853365030e+09 5.4425702227077027e+24 7.4568446199401184e-01 3.0000000000000000e+00 6.2856564123718407e+01
2.7641860508910618e+09 6.2355229217135569e-05 5.5180493978352661e+09 6.1636141439768136e+05 5.1540760075255356e+09 1.0919201709291902e+09 5.5165152947393675e+24 7.4904629907701481e-01 3.0000000000000000e+00 6.2856559338186322e+01
2.7766482936759114e+09 6.2355224272842737e-05 5.5180488144497948e+09 6.1636139810676686e+05 5.1540754626204720e+09 1.0919200554879763e+09 5.5914650135623325e+24 7.5242329211869341e-01 3.0000000000000000e+00 6.2856554509447307e+01
2.7891667220764794e+09 6.2355219283867765e-05 5.5180482257921915e+09 6.1636138166862587e+05 5.1540749127910299e+09 1.0919199390034907e+09 5.6674330286483249e+24 7.5581550943868347e-01 3.0000000000000000e+00 6.2856549637110234e+01
2.8017415894037838e+09 6.2355214249806707e-05 5.5180476318148384e+09 6.1636136508193170e+05 5.1540743579927273e+09 1.0919198214663322e+09 5.7444331749141268e+24 7.5922301966449302e-01 3.0000000000000000e+00 6.2856544720782843e+01
2.8143731501108875e+09 6.2355209170252267e-05 5.5180470324696493e+09 6.1636134834534000e+05 5.1540737981806593e+09 1.0919197028669746e+09 5.8224794752411842e+24 7.6264589173289143e-01 3.0000000000000000e+00 6.2856539760067456e+01
2.8270616597980480e+09 6.2355204044793196e-05 5.5180464277081261e+09 6.1636133145749755e+05 5.1540732333095150e+09 1.0919195831958292e+09 5.9015861430291526e+24 7.6608419489130042e-01 3.0000000000000000e+00 6.2856534754564123e+01
2.8398073752178860e+09 6.2355198873014812e-05 5.5180458174813175e+09 6.1636131441703648e+05 5.1540726633335838e+09 1.0919194624432030e+09 5.9817675847844396e+24 7.6953799869919293e-01 3.0000000000000000e+00 6.2856529703868098e+01
2.8526105542805848e+09 6.2355193654498316e-05 5.5180452017398252e+09 6.1636129722257773e+05 5.1540720882067165e+09 1.0919193405993240e+09 6.0630384027436965e+24 7.7300737302949818e-01 3.0000000000000000e+00 6.2856524607571956e+01
2.8654714560591063e+09 6.2355188388821478e-05 5.5180445804338160e+09 6.1636127987272921e+05 5.1540715078823729e+09 1.0919192176543276e+09 6.1454133975330314e+24 7.7649238807001197e-01 3.0000000000000000e+00 6.2856519465263837e+01
2.8783903407944350e+09 6.2355183075558099e-05 5.5180439535130072e+09 6.1636126236608694e+05 5.1540709223135862e+09 1.0919190935982654e+09 6.2289075708633647e+24 7.7999311432481566e-01 3.0000000000000000e+00 6.2856514276528657e+01
2.8913674699008436e+09 6.2355177714278076e-05 5.5180433209266481e+09 6.1636124470123346e+05 5.1540703314529514e+09 1.0919189684210932e+09 6.3135361282623599e+24 7.8350962261569912e-01 3.0000000000000000e+00 6.2856509040947387e+01
2.9044031059711819e+09 6.2355172304547551e-05 5.5180426826235723e+09 6.1636122687674174e+05 5.1540697352526751e+09 1.0919188421126988e+09 6.3993144818435062e+24 7.8704198408359016e-01 3.0000000000000000e+00 6.2856503758097951e+01
2.9174975127821913e+09 6.2355166845928710e-05 5.5180420385520668e+09 6.1636120889116358e+05 5.1540691336644611e+09 1.0919187146628206e+09 6.4862582531127925e+24 7.9059027018999273e-01 3.0000000000000000e+00 6.2856498427552339e+01
2.9306509552998414e+09 6.2355161337979687e-05 5.5180413886600647e+09 6.1636119074304984e+05 5.1540685266396694e+09 1.0919185860611899e+09 6.5743832758135672e+24 7.9415455271842972e-01 3.0000000000000000e+00 6.2856493048881958e+01
2.9438636996846943e+09 6.2355155780254698e-05 5.5180407328949137e+09 6.1636117243092647e+05 5.1540679141291275e+09 1.0919184562973614e+09 6.6637055988099794e+24 7.9773490377589185e-01 3.0000000000000000e+00 6.2856487621651119e+01
2.9571360132972856e+09 6.2355150172303814e-05 5.5180400712035646e+09 6.1636115395331476e+05 5.1540672960832796e+09 1.0919183253608570e+09 6.7542414890096022e+24 8.0133139579429413e-01 3.0000000000000000e+00 6.2856482145422682e+01
2.9704681647035389e+09 6.2355144513673362e-05 5.5180394035324440e+09 6.1636113530871575e+05 5.1540666724520941e+09 1.0919181932410550e+09 6.8460074343258231e+24 8.0494410153193852e-01 3.0000000000000000e+00 6.2856476619753273e+01
2.9838604236801982e+09 6.2355138803905227e-05 5.5180387298275442e+09 6.1636111649562395e+05 5.1540660431851168e+09 1.0919180599272876e+09 6.9390201466803898e+24 8.0857309407498357e-01 3.0000000000000000e+00 6.2856471044198017e+01
2.9973130612202873e+09 6.2355133042537187e-05 5.5180380500343094e+09 6.1636109751251480e+05 5.1540654082313929e+09 1.0919179254087515e+09 7.0332965650468858e+24 8.1221844683891986e-01 3.0000000000000000e+00 6.2856465418306321e+01
3.0108263495385923e+09 6.2355127229103184e-05 5.5180373640977335e+09 6.1636107835785113e+05 5.1540647675395489e+09 1.0919177896745546e+09 7.1288538585353667e+24 8.1588023357005079e-01 3.0000000000000000e+00 6.2856459741623411e+01
3.0244005620771723e+09 6.2355121363132470e-05 5.5180366719622803e+09 6.1636105903008278e+05 5.1540641210577106e+09 1.0919176527137125e+09 7.2257094295190509e+24 8.1955852834698539e-01 3.0000000000000000e+00 6.2856454013691348e+01
3.0380359735108895e+09 6.2355115444150423e-05 5.5180359735719814e+09 6.1636103952764859e+05 5.1540634687335939e+09 1.0919175145151625e+09 7.3238809168034648e+24 8.2325340558213067e-01 3.0000000000000000e+00 6.2856448234048486e+01
3.0517328597529697e+09 6.2355109471677906e-05 5.5180352688702450e+09 6.1636101984896464e+05 5.1540628105143518e+09 1.0919173750676811e+09 7.4233861988385640e+24 8.2696494002319521e-01 3.0000000000000000e+00 6.2856442402226655e+01
3.0654914979605846e+09 6.2355103445231434e-05 5.5180345578001022e+09 6.1636099999244511e+05 5.1540621463467598e+09 1.0919172343600314e+09 7.5242433969746113e+24 8.3069320675469915e-01 3.0000000000000000e+00 6.2856436517757182e+01
3.0793121665404592e+09 6.2355097364323548e-05 5.5180338403039408e+09 6.1636097995647439e+05 5.1540614761770191e+09 1.0919170923807647e+09 7.6264708787621474e+24 8.3443828119948860e-01 3.0000000000000000e+00 6.2856430580162325e+01
3.0931951451545067e+09 6.2355091228461683e-05 5.5180331163237343e+09 6.1636095973943872e+05 5.1540607999509192e+09 1.0919169491184466e+09 7.7300872612969439e+24 8.3820023912025965e-01 3.0000000000000000e+00 6.2856424588965318e+01
3.1071407147254868e+09 6.2355085037149653e-05 5.5180323858008699e+09 6.1636093933969620e+05 5.1540601176137218e+09 1.0919168045614419e+09 7.8351114146103102e+24 8.4197915662108769e-01 3.0000000000000000e+00 6.2856418543680519e+01
3.1211491574426904e+09 6.2355078789886028e-05 5.5180316486762247e+09 6.1636091875559906e+05 5.1540594291101999e+09 1.0919166586980753e+09 7.9415624651054436e+24 8.4577511014896367e-01 3.0000000000000000e+00 6.2856412443821192e+01
3.1352207567676497e+09 6.2355072486165286e-05 5.5180309048901463e+09 6.1636089798548049e+05 5.1540587343846340e+09 1.0919165115165350e+09 8.0494597990405550e+24 8.4958817649533735e-01 3.0000000000000000e+00 6.2856406288894583e+01
3.1493557974398732e+09 6.2355066125477159e-05 5.5180301543824139e+09 6.1636087702765851e+05 5.1540580333807821e+09 1.0919163630049033e+09 8.1588230660592188e+24 8.5341843279766771e-01 3.0000000000000000e+00 6.2856400078403638e+01
3.1635545654826097e+09 6.2355059707306938e-05 5.5180293970923166e+09 6.1636085588043835e+05 5.1540573260419283e+09 1.0919162131511705e+09 8.2696721827687272e+24 8.5726595654098026e-01 3.0000000000000000e+00 6.2856393811847305e+01
3.1778173482086329e+09 6.2355053231135274e-05 5.5180286329585352e+09 6.1636083454210521e+05 5.1540566123108072e+09 1.0919160619431858e+09 8.3820273363670773e+24 8.6113082555943132e-01 3.0000000000000000e+00 6.2856387488718809e+01
3.1921444342260585e+09 6.2355046696437700e-05 5.5180278619192438e+09 6.1636081301093637e+05 5.1540558921296644e+09 1.0919159093687422e+09 8.4959089883192357e+24 8.6501311803787950e-01 3.0000000000000000e+00 6.2856381108509197e+01
3.2065361134441805e+09 6.2355040102685558e-05 5.5180270839120245e+09 6.1636079128518584e+05 5.1540551654402037e+09 1.0919157554154675e+09 8.6113378780832382e+24 8.6891291251346259e-01 3.0000000000000000e+00 6.2856374670702287e+01
3.2209926770793414e+09 6.2355033449345095e-05 5.5180262988739128e+09 6.1636076936309622e+05 5.1540544321836109e+09 1.0919156000709088e+09 8.7283350268870948e+24 8.7283028787718497e-01 3.0000000000000000e+00 6.2856368174778858e+01
3.2355144176608214e+09 6.2355026735877911e-05 5.5180255067413750e+09 6.1636074724289263e+05 5.1540536923005447e+09 1.0919154433224895e+09 8.8469217415568451e+24 8.7676532337550794e-01 3.0000000000000000e+00 6.2856361620214258e+01
3.2501016290367608e+09 6.2355019961740480e-05 5.5180247074502897e+09 6.1636072492278530e+05 5.1540529457311144e+09 1.0919152851575274e+09 8.9671196183967442e+24 8.8071809861195127e-01 3.0000000000000000e+00 6.2856355006479674e+01
3.2647546063801036e+09 6.2355013126384659e-05 5.5180239009359865e+09 6.1636070240096841e+05 5.1540521924149103e+09 1.0919151255632262e+09 9.0889505471220578e+24 8.8468869354869883e-01 3.0000000000000000e+00 6.2856348333041481e+01
3.2794736461945729e+09 6.2355006229257204e-05 5.5180230871331873e+09 6.1636067967561912e+05 5.1540514322909651e+09 1.0919149645266700e+09 9.2124367148453057e+24 8.8867718850821253e-01 3.0000000000000000e+00 6.2856341599360846e+01
3.2942590463206673e+09 6.2354999269799874e-05 5.5180222659760075e+09 6.1636065674489620e+05 5.1540506652977381e+09 1.0919148020348115e+09 9.3376006101167987e+24 8.9268366417485379e-01 3.0000000000000000e+00 6.2856334804893855e+01
3.3091111059416909e+09 6.2354992247449346e-05 5.5180214373980112e+09 6.1636063360694633e+05 5.1540498913731728e+09 1.0919146380745180e+09 9.4644650270198230e+24 8.9670820159651232e-01 3.0000000000000000e+00 6.2856327949092936e+01
3.3240301255898056e+09 6.2354985161637292e-05 5.5180206013320980e+09 6.1636061025989312e+05 5.1540491104546013e+09 1.0919144726324937e+09 9.5930530693217245e+24 9.0075088218624133e-01 3.0000000000000000e+00 6.2856321031403525e+01
3.3390164071521125e+09 6.2354978011790334e-05 5.5180197577106581e+09 6.1636058670185087e+05 5.1540483224788666e+09 1.0919143056953769e+09 9.7233881546811207e+24 9.0481178772390058e-01 3.0000000000000000e+00 6.2856314051268519e+01
3.3540702538767614e+09 6.2354970797329603e-05 5.5180189064653730e+09 6.1636056293091108e+05 5.1540475273821602e+09 1.0919141372496438e+09 9.8554940189125462e+24 9.0889100035780812e-01 3.0000000000000000e+00 6.2856307008123999e+01
3.3691919703790860e+09 6.2354963517671308e-05 5.5180180475273600e+09 6.1636053894514963e+05 5.1540467251001406e+09 1.0919139672816603e+09 9.9893947203088284e+24 9.1298860260639636e-01 3.0000000000000000e+00 6.2856299901401471e+01
3.3843818626477685e+09 6.2354956172226296e-05 5.5180171808270874e+09 6.1636051474262378e+05 5.1540459155678663e+09 1.0919137957776604e+09 1.0125114644022228e+25 9.1710467735987811e-01 3.0000000000000000e+00 6.2856292730526896e+01
3.3996402380510311e+09 6.2354948760400030e-05 5.5180163062944345e+09 6.1636049032137729e+05 5.1540450987198400e+09 1.0919136227237821e+09 1.0262678506505173e+25 9.2123930788191966e-01 3.0000000000000000e+00 6.2856285494922226e+01
3.4149674053428564e+09 6.2354941281592607e-05 5.5180154238585968e+09 6.1636046567943157e+05 5.1540442744899292e+09 1.0919134481060054e+09 1.0402111360011314e+25 9.2539257781132112e-01 3.0000000000000000e+00 6.2856278194002968e+01
3.4303636746692324e+09 6.2354933735198623e-05 5.5180145334481802e+09 6.1636044081479497e+05 5.1540434428114424e+09 1.0919132719102178e+09 1.0543438597157554e+25 9.2956457116370284e-01 3.0000000000000000e+00 6.2856270827180929e+01
3.4458293575744324e+09 6.2354926120607564e-05 5.5180136349911041e+09 6.1636041572545166e+05 5.1540426036170597e+09 1.0919130941221349e+09 1.0686685955548380e+25 9.3375537233320305e-01 3.0000000000000000e+00 6.2856263393860296e+01
3.4613647670073147e+09 6.2354918437202951e-05 5.5180127284146633e+09 6.1636039040937345e+05 5.1540417568388681e+09 1.0919129147273855e+09 1.0831879522462612e+25 9.3796506609417851e-01 3.0000000000000000e+00 6.2856255893442018e+01
3.4769702173276596e+09 6.2354910684362955e-05 5.5180118136454630e+09 6.1636036486450932e+05 5.1540409024083185e+09 1.0919127337114363e+09 1.0979045739604271e+25 9.4219373760291603e-01 3.0000000000000000e+00 6.2856248325320102e+01
3.4926460243125262e+09 6.2354902861460026e-05 5.5180108906094828e+09 6.1636033908879338e+05 5.1540400402562675e+09 1.0919125510596480e+09 1.1128211407917623e+25 9.4644147239935161e-01 3.0000000000000000e+00 6.2856240688884526e+01
3.5083925051626453e+09 6.2354894967861288e-05 5.5180099592320375e+09 6.1636031308013923e+05 5.1540391703129578e+09 1.0919123667572372e+09 1.1279403692467763e+25 9.5070835640879425e-01 3.0000000000000000e+00 6.2856232983518602e+01
3.5242099785088372e+09 6.2354887002927535e-05 5.5180090194376945e+09 6.1636028683643974e+05 5.1540382925079374e+09 1.0919121807892728e+09 1.1432650127387632e+25 9.5499447594366205e-01 3.0000000000000000e+00 6.2856225208600158e+01
3.5400987644184575e+09 6.2354878966014359e-05 5.5180080711504536e+09 6.1636026035557431e+05 5.1540374067702103e+09 1.0919119931407285e+09 1.1587978620892009e+25 9.5929991770522194e-01 3.0000000000000000e+00 6.2856217363502765e+01
3.5560591844018764e+09 6.2354870856471293e-05 5.5180071142935123e+09 6.1636023363539507e+05 5.1540365130280514e+09 1.0919118037963846e+09 1.1745417460359817e+25 9.6362476878533865e-01 3.0000000000000000e+00 6.2856209447591752e+01
3.5720915614189825e+09 6.2354862673641838e-05 5.5180061487894583e+09 6.1636020667374297e+05 5.1540356112091446e+09 1.0919116127409422e+09 1.1904995317485354e+25 9.6796911666823349e-01 3.0000000000000000e+00 6.2856201460229599e+01
3.5881962198857183e+09 6.2354854416863764e-05 5.5180051745601540e+09 6.1636017946843593e+05 5.1540347012405071e+09 1.0919114199589400e+09 1.2066741253499574e+25 9.7233304923224773e-01 3.0000000000000000e+00 6.2856193400771936e+01
3.6043734856806459e+09 6.2354846085468878e-05 5.5180041915267401e+09 6.1636015201727045e+05 5.1540337830484848e+09 1.0919112254347634e+09 1.2230684724462292e+25 9.7671665475161629e-01 3.0000000000000000e+00 6.2856185268567693e+01
3.6206236861515398e+09 6.2354837678782750e-05 5.5180031996096668e+09 6.1636012431802694e+05 5.1540328565587730e+09 1.0919110291526852e+09 1.2396855586626195e+25 9.8112002189824743e-01 3.0000000000000000e+00 6.2856177062961414e+01
3.6369471501220102e+09 6.2354829196125208e-05 5.5180021987286224e+09 6.1636009636845835e+05 5.1540319216963615e+09 1.0919108310967832e+09 1.2565284101873890e+25 9.8554323974351321e-01 3.0000000000000000e+00 6.2856168783289405e+01
3.6533442078981600e+09 6.2354820636809557e-05 5.5180011888026476e+09 6.1636006816630810e+05 5.1540309783856239e+09 1.0919106312510669e+09 1.2736000943228666e+25 9.8998639776004449e-01 3.0000000000000000e+00 6.2856160428885254e+01
3.6698151912752647e+09 6.2354812000143088e-05 5.5180001697499800e+09 6.1636003970929119e+05 5.1540300265501995e+09 1.0919104295993459e+09 1.2909037200440232e+25 9.9444958582353637e-01 3.0000000000000000e+00 6.2856151999074065e+01
3.6863604335444889e+09 6.2354803285426803e-05 5.5179991414881506e+09 6.1636001099510468e+05 5.1540290661130524e+09 1.0919102261253014e+09 1.3084424385646235e+25 9.9893289421456188e-01 3.0000000000000000e+00 6.2856143493175757e+01
3.7029802694996290e+09 6.2354794491955291e-05 5.5179981039339266e+09 6.1635998202142399e+05 5.1540280969964399e+09 1.0919100208124619e+09 1.3262194439110791e+25 1.0034364136203915e+00 3.0000000000000000e+00 6.2856134910503954e+01
3.7196750354438882e+09 6.2354785619017018e-05 5.5179970570033503e+09 6.1635995278590452e+05 5.1540271191219473e+09 1.0919098136442139e+09 1.3442379735040955e+25 1.0079602351368231e+00 3.0000000000000000e+00 6.2856126250366074e+01
3.7364450691966825e+09 6.2354776665893714e-05 5.5179960006116991e+09 6.1635992328618164e+05 5.1540261324104328e+09 1.0919096046038020e+09 1.3625013087482056e+25 1.0125044502700193e+00 3.0000000000000000e+00 6.2856117512064067e+01
3.7532907101004753e+09 6.2354767631860915e-05 5.5179949346734467e+09 6.1635989351986395e+05 5.1540251367820187e+09 1.0919093936742811e+09 1.3810127756293461e+25 1.0170691509383532e+00 3.0000000000000000e+00 6.2856108694891596e+01
3.7702122990276442e+09 6.2354758516187285e-05 5.5179938591023417e+09 6.1635986348454538e+05 5.1540241321561394e+09 1.0919091808386023e+09 1.3997757453205118e+25 1.0216544294742607e+00 3.0000000000000000e+00 6.2856099798138303e+01
3.7872101783873796e+09 6.2354749318135148e-05 5.5179927738113480e+09 6.1635983317779563e+05 5.1540231184514999e+09 1.0919089660795448e+09 1.4187936347956739e+25 1.0262603786261053e+00 3.0000000000000000e+00 6.2856090821086461e+01
3.8042846921326113e+09 6.2354740036960104e-05 5.5179916787126083e+09 6.1635980259715905e+05 5.1540220955860405e+09 1.0919087493797081e+09 1.4380699074520052e+25 1.0308870915600448e+00 3.0000000000000000e+00 6.2856081763010984e+01
3.8214361857669711e+09 6.2354730671910976e-05 5.5179905737174978e+09 6.1635977174016112e+05 5.1540210634769783e+09 1.0919085307215583e+09 1.4576080737405926e+25 1.0355346618619146e+00 3.0000000000000000e+00 6.2856072623181362e+01
3.8386650063517818e+09 6.2354721222229650e-05 5.5179894587365913e+09 6.1635974060430657e+05 5.1540200220407867e+09 1.0919083100874147e+09 1.4774116918056921e+25 1.0402031835391108e+00 3.0000000000000000e+00 6.2856063400860762e+01
3.8559715025130806e+09 6.2354711687151641e-05 5.5179883336796379e+09 6.1635970918707130e+05 5.1540189711931753e+09 1.0919080874593916e+09 1.4974843681326747e+25 1.0448927510224884e+00 3.0000000000000000e+00 6.2856054095303911e+01
3.8733560244486752e+09 6.2354702065904862e-05 5.5179871984556046e+09 6.1635967748591723e+05 5.1540179108491030e+09 1.0919078628195047e+09 1.5178297582047829e+25 1.0496034591682639e+00 3.0000000000000000e+00 6.2856044705761725e+01
3.8908189239352274e+09 6.2354692357711005e-05 5.5179860529725933e+09 6.1635964549827413e+05 5.1540168409227467e+09 1.0919076361495419e+09 1.5384515671688047e+25 1.0543354032599292e+00 3.0000000000000000e+00 6.2856035231475040e+01
3.9083605543353729e+09 6.2354682561784037e-05 5.5179848971379242e+09 6.1635961322155758e+05 5.1540157613275270e+09 1.0919074074311905e+09 1.5593535505097816e+25 1.0590886790101719e+00 3.0000000000000000e+00 6.2856025671681103e+01
3.9259812706048713e+09 6.2354672677331351e-05 5.5179837308580360e+09 6.1635958065315220e+05 5.1540146719760628e+09 1.0919071766459184e+09 1.5805395147349001e+25 1.0638633825628052e+00 3.0000000000000000e+00 6.2856016025607623e+01
3.9436814292997894e+09 6.2354662703552834e-05 5.5179825540385408e+09 6.1635954779042304e+05 5.1540135727801895e+09 1.0919069437750547e+09 1.6020133180666610e+25 1.0686596104947061e+00 3.0000000000000000e+00 6.2856006292476891e+01
3.9614613885837150e+09 6.2354652639641297e-05 5.5179813665841923e+09 6.1635951463070977e+05 5.1540124636509418e+09 1.0919067087997494e+09 1.6237788711454686e+25 1.0734774598177641e+00 3.0000000000000000e+00 6.2855996471503587e+01
3.9793215082350039e+09 6.2354642484782301e-05 5.5179801683988791e+09 6.1635948117132741e+05 5.1540113444985533e+09 1.0919064717009768e+09 1.6458401377417713e+25 1.0783170279808343e+00 3.0000000000000000e+00 6.2855986561894959e+01
3.9972621496540618e+09 6.2354632238153940e-05 5.5179789593856478e+09 6.1635944740956975e+05 5.1540102152324619e+09 1.0919062324595616e+09 1.6682011354778651e+25 1.0831784128717041e+00 3.0000000000000000e+00 6.2855976562852263e+01
4.0152836758706570e+09 6.2354621898926853e-05 5.5179777394466629e+09 6.1635941334270569e+05 5.1540090757612791e+09 1.0919059910561514e+09 1.6908659365595089e+25 1.0880617128190657e+00 3.0000000000000000e+00 6.2855966473569438e+01
4.0333864515512643e+09 6.2354611466264361e-05 5.5179765084831486e+09 6.1635937896797340e+05 5.1540079259927559e+09 1.0919057474711769e+09 1.7138386685174825e+25 1.0929670265944977e+00 3.0000000000000000e+00 6.2855956293231145e+01
4.0515708430064459e+09 6.2354600939322060e-05 5.5179752663955250e+09 6.1635934428259498e+05 5.1540067658338728e+09 1.0919055016849544e+09 1.7371235149592212e+25 1.0978944534144577e+00 3.0000000000000000e+00 6.2855946021017459e+01
4.0698372181982632e+09 6.2354590317247998e-05 5.5179740130832510e+09 6.1635930928376154e+05 5.1540055951907234e+09 1.0919052536775811e+09 1.7607247163306375e+25 1.1028440929422787e+00 3.0000000000000000e+00 6.2855935656099341e+01
4.0881859467477236e+09 6.2354579599182457e-05 5.5179727484448662e+09 6.1635927396863815e+05 5.1540044139685440e+09 1.0919050034289689e+09 1.7846465706883346e+25 1.1078160452901837e+00 3.0000000000000000e+00 6.2855925197640111e+01
4.1066173999422569e+09 6.2354568784258007e-05 5.5179714723780851e+09 6.1635923833437217e+05 5.1540032220717840e+09 1.0919047509189045e+09 1.8088934344822617e+25 1.1128104110212973e+00 3.0000000000000000e+00 6.2855914644797835e+01
4.1251319507432318e+09 6.2354557871599427e-05 5.5179701847795649e+09 6.1635920237807254e+05 5.1540020194039297e+09 1.0919044961269033e+09 1.8334697233490502e+25 1.1178272911516771e+00 3.0000000000000000e+00 6.2855903996719263e+01
4.1437299737935004e+09 6.2354546860323335e-05 5.5179688855451384e+09 6.1635916609683470e+05 5.1540008058676777e+09 1.0919042390323839e+09 1.8583799129160796e+25 1.1228667871523470e+00 3.0000000000000000e+00 6.2855893252547212e+01
4.1624118454249802e+09 6.2354535749538774e-05 5.5179675745696611e+09 6.1635912948772032e+05 5.1539995813648195e+09 1.0919039796145263e+09 1.8836285396165188e+25 1.1279290009513430e+00 3.0000000000000000e+00 6.2855882411414562e+01
4.1811779436662688e+09 6.2354524538346399e-05 5.5179662517470055e+09 6.1635909254776500e+05 5.1539983457962313e+09 1.0919037178523252e+09 1.9092202015153826e+25 1.1330140349357671e+00 3.0000000000000000e+00 6.2855871472446431e+01
4.2000286482502928e+09 6.2354513225839004e-05 5.5179649169701433e+09 6.1635905527398060e+05 5.1539970990619421e+09 1.0919034537246077e+09 1.9351595591468578e+25 1.1381219919538510e+00 3.0000000000000000e+00 6.2855860434760928e+01
4.2189643406219935e+09 6.2354501811100736e-05 5.5179635701310282e+09 6.1635901766335033e+05 5.1539958410610294e+09 1.0919031872099977e+09 1.9614513363629900e+25 1.1432529753170291e+00 3.0000000000000000e+00 6.2855849297468225e+01
4.2379854039460435e+09 6.2354490293208098e-05 5.5179622111206722e+09 6.1635897971282923e+05 5.1539945716917009e+09 1.0919029182869191e+09 1.9881003211938799e+25 1.1484070888020173e+00 3.0000000000000000e+00 6.2855838059669459e+01
4.2570922231146011e+09 6.2354478671228759e-05 5.5179608398290873e+09 6.1635894141934649e+05 5.1539932908512173e+09 1.0919026469336135e+09 2.0151113667195867e+25 1.1535844366529082e+00 3.0000000000000000e+00 6.2855826720458559e+01
4.2762851847550988e+09 6.2354466944222132e-05 5.5179594561453056e+09 6.1635890277980384e+05 5.1539919984359303e+09 1.0919023731281271e+09 2.0424893919538848e+25 1.1587851235832689e+00 3.0000000000000000e+00 6.2855815278921483e+01
4.2955646772380648e+09 6.2354455111239066e-05 5.5179580599573011e+09 6.1635886379107065e+05 5.1539906943412094e+09 1.0919020968482773e+09 2.0702393827399946e+25 1.1640092547782510e+00 3.0000000000000000e+00 6.2855803734134398e+01
4.3149310906849852e+09 6.2354443171322061e-05 5.5179566511521282e+09 6.1635882444999414e+05 5.1539893784615536e+09 1.0919018180717247e+09 2.0983663926585061e+25 1.1692569358967104e+00 3.0000000000000000e+00 6.2855792085167195e+01
4.3343848169761944e+09 6.2354431123504633e-05 5.5179552296157598e+09 6.1635878475339059e+05 5.1539880506904564e+09 1.0919015367759099e+09 2.1268755439476400e+25 1.1745282730733353e+00 3.0000000000000000e+00 6.2855780331080453e+01
4.3539262497588072e+09 6.2354418966811934e-05 5.5179537952331333e+09 6.1635874469804391e+05 5.1539867109204521e+09 1.0919012529380455e+09 2.1557720284359853e+25 1.1798233729207852e+00 3.0000000000000000e+00 6.2855768470925277e+01
4.3735557844546833e+09 6.2354406700259753e-05 5.5179523478881645e+09 6.1635870428071497e+05 5.1539853590431061e+09 1.0919009665351791e+09 2.1850611084879356e+25 1.1851423425318370e+00 3.0000000000000000e+00 6.2855756503746257e+01
4.3932738182684307e+09 6.2354394322855624e-05 5.5179508874637527e+09 6.1635866349813342e+05 5.1539839949490414e+09 1.0919006775441389e+09 2.2147481179619534e+25 1.1904852894815452e+00 3.0000000000000000e+00 6.2855744428578411e+01
4.4130807501954393e+09 6.2354381833597746e-05 5.5179494138416576e+09 6.1635862234699447e+05 5.1539826185278234e+09 1.0919003859415076e+09 2.2448384631818541e+25 1.1958523218294048e+00 3.0000000000000000e+00 6.2855732244447012e+01
4.4329769810299568e+09 6.2354369231475357e-05 5.5179479269026594e+09 6.1635858082397119e+05 5.1539812296680899e+09 1.0919000917037122e+09 2.2753376239212891e+25 1.2012435481215316e+00 3.0000000000000000e+00 6.2855719950370471e+01
4.4529629133732004e+09 6.2354356515468507e-05 5.5179464265264044e+09 6.1635853892570199e+05 5.1539798282574282e+09 1.0918997948069334e+09 2.3062511544016005e+25 1.2066590773928452e+00 3.0000000000000000e+00 6.2855707545357141e+01
4.4730389516414995e+09 6.2354343684547923e-05 5.5179449125914564e+09 6.1635849664879544e+05 5.1539784141824093e+09 1.0918994952271407e+09 2.3375846843032365e+25 1.2120990191692678e+00 3.0000000000000000e+00 6.2855695028406892e+01
4.4932055020744839e+09 6.2354330737675521e-05 5.5179433849753056e+09 6.1635845398982870e+05 5.1539769873286104e+09 1.0918991929400811e+09 2.3693439197908957e+25 1.2175634834699289e+00 3.0000000000000000e+00 6.2855682398509828e+01
4.5134629727432995e+09 6.2354317673803190e-05 5.5179418435543413e+09 6.1635841094535333e+05 5.1539755475805674e+09 1.0918988879213200e+09 2.4015346445526057e+25 1.2230525808093804e+00 3.0000000000000000e+00 6.2855669654648729e+01
4.5338117735588684e+09 6.2354304491873901e-05 5.5179402882037792e+09 6.1635836751187989e+05 5.1539740948217344e+09 1.0918985801461327e+09 2.4341627208529202e+25 1.2285664221998227e+00 3.0000000000000000e+00 6.2855656795794566e+01
4.5542523162801838e+09 6.2354291190820608e-05 5.5179387187977552e+09 6.1635832368589588e+05 5.1539726289345465e+09 1.0918982695896311e+09 2.4672340906004162e+25 1.2341051191533410e+00 3.0000000000000000e+00 6.2855643820911368e+01
4.5747850145226374e+09 6.2354277769566889e-05 5.5179371352092886e+09 6.1635827946385625e+05 5.1539711498003922e+09 1.0918979562266958e+09 2.5007547764296914e+25 1.2396687836841471e+00 3.0000000000000000e+00 6.2855630728953550e+01
4.5954102837663975e+09 6.2354264227026577e-05 5.5179355373101854e+09 6.1635823484217841e+05 5.1539696572995386e+09 1.0918976400319424e+09 2.5347308827980832e+25 1.2452575283108418e+00 3.0000000000000000e+00 6.2855617518864605e+01
4.6161285413648071e+09 6.2354250562103732e-05 5.5179339249711504e+09 6.1635818981725280e+05 5.1539681513112202e+09 1.0918973209797947e+09 2.5691685970972411e+25 1.2508714660586726e+00 3.0000000000000000e+00 6.2855604189579729e+01
4.6369402065528355e+09 6.2354236773692347e-05 5.5179322980616961e+09 6.1635814438543539e+05 5.1539666317135534e+09 1.0918969990444329e+09 2.6040741907798574e+25 1.2565107104618147e+00 3.0000000000000000e+00 6.2855590740024532e+01
4.6578457004555578e+09 6.2354222860676466e-05 5.5179306564501381e+09 6.1635809854304767e+05 5.1539650983835421e+09 1.0918966741997921e+09 2.6394540205016415e+25 1.2621753755656540e+00 3.0000000000000000e+00 6.2855577169114326e+01
4.6788454460966787e+09 6.2354208821930254e-05 5.5179290000036545e+09 6.1635805228638113e+05 5.1539635511971226e+09 1.0918963464195957e+09 2.6753145292788737e+25 1.2678655759290849e+00 3.0000000000000000e+00 6.2855563475755204e+01
4.6999398684070902e+09 6.2354194656317479e-05 5.5179273285881510e+09 6.1635800561168906e+05 5.1539619900290537e+09 1.0918960156772957e+09 2.7116622476616221e+25 1.2735814266268144e+00 3.0000000000000000e+00 6.2855549658842506e+01
4.7211293942334728e+09 6.2354180362691612e-05 5.5179256420684166e+09 6.1635795851519937e+05 5.1539604147530298e+09 1.0918956819461648e+09 2.7485037949229391e+25 1.2793230432516798e+00 3.0000000000000000e+00 6.2855535717264040e+01
4.7424144523469324e+09 6.2354165939896026e-05 5.5179239403079042e+09 6.1635791099309339e+05 5.1539588252415228e+09 1.0918953451991458e+09 2.7858458802642038e+25 1.2850905419169765e+00 3.0000000000000000e+00 6.2855521649893795e+01
4.7637954734516716e+09 6.2354151386763375e-05 5.5179222231689539e+09 6.1635786304153176e+05 5.1539572213659420e+09 1.0918950054090340e+09 2.8236953040368179e+25 1.2908840392587919e+00 3.0000000000000000e+00 6.2855507455599515e+01
4.7852728901937122e+09 6.2354136702115793e-05 5.5179204905125494e+09 6.1635781465662923e+05 5.1539556029964495e+09 1.0918946625483012e+09 2.8620589589805263e+25 1.2967036524383573e+00 3.0000000000000000e+00 6.2855493133236074e+01
4.8068471371696453e+09 6.2354121884765091e-05 5.5179187421984825e+09 6.1635776583446912e+05 5.1539539700020866e+09 1.0918943165891945e+09 2.9009438314785470e+25 1.3025494991444009e+00 3.0000000000000000e+00 6.2855478681648258e+01
4.8285186509354277e+09 6.2354106933511911e-05 5.5179169780852890e+09 6.1635771657110332e+05 5.1539523222507105e+09 1.0918939675037403e+09 2.9403570028297528e+25 1.3084216975955207e+00 3.0000000000000000e+00 6.2855464099672467e+01
4.8502878700152121e+09 6.2354091847146269e-05 5.5179151980301905e+09 6.1635766686254367e+05 5.1539506596089649e+09 1.0918936152636797e+09 2.9803056505381186e+25 1.3143203665425613e+00 3.0000000000000000e+00 6.2855449386132740e+01
4.8721552349102259e+09 6.2354076624447204e-05 5.5179134018891172e+09 6.1635761670476594e+05 5.1539489819422836e+09 1.0918932598404992e+09 3.0207970496197301e+25 1.3202456252710035e+00 3.0000000000000000e+00 6.2855434539842868e+01
4.8941211881076794e+09 6.2354061264182793e-05 5.5179115895167236e+09 6.1635756609371142e+05 5.1539472891149111e+09 1.0918929012054405e+09 3.0618385739274939e+25 1.3261975936033656e+00 3.0000000000000000e+00 6.2855419559606268e+01
4.9161861740897245e+09 6.2354045765109956e-05 5.5179097607663527e+09 6.1635751502528484e+05 5.1539455809898577e+09 1.0918925393294868e+09 3.1034376974938739e+25 1.3321763919016127e+00 3.0000000000000000e+00 6.2855404444215715e+01
4.9383506393424444e+09 6.2354030125974381e-05 5.5179079154899740e+09 6.1635746349534998e+05 5.1539438574288654e+09 1.0918921741833305e+09 3.1456019958918745e+25 1.3381821410695807e+00 3.0000000000000000e+00 6.2855389192451909e+01
4.9606150323648911e+09 6.2354014345510287e-05 5.5179060535382843e+09 6.1635741149973962e+05 5.1539421182924700e+09 1.0918918057374451e+09 3.1883391476144786e+25 1.3442149625554065e+00 3.0000000000000000e+00 6.2855373803086664e+01
4.9829798036781597e+09 6.2353998422440661e-05 5.5179041747605896e+09 6.1635735903424397e+05 5.1539403634399223e+09 1.0918914339620018e+09 3.2316569354728719e+25 1.3502749783539734e+00 3.0000000000000000e+00 6.2855358274879023e+01
5.0054454058345060e+09 6.2353982355476794e-05 5.5179022790048409e+09 6.1635730609461688e+05 5.1539385927292032e+09 1.0918910588269148e+09 3.2755632480136108e+25 1.3563623110093621e+00 3.0000000000000000e+00 6.2855342606577466e+01
5.0280122934265013e+09 6.2353966143318537e-05 5.5179003661176386e+09 6.1635725267657428e+05 5.1539368060170298e+09 1.0918906803018291e+09 3.3200660809550830e+25 1.3624770836173199e+00 3.0000000000000000e+00 6.2855326796919250e+01
5.0506809230962343e+09 6.2353949784653680e-05 5.5178984359441538e+09 6.1635719877579180e+05 5.1539350031587868e+09 1.0918902983561046e+09 3.3651735386434501e+25 1.3686194198277326e+00 3.0000000000000000e+00 6.2855310844630012e+01
5.0734517535445480e+09 6.2353933278158413e-05 5.5178964883282022e+09 6.1635714438790828e+05 5.1539331840085907e+09 1.0918899129588408e+09 3.4108938355284103e+25 1.3747894438471160e+00 3.0000000000000000e+00 6.2855294748424448e+01
5.0963252455403242e+09 6.2353916622496822e-05 5.5178945231121531e+09 6.1635708950852044e+05 5.1539313484192076e+09 1.0918895240788379e+09 3.4572352976589402e+25 1.3809872804411085e+00 3.0000000000000000e+00 6.2855278507004940e+01
5.1193018619298067e+09 6.2353899816321040e-05 5.5178925401369991e+09 6.1635703413318936e+05 5.1539294962421169e+09 1.0918891316846447e+09 3.5042063641994387e+25 1.3872130549369857e+00 3.0000000000000000e+00 6.2855262119063241e+01
5.1423820676459656e+09 6.2353882858271018e-05 5.5178905392422476e+09 6.1635697825743142e+05 5.1539276273274164e+09 1.0918887357444921e+09 3.5518155889664019e+25 1.3934668932261771e+00 3.0000000000000000e+00 6.2855245583277984e+01
5.1655663297179070e+09 6.2353865746974318e-05 5.5178885202659540e+09 6.1635692187672271e+05 5.1539257415238447e+09 1.0918883362263267e+09 3.6000716419859940e+25 1.3997489217668002e+00 3.0000000000000000e+00 6.2855228898316305e+01
5.1888551172803211e+09 6.2353848481046074e-05 5.5178864830447626e+09 6.1635686498650373e+05 5.1539238386788158e+09 1.0918879330978422e+09 3.6489833110727901e+25 1.4060592675862009e+00 3.0000000000000000e+00 6.2855212062834674e+01
5.2122489015829773e+09 6.2353831059089172e-05 5.5178844274137897e+09 6.1635680758216674e+05 5.1539219186383257e+09 1.0918875263263910e+09 3.6985595034299470e+25 1.4123980582835085e+00 3.0000000000000000e+00 6.2855195075475208e+01
5.2357481560002604e+09 6.2353813479693496e-05 5.5178823532067013e+09 6.1635674965906935e+05 5.1539199812470083e+09 1.0918871158790796e+09 3.7488092472711180e+25 1.4187654220322032e+00 3.0000000000000000e+00 6.2855177934870248e+01
5.2593533560407467e+09 6.2353795741436317e-05 5.5178802602556133e+09 6.1635669121252140e+05 5.1539180263480558e+09 1.0918867017226768e+09 3.7997416934644011e+25 1.4251614875826899e+00 3.0000000000000000e+00 6.2855160639637930e+01
5.2830649793568268e+09 6.2353777842882394e-05 5.5178781483911743e+09 6.1635663223779225e+05 5.1539160537832861e+09 1.0918862838236635e+09 3.8513661171986132e+25 1.4315863842648877e+00 3.0000000000000000e+00 6.2855143188384318e+01
5.3068835057543745e+09 6.2353759782583004e-05 5.5178760174424639e+09 6.1635657273010956e+05 5.1539140633930559e+09 1.0918858621482263e+09 3.9036919196722238e+25 1.4380402419908314e+00 3.0000000000000000e+00 6.2855125579703561e+01
5.3308094172024508e+09 6.2353741559076654e-05 5.5178738672370529e+09 6.1635651268465794e+05 5.1539120550163069e+09 1.0918854366622460e+09 3.9567286298051778e+25 1.4445231912572796e+00 3.0000000000000000e+00 6.2855107812177017e+01
5.3548431978430576e+09 6.2353723170888465e-05 5.5178716976009245e+09 6.1635645209657727e+05 5.1539100284904976e+09 1.0918850073312871e+09 4.0104859059740374e+25 1.4510353631483404e+00 3.0000000000000000e+00 6.2855089884372980e+01
5.3789853340009365e+09 6.2353704616530478e-05 5.5178695083585138e+09 6.1635639096096414e+05 5.1539079836516457e+09 1.0918845741206069e+09 4.0649735377706433e+25 1.4575768893381045e+00 3.0000000000000000e+00 6.2855071794846836e+01
5.4032363141934080e+09 6.2353685894501031e-05 5.5178672993326302e+09 6.1635632927286904e+05 5.1539059203342524e+09 1.0918841369951365e+09 4.1202014477847016e+25 1.4641479020932930e+00 3.0000000000000000e+00 6.2855053542140787e+01
5.4275966291402578e+09 6.2353667003285019e-05 5.5178650703445339e+09 6.1635626702730148e+05 5.1539038383713627e+09 1.0918836959195166e+09 4.1761796934105565e+25 1.4707485342759128e+00 3.0000000000000000e+00 6.2855035124784727e+01
5.4520667717736645e+09 6.2353647941353665e-05 5.5178628212138376e+09 6.1635620421922300e+05 5.1539017375944910e+09 1.0918832508580477e+09 4.2329184686785312e+25 1.4773789193459299e+00 3.0000000000000000e+00 6.2855016541294539e+01
5.4766472372481766e+09 6.2353628707164310e-05 5.5178605517585306e+09 6.1635614084354998e+05 5.1538996178336267e+09 1.0918828017747109e+09 4.2904281061111263e+25 1.4840391913639481e+00 3.0000000000000000e+00 6.2854997790173066e+01
5.5013385229507294e+09 6.2353609299160338e-05 5.5178582617949543e+09 6.1635607689515385e+05 5.1538974789172335e+09 1.0918823486331685e+09 4.3487190786044355e+25 1.4907294849939035e+00 3.0000000000000000e+00 6.2854978869909537e+01
5.5261411285107126e+09 6.2353589715771201e-05 5.5178559511378031e+09 6.1635601236885856e+05 5.1538953206722193e+09 1.0918818913967469e+09 4.4078020013351436e+25 1.4974499355057718e+00 3.0000000000000000e+00 6.2854959778979854e+01
5.5510555558100777e+09 6.2353569955412040e-05 5.5178536196000881e+09 6.1635594725944265e+05 5.1538931429239378e+09 1.0918814300284498e+09 4.4676876336934076e+25 1.5042006787782833e+00 3.0000000000000000e+00 6.2854940515845989e+01
5.5760823089934950e+09 6.2353550016483751e-05 5.5178512669931335e+09 6.1635588156163599e+05 5.1538909454961538e+09 1.0918809644909375e+09 4.5283868812419650e+25 1.5109818513016537e+00 3.0000000000000000e+00 6.2854921078956046e+01
5.6012218944785538e+09 6.2353529897372703e-05 5.5178488931265583e+09 6.1635581527012237e+05 5.1538887282110453e+09 1.0918804947465427e+09 4.5899107977019293e+25 1.5177935901803254e+00 3.0000000000000000e+00 6.2854901466744323e+01
5.6264748209660110e+09 6.2353509596450735e-05 5.5178464978082390e+09 6.1635574837953411e+05 5.1538864908891630e+09 1.0918800207572339e+09 4.6522705869654827e+25 1.5246360331357223e+00 3.0000000000000000e+00 6.2854881677630445e+01
5.6518415994500856e+09 6.2353489112074997e-05 5.5178440808443851e+09 6.1635568088446185e+05 5.1538842333494921e+09 1.0918795424846842e+09 4.7154776051359700e+25 1.5315093185090145e+00 3.0000000000000000e+00 6.2854861710021417e+01
5.6773227432287960e+09 6.2353468442587662e-05 5.5178416420393648e+09 6.1635561277943989e+05 5.1538819554093084e+09 1.0918790598901682e+09 4.7795433625956690e+25 1.5384135852638978e+00 3.0000000000000000e+00 6.2854841562307904e+01
5.7029187679143476e+09 6.2353447586316200e-05 5.5178391811958408e+09 6.1635554405895690e+05 5.1538796568842964e+09 1.0918785729346364e+09 4.8444795261016385e+25 1.5453489729893835e+00 3.0000000000000000e+00 6.2854821232867010e+01
5.7286301914435692e+09 6.2353426541572669e-05 5.5178366981146536e+09 6.1635547471745010e+05 5.1538773375884304e+09 1.0918780815786750e+09 4.9102979209101163e+25 1.5523156219026020e+00 3.0000000000000000e+00 6.2854800720061093e+01
5.7544575340883875e+09 6.2353405306654183e-05 5.5178341925949192e+09 6.1635540474931104e+05 5.1538749973340702e+09 1.0918775857825470e+09 4.9770105329296203e+25 1.5593136728516170e+00 3.0000000000000000e+00 6.2854780022238735e+01
5.7804013184663601e+09 6.2353383879842022e-05 5.5178316644338131e+09 6.1635533414887288e+05 5.1538726359317789e+09 1.0918770855061018e+09 5.0446295109034929e+25 1.5663432673182554e+00 3.0000000000000000e+00 6.2854759137731698e+01
5.8064620695512486e+09 6.2353362259402411e-05 5.5178291134268064e+09 6.1635526291042543e+05 5.1538702531905155e+09 1.0918765807088811e+09 5.1131671686219210e+25 1.5734045474209464e+00 3.0000000000000000e+00 6.2854738064858850e+01
5.8326403146836414e+09 6.2353340443585640e-05 5.5178265393674498e+09 6.1635519102820195e+05 5.1538678489174433e+09 1.0918760713500268e+09 5.1826359871641042e+25 1.5804976559175743e+00 3.0000000000000000e+00 6.2854716801922606e+01
5.8589365835816269e+09 6.2353318430626340e-05 5.5178239420474520e+09 6.1635511849638494e+05 5.1538654229180117e+09 1.0918755573883204e+09 5.2530486171708535e+25 1.5876227362083455e+00 3.0000000000000000e+00 6.2854695347210480e+01
5.8853514083515062e+09 6.2353296218742925e-05 5.5178213212566004e+09 6.1635504530910309e+05 5.1538629749958801e+09 1.0918750387821629e+09 5.3244178811480294e+25 1.5947799323386640e+00 3.0000000000000000e+00 6.2854673698994212e+01
5.9118853234985676e+09 6.2353273806138140e-05 5.5178186767828426e+09 6.1635497146043344e+05 5.1538605049529791e+09 1.0918745154895890e+09 5.3967567758013401e+25 1.6019693890020257e+00 3.0000000000000000e+00 6.2854651855530285e+01
5.9385388659378977e+09 6.2353251190998073e-05 5.5178160084121828e+09 6.1635489694440109e+05 5.1538580125894279e+09 1.0918739874682651e+09 5.4700784744027556e+25 1.6091912515429208e+00 3.0000000000000000e+00 6.2854629815060086e+01
5.9653125750052471e+09 6.2353228371492687e-05 5.5178133159287081e+09 6.1635482175497571e+05 5.1538554977035522e+09 1.0918734546754663e+09 5.5443963291891859e+25 1.6164456659597497e+00 3.0000000000000000e+00 6.2854607575808728e+01
5.9922069924679461e+09 6.2353205345775273e-05 5.5178105991145048e+09 6.1635474588606949e+05 5.1538529600918179e+09 1.0918729170680587e+09 5.6197238737936288e+25 1.6237327789077540e+00 3.0000000000000000e+00 6.2854585135984578e+01
6.0192226625358629e+09 6.2353182111982494e-05 5.5178078577497406e+09 6.1635466933154385e+05 5.1538503995488920e+09 1.0918723746025503e+09 5.6960748257094221e+25 1.6310527377019581e+00 3.0000000000000000e+00 6.2854562493780925e+01
6.0463601318724184e+09 6.2353158668234182e-05 5.5178050916125813e+09 6.1635459208520246e+05 5.1538478158675680e+09 1.0918718272350390e+09 5.7734630887879120e+25 1.6384056903201256e+00 3.0000000000000000e+00 6.2854539647374366e+01
6.0736199496056499e+09 6.2353135012633239e-05 5.5178023004791975e+09 6.1635451414079452e+05 5.1538452088387852e+09 1.0918712749212375e+09 5.8519027557700982e+25 1.6457917854057262e+00 3.0000000000000000e+00 6.2854516594925251e+01
6.1010026673393173e+09 6.2353111143265290e-05 5.5177994841237192e+09 6.1635443549201149e+05 5.1538425782515707e+09 1.0918707176164489e+09 5.9314081108526285e+25 1.6532111722709200e+00 3.0000000000000000e+00 6.2854493334577271e+01
6.1285088391640720e+09 6.2353087058198775e-05 5.5177966423182592e+09 6.1635435613248893e+05 5.1538399238930664e+09 1.0918701552755804e+09 6.0119936322886818e+25 1.6606640008995504e+00 3.0000000000000000e+00 6.2854469864457656e+01
6.1561390216686611e+09 6.2353062755484651e-05 5.5177937748328352e+09 6.1635427605580213e+05 5.1538372455484638e+09 1.0918695878531129e+09 6.0936739950241517e+25 1.6681504219501524e+00 3.0000000000000000e+00 6.2854446182676028e+01
6.1838937739511976e+09 6.2353038233156188e-05 5.5177908814354239e+09 6.1635419525547232e+05 5.1538345430010424e+09 1.0918690153031437e+09 6.1764640733696506e+25 1.6756705867589758e+00 3.0000000000000000e+00 6.2854422287326067e+01
6.2117736576304665e+09 6.2353013489229012e-05 5.5177879618919067e+09 6.1635411372496141e+05 5.1538318160321255e+09 1.0918684375793498e+09 6.2603789437088044e+25 1.6832246473430170e+00 3.0000000000000000e+00 6.2854398176484061e+01
6.2397792368572950e+09 6.2352988521700723e-05 5.5177850159660110e+09 6.1635403145766864e+05 5.1538290644210234e+09 1.0918678546349649e+09 6.3454338872433458e+25 1.6908127564030706e+00 3.0000000000000000e+00 6.2854373848208276e+01
6.2679110783259668e+09 6.2352963328550964e-05 5.5177820434193840e+09 6.1635394844693854e+05 5.1538262879451056e+09 1.0918672664228344e+09 6.4316443927755028e+25 1.6984350673267889e+00 3.0000000000000000e+00 6.2854349300540484e+01
6.2961697512856855e+09 6.2352937907741017e-05 5.5177790440114412e+09 6.1635386468604882e+05 5.1538234863796644e+09 1.0918666728953311e+09 6.5190261595281287e+25 1.7060917341917567e+00 3.0000000000000000e+00 6.2854324531503060e+01
6.3245558275520992e+09 6.2352912257213647e-05 5.5177760174995222e+09 6.1635378016822576e+05 5.1538206594980345e+09 1.0918660740044630e+09 6.6075951000032184e+25 1.7137829117685823e+00 3.0000000000000000e+00 6.2854299539103636e+01
6.3530698815188656e+09 6.2352886374893271e-05 5.5177729636387100e+09 6.1635369488662737e+05 5.1538178070714607e+09 1.0918654697017543e+09 6.6973673428791806e+25 1.7215087555239976e+00 3.0000000000000000e+00 6.2854274321329356e+01
6.3817124901692791e+09 6.2352860258685361e-05 5.5177698821818752e+09 6.1635360883435048e+05 5.1538149288691101e+09 1.0918648599382966e+09 6.7883592359475143e+25 1.7292694216239752e+00 3.0000000000000000e+00 6.2854248876149839e+01
6.4104842330879440e+09 6.2352833906476656e-05 5.5177667728796949e+09 6.1635352200443251e+05 5.1538120246581087e+09 1.0918642446647601e+09 6.8805873490893512e+25 1.7370650669368575e+00 3.0000000000000000e+00 6.2854223201517009e+01
6.4393856924725027e+09 6.2352807316134546e-05 5.5177636354805517e+09 6.1635343438984570e+05 5.1538090942034340e+09 1.0918636238313529e+09 6.9740684772924217e+25 1.7448958490365014e+00 3.0000000000000000e+00 6.2854197295363988e+01
6.4684174531454182e+09 6.2352780485507348e-05 5.5177604697305746e+09 6.1635334598349896e+05 5.1538061372679634e+09 1.0918629973878355e+09 7.0688196437090462e+25 1.7527619262054361e+00 3.0000000000000000e+00 6.2854171155605165e+01
6.4975801025658045e+09 6.2352753412423813e-05 5.5177572753736029e+09 6.1635325677823881e+05 5.1538031536124287e+09 1.0918623652835257e+09 7.1648581027555788e+25 1.7606634574380322e+00 3.0000000000000000e+00 6.2854144780136764e+01
6.5268742308413162e+09 6.2352726094693298e-05 5.5177540521511612e+09 6.1635316676684492e+05 5.1538001429954052e+09 1.0918617274672682e+09 7.2622013432540574e+25 1.7686006024436893e+00 3.0000000000000000e+00 6.2854118166835384e+01
6.5563004307400913e+09 6.2352698530105004e-05 5.5177507998024416e+09 6.1635307594203530e+05 5.1537971051732874e+09 1.0918610838874702e+09 7.3608670916164328e+25 1.7765735216500345e+00 3.0000000000000000e+00 6.2854091313559664e+01
6.5858592977027397e+09 6.2352670716428661e-05 5.5177475180642500e+09 6.1635298429645482e+05 5.1537940399002447e+09 1.0918604344920220e+09 7.4608733150721073e+25 1.7845823762061350e+00 3.0000000000000000e+00 6.2854064218146682e+01
6.6155514298543997e+09 6.2352642651413275e-05 5.5177442066710558e+09 6.1635289182269061e+05 5.1537909469282541e+09 1.0918597792284038e+09 7.5622382249392882e+25 1.7926273279857288e+00 3.0000000000000000e+00 6.2854036878416935e+01
6.6453774280168343e+09 6.2352614332788025e-05 5.5177408653549004e+09 6.1635279851325648e+05 5.1537878260070419e+09 1.0918591180435770e+09 7.6649802799407988e+25 1.8007085395904627e+00 3.0000000000000000e+00 6.2854009292168939e+01
6.6753378957205944e+09 6.2352585758261112e-05 5.5177374938454370e+09 6.1635270436060429e+05 5.1537846768840809e+09 1.0918584508840640e+09 7.7691181895648743e+25 1.8088261743531513e+00 3.0000000000000000e+00 6.2853981457183686e+01
6.7054334392172279e+09 6.2352556925520500e-05 5.5177340918698282e+09 6.1635260935711046e+05 5.1537814993045435e+09 1.0918577776958528e+09 7.8746709174716949e+25 1.8169803963410465e+00 3.0000000000000000e+00 6.2853953371219660e+01
6.7356646674915466e+09 6.2352527832232961e-05 5.5177306591528263e+09 6.1635251349508972e+05 5.1537782930113297e+09 1.0918570984244947e+09 7.9816576849460939e+25 1.8251713703591219e+00 3.0000000000000000e+00 6.2853925032017329e+01
6.7660321922739515e+09 6.2352498476044311e-05 5.5177271954166374e+09 6.1635241676677996e+05 5.1537750577449713e+09 1.0918564130149963e+09 8.0900979743972353e+25 1.8333992619533717e+00 3.0000000000000000e+00 6.2853896437295035e+01
6.7965366280528116e+09 6.2352468854578902e-05 5.5177237003810177e+09 6.1635231916435761e+05 5.1537717932437086e+09 1.0918557214119294e+09 8.2000115329058070e+25 1.8416642374141288e+00 3.0000000000000000e+00 6.2853867584752862e+01
6.8271785920868950e+09 6.2352438965439913e-05 5.5177201737631779e+09 6.1635222067992343e+05 5.1537684992434025e+09 1.0918550235593290e+09 8.3114183758193579e+25 1.8499664637793864e+00 3.0000000000000000e+00 6.2853838472068738e+01
6.8579587044178610e+09 6.2352408806208627e-05 5.5177166152777195e+09 6.1635212130550458e+05 5.1537651754774847e+09 1.0918543194007096e+09 8.4243387903965163e+25 1.8583061088381456e+00 3.0000000000000000e+00 6.2853809096899170e+01
6.8888775878828068e+09 6.2352378374444612e-05 5.5177130246367216e+09 6.1635202103305934e+05 5.1537618216770229e+09 1.0918536088790972e+09 8.5387933395007064e+25 1.8666833411337727e+00 3.0000000000000000e+00 6.2853779456880595e+01
6.9199358681268702e+09 6.2352347667685523e-05 5.5177094015496712e+09 6.1635191985447449e+05 5.1537584375706692e+09 1.0918528919370120e+09 8.6548028653439954e+25 1.8750983299673702e+00 3.0000000000000000e+00 6.2853749549628134e+01
6.9511341736158895e+09 6.2352316683446314e-05 5.5177057457233953e+09 6.1635181776156230e+05 5.1537550228845816e+09 1.0918521685164456e+09 8.7723884932818263e+25 1.8835512454011660e+00 3.0000000000000000e+00 6.2853719372735760e+01
6.9824731356491232e+09 6.2352285419219999e-05 5.5177020568620729e+09 6.1635171474605799e+05 5.1537515773424587e+09 1.0918514385588446e+09 8.8915716356592932e+25 1.8920422582619143e+00 3.0000000000000000e+00 6.2853688923774342e+01
7.0139533883720179e+09 6.2352253872476605e-05 5.5176983346672411e+09 6.1635161079962715e+05 5.1537481006655197e+09 1.0918507020051620e+09 9.0123739957096316e+25 1.9005715401443117e+00 3.0000000000000000e+00 6.2853658200294866e+01
7.0455755687890463e+09 6.2352222040663540e-05 5.5176945788377094e+09 6.1635150591385597e+05 5.1537445925724487e+09 1.0918499587957883e+09 9.1348175715056760e+25 1.9091392634144335e+00 3.0000000000000000e+00 6.2853627199824565e+01
7.0773403167765961e+09 6.2352189921204958e-05 5.5176907890695868e+09 6.1635140008025686e+05 5.1537410527793894e+09 1.0918492088705916e+09 9.2589246599650235e+25 1.9177456012131762e+00 3.0000000000000000e+00 6.2853595919869598e+01
7.1092482750959158e+09 6.2352157511501768e-05 5.5176869650562382e+09 6.1635129329026653e+05 5.1537374809999371e+09 1.0918484521689041e+09 9.3847178609095213e+25 1.9263907274597223e+00 3.0000000000000000e+00 6.2853564357913847e+01
7.1413000894061203e+09 6.2352124808931557e-05 5.5176831064882479e+09 6.1635118553524162e+05 5.1537338769450846e+09 1.0918476886294901e+09 9.5122200811799527e+25 1.9350748168550167e+00 3.0000000000000000e+00 6.2853532511417534e+01
7.1734964082772617e+09 6.2352091810848043e-05 5.5176792130533953e+09 6.1635107680646121e+05 5.1537302403232079e+09 1.0918469181905653e+09 9.6414545388066059e+25 1.9437980448852623e+00 3.0000000000000000e+00 6.2853500377818648e+01
7.2058378832034445e+09 6.2352058514581068e-05 5.5176752844366617e+09 6.1635096709512710e+05 5.1537265708400621e+09 1.0918461407897978e+09 9.7724447672364465e+25 1.9525605878254237e+00 3.0000000000000000e+00 6.2853467954532370e+01
7.2383251686160173e+09 6.2352024917436457e-05 5.5176713203201647e+09 6.1635085639235959e+05 5.1537228681987381e+09 1.0918453563642781e+09 9.9052146196177768e+25 1.9613626227427550e+00 3.0000000000000000e+00 6.2853435238950020e+01
7.2709589218968077e+09 6.2351991016695762e-05 5.5176673203831654e+09 6.1635074468919961e+05 5.1537191320996552e+09 1.0918445648505349e+09 1.0039788273142994e+26 1.9702043275003347e+00 3.0000000000000000e+00 6.2853402228439514e+01
7.3037398033914299e+09 6.2351956809615655e-05 5.5176632843020401e+09 6.1635063197661028e+05 5.1537153622405262e+09 1.0918437661845458e+09 1.0176190233450436e+26 1.9790858807606240e+00 3.0000000000000000e+00 6.2853368920346647e+01
7.3366684764226437e+09 6.2351922293428302e-05 5.5176592117502117e+09 6.1635051824546861e+05 5.1537115583163204e+09 1.0918429603016782e+09 1.0314445339085924e+26 1.9880074619890333e+00 3.0000000000000000e+00 6.2853335311991550e+01
7.3697456073037796e+09 6.2351887465340649e-05 5.5176551023981409e+09 6.1635040348656941e+05 5.1537077200192337e+09 1.0918421471367176e+09 1.0454578766024991e+26 1.9969692514575121e+00 3.0000000000000000e+00 6.2853301400670745e+01
7.4029718653522177e+09 6.2351852322534856e-05 5.5176509559133711e+09 6.1635028769062716e+05 5.1537038470387459e+09 1.0918413266238801e+09 1.0596616032256427e+26 2.0059714302481462e+00 3.0000000000000000e+00 6.2853267183656520e+01
7.4363479229029350e+09 6.2351816862166924e-05 5.5176467719603891e+09 6.1635017084827158e+05 5.1536999390614634e+09 1.0918404986967824e+09 1.0740583002428197e+26 2.0150141802567765e+00 3.0000000000000000e+00 6.2853232658197513e+01
7.4698744553221102e+09 6.2351781081367878e-05 5.5176425502006655e+09 6.1635005295004463e+05 5.1536959957711935e+09 1.0918396632884183e+09 1.0886505892556352e+26 2.0240976841966325e+00 3.0000000000000000e+00 6.2853197821515678e+01
7.5035521410207853e+09 6.2351744977242438e-05 5.5176382902926340e+09 6.1634993398640724e+05 5.1536920168488970e+09 1.0918388203312087e+09 1.1034411274797965e+26 2.0332221256019802e+00 3.0000000000000000e+00 6.2853162670809823e+01
7.5373816614685984e+09 6.2351708546869045e-05 5.5176339918916111e+09 6.1634981394773279e+05 5.1536880019726295e+09 1.0918379697569542e+09 1.1184326082288878e+26 2.0423876888317887e+00 3.0000000000000000e+00 6.2853127203253415e+01
7.5713637012075720e+09 6.2351671787300186e-05 5.5176296546498203e+09 6.1634969282430504e+05 5.1536839508175488e+09 1.0918371114968202e+09 1.1336277614047127e+26 2.0515945590734073e+00 3.0000000000000000e+00 6.2853091415993191e+01
7.6054989478659620e+09 6.2351634695561258e-05 5.5176252782163506e+09 6.1634957060632505e+05 5.1536798630558882e+09 1.0918362454813871e+09 1.1490293539943012e+26 2.0608429223462670e+00 3.0000000000000000e+00 6.2853055306152214e+01
7.6397880921721754e+09 6.2351597268651176e-05 5.5176208622370777e+09 6.1634944728389848e+05 5.1536757383568926e+09 1.0918353716405590e+09 1.1646401905736627e+26 2.0701329655055907e+00 3.0000000000000000e+00 6.2853018870825267e+01
7.6742318279687443e+09 6.2351559503541506e-05 5.5176164063547421e+09 6.1634932284704852e+05 5.1536715763868580e+09 1.0918344899036560e+09 1.1804631138183835e+26 2.0794648762461234e+00 3.0000000000000000e+00 6.2852982107083413e+01
7.7088308522263689e+09 6.2351521397176600e-05 5.5176119102087946e+09 6.1634919728570175e+05 5.1536673768090239e+09 1.0918336001993146e+09 1.1965010050211577e+26 2.0888388431058766e+00 3.0000000000000000e+00 6.2852945011969361e+01
7.7435858650580187e+09 6.2351482946472892e-05 5.5176073734354916e+09 6.1634907058970211e+05 5.1536631392836294e+09 1.0918327024555850e+09 1.2127567846163497e+26 2.0982550554698935e+00 3.0000000000000000e+00 6.2852907582501828e+01
7.7784975697330990e+09 6.2351444148319509e-05 5.5176027956677399e+09 6.1634894274879154e+05 5.1536588634678087e+09 1.0918317965997958e+09 1.2292334127116772e+26 2.1077137035740234e+00 3.0000000000000000e+00 6.2852869815669465e+01
7.8135666726916819e+09 6.2351404999576966e-05 5.5175981765351944e+09 6.1634881375262863e+05 5.1536545490156326e+09 1.0918308825586848e+09 1.2459338896271159e+26 2.1172149785087173e+00 3.0000000000000000e+00 6.2852831708436867e+01
7.8487938835588026e+09 6.2351365497077590e-05 5.5175935156641216e+09 6.1634868359077396e+05 5.1536501955780230e+09 1.0918299602582960e+09 1.2628612564411291e+26 2.1267590722228444e+00 3.0000000000000000e+00 6.2852793257740053e+01
7.8841799151588182e+09 6.2351325637625331e-05 5.5175888126774178e+09 6.1634855225269194e+05 5.1536458028027544e+09 1.0918290296239922e+09 1.2800185955443095e+26 2.1363461775275114e+00 3.0000000000000000e+00 6.2852754460486601e+01
7.9197254835298300e+09 6.2351285417994943e-05 5.5175840671945896e+09 6.1634841972775618e+05 5.1536413703344278e+09 1.0918280905804927e+09 1.2974090312005400e+26 2.1459764880999161e+00 3.0000000000000000e+00 6.2852715313558008e+01
7.9554313079381742e+09 6.2351244834932154e-05 5.5175792788316984e+09 6.1634828600524203e+05 5.1536368978144255e+09 1.0918271430518215e+09 1.3150357301157827e+26 2.1556501984872023e+00 3.0000000000000000e+00 6.2852675813807068e+01
7.9912981108929758e+09 6.2351203885153281e-05 5.5175744472013159e+09 6.1634815107432683e+05 5.1536323848808794e+09 1.0918261869613082e+09 1.3329019020145863e+26 2.1653675041103408e+00 3.0000000000000000e+00 6.2852635958057775e+01
8.0273266181607685e+09 6.2351162565345151e-05 5.5175695719125690e+09 6.1634801492409385e+05 5.1536278311686993e+09 1.0918252222316165e+09 1.3510108002244251e+26 2.1751286012680251e+00 3.0000000000000000e+00 6.2852595743106626e+01
8.0635175587801809e+09 6.2351120872164382e-05 5.5175646525709763e+09 6.1634787754352181e+05 5.1536232363094215e+09 1.0918242487846689e+09 1.3693657222679749e+26 2.1849336871405818e+00 3.0000000000000000e+00 6.2852555165719870e+01
8.0998716650766888e+09 6.2351078802237508e-05 5.5175596887785740e+09 6.1634773892149702e+05 5.1536185999313307e+09 1.0918232665417340e+09 1.3879700104634358e+26 2.1947829597939026e+00 3.0000000000000000e+00 6.2852514222636856e+01
8.1363896726774330e+09 6.2351036352160810e-05 5.5175546801337509e+09 6.1634759904679889e+05 5.1536139216593103e+09 1.0918222754233236e+09 1.4068270525329970e+26 2.2046766181833872e+00 3.0000000000000000e+00 6.2852472910565403e+01
8.1730723205261059e+09 6.2350993518499361e-05 5.5175496262312956e+09 6.1634745790811139e+05 5.1536092011148729e+09 1.0918212753492730e+09 1.4259402822195824e+26 2.2146148621579091e+00 3.0000000000000000e+00 6.2852431226185786e+01
8.2099203508979025e+09 6.2350950297787697e-05 5.5175445266623287e+09 6.1634731549401162e+05 5.1536044379161091e+09 1.0918202662386606e+09 1.4453131799119559e+26 2.2245978924637968e+00 3.0000000000000000e+00 6.2852389166146928e+01
8.2469345094145432e+09 6.2350906686528657e-05 5.5175393810142536e+09 6.1634717179297446e+05 5.1535996316776409e+09 1.0918192480098417e+09 1.4649492732783279e+26 2.2346259107488278e+00 3.0000000000000000e+00 6.2852346727068159e+01
8.2841155450593576e+09 6.2350862681193799e-05 5.5175341888707895e+09 6.1634702679337189e+05 5.1535947820106430e+09 1.0918182205804420e+09 1.4848521379085586e+26 2.2446991195662500e+00 3.0000000000000000e+00 6.2852303905538598e+01
8.3214642101924438e+09 6.2350818278222549e-05 5.5175289498118734e+09 6.1634688048347109e+05 5.1535898885227575e+09 1.0918171838673456e+09 1.5050253979650911e+26 2.2548177223788093e+00 3.0000000000000000e+00 6.2852260698117000e+01
8.3589812605658894e+09 6.2350773474022459e-05 5.5175236634136257e+09 6.1634673285142891e+05 5.1535849508180742e+09 1.0918161377866547e+09 1.5254727268427159e+26 2.2649819235628024e+00 3.0000000000000000e+00 6.2852217101329693e+01
8.3966674553390675e+09 6.2350728264968307e-05 5.5175183292484026e+09 6.1634658388530347e+05 5.1535799684971457e+09 1.0918150822537727e+09 1.5461978478373060e+26 2.2751919284121453e+00 3.0000000000000000e+00 6.2852173111674539e+01
8.4345235570940294e+09 6.2350682647402362e-05 5.5175129468846273e+09 6.1634643357303669e+05 5.1535749411568699e+09 1.0918140171832805e+09 1.5672045348236400e+26 2.2854479431424668e+00 3.0000000000000000e+00 6.2852128725615358e+01
8.4725503318507996e+09 6.2350636617633742e-05 5.5175075158868799e+09 6.1634628190246737e+05 5.1535698683905382e+09 1.0918129424890280e+09 1.5884966129423515e+26 2.2957501748951743e+00 3.0000000000000000e+00 6.2852083939585917e+01
8.5107485490830822e+09 6.2350590171938281e-05 5.5175020358157663e+09 6.1634612886132044e+05 5.1535647497877483e+09 1.0918118580840588e+09 1.6100779592963803e+26 2.3060988317416324e+00 3.0000000000000000e+00 6.2852038749986853e+01
8.5491189817336960e+09 6.2350543306558269e-05 5.5174965062279558e+09 6.1634597443721187e+05 5.1535595849344082e+09 1.0918107638806450e+09 1.6319525036567087e+26 2.3164941226872626e+00 3.0000000000000000e+00 6.2851993153186982e+01
8.5876624062302446e+09 6.2350496017701777e-05 5.5174909266761017e+09 6.1634581861764705e+05 5.1535543734126759e+09 1.0918096597902761e+09 1.6541242291777644e+26 2.3269362576757122e+00 3.0000000000000000e+00 6.2851947145523027e+01
8.6263796025008316e+09 6.2350448301542818e-05 5.5174852967088032e+09 6.1634566139001562e+05 5.1535491148009310e+09 1.0918085457236211e+09 1.6765971731225266e+26 2.3374254475930263e+00 3.0000000000000000e+00 6.2851900723297831e+01
8.6652713539898415e+09 6.2350400154220941e-05 5.5174796158705835e+09 6.1634550274159224e+05 5.1535438086737375e+09 1.0918074215905356e+09 1.6993754275974787e+26 2.3479619042718429e+00 3.0000000000000000e+00 6.2851853882780745e+01
8.7043384476737900e+09 6.2350351571840512e-05 5.5174738837019148e+09 6.1634534265954560e+05 5.1535384546018744e+09 1.0918062873001242e+09 1.7224631402975358e+26 2.3585458404956037e+00 3.0000000000000000e+00 6.2851806620210574e+01
8.7435816740772533e+09 6.2350302550471124e-05 5.5174680997390165e+09 6.1634518113091495e+05 5.1535330521521578e+09 1.0918051427605746e+09 1.7458645152611036e+26 2.3691774700027817e+00 3.0000000000000000e+00 6.2851758931788019e+01
8.7830018272888603e+09 6.2350253086146547e-05 5.5174622635139952e+09 6.1634501814263267e+05 5.1535276008875580e+09 1.0918039878793187e+09 1.7695838136353724e+26 2.3798570074911307e+00 3.0000000000000000e+00 6.2851710813682708e+01
8.8225997049773636e+09 6.2350203174864883e-05 5.5174563745547104e+09 6.1634485368150915e+05 5.1535221003670712e+09 1.0918028225629239e+09 1.7936253544520185e+26 2.3905846686219521e+00 3.0000000000000000e+00 6.2851662262028995e+01
8.8623761084077816e+09 6.2350152812588021e-05 5.5174504323847466e+09 6.1634468773423578e+05 5.1535165501457100e+09 1.0918016467171147e+09 1.8179935154134352e+26 2.4013606700243768e+00 3.0000000000000000e+00 6.2851613272926336e+01
8.9023318424576015e+09 6.2350101995241366e-05 5.5174444365234032e+09 6.1634452028738498e+05 5.1535109497744789e+09 1.0918004602467737e+09 1.8426927336896324e+26 2.4121852292996695e+00 3.0000000000000000e+00 6.2851563842439724e+01
8.9424677156330853e+09 6.2350050718713528e-05 5.5174383864856310e+09 6.1634435132740741e+05 5.1535052988003244e+09 1.0917992630559213e+09 1.8677275067259797e+26 2.4230585650255501e+00 3.0000000000000000e+00 6.2851513966598574e+01
8.9827845400856133e+09 6.2349998978856067e-05 5.5174322817819920e+09 6.1634418084062985e+05 5.1534995967660913e+09 1.0917980550477002e+09 1.8931023930618944e+26 2.4339808967605361e+00 3.0000000000000000e+00 6.2851463641396265e+01
9.0232831316281242e+09 6.2349946771483040e-05 5.5174261219186430e+09 6.1634400881325710e+05 5.1534938432105150e+09 1.0917968361243894e+09 1.9188220131606625e+26 2.4449524450482985e+00 3.0000000000000000e+00 6.2851412862790717e+01
9.0639643097516232e+09 6.2349894092370706e-05 5.5174199063972750e+09 6.1634383523136843e+05 5.1534880376681471e+09 1.0917956061873798e+09 1.9448910502505236e+26 2.4559734314220374e+00 3.0000000000000000e+00 6.2851361626703181e+01
9.1048288976417637e+09 6.2349840937256959e-05 5.5174136347150745e+09 6.1634366008091928e+05 5.1534821796693468e+09 1.0917943651371844e+09 1.9713142511771808e+26 2.4670440784088870e+00 3.0000000000000000e+00 6.2851309929019209e+01
9.1458777221955051e+09 6.2349787301841487e-05 5.5174073063646841e+09 6.1634348334773513e+05 5.1534762687402182e+09 1.0917931128733966e+09 1.9980964272678812e+26 2.4781646095343226e+00 3.0000000000000000e+00 6.2851257765586126e+01
9.1871116140378456e+09 6.2349733181785150e-05 5.5174009208341846e+09 6.1634330501751555e+05 5.1534703044026117e+09 1.0917918492947180e+09 2.0252424552072391e+26 2.4893352493265994e+00 3.0000000000000000e+00 6.2851205132214659e+01
9.2285314075386276e+09 6.2349678572709398e-05 5.5173944776070137e+09 6.1634312507583038e+05 5.1534642861740370e+09 1.0917905742989318e+09 2.0527572779249462e+26 2.5005562233212060e+00 3.0000000000000000e+00 6.2851152024678065e+01
9.2701379408294258e+09 6.2349623470196256e-05 5.5173879761619673e+09 6.1634294350812049e+05 5.1534582135676661e+09 1.0917892877829080e+09 2.0806459054955379e+26 2.5118277580653365e+00 3.0000000000000000e+00 6.2851098438711972e+01
9.3119320558204994e+09 6.2349567869787810e-05 5.5173814159731054e+09 6.1634276029969286e+05 5.1534520860922508e+09 1.0917879896425681e+09 2.1089134160503788e+26 2.5231500811223819e+00 3.0000000000000000e+00 6.2851044370012893e+01
9.3539145982178364e+09 6.2349511766985989e-05 5.5173747965097446e+09 6.1634257543572108e+05 5.1534459032521143e+09 1.0917866797728899e+09 2.1375649567020355e+26 2.5345234210764436e+00 3.0000000000000000e+00 6.2850989814238794e+01
9.3960864175402603e+09 6.2349455157251850e-05 5.5173681172364254e+09 6.1634238890124904e+05 5.1534396645471153e+09 1.0917853580679319e+09 2.1666057444811969e+26 2.5459480075368619e+00 3.0000000000000000e+00 6.2850934767009697e+01
9.4384483671366234e+09 6.2349398036005843e-05 5.5173613776128511e+09 6.1634220068118162e+05 5.1534333694725943e+09 1.0917840244207690e+09 2.1960410672863176e+26 2.5574240711427687e+00 3.0000000000000000e+00 6.2850879223905316e+01
9.4810013042030716e+09 6.2349340398626708e-05 5.5173545770938282e+09 6.1634201076028869e+05 5.1534270175193205e+09 1.0917826787235200e+09 2.2258762848461632e+26 2.5689518435676537e+00 3.0000000000000000e+00 6.2850823180465987e+01
9.5237460898003979e+09 6.2349282240451668e-05 5.5173477151292686e+09 6.1634181912320340e+05 5.1534206081734896e+09 1.0917813208673356e+09 2.2561168296954220e+26 2.5805315575239614e+00 3.0000000000000000e+00 6.2850766632192425e+01
9.5666835888714523e+09 6.2349223556775762e-05 5.5173407911640701e+09 6.1634162575441645e+05 5.1534141409166183e+09 1.0917799507423582e+09 2.2867682081635574e+26 2.5921634467676880e+00 3.0000000000000000e+00 6.2850709574543714e+01
9.6098146702586555e+09 6.2349164342851348e-05 5.5173338046381779e+09 6.1634143063828512e+05 5.1534076152255840e+09 1.0917785682377849e+09 2.3178360013771063e+26 2.6038477461030229e+00 3.0000000000000000e+00 6.2850652002940670e+01
9.6531402067215748e+09 6.2349104593888261e-05 5.5173267549864435e+09 6.1634123375901952e+05 5.1534010305725212e+09 1.0917771732417710e+09 2.3493258662755688e+26 2.6155846913869896e+00 3.0000000000000000e+00 6.2850593912760736e+01
9.6966610749545860e+09 6.2349044305052827e-05 5.5173196416386089e+09 6.1634103510068846e+05 5.1533943864247847e+09 1.0917757656414716e+09 2.3812435366411050e+26 2.6273745195341176e+00 3.0000000000000000e+00 6.2850535299340549e+01
9.7403781556046143e+09 6.2348983471467912e-05 5.5173124640192842e+09 6.1634083464721707e+05 5.1533876822449436e+09 1.0917743453230247e+09 2.4135948241422087e+26 2.6392174685211298e+00 3.0000000000000000e+00 6.2850476157974846e+01
9.7842923332889500e+09 6.2348922088211999e-05 5.5173052215478935e+09 6.1634063238238846e+05 5.1533809174907074e+09 1.0917729121715624e+09 2.4463856193915569e+26 2.6511137773916524e+00 3.0000000000000000e+00 6.2850416483917499e+01
9.8284044966131535e+09 6.2348860150319602e-05 5.5172979136385899e+09 6.1634042828983301e+05 5.1533740916148796e+09 1.0917714660711353e+09 2.4796218930182161e+26 2.6630636862609425e+00 3.0000000000000000e+00 6.2850356272377297e+01
9.8727155381890335e+09 6.2348797652779988e-05 5.5172905397002602e+09 6.1634022235303861e+05 5.1533672040653334e+09 1.0917700069047854e+09 2.5133096967544173e+26 2.6750674363206386e+00 3.0000000000000000e+00 6.2850295518522351e+01
9.9172263546527119e+09 6.2348734590537305e-05 5.5172830991364269e+09 6.1634001455534017e+05 5.1533602542849350e+09 1.0917685345544717e+09 2.5474551645370866e+26 2.6871252698435271e+00 3.0000000000000000e+00 6.2850234217475879e+01
9.9619378466827621e+09 6.2348670958490177e-05 5.5172755913452673e+09 6.1633980487992591e+05 5.1533532417115641e+09 1.0917670489011145e+09 2.5820645136243203e+26 2.6992374301883366e+00 3.0000000000000000e+00 6.2850172364318475e+01
1.0006850919018440e+10 6.2348606751490868e-05 5.5172680157195129e+09 6.1633959330983157e+05 5.1533461657779951e+09 1.0917655498245547e+09 2.6171440457270410e+26 2.7114041618045457e+00 3.0000000000000000e+00 6.2850109954086868e+01
1.0051966480477989e+10 6.2348541964345601e-05 5.5172603716463566e+09 6.1633937982793245e+05 5.1533390259118586e+09 1.0917640372034969e+09 2.6527001481560034e+26 2.7236257102372141e+00 3.0000000000000000e+00 6.2850046981770603e+01
1.0097285443977030e+10 6.2348476591813140e-05 5.5172526585075464e+09 6.1633916441696114e+05 5.1533318215356684e+09 1.0917625109156361e+09 2.6887392949843816e+26 2.7359023221318326e+00 3.0000000000000000e+00 6.2849983442318226e+01
1.0142808726547031e+10 6.2348410628605425e-05 5.5172448756791716e+09 6.1633894705948303e+05 5.1533245520666771e+09 1.0917609708374827e+09 2.7252680482261407e+26 2.7482342452391961e+00 3.0000000000000000e+00 6.2849919330629504e+01
1.0188537249353872e+10 6.2348344069386270e-05 5.5172370225317430e+09 6.1633872773791477e+05 5.1533172169169140e+09 1.0917594168444948e+09 2.7622930590304105e+26 2.7606217284203005e+00 3.0000000000000000e+00 6.2849854641561095e+01
1.0234471937716475e+10 6.2348276908771568e-05 5.5172290984300709e+09 6.1633850643450907e+05 5.1533098154930801e+09 1.0917578488109694e+09 2.7998210688920731e+26 2.7730650216512478e+00 3.0000000000000000e+00 6.2849789369922192e+01
1.0280613721125532e+10 6.2348209141328394e-05 5.5172211027331924e+09 6.1633828313135821e+05 5.1533023471965046e+09 1.0917562666100681e+09 2.8378589108787929e+26 2.7855643760281885e+00 3.0000000000000000e+00 6.2849723510475101e+01
1.0326963533262318e+10 6.2348140761574807e-05 5.5172130347944460e+09 6.1633805781039898e+05 5.1532948114231625e+09 1.0917546701138511e+09 2.8764135108747049e+26 2.7981200437722751e+00 3.0000000000000000e+00 6.2849657057937272e+01
1.0373522312017574e+10 6.2348071763979667e-05 5.5172048939612169e+09 6.1633783045339305e+05 5.1532872075635042e+09 1.0917530591931396e+09 2.9154918888409866e+26 2.8107322782346356e+00 3.0000000000000000e+00 6.2849590006975070e+01
1.0420290999510498e+10 6.2348002142961298e-05 5.5171966795750980e+09 6.1633760104195052e+05 5.1532795350025387e+09 1.0917514337176812e+09 2.9551011600935531e+26 2.8234013339013755e+00 3.0000000000000000e+00 6.2849522352211174e+01
1.0467270542107792e+10 6.2347931892888178e-05 5.5171883909716883e+09 6.1633736955750664e+05 5.1532717931196928e+09 1.0917497935559862e+09 2.9952485365980901e+26 2.8361274663985943e+00 3.0000000000000000e+00 6.2849454088217271e+01
1.0514461890442829e+10 6.2347861008077638e-05 5.5171800274805975e+09 6.1633713598133251e+05 5.1532639812887983e+09 1.0917481385754023e+09 3.0359413282826852e+26 2.8489109324974264e+00 3.0000000000000000e+00 6.2849385209517493e+01
1.0561865999434881e+10 6.2347789482795779e-05 5.5171715884253845e+09 6.1633690029452881e+05 5.1532560988780298e+09 1.0917464686420712e+09 3.0771869443682673e+26 2.8617519901191053e+00 3.0000000000000000e+00 6.2849315710586559e+01
1.0609483828308439e+10 6.2347717311256811e-05 5.5171630731234827e+09 6.1633666247802507e+05 5.1532481452498417e+09 1.0917447836209230e+09 3.1189928947171181e+26 2.8746508983400423e+00 3.0000000000000000e+00 6.2849245585849793e+01
1.0657316340612631e+10 6.2347644487622820e-05 5.5171544808862143e+09 6.1633642251258297e+05 5.1532401197609825e+09 1.0917430833756990e+09 3.1613667911996915e+26 2.8876079173969358e+00 3.0000000000000000e+00 6.2849174829683243e+01
1.0705364504240707e+10 6.2347571006003322e-05 5.5171458110186195e+09 6.1633618037878210e+05 5.1532320217623348e+09 1.0917413677688525e+09 3.2043163490799893e+26 2.9006233086918924e+00 3.0000000000000000e+00 6.2849103436410594e+01
1.0753629291449640e+10 6.2347496860454301e-05 5.5171370628194923e+09 6.1633593605703302e+05 5.1532238505989466e+09 1.0917396366616392e+09 3.2478493884197489e+26 2.9136973347975803e+00 3.0000000000000000e+00 6.2849031400306338e+01
1.0802111678879791e+10 6.2347422044978411e-05 5.5171282355813427e+09 6.1633568952757027e+05 5.1532156056099863e+09 1.0917378899140697e+09 3.2919738355016992e+26 2.9268302594623972e+00 3.0000000000000000e+00 6.2848958715593966e+01
1.0850812647574667e+10 6.2347346553523703e-05 5.5171193285902004e+09 6.1633544077044493e+05 5.1532072861285830e+09 1.0917361273848550e+09 3.3366977242721261e+26 2.9400223476156624e+00 3.0000000000000000e+00 6.2848885376443917e+01
1.0899733183000784e+10 6.2347270379984208e-05 5.5171103411257153e+09 6.1633518976552924e+05 5.1531988914819031e+09 1.0917343489314408e+09 3.3820291978030499e+26 2.9532738653728279e+00 3.0000000000000000e+00 6.2848811376974481e+01
1.0948874275067598e+10 6.2347193518198324e-05 5.5171012724610367e+09 6.1633493649251736e+05 5.1531904209910316e+09 1.0917325544100125e+09 3.4279765097742198e+26 2.9665850800407170e+00 3.0000000000000000e+00 6.2848736711252563e+01
1.0998236918147539e+10 6.2347115961948978e-05 5.5170921218627148e+09 6.1633468093091599e+05 5.1531818739709053e+09 1.0917307436754277e+09 3.4745480259752628e+26 2.9799562601227825e+00 3.0000000000000000e+00 6.2848661373290582e+01
1.1047822111096136e+10 6.2347037704962949e-05 5.5170828885907068e+09 6.1633442306004907e+05 5.1531732497302923e+09 1.0917289165812507e+09 3.5217522258282103e+26 2.9933876753243820e+00 3.0000000000000000e+00 6.2848585357048151e+01
1.1097630857272223e+10 6.2346958740910408e-05 5.5170735718982725e+09 6.1633416285905126e+05 5.1531645475717030e+09 1.0917270729797065e+09 3.5695977039306937e+26 3.0068795965580879e+00 3.0000000000000000e+00 6.2848508656429999e+01
1.1147664164558245e+10 6.2346879063404387e-05 5.5170641710319376e+09 6.1633390030687093e+05 5.1531557667913723e+09 1.0917252127217007e+09 3.6180931716277241e+26 3.0204322959494125e+00 3.0000000000000000e+00 6.2848431265295083e+01
1.1197923045380651e+10 6.2346798666000091e-05 5.5170546852313995e+09 6.1633363538226346e+05 5.1531469066791430e+09 1.0917233356567731e+09 3.6672474586021052e+26 3.0340460468424122e+00 3.0000000000000000e+00 6.2848353177460552e+01
1.1248408516730387e+10 6.2346717542194528e-05 5.5170451137295599e+09 6.1633336806379957e+05 5.1531379665185089e+09 1.0917214416331570e+09 3.7170695144492280e+26 3.0477211238033264e+00 3.0000000000000000e+00 6.2848274386667292e+01
1.1299121600183462e+10 6.2346635685426379e-05 5.5170354557523136e+09 6.1633309832984535e+05 5.1531289455864344e+09 1.0917195304976366e+09 3.7675684103241328e+26 3.0614578026269803e+00 3.0000000000000000e+00 6.2848194886595643e+01
1.1350063321921633e+10 6.2346553089074691e-05 5.5170257105186462e+09 6.1633282615858270e+05 5.1531198431534166e+09 1.0917176020956924e+09 3.8187533405934787e+26 3.0752563603422569e+00 3.0000000000000000e+00 6.2848114670872597e+01
1.1401234712753160e+10 6.2346469746458910e-05 5.5170158772404194e+09 6.1633255152798677e+05 5.1531106584833050e+09 1.0917156562713420e+09 3.8706336245087911e+26 3.0891170752175348e+00 3.0000000000000000e+00 6.2848033733065641e+01
1.1452636808133675e+10 6.2346385650838035e-05 5.5170059551224480e+09 6.1633227441584249e+05 5.1531013908333626e+09 1.0917136928672566e+09 3.9232187079024310e+26 3.1030402267661512e+00 3.0000000000000000e+00 6.2847952066687007e+01
1.1504270648187119e+10 6.2346300795410460e-05 5.5169959433623228e+09 6.1633199479972711e+05 5.1530920394541111e+09 1.0917117117246368e+09 3.9765181649065869e+26 3.1170260957518834e+00 3.0000000000000000e+00 6.2847869665188803e+01
1.1556137277726801e+10 6.2346215173312845e-05 5.5169858411504145e+09 6.1633171265701996e+05 5.1530826035893202e+09 1.0917097126832836e+09 4.0305416996956023e+26 3.1310749641944491e+00 3.0000000000000000e+00 6.2847786521965929e+01
1.1608237746276543e+10 6.2346128777620230e-05 5.5169756476697922e+09 6.1633142796489433e+05 5.1530730824759464e+09 1.0917076955815382e+09 4.0852991482519768e+26 3.1451871153750472e+00 3.0000000000000000e+00 6.2847702630353645e+01
1.1660573108091904e+10 6.2346041601344808e-05 5.5169653620960865e+09 6.1633114070031396e+05 5.1530634753440018e+09 1.0917056602562597e+09 4.1408004801562908e+26 3.1593628338419006e+00 3.0000000000000000e+00 6.2847617983626684e+01
1.1713144422181520e+10 6.2345953637435946e-05 5.5169549835975904e+09 6.1633085084004141e+05 5.1530537814166298e+09 1.0917036065428832e+09 4.1970558004015025e+26 3.1736024054158354e+00 3.0000000000000000e+00 6.2847532575001473e+01
1.1765952752328537e+10 6.2345864878779150e-05 5.5169445113350229e+09 6.1633055836062552e+05 5.1530439999099121e+09 1.0917015342753313e+09 4.2540753512317997e+26 3.1879061171958800e+00 3.0000000000000000e+00 6.2847446397632872e+01
1.1818999167112131e+10 6.2345775318195916e-05 5.5169339444615450e+09 6.1633026323840325e+05 5.1530341300328703e+09 1.0916994432860262e+09 4.3118695140064832e+26 3.2022742575648846e+00 3.0000000000000000e+00 6.2847359444613964e+01
1.1872284739929129e+10 6.2345684948442664e-05 5.5169232821226511e+09 6.1632996544949710e+05 5.1530241709873610e+09 1.0916973334058740e+09 4.3704488110890975e+26 3.2167071161951699e+00 3.0000000000000000e+00 6.2847271708976464e+01
1.1925810549015739e+10 6.2345593762210677e-05 5.5169125234561586e+09 6.1632966496981587e+05 5.1530141219680719e+09 1.0916952044642663e+09 4.4298239077622416e+26 3.2312049840541932e+00 3.0000000000000000e+00 6.2847183183689793e+01
1.1979577677469357e+10 6.2345501752125159e-05 5.5169016675920811e+09 6.1632936177504901e+05 5.1530039821624012e+09 1.0916930562890441e+09 4.4900056141683657e+26 3.2457681534102458e+00 3.0000000000000000e+00 6.2847093861660248e+01
1.2033587213270489e+10 6.2345408910744648e-05 5.5168907136525993e+09 6.1632905584066943e+05 5.1529937507504301e+09 1.0916908887065151e+09 4.5510048872768870e+26 3.2603969178381624e+00 3.0000000000000000e+00 6.2847003735731462e+01
1.2087840249304766e+10 6.2345315230560635e-05 5.5168796607519531e+09 6.1632874714192515e+05 5.1529834269048214e+09 1.0916887015413954e+09 4.6128328328780747e+26 3.2750915722250684e+00 3.0000000000000000e+00 6.2846912798681977e+01
1.2142337883385059e+10 6.2345220703996677e-05 5.5168685079963961e+09 6.1632843565384345e+05 5.1529730097907829e+09 1.0916864946168392e+09 4.6755007076039327e+26 3.2898524127761419e+00 3.0000000000000000e+00 6.2846821043226704e+01
1.2197081218273695e+10 6.2345125323408213e-05 5.5168572544840984e+09 6.1632812135122181e+05 5.1529624985659752e+09 1.0916842677543747e+09 4.7390199209765381e+26 3.3046797370203960e+00 3.0000000000000000e+00 6.2846728462013871e+01
1.2252071361704763e+10 6.2345029081081307e-05 5.5168458993051109e+09 6.1632780420863442e+05 5.1529518923804636e+09 1.0916820207739494e+09 4.8034020374842121e+26 3.3195738438164994e+00 3.0000000000000000e+00 6.2846635047627721e+01
1.2307309426406540e+10 6.2344931969232783e-05 5.5168344415412855e+09 6.1632748420042451e+05 5.1529411903766603e+09 1.0916797534938767e+09 4.8686587786858336e+26 3.3345350333586081e+00 3.0000000000000000e+00 6.2846540792584960e+01
1.2362796530124001e+10 6.2344833980008789e-05 5.5168228802661362e+09 6.1632716130070249e+05 5.1529303916891975e+09 1.0916774657308226e+09 4.9348020253437515e+26 3.3495636071822261e+00 3.0000000000000000e+00 6.2846445689335845e+01
1.2418533795641434e+10 6.2344735105484905e-05 5.5168112145448818e+09 6.1632683548334730e+05 5.1529194954449444e+09 1.0916751572998145e+09 5.0018438195856115e+26 3.3646598681700892e+00 3.0000000000000000e+00 6.2846349730263341e+01
1.2474522350805170e+10 6.2344635337665031e-05 5.5167994434342480e+09 6.1632650672199903e+05 5.1529085007628527e+09 1.0916728280141902e+09 5.0697963670955750e+26 3.3798241205580752e+00 3.0000000000000000e+00 6.2846252907681333e+01
1.2530763328546396e+10 6.2344534668480820e-05 5.5167875659824686e+09 6.1632617499006144e+05 5.1528974067539310e+09 1.0916704776856153e+09 5.1386720393352658e+26 3.3950566699411389e+00 3.0000000000000000e+00 6.2846155213835935e+01
1.2587257866904079e+10 6.2344433089791404e-05 5.5167755812292080e+09 6.1632584026069799e+05 5.1528862125211916e+09 1.0916681061240544e+09 5.2084833757948001e+26 3.4103578232792637e+00 3.0000000000000000e+00 6.2846056640903278e+01
1.2644007109048000e+10 6.2344330593382000e-05 5.5167634882054405e+09 6.1632550250683050e+05 5.1528749171595201e+09 1.0916657131377623e+09 5.2792430862744970e+26 3.4257278889034506e+00 3.0000000000000000e+00 6.2845957180990155e+01
1.2701012203301888e+10 6.2344227170964058e-05 5.5167512859333973e+09 6.1632516170113394e+05 5.1528635197556496e+09 1.0916632985332479e+09 5.3509640531974579e+26 3.4411671765217244e+00 3.0000000000000000e+00 6.2845856826131893e+01
1.2758274303166643e+10 6.2344122814173949e-05 5.5167389734265022e+09 6.1632481781603955e+05 5.1528520193880720e+09 1.0916608621152947e+09 5.4236593339535651e+26 3.4566759972251626e+00 3.0000000000000000e+00 6.2845755568293512e+01
1.2815794567343693e+10 6.2344017514572690e-05 5.5167265496892595e+09 6.1632447082372732e+05 5.1528404151269579e+09 1.0916584036869082e+09 5.4973421632752972e+26 3.4722546634939495e+00 3.0000000000000000e+00 6.2845653399367585e+01
1.2873574159758434e+10 6.2343911263644996e-05 5.5167140137171726e+09 6.1632412069612509e+05 5.1528287060340700e+09 1.0916559230493109e+09 5.5720259556458442e+26 3.4879034892034668e+00 3.0000000000000000e+00 6.2845550311173788e+01
1.2931614249583776e+10 6.2343804052798852e-05 5.5167013644967251e+09 6.1632376740491064e+05 5.1528168911627417e+09 1.0916534200019548e+09 5.6477243077397793e+26 3.5036227896303935e+00 3.0000000000000000e+00 6.2845446295459787e+01
1.2989916011263815e+10 6.2343695873364773e-05 5.5166886010052443e+09 6.1632341092150426e+05 5.1528049695577555e+09 1.0916508943424706e+09 5.7244510008970288e+26 3.5194128814588357e+00 3.0000000000000000e+00 6.2845341343898660e+01
1.3048480624537582e+10 6.2343586716594711e-05 5.5166757222107849e+09 6.1632305121706636e+05 5.1527929402552357e+09 1.0916483458666503e+09 5.8022200036302476e+26 3.5352740827864912e+00 3.0000000000000000e+00 6.2845235448088943e+01
1.3107309274462929e+10 6.2343476573661918e-05 5.5166627270721474e+09 6.1632268826250033e+05 5.1527808022826605e+09 1.0916457743684671e+09 5.8810454741663822e+26 3.5512067131308216e+00 3.0000000000000000e+00 6.2845128599554641e+01
1.3166403151440496e+10 6.2343365435659932e-05 5.5166496145387220e+09 6.1632232202844555e+05 5.1527685546587124e+09 1.0916431796400263e+09 5.9609417630226046e+26 3.5672110934352657e+00 3.0000000000000000e+00 6.2845020789743778e+01
1.3225763451237818e+10 6.2343253293601801e-05 5.5166363835503731e+09 6.1632195248527336e+05 5.1527561963931952e+09 1.0916405614715371e+09 6.0419234156173391e+26 3.5832875460754754e+00 3.0000000000000000e+00 6.2844912010027130e+01
1.3285391375013493e+10 6.2343140138419704e-05 5.5166230330374556e+09 6.1632157960309018e+05 5.1527437264870119e+09 1.0916379196513340e+09 6.1240051749165459e+26 3.5994363948655614e+00 3.0000000000000000e+00 6.2844802251698852e+01
1.3345288129341515e+10 6.2343025960963572e-05 5.5166095619206629e+09 6.1632120335173514e+05 5.1527311439320431e+09 1.0916352539658611e+09 6.2072019841161197e+26 3.6156579650643912e+00 3.0000000000000000e+00 6.2844691505976435e+01
1.3405454926235672e+10 6.2342910752001234e-05 5.5165959691109257e+09 6.1632082370076887e+05 5.1527184477110624e+09 1.0916325641995912e+09 6.2915289893605544e+26 3.6319525833818855e+00 3.0000000000000000e+00 6.2844579763996549e+01
1.3465892983174082e+10 6.2342794502216858e-05 5.5165822535093737e+09 6.1632044061948219e+05 5.1527056367976780e+09 1.0916298501350892e+09 6.3770015424985779e+26 3.6483205779853649e+00 3.0000000000000000e+00 6.2844467016818399e+01
1.3526603523123816e+10 6.2342677202210643e-05 5.5165684140072002e+09 6.1632005407688580e+05 5.1526927101562223e+09 1.0916271115529375e+09 6.4636352038761549e+26 3.6647622785059020e+00 3.0000000000000000e+00 6.2844353255420508e+01
1.3587587774565659e+10 6.2342558842497892e-05 5.5165544494856243e+09 6.1631966404171358e+05 5.1526796667417049e+09 1.0916243482317605e+09 6.5514457451673955e+26 3.6812780160447094e+00 3.0000000000000000e+00 6.2844238470701534e+01
1.3648846971518955e+10 6.2342439413508394e-05 5.5165403588157101e+09 6.1631927048241114e+05 5.1526665054996634e+09 1.0916215599481437e+09 6.6404491522438767e+26 3.6978681231795560e+00 3.0000000000000000e+00 6.2844122653477008e+01
1.3710382353566593e+10 6.2342318905585594e-05 5.5165261408584309e+09 6.1631887336714729e+05 5.1526532253661938e+09 1.0916187464767134e+09 6.7306616280830141e+26 3.7145329339712019e+00 3.0000000000000000e+00 6.2844005794482761e+01
1.3772195165880072e+10 6.2342197308985699e-05 5.5165117944644127e+09 6.1631847266379814e+05 5.1526398252677374e+09 1.0916159075900266e+09 6.8220995957156644e+26 3.7312727839698634e+00 3.0000000000000000e+00 6.2843887884370211e+01
1.3834286659244711e+10 6.2342074613877123e-05 5.5164973184739151e+09 6.1631806833994831e+05 5.1526263041210556e+09 1.0916130430585771e+09 6.9147797012140250e+26 3.7480880102217040e+00 3.0000000000000000e+00 6.2843768913706931e+01
1.3896658090084953e+10 6.2341950810339240e-05 5.5164827117167530e+09 6.1631766036289441e+05 5.1526126608331451e+09 1.0916101526508219e+09 7.0087188167198083e+26 3.7649789512753524e+00 3.0000000000000000e+00 6.2843648872977482e+01
1.3959310720489792e+10 6.2341825888362343e-05 5.5164679730121984e+09 6.1631724869963527e+05 5.1525988943011618e+09 1.0916072361331115e+09 7.1039340435137662e+26 3.7819459471884467e+00 3.0000000000000000e+00 6.2843527752580691e+01
1.4022245818238302e+10 6.2341699837846018e-05 5.5164531011688280e+09 6.1631683331687050e+05 5.1525850034122686e+09 1.0916042932696798e+09 7.2004427151266487e+26 3.7989893395341983e+00 3.0000000000000000e+00 6.2843405542829252e+01
1.4085464656825306e+10 6.2341572648598887e-05 5.5164380949845362e+09 6.1631641418100405e+05 5.1525709870436459e+09 1.0916013238226693e+09 7.2982624004925257e+26 3.8161094714079935e+00 3.0000000000000000e+00 6.2843282233950667e+01
1.4148968515487133e+10 6.2341444310337564e-05 5.5164229532462893e+09 6.1631599125812901e+05 5.1525568440622807e+09 1.0915983275520236e+09 7.3974109071448328e+26 3.8333066874340185e+00 3.0000000000000000e+00 6.2843157816082993e+01
1.4212758679227507e+10 6.2341314812685894e-05 5.5164076747301769e+09 6.1631556451403839e+05 5.1525425733249912e+09 1.0915953042155638e+09 7.4979062844558099e+26 3.8505813337718990e+00 3.0000000000000000e+00 6.2843032279277715e+01
1.4276836438843548e+10 6.2341184145174103e-05 5.5163922582012405e+09 6.1631513391421479e+05 5.1525281736782694e+09 1.0915922535689154e+09 7.5997668269199356e+26 3.8679337581233861e+00 3.0000000000000000e+00 6.2842905613497400e+01
1.4341203090951899e+10 6.2341052297237848e-05 5.5163767024133358e+09 6.1631469942382677e+05 5.1525136439581766e+09 1.0915891753654821e+09 7.7030110774818469e+26 3.8853643097390549e+00 3.0000000000000000e+00 6.2842777808613910e+01
1.4405859938014948e+10 6.2340919258217523e-05 5.5163610061091318e+09 6.1631426100773201e+05 5.1524989829903078e+09 1.0915860693564699e+09 7.8076578309094783e+26 3.9028733394250339e+00 3.0000000000000000e+00 6.2842648854409802e+01
1.4470808288367201e+10 6.2340785017357301e-05 5.5163451680199184e+09 6.1631381863046857e+05 5.1524841895896454e+09 1.0915829352908230e+09 7.9137261372129095e+26 3.9204611995497616e+00 3.0000000000000000e+00 6.2842518740575578e+01
1.4536049456241741e+10 6.2340649563804440e-05 5.5163291868655453e+09 6.1631337225625268e+05 5.1524692625604773e+09 1.0915797729152102e+09 8.0212353051097128e+26 3.9381282440507719e+00 3.0000000000000000e+00 6.2842387456709197e+01
1.4601584761796833e+10 6.2340512886608105e-05 5.5163130613543634e+09 6.1631292184898374e+05 5.1524542006963444e+09 1.0915765819740591e+09 8.1302049055372149e+26 3.9558748284415044e+00 3.0000000000000000e+00 6.2842254992317670e+01
1.4667415531142630e+10 6.2340374974718745e-05 5.5162967901829920e+09 6.1631246737222723e+05 5.1524390027798481e+09 1.0915733622094355e+09 8.2406547752125086e+26 3.9737013098181402e+00 3.0000000000000000e+00 6.2842121336811537e+01
1.4733543096368006e+10 6.2340235816986993e-05 5.5162803720363588e+09 6.1631200878922618e+05 5.1524236675826511e+09 1.0915701133611248e+09 8.3526050202406740e+26 3.9916080468664705e+00 3.0000000000000000e+00 6.2841986479509245e+01
1.4799968795567520e+10 6.2340095402163087e-05 5.5162638055875034e+09 6.1631154606288788e+05 5.1524081938653240e+09 1.0915668351665382e+09 8.4660760197720089e+26 4.0095953998687834e+00 3.0000000000000000e+00 6.2841850409632102e+01
1.4866693972868486e+10 6.2339953718895715e-05 5.5162470894974976e+09 6.1631107915578526e+05 5.1523925803772573e+09 1.0915635273607221e+09 8.5810884297089950e+26 4.0276637307107928e+00 3.0000000000000000e+00 6.2841713116305613e+01
1.4933719978458170e+10 6.2339810755730808e-05 5.5162302224153509e+09 6.1631060803015716e+05 5.1523768258565655e+09 1.0915601896763601e+09 8.6976631864633514e+26 4.0458134028885766e+00 3.0000000000000000e+00 6.2841574588559475e+01
1.5001048168611115e+10 6.2339666501111436e-05 5.5162132029778547e+09 6.1631013264789456e+05 5.1523609290299644e+09 1.0915568218436759e+09 8.8158215107641431e+26 4.0640447815155563e+00 3.0000000000000000e+00 6.2841434815322927e+01
1.5068679905716640e+10 6.2339520943376179e-05 5.5161960298095589e+09 6.1630965297055128e+05 5.1523448886127243e+09 1.0915534235905087e+09 8.9355849115178617e+26 4.0823582333295132e+00 3.0000000000000000e+00 6.2841293785428583e+01
1.5136616558306177e+10 6.2339374070758405e-05 5.5161787015225430e+09 6.1630916895932774e+05 5.1523287033084774e+09 1.0915499946421986e+09 9.0569751897200175e+26 4.1007541266995577e+00 3.0000000000000000e+00 6.2841151487607618e+01
1.5204859501081312e+10 6.2339225871385357e-05 5.5161612167164507e+09 6.1630868057508185e+05 5.1523123718092299e+09 1.0915465347216642e+09 9.1800144424211207e+26 4.1192328316332798e+00 3.0000000000000000e+00 6.2841007910492571e+01
1.5273410114941376e+10 6.2339076333277075e-05 5.5161435739782009e+09 6.1630818777830945e+05 5.1522958927951136e+09 1.0915430435492628e+09 9.3047250667453012e+26 4.1377947197837734e+00 3.0000000000000000e+00 6.2840863042612284e+01
1.5342269787011431e+10 6.2338925444345694e-05 5.5161257718820429e+09 6.1630769052915554e+05 5.1522792649344196e+09 1.0915395208428717e+09 9.4311297639640244e+26 4.1564401644567663e+00 3.0000000000000000e+00 6.2840716872394580e+01
1.5411439910670353e+10 6.2338773192394169e-05 5.5161078089893265e+09 6.1630718878740235e+05 5.1522624868833933e+09 1.0915359663178027e+09 9.5592515436248892e+26 4.1751695406177562e+00 3.0000000000000000e+00 6.2840569388163182e+01
1.5480921885579018e+10 6.2338619565115370e-05 5.5160896838484592e+09 6.1630668251247238e+05 5.1522455572861862e+09 1.0915323796868236e+09 9.6891137277367028e+26 4.1939832248991884e+00 3.0000000000000000e+00 6.2840420578138755e+01
1.5550717117708632e+10 6.2338464550091291e-05 5.5160713949947519e+09 6.1630617166342004e+05 5.1522284747747192e+09 1.0915287606601000e+09 9.8207399550108597e+26 4.2128815956076489e+00 3.0000000000000000e+00 6.2840270430435922e+01
1.5620827019369169e+10 6.2338308134791891e-05 5.5160529409502831e+09 6.1630565619892813e+05 5.1522112379685612e+09 1.0915251089451699e+09 9.9541541851607782e+26 4.2318650327310872e+00 3.0000000000000000e+00 6.2840118933062861e+01
1.5691253009237965e+10 6.2338150306574030e-05 5.5160343202238007e+09 6.1630513607730600e+05 5.1521938454748240e+09 1.0915214242469306e+09 1.0089380703259342e+27 4.2509339179460799e+00 3.0000000000000000e+00 6.2839966073920635e+01
1.5761996512388411e+10 6.2337991052680415e-05 5.5160155313106642e+09 6.1630461125649372e+05 5.1521762958881063e+09 1.0915177062676685e+09 1.0226444124155590e+27 4.2700886346251057e+00 3.0000000000000000e+00 6.2839811840804408e+01
1.5833058960318794e+10 6.2337830360238952e-05 5.5159965726926079e+09 6.1630408169404417e+05 5.1521585877902985e+09 1.0915139547069325e+09 1.0365369396951256e+27 4.2893295678438585e+00 3.0000000000000000e+00 6.2839656221397732e+01
1.5904441790981270e+10 6.2337668216261156e-05 5.5159774428376875e+09 6.1630354734712932e+05 5.1521407197504959e+09 1.0915101692615786e+09 1.0506181809538108e+27 4.3086571043885851e+00 3.0000000000000000e+00 6.2839499203275643e+01
1.5976146448810949e+10 6.2337504607641597e-05 5.5159581402001600e+09 6.1630300817253487e+05 5.1521226903249159e+09 1.0915063496257312e+09 1.0648906993196758e+27 4.3280716327634527e+00 3.0000000000000000e+00 6.2839340773901782e+01
1.6048174384755136e+10 6.2337339521156330e-05 5.5159386632203264e+09 6.1630246412665723e+05 5.1521044980567389e+09 1.0915024954907637e+09 1.0793570927258079e+27 4.3475735431979565e+00 3.0000000000000000e+00 6.2839180920628834e+01
1.6120527056302681e+10 6.2337172943462539e-05 5.5159190103244581e+09 6.1630191516549885e+05 5.1520861414760370e+09 1.0914986065452631e+09 1.0940199943827414e+27 4.3671632276543271e+00 3.0000000000000000e+00 6.2839019630695610e+01
1.6193205927513475e+10 6.2337004861096819e-05 5.5158991799245796e+09 6.1630136124466150e+05 5.1520676190995865e+09 1.0914946824749844e+09 1.1088820732573408e+27 4.3868410798349950e+00 3.0000000000000000e+00 6.2838856891226676e+01
1.6266212469048075e+10 6.2336835260474373e-05 5.5158791704184494e+09 6.1630080231935042e+05 5.1520489294308252e+09 1.0914907229628794e+09 1.1239460345581394e+27 4.4066074951900749e+00 3.0000000000000000e+00 6.2838692689232907e+01
1.6339548158197466e+10 6.2336664127887756e-05 5.5158589801893845e+09 6.1630023834436806e+05 5.1520300709597025e+09 1.0914867276890523e+09 1.1392146202272885e+27 4.4264628709248672e+00 3.0000000000000000e+00 6.2838527011609706e+01
1.6413214478912947e+10 6.2336491449506030e-05 5.5158386076060658e+09 6.1629966927410197e+05 5.1520110421625080e+09 1.0914826963306746e+09 1.1546906094391506e+27 4.4464076060074111e+00 3.0000000000000000e+00 6.2838359845133553e+01
1.6487212921836168e+10 6.2336317211373590e-05 5.5158180510225410e+09 6.1629909506253479e+05 5.1519918415018559e+09 1.0914786285620553e+09 1.1703768191056978e+27 4.4664421011760442e+00 3.0000000000000000e+00 6.2838191176464562e+01
1.6561544984329285e+10 6.2336141399408845e-05 5.5157973087779655e+09 6.1629851566322916e+05 5.1519724674264555e+09 1.0914745240545344e+09 1.1862761043887261e+27 4.4865667589470100e+00 3.0000000000000000e+00 6.2838020992143008e+01
1.6636212170505260e+10 6.2335963999403081e-05 5.5157763791965294e+09 6.1629793102933001e+05 5.1519529183710279e+09 1.0914703824764996e+09 1.2023913592190388e+27 4.5067819836220728e+00 3.0000000000000000e+00 6.2837849278589552e+01
1.6711215991258308e+10 6.2335784997019717e-05 5.5157552605873594e+09 6.1629734111356246e+05 5.1519331927562380e+09 1.0914662034933712e+09 1.2187255168226592e+27 4.5270881812961905e+00 3.0000000000000000e+00 6.2837676022104148e+01
1.6786557964294455e+10 6.2335604377792596e-05 5.5157339512443008e+09 6.1629674586822162e+05 5.1519132889884586e+09 1.0914619867675297e+09 1.2352815502542054e+27 4.5474857598651850e+00 3.0000000000000000e+00 6.2837501208864339e+01
1.6862239614162254e+10 6.2335422127125388e-05 5.5157124494458065e+09 6.1629614524517022e+05 5.1518932054597063e+09 1.0914577319582999e+09 1.2520624729374743e+27 4.5679751290334716e+00 3.0000000000000000e+00 6.2837324824923023e+01
1.6938262472283638e+10 6.2335238230289966e-05 5.5156907534548559e+09 6.1629553919584141e+05 5.1518729405475330e+09 1.0914534387219703e+09 1.2690713392133630e+27 4.5885567003217922e+00 3.0000000000000000e+00 6.2837146856210765e+01
1.7014628076984907e+10 6.2335052672425211e-05 5.5156688615187197e+09 6.1629492767122644e+05 5.1518524926148176e+09 1.0914491067117057e+09 1.2863112448952281e+27 4.6092308870749985e+00 3.0000000000000000e+00 6.2836967288531646e+01
1.7091337973527853e+10 6.2334865438536431e-05 5.5156467718689060e+09 6.1629431062187441e+05 5.1518318600097256e+09 1.0914447355775466e+09 1.3037853278317869e+27 4.6299981044698484e+00 3.0000000000000000e+00 6.2836786107562773e+01
1.7168393714141031e+10 6.2334676513493354e-05 5.5156244827209797e+09 6.1629368799789040e+05 5.1518110410655165e+09 1.0914403249663949e+09 1.3214967684776328e+27 4.6508587695228467e+00 3.0000000000000000e+00 6.2836603298854612e+01
1.7245796858051167e+10 6.2334485882029343e-05 5.5156019922744122e+09 6.1629305974892783e+05 5.1517900341004267e+09 1.0914358745219610e+09 1.3394487904714884e+27 4.6718133010980969e+00 3.0000000000000000e+00 6.2836418847828362e+01
1.7323548971514713e+10 6.2334293528740176e-05 5.5155792987124214e+09 6.1629242582418281e+05 5.1517688374175148e+09 1.0914313838847227e+09 1.3576446612223416e+27 4.6928621199152118e+00 3.0000000000000000e+00 6.2836232739774353e+01
1.7401651627849533e+10 6.2334099438082676e-05 5.5155564002018967e+09 6.1629178617239767e+05 5.1517474493045807e+09 1.0914268526919518e+09 1.3760876925034591e+27 4.7140056485572117e+00 3.0000000000000000e+00 6.2836044959853069e+01
1.7480106407466751e+10 6.2333903594373507e-05 5.5155332948932028e+09 6.1629114074185165e+05 5.1517258680339870e+09 1.0914222805776470e+09 1.3947812410545399e+27 4.7352443114784997e+00 3.0000000000000000e+00 6.2835855493092851e+01
1.7558914897902710e+10 6.2333705981788059e-05 5.5155099809199848e+09 6.1629048948035180e+05 5.1517040918624935e+09 1.0914176671724706e+09 1.4137287091919634e+27 4.7565785350128280e+00 3.0000000000000000e+00 6.2835664324386691e+01
1.7638078693851116e+10 6.2333506584358678e-05 5.5154864563991108e+09 6.1628983233524091e+05 5.1516821190311766e+09 1.0914130121038041e+09 1.4329335454273512e+27 4.7780087473813158e+00 3.0000000000000000e+00 6.2835471438495198e+01
1.7717599397195309e+10 6.2333305385974214e-05 5.5154627194304991e+09 6.1628916925338446e+05 5.1516599477652817e+09 1.0914083149956560e+09 1.4523992450945240e+27 4.7995353787004902e+00 3.0000000000000000e+00 6.2835276820042417e+01
1.7797478617040649e+10 6.2333102370377855e-05 5.5154387680968590e+09 6.1628850018116389e+05 5.1516375762739887e+09 1.0914035754686151e+09 1.4721293509849253e+27 4.8211588609903577e+00 3.0000000000000000e+00 6.2835080453514138e+01
1.7877717969747112e+10 6.2332897521166449e-05 5.5154146004637156e+09 6.1628782506448356e+05 5.1516150027504187e+09 1.0913987931398983e+09 1.4921274539916965e+27 4.8428796281825051e+00 3.0000000000000000e+00 6.2834882323259741e+01
1.7958319078961971e+10 6.2332690821788946e-05 5.5153902145790977e+09 6.1628714384875353e+05 5.1515922253713551e+09 1.0913939676232312e+09 1.5123971937624788e+27 4.8646981161282321e+00 3.0000000000000000e+00 6.2834682413487620e+01
1.8039283575652664e+10 6.2332482255544877e-05 5.5153656084734974e+09 6.1628645647889818e+05 5.1515692422971945e+09 1.0913890985289068e+09 1.5329422593610475e+27 4.8866147626067136e+00 3.0000000000000000e+00 6.2834480708267307e+01
1.8120613098139786e+10 6.2332271805583465e-05 5.5153407801595993e+09 6.1628576289933710e+05 5.1515460516717148e+09 1.0913841854636519e+09 1.5537663899379443e+27 4.9086300073331897e+00 3.0000000000000000e+00 6.2834277191524137e+01
1.8202309292130257e+10 6.2332059454901870e-05 5.5153157276322384e+09 6.1628506305399467e+05 5.1515226516220074e+09 1.0913792280306952e+09 1.5748733754101937e+27 4.9307442919671933e+00 3.0000000000000000e+00 6.2834071847042253e+01
1.8284373810750603e+10 6.2331845186344072e-05 5.5152904488681345e+09 6.1628435688628396e+05 5.1514990402582512e+09 1.0913742258296518e+09 1.5962670571502319e+27 4.9529580601207925e+00 3.0000000000000000e+00 6.2833864658459582e+01
1.8366808314580425e+10 6.2331628982599223e-05 5.5152649418258257e+09 6.1628364433911350e+05 5.1514752156736364e+09 1.0913691784565740e+09 1.6179513286841800e+27 4.9752717573668868e+00 3.0000000000000000e+00 6.2833655609270423e+01
1.8449614471685993e+10 6.2331410826200489e-05 5.5152392044454012e+09 6.1628292535487050e+05 5.1514511759441252e+09 1.0913640855038295e+09 1.6399301363995959e+27 4.9976858312475088e+00 3.0000000000000000e+00 6.2833444682820115e+01
1.8532793957653988e+10 6.2331190699523728e-05 5.5152132346484241e+09 6.1628219987542485e+05 5.1514269191283798e+09 1.0913589465601327e+09 1.6622074802628063e+27 5.0202007312821753e+00 3.0000000000000000e+00 6.2833231862306171e+01
1.8616348455625439e+10 6.2330968584785722e-05 5.5151870303377342e+09 6.1628146784212347e+05 5.1514024432675676e+09 1.0913537612105031e+09 1.6847874145459672e+27 5.0428169089762571e+00 3.0000000000000000e+00 6.2833017130777321e+01
1.8700279656329739e+10 6.2330744464043276e-05 5.5151605893972750e+09 6.1628072919578105e+05 5.1513777463852100e+09 1.0913485290362010e+09 1.7076740485640056e+27 5.0655348178293877e+00 3.0000000000000000e+00 6.2832800471130142e+01
1.8784589258118896e+10 6.2330518319190947e-05 5.5151339096919155e+09 6.1627998387668119e+05 5.1513528264870043e+09 1.0913432496147349e+09 1.7308715474215130e+27 5.0883549133438928e+00 3.0000000000000000e+00 6.2832581866110175e+01
1.8869278967001877e+10 6.2330290131960484e-05 5.5151069890672989e+09 6.1627923182456708e+05 5.1513276815607004e+09 1.0913379225197961e+09 1.7543841327698271e+27 5.1112776530332660e+00 3.0000000000000000e+00 6.2832361298308513e+01
1.8954350496679131e+10 6.2330059883918985e-05 5.5150798253496675e+09 6.1627847297863825e+05 5.1513023095759230e+09 1.0913325473212359e+09 1.7782160835742861e+27 5.1343034964306513e+00 3.0000000000000000e+00 6.2832138750161356e+01
1.9039805568577278e+10 6.2329827556467085e-05 5.5150524163456450e+09 6.1627770727754454e+05 5.1512767084839725e+09 1.0913271235850234e+09 1.8023717368919778e+27 5.1574329050973828e+00 3.0000000000000000e+00 6.2831914203948486e+01
1.9125645911883930e+10 6.2329593130838246e-05 5.5150247598421421e+09 6.1627693465938326e+05 5.1512508762177353e+09 1.0913216508732247e+09 1.8268554886599884e+27 5.1806663426315369e+00 3.0000000000000000e+00 6.2831687641791710e+01
1.9211873263582680e+10 6.2329356588096405e-05 5.5149968536061239e+09 6.1627615506169503e+05 5.1512248106914673e+09 1.0913161287439749e+09 1.8516717944943305e+27 5.2040042746765236e+00 3.0000000000000000e+00 6.2831459045654832e+01
1.9298489368488266e+10 6.2329117909134990e-05 5.5149686953844137e+09 6.1627536842145259e+05 5.1511985098006144e+09 1.0913105567513974e+09 1.8768251704997285e+27 5.2274471689296975e+00 3.0000000000000000e+00 6.2831228397339601e+01
1.9385495979281853e+10 6.2328877074675152e-05 5.5149402829035769e+09 6.1627457467506523e+05 5.1511719714216986e+09 1.0913049344456375e+09 1.9023201940903620e+27 5.2509954951510203e+00 3.0000000000000000e+00 6.2830995678487291e+01
1.9472894856546524e+10 6.2328634065264517e-05 5.5149116138696709e+09 6.1627377375836298e+05 5.1511451934120893e+09 1.0912992613727489e+09 1.9281615048217469e+27 5.2746497251717335e+00 3.0000000000000000e+00 6.2830760870574068e+01
1.9560687768802883e+10 6.2328388861275052e-05 5.5148826859681253e+09 6.1627296560660284e+05 5.1511181736098795e+09 1.0912935370747395e+09 1.9543538052338856e+27 5.2984103329030683e+00 3.0000000000000000e+00 6.2830523954913389e+01
1.9648876492544861e+10 6.2328141442902262e-05 5.5148534968635101e+09 6.1627215015445347e+05 5.1510909098336897e+09 1.0912877610894613e+09 1.9809018617058576e+27 5.3222777943450001e+00 3.0000000000000000e+00 6.2830284912650811e+01
1.9737462812275650e+10 6.2327891790162944e-05 5.5148240441993408e+09 6.1627132733599376e+05 5.1510633998824730e+09 1.0912819329506032e+09 2.0078105053219857e+27 5.3462525875950098e+00 3.0000000000000000e+00 6.2830043724764117e+01
1.9826448520543816e+10 6.2327639882893635e-05 5.5147943255979261e+09 6.1627049708471098e+05 5.1510356415353680e+09 1.0912760521876757e+09 2.0350846327497373e+27 5.3703351928568939e+00 3.0000000000000000e+00 6.2829800372063026e+01
1.9915835417979568e+10 6.2327385700749688e-05 5.5147643386601877e+09 6.1626965933349053e+05 5.1510076325515432e+09 1.0912701183259399e+09 2.0627292071295447e+27 5.3945260924495964e+00 3.0000000000000000e+00 6.2829554835185583e+01
2.0005625313331207e+10 6.2327129223202642e-05 5.5147340809653950e+09 6.1626881401461130e+05 5.1509793706699371e+09 1.0912641308863742e+09 2.0907492589766888e+27 5.4188257708160812e+00 3.0000000000000000e+00 6.2829307094597844e+01
2.0095820023501713e+10 6.2326870429539223e-05 5.5147035500710611e+09 6.1626796105974494e+05 5.1509508536091719e+09 1.0912580893856697e+09 2.1191498870953606e+27 5.4432347145322240e+00 3.0000000000000000e+00 6.2829057130592751e+01
2.0186421373585506e+10 6.2326609298859846e-05 5.5146727435126762e+09 6.1626710039994051e+05 5.1509220790673018e+09 1.0912519933361220e+09 2.1479362595051872e+27 5.4677534123157470e+00 3.0000000000000000e+00 6.2828804923286242e+01
2.0277431196905399e+10 6.2326345810076022e-05 5.5146416588035707e+09 6.1626623196563334e+05 5.1508930447216721e+09 1.0912458422456942e+09 2.1771136143802537e+27 5.4923823550351720e+00 3.0000000000000000e+00 6.2828550452620064e+01
2.0368851335049667e+10 6.2326079941909862e-05 5.5146102934346418e+09 6.1626535568662221e+05 5.1508637482286901e+09 1.0912396356178544e+09 2.2066872610008666e+27 5.5171220357188107e+00 3.0000000000000000e+00 6.2828293698354592e+01
2.0460683637909336e+10 6.2325811672891290e-05 5.5145786448742189e+09 6.1626447149207862e+05 5.1508341872236729e+09 1.0912333729516432e+09 2.2366625807182587e+27 5.5419729495637968e+00 3.0000000000000000e+00 6.2828034640072453e+01
2.0552929963715603e+10 6.2325540981357120e-05 5.5145467105678501e+09 6.1626357931053336e+05 5.1508043593206577e+09 1.0912270537415783e+09 2.2670450279322924e+27 5.5669355939451233e+00 3.0000000000000000e+00 6.2827773257173824e+01
2.0645592179077435e+10 6.2325267845448712e-05 5.5145144879380684e+09 6.1626267906987411e+05 5.1507742621121902e+09 1.0912206774776375e+09 2.2978401310825020e+27 5.5920104684247418e+00 3.0000000000000000e+00 6.2827509528876419e+01
2.0738672159019348e+10 6.2324992243110980e-05 5.5144819743842182e+09 6.1626177069733525e+05 5.1507438931691570e+09 1.0912142436451874e+09 2.3290534936524823e+27 5.6171980747606671e+00 3.0000000000000000e+00 6.2827243434212171e+01
2.0832171787019348e+10 6.2324714152089551e-05 5.5144491672822037e+09 6.1626085411949712e+05 5.1507132500405464e+09 1.0912077517249770e+09 2.3606907951879465e+27 5.6424989169161259e+00 3.0000000000000000e+00 6.2826974952027591e+01
2.0926092955047035e+10 6.2324433549930110e-05 5.5144160639843121e+09 6.1625992926227394e+05 5.1506823302532940e+09 1.0912012011930552e+09 2.3927577923285769e+27 5.6679135010687398e+00 3.0000000000000000e+00 6.2826704060979829e+01
2.1020437563601898e+10 6.2324150413975717e-05 5.5143826618190203e+09 6.1625899605091731e+05 5.1506511313120909e+09 1.0911945915207925e+09 2.4252603198538229e+27 5.6934423356197277e+00 3.0000000000000000e+00 6.2826430739537976e+01
2.1115207521751762e+10 6.2323864721365536e-05 5.5143489580907650e+09 6.1625805441000313e+05 5.1506196506991692e+09 1.0911879221747918e+09 2.4582042917428870e+27 5.7190859312031410e+00 3.0000000000000000e+00 6.2826154965979363e+01
2.1210404747171421e+10 6.2323576449032774e-05 5.5143149500796671e+09 6.1625710426342255e+05 5.1505878858740587e+09 1.0911811926168230e+09 2.4915957022491221e+27 5.7448448006951498e+00 3.0000000000000000e+00 6.2825876718387292e+01
2.1306031166181450e+10 6.2323285573702821e-05 5.5142806350413980e+09 6.1625614553438430e+05 5.1505558342734509e+09 1.0911744023038394e+09 2.5254406269888972e+27 5.7707194592233293e+00 3.0000000000000000e+00 6.2825595974650987e+01
2.1402088713787167e+10 6.2322992071891370e-05 5.5142460102069283e+09 6.1625517814540444e+05 5.1505234933109589e+09 1.0911675506879067e+09 2.5597452240452918e+27 5.7967104241760001e+00 3.0000000000000000e+00 6.2825312712463521e+01
2.1498579333717808e+10 6.2322695919902858e-05 5.5142110727823124e+09 6.1625420201829867e+05 5.1504908603769302e+09 1.0911606372161486e+09 2.5945157350867331e+27 5.8228182152115959e+00 3.0000000000000000e+00 6.2825026909319206e+01
2.1595504978465843e+10 6.2322397093828093e-05 5.5141758199484568e+09 6.1625321707417909e+05 5.1504579328382158e+09 1.0911536613307230e+09 2.6297584865007547e+27 5.8490433542680504e+00 3.0000000000000000e+00 6.2824738542513060e+01
2.1692867609326496e+10 6.2322095569542572e-05 5.5141402488608894e+09 6.1625222323344555e+05 5.1504247080379686e+09 1.0911466224687629e+09 2.6654798905431317e+27 5.8753863655722283e+00 3.0000000000000000e+00 6.2824447589138003e+01
2.1790669196437424e+10 6.2321791322704644e-05 5.5141043566495247e+09 6.1625122041577776e+05 5.1503911832954187e+09 1.0911395200623195e+09 2.7016864465026364e+27 5.9018477756493866e+00 3.0000000000000000e+00 6.2824154026082965e+01
2.1888911718818581e+10 6.2321484328753293e-05 5.5140681404184885e+09 6.1625020854013576e+05 5.1503573559057007e+09 1.0911323535383668e+09 2.7383847418815017e+27 5.9284281133326546e+00 3.0000000000000000e+00 6.2823857830032786e+01
2.1987597164412277e+10 6.2321174562906382e-05 5.5140315972458315e+09 6.1624918752474664e+05 5.1503232231395960e+09 1.0911251223187070e+09 2.7755814535919014e+27 5.9551279097725658e+00 3.0000000000000000e+00 6.2823558977465005e+01
2.2086727530123386e+10 6.2320862000158779e-05 5.5139947241832705e+09 6.1624815728709544e+05 5.1502887822433014e+09 1.0911178258199074e+09 2.8132833491686774e+27 5.9819476984465947e+00 3.0000000000000000e+00 6.2823257444646444e+01
2.2186304821859772e+10 6.2320546615279962e-05 5.5139575182560816e+09 6.1624711774393241e+05 5.1502540304382973e+09 1.0911104634533517e+09 2.8514972879984490e+27 6.0088880151687531e+00 3.0000000000000000e+00 6.2822953207636431e+01
2.2286331054572857e+10 6.2320228382812268e-05 5.5139199764626637e+09 6.1624606881124666e+05 5.1502189649209795e+09 1.0911030346250534e+09 2.8902302225653835e+27 6.0359493980991932e+00 3.0000000000000000e+00 6.2822646242278367e+01
2.2386808252298420e+10 6.2319907277068982e-05 5.5138820957745275e+09 6.1624501040427922e+05 5.1501835828626137e+09 1.0910955387357497e+09 2.9294891997138794e+27 6.0631323877538552e+00 3.0000000000000000e+00 6.2822336524203969e+01
2.2487738448197529e+10 6.2319583272131885e-05 5.5138438731358643e+09 6.1624394243750162e+05 5.1501478814089489e+09 1.0910879751807497e+09 2.9692813619282990e+27 6.0904375270141458e+00 3.0000000000000000e+00 6.2822024028827322e+01
2.2589123684597698e+10 6.2319256341849505e-05 5.5138053054633560e+09 6.1624286482461193e+05 5.1501118576800547e+09 1.0910803433499060e+09 3.0096139486300755e+27 6.1178653611366380e+00 3.0000000000000000e+00 6.2821708731343577e+01
2.2690966013034206e+10 6.2318926459834937e-05 5.5137663896460171e+09 6.1624177747853659e+05 5.1500755087701406e+09 1.0910726426276295e+09 3.0504942974923895e+27 6.1454164377628109e+00 3.0000000000000000e+00 6.2821390606729537e+01
2.2793267494291607e+10 6.2318593599463768e-05 5.5137271225448465e+09 6.1624068031141348e+05 5.1500388317472572e+09 1.0910648723927693e+09 3.0919298457726189e+27 6.1730913069288240e+00 3.0000000000000000e+00 6.2821069629738979e+01
2.2896030198445446e+10 6.2318257733871824e-05 5.5136875009925594e+09 6.1623957323458465e+05 5.1500018236530409e+09 1.0910570320185609e+09 3.1339281316628968e+27 6.2008905210753067e+00 3.0000000000000000e+00 6.2820745774900473e+01
2.2999256204904129e+10 6.2317918835952927e-05 5.5136475217934504e+09 6.1623845615860005e+05 5.1499644815025673e+09 1.0910491208726544e+09 3.1764967956588885e+27 6.2288146350571916e+00 3.0000000000000000e+00 6.2820419016519338e+01
2.3102947602451004e+10 6.2317576878357332e-05 5.5136071817230406e+09 6.1623732899319730e+05 5.1499268022840500e+09 1.0910411383169711e+09 3.2196435819471889e+27 6.2568642061535789e+00 3.0000000000000000e+00 6.2820089328670186e+01
2.3207106489286640e+10 6.2317231833488679e-05 5.5135664775278349e+09 6.1623619164730213e+05 5.1498887829585991e+09 1.0910330837077067e+09 3.2633763398114128e+27 6.2850397940776235e+00 3.0000000000000000e+00 6.2819756685199152e+01
2.3311734973071270e+10 6.2316883673502405e-05 5.5135254059251213e+09 6.1623504402902164e+05 5.1498504204600277e+09 1.0910249563952847e+09 3.3077030250574582e+27 6.3133419609864569e+00 3.0000000000000000e+00 6.2819421059720462e+01
2.3416835170967442e+10 6.2316532370303309e-05 5.5134839636025858e+09 6.1623388604562683e+05 5.1498117116945086e+09 1.0910167557242324e+09 3.3526317014579377e+27 6.3417712714911483e+00 3.0000000000000000e+00 6.2819082425612386e+01
2.3522409209682865e+10 6.2316177895543244e-05 5.5134421472182379e+09 6.1623271760356426e+05 5.1497726535404835e+09 1.0910084810332651e+09 3.3981705422162537e+27 6.3703282926666729e+00 3.0000000000000000e+00 6.2818740756020368e+01
2.3628459225513439e+10 6.2315820220618939e-05 5.5133999533999214e+09 6.1623153860842600e+05 5.1497332428482304e+09 1.0910001316550725e+09 3.4443278314504916e+27 6.3990135940619401e+00 3.0000000000000000e+00 6.2818396023848493e+01
2.3734987364386490e+10 6.2315459316669797e-05 5.5133573787452240e+09 6.1623034896495845e+05 5.1496934764397631e+09 1.0909917069163826e+09 3.4911119656973785e+27 6.4278277477098360e+00 3.0000000000000000e+00 6.2818048201762224e+01
2.3841995781904182e+10 6.2315095154575356e-05 5.5133144198211441e+09 6.1622914857705077e+05 5.1496533511085167e+09 1.0909832061378801e+09 3.5385314554366465e+27 6.4567713281372887e+00 3.0000000000000000e+00 6.2817697262184886e+01
2.3949486643387138e+10 6.2314727704953249e-05 5.5132710731637650e+09 6.1622793734772061e+05 5.1496128636190653e+09 1.0909746286341054e+09 3.5865949266359937e+27 6.4858449123753861e+00 3.0000000000000000e+00 6.2817343177293843e+01
2.4057462123918266e+10 6.2314356938156441e-05 5.5132273352780581e+09 6.1622671517911507e+05 5.1495720107069044e+09 1.0909659737134628e+09 3.6353111223170116e+27 6.5150490799695069e+00 3.0000000000000000e+00 6.2816985919021370e+01
2.4165924408386765e+10 6.2313982824271347e-05 5.5131832026375761e+09 6.1622548197249882e+05 5.1495307890781975e+09 1.0909572406781359e+09 3.6846889041422858e+27 6.5443844129894844e+00 3.0000000000000000e+00 6.2816625459050194e+01
2.4274875691532326e+10 6.2313605333115120e-05 5.5131386716841459e+09 6.1622423762824503e+05 5.1494891954094734e+09 1.0909484288240247e+09 3.7347372540239843e+27 6.5738514960398087e+00 3.0000000000000000e+00 6.2816261768811806e+01
2.4384318177989559e+10 6.2313224434233335e-05 5.5130937388276119e+09 6.1622298204582813e+05 5.1494472263473797e+09 1.0909395374406946e+09 3.7854652757542471e+27 6.6034509162698480e+00 3.0000000000000000e+00 6.2815894819484740e+01
2.4494254082332603e+10 6.2312840096897574e-05 5.5130484004455891e+09 6.1622171512382198e+05 5.1494048785084686e+09 1.0909305658113639e+09 3.8368821966576405e+27 6.6331832633841090e+00 3.0000000000000000e+00 6.2815524581993024e+01
2.4604685629119919e+10 6.2312452290103071e-05 5.5130026528830748e+09 6.1622043675987865e+05 5.1493621484788227e+09 1.0909215132127550e+09 3.8889973692659740e+27 6.6630491296525207e+00 3.0000000000000000e+00 6.2815151027001257e+01
2.4715615052939331e+10 6.2312060982565740e-05 5.5129564924522381e+09 6.1621914685073378e+05 5.1493190328138618e+09 1.0909123789151311e+09 3.9418202730158032e+27 6.6930491099207581e+00 3.0000000000000000e+00 6.2814774124915921e+01
2.4827044598453217e+10 6.2311666142720365e-05 5.5129099154320879e+09 6.1621784529218776e+05 5.1492755280380344e+09 1.0909031621821656e+09 3.9953605159688946e+27 6.7231838016205785e+00 3.0000000000000000e+00 6.2814393845879934e+01
2.4938976520443954e+10 6.2311267738717800e-05 5.5128629180682058e+09 6.1621653197910334e+05 5.1492316306445646e+09 1.0908938622709246e+09 4.0496278365560305e+27 6.7534538047802064e+00 3.0000000000000000e+00 6.2814010159772110e+01
2.5051413083859520e+10 6.2310865738422186e-05 5.5128154965724382e+09 6.1621520680539822e+05 5.1491873370951662e+09 1.0908844784318154e+09 4.1046321053443476e+27 6.7838597220347348e+00 3.0000000000000000e+00 6.2813623036205065e+01
2.5164356563859348e+10 6.2310460109408721e-05 5.5127676471225624e+09 6.1621386966403015e+05 5.1491426438197374e+09 1.0908750099084811e+09 4.1603833268286554e+27 6.8144021586365673e+00 3.0000000000000000e+00 6.2813232444521425e+01
2.5277809245860348e+10 6.2310050818960888e-05 5.5127193658620214e+09 6.1621252044699341e+05 5.1490975472160950e+09 1.0908654559377780e+09 4.2168916412469949e+27 6.8450817224658689e+00 3.0000000000000000e+00 6.2812838353792607e+01
2.5391773425583157e+10 6.2309637834067846e-05 5.5126706488996143e+09 6.1621115904531139e+05 5.1490520436497087e+09 1.0908558157497213e+09 4.2741673264207203e+27 6.8758990240410816e+00 3.0000000000000000e+00 6.2812440732816746e+01
2.5506251409098598e+10 6.2309221121422173e-05 5.5126214923091688e+09 6.1620978534902097e+05 5.1490061294533758e+09 1.0908460885673771e+09 4.3322207996195700e+27 6.9068546765294299e+00 3.0000000000000000e+00 6.2812039550114378e+01
2.5621245512874332e+10 6.2308800647416313e-05 5.5125718921292267e+09 6.1620839924717252e+05 5.1489598009269400e+09 1.0908362736068623e+09 4.3910626194519441e+27 6.9379492957574849e+00 3.0000000000000000e+00 6.2811634773928972e+01
2.5736758063821743e+10 6.2308376378141002e-05 5.5125218443627644e+09 6.1620700062781409e+05 5.1489130543370209e+09 1.0908263700772331e+09 4.4507034877806887e+27 6.9691835002217370e+00 3.0000000000000000e+00 6.2811226372221675e+01
2.5852791399343025e+10 6.2307948279381707e-05 5.5124713449768171e+09 6.1620558937798464e+05 5.1488658859166718e+09 1.0908163771804388e+09 4.5111542516649819e+27 7.0005579110992198e+00 3.0000000000000000e+00 6.2810814312670338e+01
2.5969347867378464e+10 6.2307516316616372e-05 5.5124203899022160e+09 6.1620416538370657e+05 5.1488182918651285e+09 1.0908062941112688e+09 4.5724259053283059e+27 7.0320731522581399e+00 3.0000000000000000e+00 6.2810398562666940e+01
2.6086429826453960e+10 6.2307080455012415e-05 5.5123689750332336e+09 6.1620272852997505e+05 5.1487702683474751e+09 1.0907961200572774e+09 4.6345295921532067e+27 7.0637298502685457e+00 3.0000000000000000e+00 6.2809979089314808e+01
2.6204039645728760e+10 6.2306640659424176e-05 5.5123170962272263e+09 6.1620127870074497e+05 5.1487218114943285e+09 1.0907858541986935e+09 4.6974766067029440e+27 7.0955286344130331e+00 3.0000000000000000e+00 6.2809555859425053e+01
2.6322179705043373e+10 6.2306196894389745e-05 5.5122647493044138e+09 6.1619981577893416e+05 5.1486729174015999e+09 1.0907754957084434e+09 4.7612783967705547e+27 7.1274701366974575e+00 3.0000000000000000e+00 6.2809128839517662e+01
2.6440852394967754e+10 6.2305749124128582e-05 5.5122119300474043e+09 6.1619833964639716e+05 5.1486235821300840e+09 1.0907650437519653e+09 4.8259465654556239e+27 7.1595549918617074e+00 3.0000000000000000e+00 6.2808697995813823e+01
2.6560060116849659e+10 6.2305297312538447e-05 5.5121586342009974e+09 6.1619685018393002e+05 5.1485738017052488e+09 1.0907544974872451e+09 4.8914928732691677e+27 7.1917838373904637e+00 3.0000000000000000e+00 6.2808263294237804e+01
2.6679805282863247e+10 6.2304841423192411e-05 5.5121048574717016e+09 6.1619534727124940e+05 5.1485235721168137e+09 1.0907438560646687e+09 4.9579292402669727e+27 7.2241573135240307e+00 3.0000000000000000e+00 6.2807824700410777e+01
2.6800090316057873e+10 6.2304381419336170e-05 5.5120505955275269e+09 6.1619383078699186e+05 5.1484728893185205e+09 1.0907331186270175e+09 5.0252677482118125e+27 7.2566760632691576e+00 3.0000000000000000e+00 6.2807382179651007e+01
2.6920917650407146e+10 6.2303917263885076e-05 5.5119958439975767e+09 6.1619230060870061e+05 5.1484217492277870e+09 1.0907222843093770e+09 5.0935206427649424e+27 7.2893407324099204e+00 3.0000000000000000e+00 6.2806935696969717e+01
2.7042289730858162e+10 6.2303448919420954e-05 5.5119405984716835e+09 6.1619075661281310e+05 5.1483701477253351e+09 1.0907113522390471e+09 5.1627003357071864e+27 7.3221519695185995e+00 3.0000000000000000e+00 6.2806485217068591e+01
2.7164209013380974e+10 6.2302976348189499e-05 5.5118848545001373e+09 6.1618919867465855e+05 5.1483180806549606e+09 1.0907003215355284e+09 5.2328194071901196e+27 7.3551104259666147e+00 3.0000000000000000e+00 6.2806030704338006e+01
2.7286677965018303e+10 6.2302499512096874e-05 5.5118286075931864e+09 6.1618762666843529e+05 5.1482655438230667e+09 1.0906891913103602e+09 5.3038906080177197e+27 7.3882167559354617e+00 3.0000000000000000e+00 6.2805572122851636e+01
2.7409699063935452e+10 6.2302018372706989e-05 5.5117718532208853e+09 6.1618604046721803e+05 5.1482125329984941e+09 1.0906779606671746e+09 5.3759268619587860e+27 7.4214716164276995e+00 3.0000000000000000e+00 6.2805109436368198e+01
2.7533274799470444e+10 6.2301532891238323e-05 5.5117145868125324e+09 6.1618443994292943e+05 5.1481590439120350e+09 1.0906666287014952e+09 5.4489412680907708e+27 7.4548756672779435e+00 3.0000000000000000e+00 6.2804642608323604e+01
2.7657407672184414e+10 6.2301043028560775e-05 5.5116568037564421e+09 6.1618282496634312e+05 5.1481050722561903e+09 1.0906551945007601e+09 5.5229471031752061e+27 7.4884295711638993e+00 3.0000000000000000e+00 6.2804171601832024e+01
2.7782100193912182e+10 6.2300548745192782e-05 5.5115984993995399e+09 6.1618119540706766e+05 5.1480506136848040e+09 1.0906436571442080e+09 5.5979578240653151e+27 7.5221339936174134e+00 3.0000000000000000e+00 6.2803696379681085e+01
2.7907354887813103e+10 6.2300050001297668e-05 5.5115396690469580e+09 6.1617955113353743e+05 5.1479956638126879e+09 1.0906320157028165e+09 5.6739870701461714e+27 7.5559896030355622e+00 3.0000000000000000e+00 6.2803216904329958e+01
2.8033174288422108e+10 6.2299546756681171e-05 5.5114803079617462e+09 6.1617789201300289e+05 5.1479402182153349e+09 1.0906202692392333e+09 5.7510486658078705e+27 7.5899970706917568e+00 3.0000000000000000e+00 6.2802733137906301e+01
2.8159560941701004e+10 6.2299038970787678e-05 5.5114204113643951e+09 6.1617621791151701e+05 5.1478842724285021e+09 1.0906084168076799e+09 5.8291566229521388e+27 7.6241570707468842e+00 3.0000000000000000e+00 6.2802245042202699e+01
2.8286517405089973e+10 6.2298526602697272e-05 5.5113599744325018e+09 6.1617452869392466e+05 5.1478278219478769e+09 1.0905964574538798e+09 5.9083251435328315e+27 7.6584702802604516e+00 3.0000000000000000e+00 6.2801752578673593e+01
2.8414046247559338e+10 6.2298009611122410e-05 5.5112989923004513e+09 6.1617282422385900e+05 5.1477708622287741e+09 1.0905843902150328e+09 5.9885686221307816e+27 7.6929373792017843e+00 3.0000000000000000e+00 6.2801255708434887e+01
2.8542150049661549e+10 6.2297487954404601e-05 5.5112374600589294e+09 6.1617110436372180e+05 5.1477133886857042e+09 1.0905722141196756e+09 6.0699016485635342e+27 7.7275590504612417e+00 3.0000000000000000e+00 6.2800754392257780e+01
2.8670831403583378e+10 6.2296961590511293e-05 5.5111753727545624e+09 6.1616936897467286e+05 5.1476553966920242e+09 1.0905599281876111e+09 6.1523390105302477e+27 7.7623359798614420e+00 3.0000000000000000e+00 6.2800248590566405e+01
2.8800092913198395e+10 6.2296430477032209e-05 5.5111127253896065e+09 6.1616761791662965e+05 5.1475968815796404e+09 1.0905475314299033e+09 6.2358956962924956e+27 7.7972688561685306e+00 3.0000000000000000e+00 6.2799738263437639e+01
2.8929937194119648e+10 6.2295894571176168e-05 5.5110495129213905e+09 6.1616585104823811e+05 5.1475378386385002e+09 1.0905350228486741e+09 6.3205868973911844e+27 7.8323583711034601e+00 3.0000000000000000e+00 6.2799223370593275e+01
2.9060366873752590e+10 6.2295353829767703e-05 5.5109857302620878e+09 6.1616406822687923e+05 5.1474782631163721e+09 1.0905224014371507e+09 6.4064280114002895e+27 7.8676052193533108e+00 3.0000000000000000e+00 6.2798703871401578e+01
2.9191384591348251e+10 6.2294808209243654e-05 5.5109213722782183e+09 6.1616226930864737e+05 5.1474181502183809e+09 1.0905096661795127e+09 6.4934346447177926e+27 7.9030100985826222e+00 3.0000000000000000e+00 6.2798179724871353e+01
2.9322992998056633e+10 6.2294257665649529e-05 5.5108564337902374e+09 6.1616045414833934e+05 5.1473574951066322e+09 1.0904968160508161e+09 6.5816226153943496e+27 7.9385737094447419e+00 3.0000000000000000e+00 6.2797650889649461e+01
2.9455194756980362e+10 6.2293702154636146e-05 5.5107909095721807e+09 6.1615862259944784e+05 5.1472962928998661e+09 1.0904838500169482e+09 6.6710079560002182e+27 7.9742967555932305e+00 3.0000000000000000e+00 6.2797117324018473e+01
2.9587992543228573e+10 6.2293141631456097e-05 5.5107247943511982e+09 6.1615677451414382e+05 5.1472345386730318e+09 1.0904707670345044e+09 6.7616069165308508e+27 8.0101799436932382e+00 3.0000000000000000e+00 6.2796578985892381e+01
2.9721389043971050e+10 6.2292576050960235e-05 5.5106580828071918e+09 6.1615490974327037e+05 5.1471722274569454e+09 1.0904575660507450e+09 6.8534359673519195e+27 8.0462239834329612e+00 3.0000000000000000e+00 6.2796035832814475e+01
2.9855386958492596e+10 6.2292005367594098e-05 5.5105907695722923e+09 6.1615302813632088e+05 5.1471093542378130e+09 1.0904442460034435e+09 6.9465118021840095e+27 8.0824295875350920e+00 3.0000000000000000e+00 6.2795487821951568e+01
2.9989988998247635e+10 6.2291429535394046e-05 5.5105228492306013e+09 6.1615112954144389e+05 5.1470459139569616e+09 1.0904308058209205e+09 7.0408513411276787e+27 8.1187974717682625e+00 3.0000000000000000e+00 6.2794934910095961e+01
3.0125197886915119e+10 6.2290848507984078e-05 5.5104543163175650e+09 6.1614921380540985e+05 5.1469819015102940e+09 1.0904172444218116e+09 7.1364717337294662e+27 8.1553283549585931e+00 3.0000000000000000e+00 6.2794377053655076e+01
3.0261016360453598e+10 6.2290262238571490e-05 5.5103851653197556e+09 6.1614728077362315e+05 5.1469173117480383e+09 1.0904035607151520e+09 7.2333903620892909e+27 8.1920229590011679e+00 3.0000000000000000e+00 6.2793814208656237e+01
3.0397447167156609e+10 6.2289670679943981e-05 5.5103153906742287e+09 6.1614533029008401e+05 5.1468521394741945e+09 1.0903897536001093e+09 7.3316248440097851e+27 8.2288820088716061e+00 3.0000000000000000e+00 6.2793246330735222e+01
3.0534493067708286e+10 6.2289073784465313e-05 5.5102449867682037e+09 6.1614336219739192e+05 5.1467863794462013e+09 1.0903758219660091e+09 7.4311930361883187e+27 8.2659062326376045e+00 3.0000000000000000e+00 6.2792673375137781e+01
3.0672156835239212e+10 6.2288471504071569e-05 5.5101739479386616e+09 6.1614137633673754e+05 5.1467200263745699e+09 1.0903617646922789e+09 7.5321130374520534e+27 8.3030963614705424e+00 3.0000000000000000e+00 6.2792095296717207e+01
3.0810441255382538e+10 6.2287863790267810e-05 5.5101022684717283e+09 6.1613937254786864e+05 5.1466530749223251e+09 1.0903475806482081e+09 7.6344031920367057e+27 8.3404531296570710e+00 3.0000000000000000e+00 6.2791512049925217e+01
3.0949349126330353e+10 6.2287250594123464e-05 5.5100299426024094e+09 6.1613735066910274e+05 5.1465855197047319e+09 1.0903332686930397e+09 7.7380820929096637e+27 8.3779772746107479e+00 3.0000000000000000e+00 6.2790923588815559e+01
3.1088883258890305e+10 6.2286631866269234e-05 5.5099569645140324e+09 6.1613531053729635e+05 5.1465173552887821e+09 1.0903188276757536e+09 7.8431685851379837e+27 8.4156695368836800e+00 3.0000000000000000e+00 6.2790329867035247e+01
3.1229046476542477e+10 6.2286007556892659e-05 5.5098833283378096e+09 6.1613325198783982e+05 5.1464485761927996e+09 1.0903042564350317e+09 7.9496817693018736e+27 8.4535306601782008e+00 3.0000000000000000e+00 6.2789730837823733e+01
3.1369841615496521e+10 6.2285377615734408e-05 5.5098090281523561e+09 6.1613117485463945e+05 5.1463791768859797e+09 1.0902895537991331e+09 8.0576410049542760e+27 8.4915613913585375e+00 3.0000000000000000e+00 6.2789126454007480e+01
3.1511271524749039e+10 6.2284741992084367e-05 5.5097340579832516e+09 6.1612907897010678e+05 5.1463091517879801e+09 1.0902747185858192e+09 8.1670659141272041e+27 8.5297624804625354e+00 3.0000000000000000e+00 6.2788516667997449e+01
3.1653339066141251e+10 6.2284100634777274e-05 5.5096584118025808e+09 6.1612696416514879e+05 5.1462384952684860e+09 1.0902597496022868e+09 8.2779763848854676e+27 8.5681346807133760e+00 3.0000000000000000e+00 6.2787901431786537e+01
3.1796047114416897e+10 6.2283453492188829e-05 5.5095820835284376e+09 6.1612483026915160e+05 5.1461672016467543e+09 1.0902446456450541e+09 8.3903925749283356e+27 8.6066787485313192e+00 3.0000000000000000e+00 6.2787280696945139e+01
3.1939398557280392e+10 6.2282800512232075e-05 5.5095050670244255e+09 6.1612267710996047e+05 5.1460952651911507e+09 1.0902294054998202e+09 8.5043349152399068e+27 8.6453954435454605e+00 3.0000000000000000e+00 6.2786654414615271e+01
3.2083396295455288e+10 6.2282141642352440e-05 5.5094273560991983e+09 6.1612050451387605e+05 5.1460226801187181e+09 1.0902140279414408e+09 8.6198241137886932e+27 8.6842855286055247e+00 3.0000000000000000e+00 6.2786022535510249e+01
3.2228043242742943e+10 6.2281476829524184e-05 5.5093489445059652e+09 6.1611831230563368e+05 5.1459494405947046e+09 1.0901985117337840e+09 8.7368811592773017e+27 8.7233497697936482e+00 3.0000000000000000e+00 6.2785385009908943e+01
3.2373342326081501e+10 6.2280806020245956e-05 5.5092698259420519e+09 6.1611610030839732e+05 5.1458755407321568e+09 1.0901828556296875e+09 8.8555273249425956e+27 8.7625889364362024e+00 3.0000000000000000e+00 6.2784741787653907e+01
3.2519296485605106e+10 6.2280129160536738e-05 5.5091899940482664e+09 6.1611386834373069e+05 5.1458009745913486e+09 1.0901670583707583e+09 8.9757841724072947e+27 8.8020038011156174e+00 3.0000000000000000e+00 6.2784092818143485e+01
3.2665908674703407e+10 6.2279446195931526e-05 5.5091094424085789e+09 6.1611161623160029e+05 5.1457257361794491e+09 1.0901511186873932e+09 9.0976735555834868e+27 8.8415951396822408e+00 3.0000000000000000e+00 6.2783438050333238e+01
3.2813181860081306e+10 6.2278757071476746e-05 5.5090281645494881e+09 6.1610934379035118e+05 5.1456498194499512e+09 1.0901350352986119e+09 9.2212176246289482e+27 8.8813637312661893e+00 3.0000000000000000e+00 6.2782777432729098e+01
3.2961119021819004e+10 6.2278061731726151e-05 5.5089461539395237e+09 6.1610705083669233e+05 5.1455732183022070e+09 1.0901188069119539e+09 9.3464388299567580e+27 8.9213103582892295e+00 3.0000000000000000e+00 6.2782110913383200e+01
3.3109723153432297e+10 6.2277360120736698e-05 5.5088634039887934e+09 6.1610473718568403e+05 5.1454959265809965e+09 1.0901024322233908e+09 9.4733599262991491e+27 8.9614358064766773e+00 3.0000000000000000e+00 6.2781438439890842e+01
3.3258997261933140e+10 6.2276652182063628e-05 5.5087799080484447e+09 6.1610240265072696e+05 5.1454179380760279e+09 1.0900859099172521e+09 9.6020039768261157e+27 9.0017408648692978e+00 3.0000000000000000e+00 6.2780759959387417e+01
3.3408944367890518e+10 6.2275937858756255e-05 5.5086956594100742e+09 6.1610004704353749e+05 5.1453392465213909e+09 1.0900692386660521e+09 9.7323943573197647e+27 9.0422263258352462e+00 3.0000000000000000e+00 6.2780075418541855e+01
3.3559567505491539e+10 6.2275217093353422e-05 5.5086106513053274e+09 6.1609767017414630e+05 5.1452598455951681e+09 1.0900524171304810e+09 9.8645547604047669e+27 9.0828929850819655e+00 3.0000000000000000e+00 6.2779384763556209e+01
3.3710869722602856e+10 6.2274489827879030e-05 5.5085248769052105e+09 6.1609527185086650e+05 5.1451797289188166e+09 1.0900354439591835e+09 9.9985091998362395e+27 9.1237416416681842e+00 3.0000000000000000e+00 6.2778687940157177e+01
3.3862854080832321e+10 6.2273756003837499e-05 5.5084383293197327e+09 6.1609285188029613e+05 5.1450988900568056e+09 1.0900183177887764e+09 1.0134282014845190e+28 9.1647730980158499e+00 3.0000000000000000e+00 6.2777984893596617e+01
3.4015523655590950e+10 6.2273015562208970e-05 5.5083510015971756e+09 6.1609041006728611e+05 5.1450173225159683e+09 1.0900010372436254e+09 1.0271897874542772e+28 9.2059881599220983e+00 3.0000000000000000e+00 6.2777275568642786e+01
3.4168881536155148e+10 6.2272268443444668e-05 5.5082628867237177e+09 6.1608794621493900e+05 5.1449350197451067e+09 1.0899836009358377e+09 1.0411381782383881e+28 9.2473876365712613e+00 3.0000000000000000e+00 6.2776559909581067e+01
3.4322930825729221e+10 6.2271514587462567e-05 5.5081739776227846e+09 6.1608546012458322e+05 5.1448519751344242e+09 1.0899660074650826e+09 1.0552759080691166e+28 9.2889723405468452e+00 3.0000000000000000e+00 6.2775837860205527e+01
3.4477674641508179e+10 6.2270753933641942e-05 5.5080842671545124e+09 6.1608295159576344e+05 5.1447681820150032e+09 1.0899482554185250e+09 1.0696055455239769e+28 9.3307430878435635e+00 3.0000000000000000e+00 6.2775109363817670e+01
3.4633116114740784e+10 6.2269986420819521e-05 5.5079937481151829e+09 6.1608042042621714e+05 5.1446836336582975e+09 1.0899303433706615e+09 1.0841296939904231e+28 9.3727006978793153e+00 3.0000000000000000e+00 6.2774374363218918e+01
3.4789258390792953e+10 6.2269211987283762e-05 5.5079024132367239e+09 6.1607786641187081e+05 5.1445983232756262e+09 1.0899122698832977e+09 1.0988509921367932e+28 9.4148459935072566e+00 3.0000000000000000e+00 6.2773632800711084e+01
3.4946104629211380e+10 6.2268430570770519e-05 5.5078102551860075e+09 6.1607528934680833e+05 5.1445122440175667e+09 1.0898940335053246e+09 1.1137721143896044e+28 9.4571798010278236e+00 3.0000000000000000e+00 6.2772884618086785e+01
3.5103658003787453e+10 6.2267642108458071e-05 5.5077172665644112e+09 6.1607268902326724e+05 5.1444253889735136e+09 1.0898756327726958e+09 1.1288957714172938e+28 9.4997029502007546e+00 3.0000000000000000e+00 6.2772129756628694e+01
3.5261921702621513e+10 6.2266846536962101e-05 5.5076234399071903e+09 6.1607006523161801e+05 5.1443377511710968e+09 1.0898570662082834e+09 1.1442247106204868e+28 9.5424162742571799e+00 3.0000000000000000e+00 6.2771368157104284e+01
3.5420898928187340e+10 6.2266043792330591e-05 5.5075287676828337e+09 6.1606741776034306e+05 5.1442493235755892e+09 1.0898383323217318e+09 1.1597617166288612e+28 9.5853206099116672e+00 3.0000000000000000e+00 6.2770599759760074e+01
3.5580592897396973e+10 6.2265233810039039e-05 5.5074332422925453e+09 6.1606474639602471e+05 5.1441600990894213e+09 1.0898194296093745e+09 1.1755096118047360e+28 9.6284167973742907e+00 3.0000000000000000e+00 6.2769824504318187e+01
3.5741006841665787e+10 6.2264416524985034e-05 5.5073368560696821e+09 6.1606205092333280e+05 5.1440700705516319e+09 1.0898003565541501e+09 1.1914712567534352e+28 9.6717056803627095e+00 3.0000000000000000e+00 6.2769042329973857e+01
3.5902144006977875e+10 6.2263591871483692e-05 5.5072396012790051e+09 6.1605933112499095e+05 5.1439792307372169e+09 1.0897811116253650e+09 1.2076495508405311e+28 9.7151881061142440e+00 3.0000000000000000e+00 6.2768253175385063e+01
3.6064007653951775e+10 6.2262759783261908e-05 5.5071414701162663e+09 6.1605658678178024e+05 5.1438875723566923e+09 1.0897616932787242e+09 1.2240474327160835e+28 9.7588649253979760e+00 3.0000000000000000e+00 6.2767456978674900e+01
3.6226601057906380e+10 6.2261920193453383e-05 5.5070424547074490e+09 6.1605381767250667e+05 5.1437950880554171e+09 1.0897420999561009e+09 1.2406678808459157e+28 9.8027369925268086e+00 3.0000000000000000e+00 6.2766653677422219e+01
3.6389927508927284e+10 6.2261073034593461e-05 5.5069425471082153e+09 6.1605102357398858e+05 5.1437017704130669e+09 1.0897223300854530e+09 1.2575139140500866e+28 9.8468051653696094e+00 3.0000000000000000e+00 6.2765843208658261e+01
3.6553990311933311e+10 6.2260218238613572e-05 5.5068417393032799e+09 6.1604820426103985e+05 5.1436076119430456e+09 1.0897023820807054e+09 1.2745885920485935e+28 9.8910703053632645e+00 3.0000000000000000e+00 6.2765025508862614e+01
3.6718792786743393e+10 6.2259355736836298e-05 5.5067400232057858e+09 6.1604535950645013e+05 5.1435126050919161e+09 1.0896822543416135e+09 1.2918950160144479e+28 9.9355332775247920e+00 3.0000000000000000e+00 6.2764200513957036e+01
3.6884338268143776e+10 6.2258485459969518e-05 5.5066373906566811e+09 6.1604248908096948e+05 5.1434167422387962e+09 1.0896619452536578e+09 1.3094363291342054e+28 9.9801949504634635e+00 3.0000000000000000e+00 6.2763368159302743e+01
3.7050630105955475e+10 6.2257607338101127e-05 5.5065338334240475e+09 6.1603959275328694e+05 5.1433200156947498e+09 1.0896414531878958e+09 1.3272157171760381e+28 1.0025056196392878e+01 3.0000000000000000e+00 6.2762528379693663e+01
3.7217671665102058e+10 6.2256721300693837e-05 5.5064293432024813e+09 6.1603667029001121e+05 5.1432224177022057e+09 1.0896207765008259e+09 1.3452364090654813e+28 1.0070117891143095e+01 3.0000000000000000e+00 6.2761681109351493e+01
3.7385466325677750e+10 6.2255827276579061e-05 5.5063239116124678e+09 6.1603372145565972e+05 5.1431239404343634e+09 1.0895999135343163e+09 1.3635016774689216e+28 1.0115380914172716e+01 3.0000000000000000e+00 6.2760826281923265e+01
3.7554017483015816e+10 6.2254925193951742e-05 5.5062175301996784e+09 6.1603074601263017e+05 5.1430245759945431e+09 1.0895788626154053e+09 1.3820148393849638e+28 1.0160846148581006e+01 3.0000000000000000e+00 6.2759963830473531e+01
3.7723328547757263e+10 6.2254014980364907e-05 5.5061101904343653e+09 6.1602774372118735e+05 5.1429243164156294e+09 1.0895576220562112e+09 1.4007792567437487e+28 1.0206514481119978e+01 3.0000000000000000e+00 6.2759093687480217e+01
3.7893402945919884e+10 6.2253096562723436e-05 5.5060018837106409e+09 6.1602471433944162e+05 5.1428231536593800e+09 1.0895361901537836e+09 1.4197983370143642e+28 1.0252386802206514e+01 3.0000000000000000e+00 6.2758215784830192e+01
3.8064244118967537e+10 6.2252169867278595e-05 5.5058926013458395e+09 6.1602165762333130e+05 5.1427210796158457e+09 1.0895145651899819e+09 1.4390755338204213e+28 1.0298464005934440e+01 3.0000000000000000e+00 6.2757330053813511e+01
3.8235855523879829e+10 6.2251234819622362e-05 5.5057823345798864e+09 6.1601857332660654e+05 5.1426180861027651e+09 1.0894927454313660e+09 1.4586143475639438e+28 1.0344746990086634e+01 3.0000000000000000e+00 6.2756436425119894e+01
3.8408240633222023e+10 6.2250291344681421e-05 5.5056710745744896e+09 6.1601546120079886e+05 5.1425141648648291e+09 1.0894707291289816e+09 1.4784183260576331e+28 1.0391236656147109e+01 3.0000000000000000e+00 6.2755534828830342e+01
3.8581402935215347e+10 6.2249339366711619e-05 5.5055588124125900e+09 6.1601232099521277e+05 5.1424093075731564e+09 1.0894485145183074e+09 1.4984910651656827e+28 1.0437933909313092e+01 3.0000000000000000e+00 6.2754625194414196e+01
3.8755345933807571e+10 6.2248378809291217e-05 5.5054455390976038e+09 6.1600915245690453e+05 5.1423035058245697e+09 1.0894260998191066e+09 1.5188362094531957e+28 1.0484839658507122e+01 3.0000000000000000e+00 6.2753707450725621e+01
3.8930073148743866e+10 6.2247409595316041e-05 5.5053312455527096e+09 6.1600595533065358e+05 5.1421967511409674e+09 1.0894034832352283e+09 1.5394574528443612e+28 1.0531954816389078e+01 3.0000000000000000e+00 6.2752781525993434e+01
3.9105588115638084e+10 6.2246431646992563e-05 5.5052159226201410e+09 6.1600272935894853e+05 5.1420890349686375e+09 1.0893806629545140e+09 1.5603585392894919e+28 1.0579280299368289e+01 3.0000000000000000e+00 6.2751847347819286e+01
3.9281894386044273e+10 6.2245444885832110e-05 5.5050995610605373e+09 6.1599947428196948e+05 5.1419803486776485e+09 1.0893576371486742e+09 1.5815432634410392e+28 1.0626817027615552e+01 3.0000000000000000e+00 6.2750904843172322e+01
3.9458995527528542e+10 6.2244449232644948e-05 5.5049821515521603e+09 6.1599618983755982e+05 5.1418706835611277e+09 1.0893344039730945e+09 1.6030154713387194e+28 1.0674565925075193e+01 3.0000000000000000e+00 6.2749953938381658e+01
3.9636895123741264e+10 6.2243444607533427e-05 5.5048636846902199e+09 6.1599287576121674e+05 5.1417600308346300e+09 1.0893109615667703e+09 1.6247790611038502e+28 1.0722527919477100e+01 3.0000000000000000e+00 6.2748994559134289e+01
3.9815596774489578e+10 6.2242430929886750e-05 5.5047441509860792e+09 6.1598953178605367e+05 5.1416483816353989e+09 1.0892873080520480e+09 1.6468379836430480e+28 1.0770703942348733e+01 3.0000000000000000e+00 6.2748026630464523e+01
3.9995104095810234e+10 6.2241408118373598e-05 5.5046235408665800e+09 6.1598615764279477e+05 5.1415357270217180e+09 1.0892634415345876e+09 1.6691962433613788e+28 1.0819094929027152e+01 3.0000000000000000e+00 6.2747050076753446e+01
4.0175420720042763e+10 6.2240376090936579e-05 5.5045018446732845e+09 6.1598275305974600e+05 5.1414220579722319e+09 1.0892393601031637e+09 1.6918578988851354e+28 1.0867701818670998e+01 3.0000000000000000e+00 6.2746064821720324e+01
4.0356550295902992e+10 6.2239334764785430e-05 5.5043790526617069e+09 6.1597931776277395e+05 5.1413073653852015e+09 1.0892150618295190e+09 1.7148270637943056e+28 1.0916525554272484e+01 3.0000000000000000e+00 6.2745070788417756e+01
4.0538496488556854e+10 6.2238284056390683e-05 5.5042551550005741e+09 6.1597585147528490e+05 5.1411916400778332e+09 1.0891905447682219e+09 1.7381079073649351e+28 1.0965567082669361e+01 3.0000000000000000e+00 6.2744067899225776e+01
4.0721262979694565e+10 6.2237223881477018e-05 5.5041301417710609e+09 6.1597235391820408e+05 5.1410748727855539e+09 1.0891658069565220e+09 1.7617046553214514e+28 1.1014827354556871e+01 3.0000000000000000e+00 6.2743056075846624e+01
4.0904853467605133e+10 6.2236154155016678e-05 5.5040040029660301e+09 6.1596882480995334e+05 5.1409570541612968e+09 1.0891408464141991e+09 1.7856215905991154e+28 1.1064307324499680e+01 3.0000000000000000e+00 6.2742035239299007e+01
4.1089271667251160e+10 6.2235074791223280e-05 5.5038767284892473e+09 6.1596526386642526e+05 5.1408381747747850e+09 1.0891156611433830e+09 1.8098630541167476e+28 1.1114007950943799e+01 3.0000000000000000e+00 6.2741005309910591e+01
4.1274521310344055e+10 6.2233985703544597e-05 5.5037483081546297e+09 6.1596167080096737e+05 5.1407182251118155e+09 1.0890902491284468e+09 1.8344334455598221e+28 1.1163930196228478e+01 3.0000000000000000e+00 6.2739966207314623e+01
4.1460606145419525e+10 6.2232886804655679e-05 5.5036187316853743e+09 6.1595804532435164e+05 5.1405971955734425e+09 1.0890646083357961e+09 1.8593372241741201e+28 1.1214075026598083e+01 3.0000000000000000e+00 6.2738917850441986e+01
4.1647529937913406e+10 6.2231778006452876e-05 5.5034879887132702e+09 6.1595438714475697e+05 5.1404750764753542e+09 1.0890387367137504e+09 1.8845789095700332e+28 1.1264443412213957e+01 3.0000000000000000e+00 6.2737860157515698e+01
4.1835296470237907e+10 6.2230659220046069e-05 5.5033560687778349e+09 6.1595069596774573e+05 5.1403518580470419e+09 1.0890126321923809e+09 1.9101630825377075e+28 1.1315036327166254e+01 3.0000000000000000e+00 6.2736793046045676e+01
4.2023909541858109e+10 6.2229530355752442e-05 5.5032229613255177e+09 6.1594697149623651e+05 5.1402275304310780e+09 1.0889862926833236e+09 1.9360943858731287e+28 1.1365854749485756e+01 3.0000000000000000e+00 6.2735716432821256e+01
4.2213372969368851e+10 6.2228391323089033e-05 5.5030886557088842e+09 6.1594321343048452e+05 5.1401020836823368e+09 1.0889597160796459e+09 1.9623775252153307e+28 1.1416899661155648e+01 3.0000000000000000e+00 6.2734630233905825e+01
4.2403690586571968e+10 6.2227242030765695e-05 5.5029531411858225e+09 6.1593942146806000e+05 5.1399755077672567e+09 1.0889329002556982e+09 1.9890172698948415e+28 1.1468172048123293e+01 3.0000000000000000e+00 6.2733534364631950e+01
4.2594866244553879e+10 6.2226082386678504e-05 5.5028164069186821e+09 6.1593559530381765e+05 5.1398477925630484e+09 1.0889058430669041e+09 2.0160184537935567e+28 1.1519672900311956e+01 3.0000000000000000e+00 6.2732428739592287e+01
4.2786903811763481e+10 6.2224912297902037e-05 5.5026784419734297e+09 6.1593173462987598e+05 5.1397189278568926e+09 1.0888785423496184e+09 2.0433859762161557e+28 1.1571403211632528e+01 3.0000000000000000e+00 6.2731313272635035e+01
4.2979807174090454e+10 6.2223731670682338e-05 5.5025392353188267e+09 6.1592783913559257e+05 5.1395889033451748e+09 1.0888509959209592e+09 2.0711248027732401e+28 1.1623363979995185e+01 3.0000000000000000e+00 6.2730187876857229e+01
4.3173580234943893e+10 6.2222540410429935e-05 5.5023987758255835e+09 6.1592390850753919e+05 5.1394577086327066e+09 1.0888232015786362e+09 2.0992399662763275e+28 1.1675556207321058e+01 3.0000000000000000e+00 6.2729052464597750e+01
4.3368226915331276e+10 6.2221338421711701e-05 5.5022570522655230e+09 6.1591994242948340e+05 5.1393253332319155e+09 1.0887951571008258e+09 2.1277365676448905e+28 1.1727980899553838e+01 3.0000000000000000e+00 6.2727906947433802e+01
4.3563751153937828e+10 6.2220125608244574e-05 5.5021140533106375e+09 6.1591594058234850e+05 5.1391917665620070e+09 1.0887668602458961e+09 2.1566197768255744e+28 1.1780639066671371e+01 3.0000000000000000e+00 6.2726751236168681e+01
4.3760156907206184e+10 6.2218901872886884e-05 5.5019697675323296e+09 6.1591190264420724e+05 5.1390569979482079e+09 1.0887383087523654e+09 2.1858948337237494e+28 1.1833531722697195e+01 3.0000000000000000e+00 6.2725585240831926e+01
4.3957448149416504e+10 6.2217667117631919e-05 5.5018241834004326e+09 6.1590782829023944e+05 5.1389210166208944e+09 1.0887095003386102e+09 2.2155670491476186e+28 1.1886659885712074e+01 3.0000000000000000e+00 6.2724408870666835e+01
4.4155628872766830e+10 6.2216421243599507e-05 5.5016772892823563e+09 6.1590371719271503e+05 5.1387838117147722e+09 1.0886804327027507e+09 2.2456418057649517e+28 1.1940024577865470e+01 3.0000000000000000e+00 6.2723222034126735e+01
4.4354703087453918e+10 6.2215164151028721e-05 5.5015290734422646e+09 6.1589956902097166e+05 5.1386453722680988e+09 1.0886511035224988e+09 2.2761245590727261e+28 1.1993626825386983e+01 3.0000000000000000e+00 6.2722024638869307e+01
4.4554674821754356e+10 6.2213895739269916e-05 5.5013795240400267e+09 6.1589538344137697e+05 5.1385056872217274e+09 1.0886215104548981e+09 2.3070208383797443e+28 1.2047467658597771e+01 3.0000000000000000e+00 6.2720816591746519e+01
4.4755548122106102e+10 6.2212615906777558e-05 5.5012286291304760e+09 6.1589116011731327e+05 5.1383647454184027e+09 1.0885916511362209e+09 2.3383362478024763e+28 1.2101548111921902e+01 3.0000000000000000e+00 6.2719597798800130e+01
4.4957327053190323e+10 6.2211324551101303e-05 5.5010763766623783e+09 6.1588689870914770e+05 5.1382225356017885e+09 1.0885615231817646e+09 2.3700764672742477e+28 1.2155869223897666e+01 3.0000000000000000e+00 6.2718368165255271e+01
4.5160015698013687e+10 6.2210021568879186e-05 5.5009227544775028e+09 6.1588259887419757e+05 5.1380790464156322e+09 1.0885311241856127e+09 2.4022472535680118e+28 1.2210432037188886e+01 3.0000000000000000e+00 6.2717127595509631e+01
4.5363618157990952e+10 6.2208706855828764e-05 5.5007677503098240e+09 6.1587826026672032e+05 5.1379342664029665e+09 1.0885004517205710e+09 2.4348544413328062e+28 1.2265237598596125e+01 3.0000000000000000e+00 6.2715875993132734e+01
4.5568138553027992e+10 6.2207380306739492e-05 5.5006113517843962e+09 6.1587388253786764e+05 5.1377881840051136e+09 1.0884695033378508e+09 2.4679039441441686e+28 1.2320286959067895e+01 3.0000000000000000e+00 6.2714613260852644e+01
4.5773581021605110e+10 6.2206041815464415e-05 5.5004535464165621e+09 6.1586946533567272e+05 5.1376407875609016e+09 1.0884382765669832e+09 2.5014017555686051e+28 1.2375581173711776e+01 3.0000000000000000e+00 6.2713339300553322e+01
4.5979949720860847e+10 6.2204691274912369e-05 5.5002943216109028e+09 6.1586500830501039e+05 5.1374920653057203e+09 1.0884067689155474e+09 2.5353539502423856e+28 1.2431121301805549e+01 3.0000000000000000e+00 6.2712054013263852e+01
4.6187248826676041e+10 6.2203328577038937e-05 5.5001336646603117e+09 6.1586051108757989e+05 5.1373420053706293e+09 1.0883749778690546e+09 2.5697666849647723e+28 1.2486908406808187e+01 3.0000000000000000e+00 6.2710757299154459e+01
4.6395482533758369e+10 6.2201953612838796e-05 5.4999715627450294e+09 6.1585597332186950e+05 5.1371905957814617e+09 1.0883429008907051e+09 2.6046461998059661e+28 1.2542943556370906e+01 3.0000000000000000e+00 6.2709449057527095e+01
4.6604655055727203e+10 6.2200566272336958e-05 5.4998080029316568e+09 6.1585139464313257e+05 5.1370378244579144e+09 1.0883105354212275e+09 2.6399988192298567e+28 1.2599227822348045e+01 3.0000000000000000e+00 6.2708129186809380e+01
4.6814770625198883e+10 6.2199166444580400e-05 5.4996429721721306e+09 6.1584677468335326e+05 5.1368836792125845e+09 1.0882778788786428e+09 2.6758309532318877e+28 1.2655762280808000e+01 3.0000000000000000e+00 6.2706797584545235e+01
4.7025833493872360e+10 6.2197754017629666e-05 5.4994764573028221e+09 6.1584211307122442e+05 5.1367281477501173e+09 1.0882449286581175e+09 2.7121490984921406e+28 1.2712548012044024e+01 3.0000000000000000e+00 6.2705454147389922e+01
4.7237847932615234e+10 6.2196328878549772e-05 5.4993084450433960e+09 6.1583740943211084e+05 5.1365712176661606e+09 1.0882116821317096e+09 2.7489598395439136e+28 1.2769586100585002e+01 3.0000000000000000e+00 6.2704098771099986e+01
4.7450818231550179e+10 6.2194890913402142e-05 5.4991389219959450e+09 6.1583266338802734e+05 5.1364128764465389e+09 1.0881781366482232e+09 2.7862698499579495e+28 1.2826877635206166e+01 3.0000000000000000e+00 6.2702731350527728e+01
4.7664748700141731e+10 6.2193440007235216e-05 5.4989678746438599e+09 6.1582787455760385e+05 5.1362531114662056e+09 1.0881442895329704e+09 2.8240858935425466e+28 1.2884423708939730e+01 3.0000000000000000e+00 6.2701351779612523e+01
4.7879643667283516e+10 6.2191976044075981e-05 5.4987952893508606e+09 6.1582304255605838e+05 5.1360919099883347e+09 1.0881101380875871e+09 2.8624148255597566e+28 1.2942225419085490e+01 3.0000000000000000e+00 6.2699959951373167e+01
4.8095507481385834e+10 6.2190498906920970e-05 5.4986211523599272e+09 6.1581816699516424e+05 5.1359292591633253e+09 1.0880756795898106e+09 2.9012635939578901e+28 1.3000283867221352e+01 3.0000000000000000e+00 6.2698555757900245e+01
4.8312344510463661e+10 6.2189008477727184e-05 5.4984454497922640e+09 6.1581324748322112e+05 5.1357651460278378e+09 1.0880409112932835e+09 2.9406392406205319e+28 1.3058600159213762e+01 3.0000000000000000e+00 6.2697139090348010e+01
4.8530159142225014e+10 6.2187504637403187e-05 5.4982681676462593e+09 6.1580828362502437e+05 5.1355995575038099e+09 1.0880058304273465e+09 2.9805489026323037e+28 1.3117175405228112e+01 3.0000000000000000e+00 6.2695709838926653e+01
4.8748955784159752e+10 6.2185987265799849e-05 5.4980892917963829e+09 6.1580327502183151e+05 5.1354324803974476e+09 1.0879704341968088e+09 3.0209998135615697e+28 1.3176010719739040e+01 3.0000000000000000e+00 6.2694267892893727e+01
4.8968738863628754e+10 6.2184456241701021e-05 5.4979088079921818e+09 6.1579822127133724e+05 5.1352639013982553e+09 1.0879347197817822e+09 3.0619993047603433e+28 1.3235107221540694e+01 3.0000000000000000e+00 6.2692813140547919e+01
4.9189512827953529e+10 6.2182911442814365e-05 5.4977267018571234e+09 6.1579312196763419e+05 5.1350938070779858e+09 1.0878986843374124e+09 3.1035548066816078e+28 1.3294466033756894e+01 3.0000000000000000e+00 6.2691345469218760e+01
4.9411282144506165e+10 6.2181352745762009e-05 5.4975429588875370e+09 6.1578797670118418e+05 5.1349221838896408e+09 1.0878623249936852e+09 3.1456738502142559e+28 1.3354088283851221e+01 3.0000000000000000e+00 6.2689864765259124e+01
4.9634051300799767e+10 6.2179780026070918e-05 5.4973575644515314e+09 6.1578278505878849e+05 5.1347490181664572e+09 1.0878256388552268e+09 3.1883640680359480e+28 1.3413975103637050e+01 3.0000000000000000e+00 6.2688370914037705e+01
4.9857824804579247e+10 6.2178193158163672e-05 5.4971705037878685e+09 6.1577754662355059e+05 5.1345742961208534e+09 1.0877886230010483e+09 3.2316331959840371e+28 1.3474127629287461e+01 3.0000000000000000e+00 6.2686863799929370e+01
5.0082607183912529e+10 6.2176592015348334e-05 5.4969817620048580e+09 6.1577226097484981e+05 5.1343980038434000e+09 1.0877512744843724e+09 3.2754890744448940e+28 1.3534547001345134e+01 3.0000000000000000e+00 6.2685343306308816e+01
5.0308402987282196e+10 6.2174976469809407e-05 5.4967913240791960e+09 6.1576692768829968e+05 5.1342201273017473e+09 1.0877135903323469e+09 3.3199396497617959e+28 1.3595234364732091e+01 3.0000000000000000e+00 6.2683809315539122e+01
5.0535216783677513e+10 6.2173346392597239e-05 5.4965991748549023e+09 6.1576154633572721e+05 5.1340406523396015e+09 1.0876755675459099e+09 3.3649929756616791e+28 1.3656190868759413e+01 3.0000000000000000e+00 6.2682261708967303e+01
5.0763053162686874e+10 6.2171701653619021e-05 5.4964052990420799e+09 6.1575611648512352e+05 5.1338595646755981e+09 1.0876372030994506e+09 3.4106572147009766e+28 1.3717417667136811e+01 3.0000000000000000e+00 6.2680700366911026e+01
5.0991916734590691e+10 6.2170042121628271e-05 5.4962096812158432e+09 6.1575063770062337e+05 5.1336768499022846e+09 1.0875984939406760e+09 3.4569406397308065e+28 1.3778915917982156e+01 3.0000000000000000e+00 6.2679125168653542e+01
5.1221812130454674e+10 6.2168367664215023e-05 5.4960123058151302e+09 6.1574510954246670e+05 5.1334924934850159e+09 1.0875594369903500e+09 3.5038516353817649e+28 1.3840686783830900e+01 3.0000000000000000e+00 6.2677535992433832e+01
5.1452744002223549e+10 6.2166678147795772e-05 5.4958131571414614e+09 6.1573953156695585e+05 5.1333064807607937e+09 1.0875200291420016e+09 3.5513986995685795e+28 1.3902731431645396e+01 3.0000000000000000e+00 6.2675932715435792e+01
5.1684717022815178e+10 6.2164973437602833e-05 5.4956122193578920e+09 6.1573390332643967e+05 5.1331187969372835e+09 1.0874802672618253e+09 3.5995904450148845e+28 1.3965051032824146e+01 3.0000000000000000e+00 6.2674315213784311e+01
5.1917735886215111e+10 6.2163253397674853e-05 5.4954094764877138e+09 6.1572822436925978e+05 5.1329294270916100e+09 1.0874401481883113e+09 3.6484356007983852e+28 1.4027646763210901e+01 3.0000000000000000e+00 6.2672683362530954e+01
5.2151805307571587e+10 6.2161517890845758e-05 5.4952049124132557e+09 6.1572249423972284e+05 5.1327383561692352e+09 1.0873996687320623e+09 3.6979430139166977e+28 1.4090519803103728e+01 3.0000000000000000e+00 6.2671037035647373e+01
5.2386930023290939e+10 6.2159766778734419e-05 5.4949985108747396e+09 6.1571671247806912e+05 5.1325455689828796e+09 1.0873588256755831e+09 3.7481216508741231e+28 1.4153671337263916e+01 3.0000000000000000e+00 6.2669376106017452e+01
5.2623114791133446e+10 6.2157999921734600e-05 5.4947902554690142e+09 6.1571087862042873e+05 5.1323510502113523e+09 1.0873176157729836e+09 3.7989805992896056e+28 1.4217102554924827e+01 3.0000000000000000e+00 6.2667700445425588e+01
5.2860364390309563e+10 6.2156217179003764e-05 5.4945801296483297e+09 6.1570499219879182e+05 5.1321547843984032e+09 1.0872760357497802e+09 3.8505290695262065e+28 1.4280814649800581e+01 3.0000000000000000e+00 6.2666009924549272e+01
5.3098683621576691e+10 6.2154418408452459e-05 5.4943681167190361e+09 6.1569905274096318e+05 5.1319567559515076e+09 1.0872340823025889e+09 3.9027763963423623e+28 1.4344808820094693e+01 3.0000000000000000e+00 6.2664304412947978e+01
5.3338077307336258e+10 6.2152603466733951e-05 5.4941541998404799e+09 6.1569305977053801e+05 5.1317569491408253e+09 1.0871917520989654e+09 3.9557320405651703e+28 1.4409086268508565e+01 3.0000000000000000e+00 6.2662583779056405e+01
5.3578550291731369e+10 6.2150772209232627e-05 5.4939383620236073e+09 6.1568701280685654e+05 5.1315553480979080e+09 1.0871490417770984e+09 4.0094055907860754e+28 1.4473648202249857e+01 3.0000000000000000e+00 6.2660847890173407e+01
5.3820107440744766e+10 6.2148924490053645e-05 5.4937205861297083e+09 6.1568091136496328e+05 5.1313519368145294e+09 1.0871059479455347e+09 4.0638067650791674e+28 1.4538495833040768e+01 3.0000000000000000e+00 6.2659096612451108e+01
5.4062753642297318e+10 6.2147060162011698e-05 5.4935008548692379e+09 6.1567475495558069e+05 5.1311466991415701e+09 1.0870624671830072e+09 4.1189454127424371e+28 1.4603630377126166e+01 3.0000000000000000e+00 6.2657329810888569e+01
5.4306493806346924e+10 6.2145179076619468e-05 5.4932791508003845e+09 6.1566854308505962e+05 5.1309396187876854e+09 1.0870185960380981e+09 4.1748315160622998e+28 1.4669053055281626e+01 3.0000000000000000e+00 6.2655547349319384e+01
5.4551332864987885e+10 6.2143281084076931e-05 5.4930554563278418e+09 6.1566227525534527e+05 5.1307306793181715e+09 1.0869743310290124e+09 4.2314751921016729e+28 1.4734765092821343e+01 3.0000000000000000e+00 6.2653749090402592e+01
5.4797275772550667e+10 6.2141366033259543e-05 5.4928297537015152e+09 6.1565595096394280e+05 5.1305198641537333e+09 1.0869296686433501e+09 4.2888866945118898e+28 1.4800767719605870e+01 3.0000000000000000e+00 6.2651934895614296e+01
5.5044327505702187e+10 6.2139433771707256e-05 5.4926020250151577e+09 6.1564956970387045e+05 5.1303071565692282e+09 1.0868846053377886e+09 4.3470764153688538e+28 1.4867062170049794e+01 3.0000000000000000e+00 6.2650104625235493e+01
5.5292493063546501e+10 6.2137484145612562e-05 5.4923722522050228e+09 6.1564313096362376e+05 5.1300925396924095e+09 1.0868391375378447e+09 4.4060548870336499e+28 1.4933649683129243e+01 3.0000000000000000e+00 6.2648258138343280e+01
5.5541777467725952e+10 6.2135516999808972e-05 5.4921404170485468e+09 6.1563663422713568e+05 5.1298759965026789e+09 1.0867932616376095e+09 4.4658327840379883e+28 1.5000531502389236e+01 3.0000000000000000e+00 6.2646395292800761e+01
5.5792185762522812e+10 6.2133532177759606e-05 5.4919065011630020e+09 6.1563007897373615e+05 5.1296575098298445e+09 1.0867469739994757e+09 4.5264209249948339e+28 1.5067708875950974e+01 3.0000000000000000e+00 6.2644515945246340e+01
5.6043723014961327e+10 6.2131529521544958e-05 5.4916704860040998e+09 6.1562346467811149e+05 5.1294370623528109e+09 1.0867002709538691e+09 4.5878302745344699e+28 1.5135183056518883e+01 3.0000000000000000e+00 6.2642619951084122e+01
5.6296394314910248e+10 6.2129508871850962e-05 5.4914323528646412e+09 6.1561679081026628e+05 5.1292146365983095e+09 1.0866531487989929e+09 4.6500719452664203e+28 1.5202955301387616e+01 3.0000000000000000e+00 6.2640707164474009e+01
5.6550204775185844e+10 6.2127470067957659e-05 5.4911920828731308e+09 6.1561005683547771e+05 5.1289902149396257e+09 1.0866056038005228e+09 4.7131571997675115e+28 1.5271026872448827e+01 3.0000000000000000e+00 6.2638777438319835e+01
5.6805159531655350e+10 6.2125412947726028e-05 5.4909496569923000e+09 6.1560326221425342e+05 5.1287637795951920e+09 1.0865576321913261e+09 4.7770974525964409e+28 1.5339399036197849e+01 3.0000000000000000e+00 6.2636830624259439e+01
5.7061263743340889e+10 6.2123337347586743e-05 5.4907050560178061e+09 6.1559640640229499e+05 5.1285353126274014e+09 1.0865092301712186e+09 4.8419042723352121e+28 1.5408073063740206e+01 3.0000000000000000e+00 6.2634866572654609e+01
5.7318522592523857e+10 6.2121243102527092e-05 5.4904582605767498e+09 6.1558948885045340e+05 5.1283047959411926e+09 1.0864603939066699e+09 4.9075893836577407e+28 1.5477050230797952e+01 3.0000000000000000e+00 6.2632885132580775e+01
5.7576941284849815e+10 6.2119130046079272e-05 5.4902092511262560e+09 6.1558250900468440e+05 5.1280722112827568e+09 1.0864111195305026e+09 4.9741646694260668e+28 1.5546331817715872e+01 3.0000000000000000e+00 6.2630886151814842e+01
5.7836525049433800e+10 6.2116998010307303e-05 5.4899580079520216e+09 6.1557546630600723e+05 5.1278375402381477e+09 1.0863614031416214e+09 5.0416421728144622e+28 1.5615919109467525e+01 3.0000000000000000e+00 6.2628869476825550e+01
5.8097279138966141e+10 6.2114846825794703e-05 5.4897045111668282e+09 6.1556836019045836e+05 5.1276007642319279e+09 1.0863112408047020e+09 5.1100340994618250e+28 1.5685813395661093e+01 3.0000000000000000e+00 6.2626834952761257e+01
5.8359208829818748e+10 6.2112676321631705e-05 5.4894487407091560e+09 6.1556119008905394e+05 5.1273618645258417e+09 1.0862606285499463e+09 5.1793528196527781e+28 1.5756015970545103e+01 3.0000000000000000e+00 6.2624782423441019e+01
5.8622319422151886e+10 6.2110486325402461e-05 5.4891906763416567e+09 6.1555395542774233e+05 5.1271208222174034e+09 1.0862095623727641e+09 5.2496108705277573e+28 1.5826528133013943e+01 3.0000000000000000e+00 6.2622711731342164e+01
5.8886616240021423e+10 6.2108276663171982e-05 5.4889302976495972e+09 6.1554665562735405e+05 5.1268776182384520e+09 1.0861580382334394e+09 5.3208209583225577e+28 1.5897351186613227e+01 3.0000000000000000e+00 6.2620622717588198e+01
5.9152104631486557e+10 6.2106047159473244e-05 5.4886675840395145e+09 6.1553929010357056e+05 5.1266322333538713e+09 1.0861060520569303e+09 5.3929959606376653e+28 1.5968486439544980e+01 3.0000000000000000e+00 6.2618515221940918e+01
5.9418789968718033e+10 6.2103797637294184e-05 5.4884025147375097e+09 6.1553185826686118e+05 5.1263846481600313e+09 1.0860535997324412e+09 5.4661489287377994e+28 1.6039935204672620e+01 3.0000000000000000e+00 6.2616389082783741e+01
5.9686677648106850e+10 6.2101527918064170e-05 5.4881350687879028e+09 6.1552435952245467e+05 5.1261348430834894e+09 1.0860006771132441e+09 5.5402930898820459e+28 1.6111698799525779e+01 3.0000000000000000e+00 6.2614244137115897e+01
5.9955773090373482e+10 6.2099237821640774e-05 5.4878652250515556e+09 6.1551679327028128e+05 5.1258827983794594e+09 1.0859472800162885e+09 5.6154418496849855e+28 1.6183778546304950e+01 3.0000000000000000e+00 6.2612080220536967e+01
6.0226081740677513e+10 6.2096927166296548e-05 5.4875929622043924e+09 6.1550915890493058e+05 5.1256284941304197e+09 1.0858934042219253e+09 5.6916087945092197e+28 1.6256175771885907e+01 3.0000000000000000e+00 6.2609897167236589e+01
6.0497609068727875e+10 6.2094595768704883e-05 5.4873182587358265e+09 6.1550145581560745e+05 5.1253719102446222e+09 1.0858390454736166e+09 5.7688076938897059e+28 1.6328891807823922e+01 3.0000000000000000e+00 6.2607694809983748e+01
6.0770360568893494e+10 6.2092243443926978e-05 5.4870410929471893e+09 6.1549368338608136e+05 5.1251130264546566e+09 1.0857841994776003e+09 5.8470525029903558e+28 1.6401927990357873e+01 3.0000000000000000e+00 6.2605472980113788e+01
6.1044341760314484e+10 6.2089870005397648e-05 5.4867614429501028e+09 6.1548584099463793e+05 5.1248518223159142e+09 1.0857288619025679e+09 5.9263573650932291e+28 1.6475285660414023e+01 3.0000000000000000e+00 6.2603231507516242e+01
6.1319558187013817e+10 6.2087475264911807e-05 5.4864792866649122e+09 6.1547792801403045e+05 5.1245882772051287e+09 1.0856730283793468e+09 6.0067366141208447e+28 1.6548966163609688e+01 3.0000000000000000e+00 6.2600970220622600e+01
6.1596015418009521e+10 6.2085059032609922e-05 5.4861946018191061e+09 6.1546994381143968e+05 5.1243223703188953e+09 1.0856166945006380e+09 6.0882047771920063e+28 1.6622970850256667e+01 3.0000000000000000e+00 6.2598688946397040e+01
6.1873719047427345e+10 6.2082621116964278e-05 5.4859073659456177e+09 6.1546188774841372e+05 5.1240540806720810e+09 1.0855598558206148e+09 6.1707765772115536e+28 1.6697301075364440e+01 3.0000000000000000e+00 6.2596387510320810e+01
6.2152674694613998e+10 6.2080161324764733e-05 5.4856175563812494e+09 6.1545375918082637e+05 5.1237833870963659e+09 1.0855025078546524e+09 6.2544669354945191e+28 1.6771958198643190e+01 3.0000000000000000e+00 6.2594065736381751e+01
6.2432888004250801e+10 6.2077679461104468e-05 5.4853251502649784e+09 6.1544555745882168e+05 5.1235102682386599e+09 1.0854446460789611e+09 6.3392909744251326e+28 1.6846943584506548e+01 3.0000000000000000e+00 6.2591723447060595e+01
6.2714364646467949e+10 6.2075175329365031e-05 5.4850301245363722e+09 6.1543728192677489e+05 5.1232347025595942e+09 1.0853862659303341e+09 6.4252640201511120e+28 1.6922258602074173e+01 3.0000000000000000e+00 6.2589360463322002e+01
6.2997110316959251e+10 6.2072648731202449e-05 5.4847324559337788e+09 6.1542893192322482e+05 5.1229566683318796e+09 1.0853273628056955e+09 6.5124016053137419e+28 1.6997904625174073e+01 3.0000000000000000e+00 6.2586976604596281e+01
6.3281130737097328e+10 6.2070099466531969e-05 5.4844321209927683e+09 6.1542050678083929e+05 5.1226761436388102e+09 1.0852679320618815e+09 6.6007194718141232e+28 1.7073883032344686e+01 3.0000000000000000e+00 6.2584571688772073e+01
6.3566431654049469e+10 6.2067527333513689e-05 5.4841290960443735e+09 6.1541200582635379e+05 5.1223931063726301e+09 1.0852079690152328e+09 6.6902335736161805e+28 1.7150195206836745e+01 3.0000000000000000e+00 6.2582145532180711e+01
6.3853018840893837e+10 6.2064932128537301e-05 5.4838233572133741e+09 6.1540342838052451e+05 5.1221075342329454e+09 1.0851474689412901e+09 6.7809600795868110e+28 1.7226842536614871e+01 3.0000000000000000e+00 6.2579697949584236e+01
6.4140898096736366e+10 6.2062313646207303e-05 5.4835148804165888e+09 6.1539477375807380e+05 5.1218194047251110e+09 1.0850864270744352e+09 6.8729153763737177e+28 1.7303826414358998e+01 3.0000000000000000e+00 6.2577228754162469e+01
6.4430075246828041e+10 6.2059671679327660e-05 5.4832036413610840e+09 6.1538604126763577e+05 5.1215286951585741e+09 1.0850248386075337e+09 6.9661160713213543e+28 1.7381148237465407e+01 3.0000000000000000e+00 6.2574737757498802e+01
6.4720556142682816e+10 6.2057006018886662e-05 5.4828896155425129e+09 6.1537723021170963e+05 5.1212353826453028e+09 1.0849626986916349e+09 7.0605789954255849e+28 1.7458809408047671e+01 3.0000000000000000e+00 6.2572224769569331e+01
6.5012346662195999e+10 6.2054316454041342e-05 5.4825727782432747e+09 6.1536833988660132e+05 5.1209394440980797e+09 1.0849000024355862e+09 7.1563212063274344e+28 1.7536811332937219e+01 3.0000000000000000e+00 6.2569689598728282e+01
6.5305452709763214e+10 6.2051602772102298e-05 5.4822531045307426e+09 6.1535936958236853e+05 5.1206408562288523e+09 1.0848367449056752e+09 7.2533599913465563e+28 1.7615155423683706e+01 3.0000000000000000e+00 6.2567132051693655e+01
6.5599880216399841e+10 6.2048864758517628e-05 5.4819305692555037e+09 6.1535031858277041e+05 5.1203395955470705e+09 1.0847729211253026e+09 7.3517128705548193e+28 1.7693843096555064e+01 3.0000000000000000e+00 6.2564551933536208e+01
6.5895635139861053e+10 6.2046102196857566e-05 5.4816051470495014e+09 6.1534118616520730e+05 5.1200356383579721e+09 1.0847085260745871e+09 7.4513975998906492e+28 1.7772875772537315e+01 3.0000000000000000e+00 6.2561949047662821e+01
6.6192723464762375e+10 6.2043314868798205e-05 5.4812768123242636e+09 6.1533197160067200e+05 5.1197289607609119e+09 1.0846435546900525e+09 7.5524321743145838e+28 1.7852254877334151e+01 3.0000000000000000e+00 6.2559323195806236e+01
6.6491151202700775e+10 6.2040502554105775e-05 5.4809455392690306e+09 6.1532267415368836e+05 5.1194195386476240e+09 1.0845780018642240e+09 7.6548348310065877e+28 1.7931981841366106e+01 3.0000000000000000e+00 6.2556674178008592e+01
6.6790924392376297e+10 6.2037665030620622e-05 5.4806113018489513e+09 6.1531329308225797e+05 5.1191073477005262e+09 1.0845118624452834e+09 7.7586240526056699e+28 1.8012058099769561e+01 3.0000000000000000e+00 6.2554001792608751e+01
6.7092049099714294e+10 6.2034802074240340e-05 5.4802740738031416e+09 6.1530382763780095e+05 5.1187923633909130e+09 1.0844451312366836e+09 7.8638185704923936e+28 1.8092485092395442e+01 3.0000000000000000e+00 6.2551305836228131e+01
6.7394531417988121e+10 6.2031913458904033e-05 5.4799338286428928e+09 6.1529427706510271e+05 5.1184745609772911e+09 1.0843778029968054e+09 7.9704373681147716e+28 1.8173264263807543e+01 3.0000000000000000e+00 6.2548586103756790e+01
6.7698377467942467e+10 6.2028998956575618e-05 5.4795905396497278e+09 6.1528464060225058e+05 5.1181539155035458e+09 1.0843098724385431e+09 8.0784996843581367e+28 1.8254397063280628e+01 3.0000000000000000e+00 6.2545842388338372e+01
6.8003593397917198e+10 6.2026058337226846e-05 5.4792441798735104e+09 6.1527491748058167e+05 5.1178304017971869e+09 1.0842413342289696e+09 8.1880250169595825e+28 1.8335884944798231e+01 3.0000000000000000e+00 6.2543074481357017e+01
6.8310185383971779e+10 6.2023091368821145e-05 5.4788947221305666e+09 6.1526510692462139e+05 5.1175039944675865e+09 1.0841721829889383e+09 8.2990331259675372e+28 1.8417729367050079e+01 3.0000000000000000e+00 6.2540282172422692e+01
6.8618159630010216e+10 6.2020097817296071e-05 5.4785421390016603e+09 6.1525520815202245e+05 5.1171746679040985e+09 1.0841024132926862e+09 8.4115440372469962e+28 1.8499931793429248e+01 3.0000000000000000e+00 6.2537465249355705e+01
6.8927522367906647e+10 6.2017077446546585e-05 5.4781864028301258e+09 6.1524522037350875e+05 5.1168423962743015e+09 1.0840320196674743e+09 8.5255780460311357e+28 1.8582493692029015e+01 3.0000000000000000e+00 6.2534623498173254e+01
6.9238279857631363e+10 6.2014030018408094e-05 5.4778274857198753e+09 6.1523514279281185e+05 5.1165071535221510e+09 1.0839609965931747e+09 8.6411557205197442e+28 1.8665416535639306e+01 3.0000000000000000e+00 6.2531756703073732e+01
6.9550438387377594e+10 6.2010955292638746e-05 5.4774653595334215e+09 6.1522497460661293e+05 5.1161689133661213e+09 1.0838893385018985e+09 8.7582979055252618e+28 1.8748701801742939e+01 3.0000000000000000e+00 6.2528864646422484e+01
6.9864004273688614e+10 6.2007853026902279e-05 5.4770999958899088e+09 6.1521471500448207e+05 5.1158276492973738e+09 1.0838170397776043e+09 8.8770257261668274e+28 1.8832350972511367e+01 3.0000000000000000e+00 6.2525947108737007e+01
7.0178983861585693e+10 6.2004722976750175e-05 5.4767313661630344e+09 6.1520436316881119e+05 5.1154833345778141e+09 1.0837440947556639e+09 8.9973605916131889e+28 1.8916365534800256e+01 3.0000000000000000e+00 6.2523003868670550e+01
7.0495383524696350e+10 6.2001564895604216e-05 5.4763594414791431e+09 6.1519391827476094e+05 5.1151359422383003e+09 1.0836704977225251e+09 9.1193241988748924e+28 1.9000746980144537e+01 3.0000000000000000e+00 6.2520034702999368e+01
7.0813209665383469e+10 6.1998378534738939e-05 5.4759841927151222e+09 6.1518337949018995e+05 5.1147854450767050e+09 1.0835962429152541e+09 9.2429385366465688e+28 1.9085496804753284e+01 3.0000000000000000e+00 6.2517039386604559e+01
7.1132468714874725e+10 6.1995163643262602e-05 5.4756055904963093e+09 6.1517274597559473e+05 5.1144318156559277e+09 1.0835213245211492e+09 9.3682258891997904e+28 1.9170616509504079e+01 3.0000000000000000e+00 6.2514017692458829e+01
7.1453167133392807e+10 6.1991919968100515e-05 5.4752236051945515e+09 6.1516201688404707e+05 5.1140750263021049e+09 1.0834457366773415e+09 9.4952088403273432e+28 1.9256107599937103e+01 3.0000000000000000e+00 6.2510969391609699e+01
7.1775311410286087e+10 6.1988647253975450e-05 5.4748382069259901e+09 6.1515119136112812e+05 5.1137150491025343e+09 1.0833694734703717e+09 9.6239102773393764e+28 1.9341971586248818e+01 3.0000000000000000e+00 6.2507894253164601e+01
7.2098908064159958e+10 6.1985345243390121e-05 5.4744493655490875e+09 6.1514026854486694e+05 5.1133518559038219e+09 1.0832925289357982e+09 9.7543533951122699e+28 1.9428209983285296e+01 3.0000000000000000e+00 6.2504792044275575e+01
7.2423963643008743e+10 6.1982013676608556e-05 5.4740570506623659e+09 6.1512924756566319e+05 5.1129854183098001e+09 1.0832148970576954e+09 9.8865617001907740e+28 1.9514824310535129e+01 3.0000000000000000e+00 6.2501662530119638e+01
7.2750484724348175e+10 6.1978652291636986e-05 5.4736612316024837e+09 6.1511812754624314e+05 5.1126157076796894e+09 1.0831365717683871e+09 1.0020559014944201e+29 1.9601816092122014e+01 3.0000000000000000e+00 6.2498505473889516e+01
7.3078477915348480e+10 6.1975260824205511e-05 5.4732618774419069e+09 6.1510690760157141e+05 5.1122426951259518e+09 1.0830575469478681e+09 1.0156369481777291e+29 1.9689186856796855e+01 3.0000000000000000e+00 6.2495320636771218e+01
7.3407949852968155e+10 6.1971839007748754e-05 5.4728589569868393e+09 6.1509558683879627e+05 5.1118663515123510e+09 1.0829778164234650e+09 1.0294017567396518e+29 1.9776938137929555e+01 3.0000000000000000e+00 6.2492107777931089e+01
7.3738907204088165e+10 6.1968386573387328e-05 5.4724524387750616e+09 6.1508416435717861e+05 5.1114866474519358e+09 1.0828973739693809e+09 1.0433528067132461e+29 1.9865071473500333e+01 3.0000000000000000e+00 6.2488866654498054e+01
7.4071356665646881e+10 6.1964903249907898e-05 5.4720422910737371e+09 6.1507263924802770e+05 5.1111035533049755e+09 1.0828162133062887e+09 1.0574926109319087e+29 1.9953588406090635e+01 3.0000000000000000e+00 6.2485597021549374e+01
7.4405304964775635e+10 6.1961388763744380e-05 5.4716284818771458e+09 6.1506101059462363e+05 5.1107170391768694e+09 1.0827343281008332e+09 1.0718237159730566e+29 2.0042490482873692e+01 3.0000000000000000e+00 6.2482298632090028e+01
7.4740758858934784e+10 6.1957842838958148e-05 5.4712109789045372e+09 6.1504927747215563e+05 5.1103270749161215e+09 1.0826517119652443e+09 1.0863487026076396e+29 2.0131779255604538e+01 3.0000000000000000e+00 6.2478971237039225e+01
7.5077725136050507e+10 6.1954265197218525e-05 5.4707897495978994e+09 6.1503743894765293e+05 5.1099336301122684e+09 1.0825683584568992e+09 1.1010701862555617e+29 2.0221456280609704e+01 3.0000000000000000e+00 6.2475614585212817e+01
7.5416210614652084e+10 6.1950655557782539e-05 5.4703647611196890e+09 6.1502549407991371e+05 5.1095366740937328e+09 1.0824842610778718e+09 1.1159908174470801e+29 2.0311523118776385e+01 3.0000000000000000e+00 6.2472228423307143e+01
7.5756222144009949e+10 6.1947013637475733e-05 5.4699359803504896e+09 6.1501344191942317e+05 5.1091361759256868e+09 1.0823994132744064e+09 1.1311132822902661e+29 2.0401981335541247e+01 3.0000000000000000e+00 6.2468812495877486e+01
7.6097766604274246e+10 6.1943339150671400e-05 5.4695033738868761e+09 6.1500128150830022e+05 5.1087321044080124e+09 1.0823138084365940e+09 1.1464403029446019e+29 2.0492832500878677e+01 3.0000000000000000e+00 6.2465366545326930e+01
7.6440850906614014e+10 6.1939631809270257e-05 5.4690669080390482e+09 6.1498901188021875e+05 5.1083244280730934e+09 1.0822274398978713e+09 1.1619746381007875e+29 2.0584078189288643e+01 3.0000000000000000e+00 6.2461890311887082e+01
7.6785481993357132e+10 6.1935891322680833e-05 5.4686265488284283e+09 6.1497663206032105e+05 5.1079131151836081e+09 1.0821403009344625e+09 1.1777190834668484e+29 2.0675719979784095e+01 3.0000000000000000e+00 6.2458383533595878e+01
7.7131666838130676e+10 6.1932117397798069e-05 5.4681822619855089e+09 6.1496414106516819e+05 5.1074981337304802e+09 1.0820523847650869e+09 1.1936764722606119e+29 2.0767759455877822e+01 3.0000000000000000e+00 6.2454845946287215e+01
7.7479412446002136e+10 6.1928309738982788e-05 5.4677340129473648e+09 6.1495153790265112e+05 5.1070794514305716e+09 1.0819636845503871e+09 1.2098496757086436e+29 2.0860198205568881e+01 3.0000000000000000e+00 6.2451277283568849e+01
7.7828725853621109e+10 6.1924468048041377e-05 5.4672817668553391e+09 6.1493882157191564e+05 5.1066570357245197e+09 1.0818741933924568e+09 1.2262416035517182e+29 2.0953037821328557e+01 3.0000000000000000e+00 6.2447677276804143e+01
7.8179614129361694e+10 6.1920592024204091e-05 5.4668254885526867e+09 6.1492599106329656e+05 5.1062308537745399e+09 1.0817839043344357e+09 1.2428552045569182e+29 2.1046279900085732e+01 3.0000000000000000e+00 6.2444045655096765e+01
7.8532084373465530e+10 6.1916681364104198e-05 5.4663651425821533e+09 6.1491304535823595e+05 5.1058008724621563e+09 1.0816928103599920e+09 1.2596934670364322e+29 2.1139926043211851e+01 3.0000000000000000e+00 6.2440382145270760e+01
7.8886143718185440e+10 6.1912735761756614e-05 5.4659006931835613e+09 6.1489998342920677e+05 5.1053670583859482e+09 1.0816009043928442e+09 1.2767594193731489e+29 2.1233977856505302e+01 3.0000000000000000e+00 6.2436686471852234e+01
7.9241799327929825e+10 6.1908754908536498e-05 5.4654321042913818e+09 6.1488680423963582e+05 5.1049293778592892e+09 1.0815081792962792e+09 1.2940561305531313e+29 2.1328436950175337e+01 3.0000000000000000e+00 6.2432958357050886e+01
7.9599058399407547e+10 6.1904738493157436e-05 5.4649593395323353e+09 6.1487350674383249e+05 5.1044877969080982e+09 1.0814146278727129e+09 1.3115867107050510e+29 2.1423304938825407e+01 3.0000000000000000e+00 6.2429197520743138e+01
7.9957928161773605e+10 6.1900686201649864e-05 5.4644823622228413e+09 6.1486008988689934e+05 5.1040422812684669e+09 1.0813202428631232e+09 1.3293543116466834e+29 2.1518583441435986e+01 3.0000000000000000e+00 6.2425403680450273e+01
8.0318415876775421e+10 6.1896597717338953e-05 5.4640011353666544e+09 6.1484655260466668e+05 5.1035927963844385e+09 1.0812250169466529e+09 1.3473621274385436e+29 2.1614274081346878e+01 3.0000000000000000e+00 6.2421576551323355e+01
8.0680528838899750e+10 6.1892472720822633e-05 5.4635156216522532e+09 6.1483289382359944e+05 5.1031393074055805e+09 1.0811289427400203e+09 1.3656133949447583e+29 2.1710378486238881e+01 3.0000000000000000e+00 6.2417715846120409e+01
8.1044274375520309e+10 6.1888310889949216e-05 5.4630257834504719e+09 6.1481911246073362e+05 5.1026817791847620e+09 1.0810320127971370e+09 1.3841113944012640e+29 2.1806898288115036e+01 3.0000000000000000e+00 6.2413821275191893e+01
8.1409659847046051e+10 6.1884111899795100e-05 5.4625315828117695e+09 6.1480520742357336e+05 5.1022201762756205e+09 1.0809342196084518e+09 1.4028594499914286e+29 2.1903835123281166e+01 3.0000000000000000e+00 6.2409892546455161e+01
8.1776692647070084e+10 6.1879875422642046e-05 5.4620329814639378e+09 6.1479117761003599e+05 5.1017544629303951e+09 1.0808355556006315e+09 1.4218609304291826e+29 2.2001190632325908e+01 3.0000000000000000e+00 6.2405929365382633e+01
8.2145380202519287e+10 6.1875601127954325e-05 5.4615299408092842e+09 6.1477702190834656e+05 5.1012846030973206e+09 1.0807360131358895e+09 1.4411192495497630e+29 2.2098966460100147e+01 3.0000000000000000e+00 6.2401931434975623e+01
8.2515729973804611e+10 6.1871288682356385e-05 5.4610224219222851e+09 6.1476273919697222e+05 5.1008105604184227e+09 1.0806355845115943e+09 1.4606378669081611e+29 2.2197164255695867e+01 3.0000000000000000e+00 6.2397898455748937e+01
8.2887749454972015e+10 6.1866937749609105e-05 5.4605103855468254e+09 6.1474832834452810e+05 5.1003322982269335e+09 1.0805342619596791e+09 1.4804202883853752e+29 2.2295785672424351e+01 3.0000000000000000e+00 6.2393830125708945e+01
8.3261446173854111e+10 6.1862547990586934e-05 5.4599937920936308e+09 6.1473378820969630e+05 5.0998497795449162e+09 1.0804320376461468e+09 1.5004700668025642e+29 2.2394832367793839e+01 3.0000000000000000e+00 6.2389726140333771e+01
8.3636827692222519e+10 6.1858119063254322e-05 5.4594726016376839e+09 6.1471911764114560e+05 5.0993629670808239e+09 1.0803289036705780e+09 1.5207908025432031e+29 2.2494306003486496e+01 3.0000000000000000e+00 6.2385586192554477e+01
8.4013901605940857e+10 6.1853650622642343e-05 5.4589467739155588e+09 6.1470431547744386e+05 5.0988718232270298e+09 1.0802248520655928e+09 1.5413861441833442e+29 2.2594208245334816e+01 3.0000000000000000e+00 6.2381409972734225e+01
8.4392675545118774e+10 6.1849142320824746e-05 5.4584162683227396e+09 6.1468938054697076e+05 5.0983763100573044e+09 1.0801198747963123e+09 1.5622597891300974e+29 2.2694540763297390e+01 3.0000000000000000e+00 6.2377197168647889e+01
8.4773157174265015e+10 6.1844593806894375e-05 5.4578810439108944e+09 6.1467431166782603e+05 5.0978763893242979e+09 1.0800139637597938e+09 1.5834154842683324e+29 2.2795305231433687e+01 3.0000000000000000e+00 6.2372947465459646e+01
8.5155354192444504e+10 6.1840004726938991e-05 5.4573410593853092e+09 6.1465910764775472e+05 5.0973720224571142e+09 1.0799071107845838e+09 1.6048570266159711e+29 2.2896503327878950e+01 3.0000000000000000e+00 6.2368660545705467e+01
8.5539274333432861e+10 6.1835374724016594e-05 5.4567962731020670e+09 6.1464376728405314e+05 5.0968631705586872e+09 1.0797993076301396e+09 1.6265882639876284e+29 2.2998136734817656e+01 3.0000000000000000e+00 6.2364336089271845e+01
8.5924925365873123e+10 6.1830703438131836e-05 5.4562466430652895e+09 6.1462828936347086e+05 5.0963497944032173e+09 1.0796905459862208e+09 1.6486130956669571e+29 2.3100207138456604e+01 3.0000000000000000e+00 6.2359973773370847e+01
8.6312315093433029e+10 6.1825990506210837e-05 5.4556921269245262e+09 6.1461267266213940e+05 5.0958318544337006e+09 1.0795808174724755e+09 1.6709354730877181e+29 2.3202716228997367e+01 3.0000000000000000e+00 6.2355573272525085e+01
8.6701451354962921e+10 6.1821235562076914e-05 5.4551326819718637e+09 6.1459691594546800e+05 5.0953093107592669e+09 1.0794701136377902e+09 1.6935594005236985e+29 2.3305665700607957e+01 3.0000000000000000e+00 6.2351134258541720e+01
8.7092342024654312e+10 6.1816438236425182e-05 5.4545682651391640e+09 6.1458101796805742e+05 5.0947821231525745e+09 1.0793584259597733e+09 1.7164889357875743e+29 2.3409057251393783e+01 3.0000000000000000e+00 6.2346656400492819e+01
8.7484995012199249e+10 6.1811598156797973e-05 5.4539988329953051e+09 6.1456497747360892e+05 5.0942502510472393e+09 1.0792457458442028e+09 1.7397281909388529e+29 2.3512892583367929e+01 3.0000000000000000e+00 6.2342139364693892e+01
8.7879418262950378e+10 6.1806714947559147e-05 5.4534243417433271e+09 6.1454879319483298e+05 5.0937136535351696e+09 1.0791320646244760e+09 1.7632813330009947e+29 2.3617173402420718e+01 3.0000000000000000e+00 6.2337582814682470e+01
8.8275619758081726e+10 6.1801788229869260e-05 5.4528447472176218e+09 6.1453246385335387e+05 5.0931722893639441e+09 1.0790173735610304e+09 1.7871525846878295e+29 2.3721901418288468e+01 3.0000000000000000e+00 6.2332986411194995e+01
8.8673607514750153e+10 6.1796817621659439e-05 5.4522600048810558e+09 6.1451598815961811e+05 5.0926261169341249e+09 1.0789016638407941e+09 1.8113462251393868e+29 2.3827078344521539e+01 3.0000000000000000e+00 6.2328349812145973e+01
8.9073389586257629e+10 6.1791802737605817e-05 5.4516700698220901e+09 6.1449936481279740e+05 5.0920750942965584e+09 1.0787849265765984e+09 1.8358665906672643e+29 2.3932705898451644e+01 3.0000000000000000e+00 6.2323672672605213e+01
8.9474974062214157e+10 6.1786743189103758e-05 5.4510748967519045e+09 6.1448259250069386e+05 5.0915191791497021e+09 1.0786671528066101e+09 1.8607180755096347e+29 2.4038785801158340e+01 3.0000000000000000e+00 6.2318954644774948e+01
8.9878369068701508e+10 6.1781638584241662e-05 5.4504744400015612e+09 6.1446566989965178e+05 5.0909583288369579e+09 1.0785483334938083e+09 1.8859051325960372e+29 2.4145319777434789e+01 3.0000000000000000e+00 6.2314195377969945e+01
9.0283582768437607e+10 6.1776488527774372e-05 5.4498686535189018e+09 6.1444859567444632e+05 5.0903925003438015e+09 1.0784284595253041e+09 1.9114322743220508e+29 2.4252309555752650e+01 3.0000000000000000e+00 6.2309394518590729e+01
9.0690623360941742e+10 6.1771292621097426e-05 5.4492574908658495e+09 6.1443136847820296e+05 5.0898216502952232e+09 1.0783075217118766e+09 1.9373040733339914e+29 2.4359756868226281e+01 3.0000000000000000e+00 6.2304551710105379e+01
9.1099499082700439e+10 6.1766050462219843e-05 5.4486409052151976e+09 6.1441398695228202e+05 5.0892457349527760e+09 1.0781855107872648e+09 1.9635251633237481e+29 2.4467663450575984e+01 3.0000000000000000e+00 6.2299666593021513e+01
9.1510218207334198e+10 6.1760761645737478e-05 5.4480188493478403e+09 6.1439644972619577e+05 5.0886647102119427e+09 1.0780624174076922e+09 1.9901002398338830e+29 2.4576031042090584e+01 3.0000000000000000e+00 6.2294738804868359e+01
9.1922789045764832e+10 6.1755425762806136e-05 5.4473912756496782e+09 6.1437875541750062e+05 5.0880785315992737e+09 1.0779382321512156e+09 2.0170340610731331e+29 2.4684861385589009e+01 3.0000000000000000e+00 6.2289767980170332e+01
9.2337219946383682e+10 6.1750042401114436e-05 5.4467581361085720e+09 6.1436090263169212e+05 5.0874871542695398e+09 1.0778129455170987e+09 2.0443314487424311e+29 2.4794156227381144e+01 3.0000000000000000e+00 6.2284753750423029e+01
9.2753519295220551e+10 6.1744611144856520e-05 5.4461193823114290e+09 6.1434288996211463e+05 5.0868905330029993e+09 1.0776865479252882e+09 2.0719972888715828e+29 2.4903917317227748e+01 3.0000000000000000e+00 6.2279695744072100e+01
9.3171695516113373e+10 6.1739131574704148e-05 5.4454749654410601e+09 6.1432471598985419e+05 5.0862886222024698e+09 1.0775590297157743e+09 2.1000365326667313e+29 2.5014146408299524e+01 3.0000000000000000e+00 6.2274593586488528e+01
9.3591757070878693e+10 6.1733603267779766e-05 5.4448248362731476e+09 6.1430637928363145e+05 5.0856813758904972e+09 1.0774303811479559e+09 2.1284541973687446e+29 2.5124845257135334e+01 3.0000000000000000e+00 6.2269446899943347e+01
9.4013712459482864e+10 6.1728025797627803e-05 5.4441689451731834e+09 6.1428787839970784e+05 5.0850687477064857e+09 1.0773005924000962e+09 2.1572553671226535e+29 2.5236015623599442e+01 3.0000000000000000e+00 6.2264255303586083e+01
9.4437570220214081e+10 6.1722398734187354e-05 5.4435072420933323e+09 6.1426921188177168e+05 5.0844506909037848e+09 1.0771696535686460e+09 2.1864451938582897e+29 2.5347659270837905e+01 3.0000000000000000e+00 6.2259018413418076e+01
9.4863338929855103e+10 6.1716721643763684e-05 5.4428396765693378e+09 6.1425037826083717e+05 5.0838271583467884e+09 1.0770375546676526e+09 2.2160288981822441e+29 2.5459777965234018e+01 3.0000000000000000e+00 6.2253735842269066e+01
9.5291027203856857e+10 6.1710994088999489e-05 5.4421661977173786e+09 6.1423137605514028e+05 5.0831981025079947e+09 1.0769042856281552e+09 2.2460117702813115e+29 2.5572373476362838e+01 3.0000000000000000e+00 6.2248407199773553e+01
9.5720643696512756e+10 6.1705215628841368e-05 5.4414867542302675e+09 6.1421220377000957e+05 5.0825634754644670e+09 1.0767698362974019e+09 2.2763991708415959e+29 2.5685447576947688e+01 3.0000000000000000e+00 6.2243032092351463e+01
9.6152197101133804e+10 6.1699385818510447e-05 5.4408012943742838e+09 6.1419285989776324e+05 5.0819232288948650e+09 1.0766341964382565e+09 2.3071965319751271e+29 2.5799002042812504e+01 3.0000000000000000e+00 6.2237610123184417e+01
9.6585696150224503e+10 6.1693504209488553e-05 5.4401097659876623e+09 6.1417334291764162e+05 5.0812773140780458e+09 1.0764973557288542e+09 2.3384093581475833e+29 2.5913038652825474e+01 3.0000000000000000e+00 6.2232140892168694e+01
9.7021149615659592e+10 6.1687570349480068e-05 5.4394121164764290e+09 6.1415365129567729e+05 5.0806256818891563e+09 1.0763593037618213e+09 2.3700432271360490e+29 2.6027559188854863e+01 3.0000000000000000e+00 6.2226623995905406e+01
9.7458566308861496e+10 6.1681583782382279e-05 5.4387082928110952e+09 6.1413378348458000e+05 5.0799682827965612e+09 1.0762200300436051e+09 2.4021037909921237e+29 2.6142565435718801e+01 3.0000000000000000e+00 6.2221059027674187e+01
9.7897955080978653e+10 6.1675544048256080e-05 5.4379982415234032e+09 6.1411373792362283e+05 5.0793050668588009e+09 1.0760795239938095e+09 2.4345967770172135e+29 2.6258059181133831e+01 3.0000000000000000e+00 6.2215445577406669e+01
9.8339324823064636e+10 6.1669450683296030e-05 5.4372819087031393e+09 6.1409351303853979e+05 5.0786359837216015e+09 1.0759377749446173e+09 2.4675279887503174e+29 2.6374042215662570e+01 3.0000000000000000e+00 6.2209783231663458e+01
9.8782684466258041e+10 6.1663303219800718e-05 5.4365592399947729e+09 6.1407310724140215e+05 5.0779609826147518e+09 1.0757947721400640e+09 2.5009033069684566e+29 2.6490516332660203e+01 3.0000000000000000e+00 6.2204071573605191e+01
9.9228042981963181e+10 6.1657101186142618e-05 5.4358301805941906e+09 6.1405251893050992e+05 5.0772800123490505e+09 1.0756505047354217e+09 2.5347286906999091e+29 2.6607483328219956e+01 3.0000000000000000e+00 6.2198310182967596e+01
9.9675409382031693e+10 6.1650844106737952e-05 5.4350946752454481e+09 6.1403174649028131e+05 5.0765930213132601e+09 1.0755049617965689e+09 2.5690101782504118e+29 2.6724945001117533e+01 3.0000000000000000e+00 6.2192498636036419e+01
1.0012479271894484e+11 6.1644531502016520e-05 5.4343526682373781e+09 6.1401078829113021e+05 5.0758999574709501e+09 1.0753581322992821e+09 2.6037538882424692e+29 2.6842903152754428e+01 3.0000000000000000e+00 6.2186636505618665e+01
1.0057620208599667e+11 6.1638162888390542e-05 5.4336041034002523e+09 6.1398964268935565e+05 5.0752007683573818e+09 1.0752100051286120e+09 2.6389660206679436e+29 2.6961359587100119e+01 3.0000000000000000e+00 6.2180723361017954e+01
1.0102964661747810e+11 6.1631737778224520e-05 5.4328489241024790e+09 6.1396830802702438e+05 5.0744954010764074e+09 1.0750605690782144e+09 2.6746528579540932e+29 2.7080316110633198e+01 3.0000000000000000e+00 6.2174758768007088e+01
1.0148513548886168e+11 6.1625255679804010e-05 5.4320870732471666e+09 6.1394678263185080e+05 5.0737838022972775e+09 1.0749098128496659e+09 2.7108207660432017e+29 2.7199774532281328e+01 3.0000000000000000e+00 6.2168742288800480e+01
1.0194267791698726e+11 6.1618716097304466e-05 5.4313184932687445e+09 6.1392506481707981e+05 5.0730659182514763e+09 1.0747577250518022e+09 2.7474761954859834e+29 2.7319736663360075e+01 3.0000000000000000e+00 6.2162673482027806e+01
1.0240228316024855e+11 6.1612118530760137e-05 5.4305431261296015e+09 6.1390315288136969e+05 5.0723416947295828e+09 1.0746042942000601e+09 2.7846256825489251e+29 2.7440204317510528e+01 3.0000000000000000e+00 6.2156551902706845e+01
1.0286396051878038e+11 6.1605462476032436e-05 5.4297609133165550e+09 6.1388104510866315e+05 5.0716110770779762e+09 1.0744495087157388e+09 2.8222758503357248e+29 2.7561179310635826e+01 3.0000000000000000e+00 6.2150377102214186e+01
1.0332771933464700e+11 6.1598747424778281e-05 5.4289717958375502e+09 6.1385873976808088e+05 5.0708740101957426e+09 1.0742933569254227e+09 2.8604334099230204e+29 2.7682663460836434e+01 3.0000000000000000e+00 6.2144148628260737e+01
1.0379356899203098e+11 6.1591972864418393e-05 5.4281757142180490e+09 6.1383623511378234e+05 5.0701304385313253e+09 1.0741358270601761e+09 2.8991051615105475e+29 2.7804658588344189e+01 3.0000000000000000e+00 6.2137866024859846e+01
1.0426151891742322e+11 6.1585138278105126e-05 5.4273726084977140e+09 6.1381352938485914e+05 5.0693803060793896e+09 1.0739769072549715e+09 2.9382979955859448e+29 2.7927166515455220e+01 3.0000000000000000e+00 6.2131528832304006e+01
1.0473157857981363e+11 6.1578243144690280e-05 5.4265624182267637e+09 6.1379062080519786e+05 5.0686235563774624e+09 1.0738165855479047e+09 2.9780188941043332e+29 2.8050189066461446e+01 3.0000000000000000e+00 6.2125136587132125e+01
1.0520375749088275e+11 6.1571286938692720e-05 5.4257450824625645e+09 6.1376750758336298e+05 5.0678601325027142e+09 1.0736548498795553e+09 3.0182749316828930e+29 2.8173728067581028e+01 3.0000000000000000e+00 6.2118688822103920e+01
1.0567806520519424e+11 6.1564269130265988e-05 5.4249205397660837e+09 6.1374418791246810e+05 5.0670899770686607e+09 1.0734916880922683e+09 3.0590732768105902e+29 2.8297785346887402e+01 3.0000000000000000e+00 6.2112185066170369e+01
1.0615451132038818e+11 6.1557189185165181e-05 5.4240887281983137e+09 6.1372065997004998e+05 5.0663130322218304e+09 1.0733270879294572e+09 3.1004211930732460e+29 2.8422362734237041e+01 3.0000000000000000e+00 6.2105624844444897e+01
1.0663310547737529e+11 6.1550046564714424e-05 5.4232495853168125e+09 6.1369692191794445e+05 5.0655292396385040e+09 1.0731610370349258e+09 3.1423260403941279e+29 2.8547462061195965e+01 3.0000000000000000e+00 6.2099007678175980e+01
1.0711385736053206e+11 6.1542840725773370e-05 5.4224030481719751e+09 6.1367297190214903e+05 5.0647385405212755e+09 1.0729935229520986e+09 3.1847952762902636e+29 2.8673085160964881e+01 3.0000000000000000e+00 6.2092333084714880e+01
1.0759677669789664e+11 6.1535571120704480e-05 5.4215490533036051e+09 6.1364880805270188e+05 5.0639408755958147e+09 1.0728245331233695e+09 3.2278364571446373e+29 2.8799233868302952e+01 3.0000000000000000e+00 6.2085600577488805e+01
1.0808187326136574e+11 6.1528237197338767e-05 5.4206875367372103e+09 6.1362442848354857e+05 5.0631361851074200e+09 1.0726540548893691e+09 3.2714572394944890e+29 2.8925910019450253e+01 3.0000000000000000e+00 6.2078809665971200e+01
1.0856915686689232e+11 6.1520838398942726e-05 5.4198184339804497e+09 6.1359983129241318e+05 5.0623244088176966e+09 1.0724820754882644e+09 3.3156653813358906e+29 2.9053115452048853e+01 3.0000000000000000e+00 6.2071959855652068e+01
1.0905863737468430e+11 6.1513374164184423e-05 5.4189416800194607e+09 6.1357501456066128e+05 5.0615054860011272e+09 1.0723085820550075e+09 3.3604687434448050e+29 2.9180852005062459e+01 3.0000000000000000e+00 6.2065050648007094e+01
1.0955032468940396e+11 6.1505843927099374e-05 5.4180572093151979e+09 6.1354997635316802e+05 5.0606793554416580e+09 1.0721335616206217e+09 3.4058752907148035e+29 2.9309121518694646e+01 3.0000000000000000e+00 6.2058081540467875e+01
1.1004422876036850e+11 6.1498247117056432e-05 5.4171649557998123e+09 6.1352471471818700e+05 5.0598459554293127e+09 1.0719570011114975e+09 3.4518930935116759e+29 2.9437925834305705e+01 3.0000000000000000e+00 6.2051052026392320e+01
1.1054035958175124e+11 6.1490583158723251e-05 5.4162648528729658e+09 6.1349922768721543e+05 5.0590052237567434e+09 1.0717788873486673e+09 3.4985303290450904e+29 2.9567266794327981e+01 3.0000000000000000e+00 6.2043961595034865e+01
1.1103872719278389e+11 6.1482851472031952e-05 5.4153568333981028e+09 6.1347351327485288e+05 5.0581570977157583e+09 1.0715992070470368e+09 3.5457952827575422e+29 2.9697146242179745e+01 3.0000000000000000e+00 6.2036809731513792e+01
1.1153934167795976e+11 6.1475051472144503e-05 5.4144408296988211e+09 6.1344756947867153e+05 5.0573015140939198e+09 1.0714179468147035e+09 3.5936963497307811e+29 2.9827566022177642e+01 3.0000000000000000e+00 6.2029595916782931e+01
1.1204221316723776e+11 6.1467182569417483e-05 5.4135167735550451e+09 6.1342139427907066e+05 5.0564384091709909e+09 1.0712350931521668e+09 3.6422420361099198e+29 2.9958527979447535e+01 3.0000000000000000e+00 6.2022319627598094e+01
1.1254735183624736e+11 6.1459244169367216e-05 5.4125845961993694e+09 6.1339498563914280e+05 5.0555677187154961e+09 1.0710506324516250e+09 3.6914409605454372e+29 3.0090033959833860e+01 3.0000000000000000e+00 6.2014980336487966e+01
1.1305476790649454e+11 6.1451235672634774e-05 5.4116442283133116e+09 6.1336834150453331e+05 5.0546893779812374e+09 1.0708645509962292e+09 3.7413018556532940e+29 3.0222085809807446e+01 3.0000000000000000e+00 6.2007577511721777e+01
1.1356447164556862e+11 6.1443156474949996e-05 5.4106956000235157e+09 6.1334145980329951e+05 5.0538033217037382e+09 1.0706768349593394e+09 3.7918335694933664e+29 3.0354685376371791e+01 3.0000000000000000e+00 6.2000110617278722e+01
1.1407647336734998e+11 6.1435005967096307e-05 5.4097386408979654e+09 6.1331433844576497e+05 5.0529094840967150e+09 1.0704874704037503e+09 3.8430450670664084e+29 3.0487834506967637e+01 3.0000000000000000e+00 6.1992579112814497e+01
1.1459078343221884e+11 6.1426783534875143e-05 5.4087732799422512e+09 6.1328697532438138e+05 5.0520077988485928e+09 1.0702964432809751e+09 3.8949454318297840e+29 3.0621535049376075e+01 3.0000000000000000e+00 6.1984982453630344e+01
1.1510741224726480e+11 6.1418488559069449e-05 5.4077994455957432e+09 6.1325936831358471e+05 5.0510981991189117e+09 1.0701037394304924e+09 3.9475438672321471e+29 3.0755788851619901e+01 3.0000000000000000e+00 6.1977320090642245e+01
1.1562637026649754e+11 6.1410120415408042e-05 5.4068170657277622e+09 6.1323151526964759e+05 5.0501806175347719e+09 1.0699093445789723e+09 4.0008496982673455e+29 3.0890597761863443e+01 3.0000000000000000e+00 6.1969591470346423e+01
1.1614766799105829e+11 6.1401678474529167e-05 5.4058260676337805e+09 6.1320341403053538e+05 5.0492549861872692e+09 1.0697132443395327e+09 4.0548723730477291e+29 3.1025963628310578e+01 3.0000000000000000e+00 6.1961796034788534e+01
1.1667131596943227e+11 6.1393162101944294e-05 5.4048263780315714e+09 6.1317506241575815e+05 5.0483212366279144e+09 1.0695154242109705e+09 4.1096214643970921e+29 3.1161888299101143e+01 3.0000000000000000e+00 6.1953933221529411e+01
1.1719732479766229e+11 6.1384570658001004e-05 5.4038179230573092e+09 6.1314645822622138e+05 5.0473792998649797e+09 1.0693158695769911e+09 4.1651066714635336e+29 3.1298373622205663e+01 3.0000000000000000e+00 6.1946002463612999e+01
1.1772570511956303e+11 6.1375903497846974e-05 5.4028006282618332e+09 6.1311759924408305e+05 5.0464291063600063e+09 1.0691145657054830e+09 4.2213378213523784e+29 3.1435421445318248e+01 3.0000000000000000e+00 6.1938003189534193e+01
1.1825646762693648e+11 6.1367159971392318e-05 5.4017744186066408e+09 6.1308848323259712e+05 5.0454705860240736e+09 1.0689114977477070e+09 4.2783248707794633e+29 3.1573033615747750e+01 3.0000000000000000e+00 6.1929934823203958e+01
1.1878962305978824e+11 6.1358339423272980e-05 5.4007392184601097e+09 6.1305910793596902e+05 5.0445036682142534e+09 1.0687066507375709e+09 4.3360779077450020e+29 3.1711211980307240e+01 3.0000000000000000e+00 6.1921796783917657e+01
1.1932518220654489e+11 6.1349441192813306e-05 5.3996949515935087e+09 6.1302947107919632e+05 5.0435282817299080e+09 1.0685000095908058e+09 4.3946071532282506e+29 3.1849958385201543e+01 3.0000000000000000e+00 6.1913588486319057e+01
1.1986315590427229e+11 6.1340464613988754e-05 5.3986415411771631e+09 6.1299957036792138e+05 5.0425443548090858e+09 1.0682915591042339e+09 4.4539229629032479e+29 3.1989274675913038e+01 3.0000000000000000e+00 6.1905309340368404e+01
1.2040355503889488e+11 6.1331409015387978e-05 5.3975789097765331e+09 6.1296940348827979e+05 5.0415518151248646e+09 1.0680812839550078e+09 4.5140358288758431e+29 3.2129162697085611e+01 3.0000000000000000e+00 6.1896958751309157e+01
1.2094639054541588e+11 6.1322273720175764e-05 5.3965069793482180e+09 6.1293896810673387e+05 5.0405505897816343e+09 1.0678691686997550e+09 4.5749563814422595e+29 3.2269624292406633e+01 3.0000000000000000e+00 6.1888536119629627e+01
1.2149167340813866e+11 6.1313058046054536e-05 5.3954256712361250e+09 6.1290826186993043e+05 5.0395406053114939e+09 1.0676551977738935e+09 4.6366953908694788e+29 3.2410661304487220e+01 3.0000000000000000e+00 6.1880040841033633e+01
1.2203941466088893e+11 6.1303761305226467e-05 5.3943349061674547e+09 6.1287728240453755e+05 5.0385217876705198e+09 1.0674393554908085e+09 4.6992637691976342e+29 3.2552275574740364e+01 3.0000000000000000e+00 6.1871472306403248e+01
1.2258962538723807e+11 6.1294382804355664e-05 5.3932346042487497e+09 6.1284602731708204e+05 5.0374940622350693e+09 1.0672216260410393e+09 4.7626725720647256e+29 3.2694468943257327e+01 3.0000000000000000e+00 6.1862829901763135e+01
1.2314231672072739e+11 6.1284921844529319e-05 5.3921246849619932e+09 6.1281449419380212e+05 5.0364573537981348e+09 1.0670019934915763e+09 4.8269330005538736e+29 3.2837243248681922e+01 3.0000000000000000e+00 6.1854113008248682e+01
1.2369749984509337e+11 6.1275377721219603e-05 5.3910050671605663e+09 6.1278268060047575e+05 5.0354115865655680e+09 1.0667804417849953e+09 4.8920564030633752e+29 3.2980600328082829e+01 3.0000000000000000e+00 6.1845321002067664e+01
1.2425518599449403e+11 6.1265749724244848e-05 5.3898756690652828e+09 6.1275058408226282e+05 5.0343566841523857e+09 1.0665569547386938e+09 4.9580542771998429e+29 3.3124542016823973e+01 3.0000000000000000e+00 6.1836453254465781e+01
1.2481538645373624e+11 6.1256037137730931e-05 5.3887364082604723e+09 6.1271820216354867e+05 5.0332925695790930e+09 1.0663315160441428e+09 5.0249382716946596e+29 3.3269070148432796e+01 3.0000000000000000e+00 6.1827509131692644e+01
1.2537811255850400e+11 6.1246239240072092e-05 5.3875872016899004e+09 6.1268553234777367e+05 5.0322191652678862e+09 1.0661041092660456e+09 5.0927201883440367e+29 3.3414186554466426e+01 3.0000000000000000e+00 6.1818487994964052e+01
1.2594337569558792e+11 6.1236355303892476e-05 5.3864279656528177e+09 6.1265257211726997e+05 5.0311363930389671e+09 1.0658747178415557e+09 5.1614119839729355e+29 3.3559893064375849e+01 3.0000000000000000e+00 6.1809389200425962e+01
1.2651118730311557e+11 6.1226384596006056e-05 5.3852586157999477e+09 6.1261931893310137e+05 5.0300441741067753e+09 1.0656433250795194e+09 5.2310257724231096e+29 3.3706191505367919e+01 3.0000000000000000e+00 6.1800212099120628e+01
1.2708155887078294e+11 6.1216326377378023e-05 5.3840790671294613e+09 6.1258577023489051e+05 5.0289424290762501e+09 1.0654099141596380e+09 5.3015738265655700e+29 3.3853083702265181e+01 3.0000000000000000e+00 6.1790956036947534e+01
1.2765450194008696e+11 6.1206179903085128e-05 5.3828892339829998e+09 6.1255192344065662e+05 5.0278310779390974e+09 1.0651744681317103e+09 5.3730685803377169e+29 3.4000571477363607e+01 3.0000000000000000e+00 6.1781620354628814e+01
1.2823002810455899e+11 6.1195944422276182e-05 5.3816890300415831e+09 6.1251777594663925e+05 5.0267100400699911e+09 1.0649369699147815e+09 5.4455226308054261e+29 3.4148656650288082e+01 3.0000000000000000e+00 6.1772204387670001e+01
1.2880814900999948e+11 6.1185619178131867e-05 5.3804783683216772e+09 6.1248332512714155e+05 5.0255792342228642e+09 1.0646974022964383e+09 5.5189487402503891e+29 3.4297341037845698e+01 3.0000000000000000e+00 6.1762707466327420e+01
1.2938887635471359e+11 6.1175203407825600e-05 5.3792571611710825e+09 6.1244856833434640e+05 5.0244385785271082e+09 1.0644557479319181e+09 5.5933598382829537e+29 3.4446626453876718e+01 3.0000000000000000e+00 6.1753128915566265e+01
1.2997222188974786e+11 6.1164696342483091e-05 5.3780253202649431e+09 6.1241350289815222e+05 5.0232879904838200e+09 1.0642119893433644e+09 5.6687690239807766e+29 3.4596514709103438e+01 3.0000000000000000e+00 6.1743468055026305e+01
1.3055819741912813e+11 6.1154097207142378e-05 5.3767827566017036e+09 6.1237812612599833e+05 5.0221273869620314e+09 1.0639661089190148e+09 5.7451895680535842e+29 3.4747007610976532e+01 3.0000000000000000e+00 6.1733724198983388e+01
1.3114681480009821e+11 6.1143405220713857e-05 5.3755293804990587e+09 6.1234243530268874e+05 5.0209566841949310e+09 1.0637180889123862e+09 5.8226349150342746e+29 3.4898106963519247e+01 3.0000000000000000e+00 6.1723896656311048e+01
1.3173808594335995e+11 6.1132619595939453e-05 5.3742651015899172e+09 6.1230642769022076e+05 5.0197757977760849e+09 1.0634679114414995e+09 5.9011186854967465e+29 3.5049814567169065e+01 3.0000000000000000e+00 6.1713984730444167e+01
1.3233202281331425e+11 6.1121739539352838e-05 5.3729898288183928e+09 6.1227010052760853e+05 5.0185846426557016e+09 1.0632155584880769e+09 5.9806546783006602e+29 3.5202132218617173e+01 3.0000000000000000e+00 6.1703987719339615e+01
1.3292863742830305e+11 6.1110764251238238e-05 5.3717034704357052e+09 6.1223345103070419e+05 5.0173831331367970e+09 1.0629610118967298e+09 6.0612568728634795e+29 3.5355061710645330e+01 3.0000000000000000e+00 6.1693904915438843e+01
1.3352794186085265e+11 6.1099692925590285e-05 5.3704059339961834e+09 6.1219647639202140e+05 5.0161711828714609e+09 1.0627042533741705e+09 6.1429394314600910e+29 3.5508604831960426e+01 3.0000000000000000e+00 6.1683735605628648e+01
1.3412994823791791e+11 6.1088524750073237e-05 5.3690971263531742e+09 6.1215917378055141e+05 5.0149487048570499e+09 1.0624452644883796e+09 6.2257167015502841e+29 3.5662763367026486e+01 3.0000000000000000e+00 6.1673479071202024e+01
1.3473466874112767e+11 6.1077258905979688e-05 5.3677769536550512e+09 6.1212154034159123e+05 5.0137156114324312e+09 1.0621840266678644e+09 6.3096032181344053e+29 3.5817539095894190e+01 3.0000000000000000e+00 6.1663134587821155e+01
1.3534211560703128e+11 6.1065894568190383e-05 5.3664453213411570e+09 6.1208357319655456e+05 5.0124718142742233e+09 1.0619205212008073e+09 6.3946137061375217e+29 3.5972933794027846e+01 3.0000000000000000e+00 6.1652701425476351e+01
1.3595230112734613e+11 6.1054430905132379e-05 5.3651021341377411e+09 6.1204526944279391e+05 5.0112172243929749e+09 1.0616547292342975e+09 6.4807630828223552e+29 3.6128949232129848e+01 3.0000000000000000e+00 6.1642178848448438e+01
1.3656523764920647e+11 6.1042867078738510e-05 5.3637472960539427e+09 6.1200662615341460e+05 5.0099517521294394e+09 1.0613866317735150e+09 6.5680664602313406e+29 3.6285587175962483e+01 3.0000000000000000e+00 6.1631566115267979e+01
1.3718093757541312e+11 6.1031202244405927e-05 5.3623807103777590e+09 6.1196764037709078e+05 5.0086753071507797e+09 1.0611162096809380e+09 6.6565391476581058e+29 3.6442849386167111e+01 3.0000000000000000e+00 6.1620862478676493e+01
1.3779941336468463e+11 6.1019435550955098e-05 5.3610022796719894e+09 6.1192830913787754e+05 5.0073877984468126e+09 1.0608434436755301e+09 6.7461966541487201e+29 3.6600737618080771e+01 3.0000000000000000e+00 6.1610067185585187e+01
1.3842067753190918e+11 6.1007566140587942e-05 5.3596119057702818e+09 6.1188862943503284e+05 5.0060891343262815e+09 1.0605683143320035e+09 6.8370546910329573e+29 3.6759253621549938e+01 3.0000000000000000e+00 6.1599179477038405e+01
1.3904474264839798e+11 6.0995593148846989e-05 5.3582094897729979e+09 6.1184859824281489e+05 5.0047792224130230e+09 1.0602908020799227e+09 6.9291291744860140e+29 3.6918399140741776e+01 3.0000000000000000e+00 6.1588198588168481e+01
1.3967162134213956e+11 6.0983515704573489e-05 5.3567949320433264e+09 6.1180821251030872e+05 5.0034579696423197e+09 1.0600108872030163e+09 7.0224362281209066e+29 3.7078175913952393e+01 3.0000000000000000e+00 6.1577123748159948e+01
1.4030132629805533e+11 6.0971332929865937e-05 5.3553681322031507e+09 6.1176746916122339e+05 5.0021252822570524e+09 1.0597285498382968e+09 7.1169921856119181e+29 3.7238585673412580e+01 3.0000000000000000e+00 6.1565954180205665e+01
1.4093387025825626e+11 6.0959043940038569e-05 5.3539289891291695e+09 6.1172636509371083e+05 5.0007810658040581e+09 1.0594437699753371e+09 7.2128135933494388e+29 3.7399630145090448e+01 3.0000000000000000e+00 6.1554689101468504e+01
1.4156926602230069e+11 6.0946647843579511e-05 5.3524774009487791e+09 6.1168489718016447e+05 4.9994252251303072e+09 1.0591565274554172e+09 7.3099172131265118e+29 3.7561311048491447e+01 3.0000000000000000e+00 6.1543327723037777e+01
1.4220752644745340e+11 6.0934143742109235e-05 5.3510132650362368e+09 6.1164306226703711e+05 4.9980576643792992e+09 1.0588668019708132e+09 7.4083200248574332e+29 3.7723630096455437e+01 3.0000000000000000e+00 6.1531869249891876e+01
1.4284866444894568e+11 6.0921530730338883e-05 5.3495364780085411e+09 6.1160085717463330e+05 4.9966782869872360e+09 1.0585745730639182e+09 7.5080392293287440e+29 3.7886588994950749e+01 3.0000000000000000e+00 6.1520312880851861e+01
1.4349269300023672e+11 6.0908807896027835e-05 5.3480469357215576e+09 6.1155827869692584e+05 4.9952869956793766e+09 1.0582798201265416e+09 7.6090922509829385e+29 3.8050189442865403e+01 3.0000000000000000e+00 6.1508657808545188e+01
1.4413962513327618e+11 6.0895974319942813e-05 5.3465445332660437e+09 6.1151532360135159e+05 4.9938836924663534e+09 1.0579825223990722e+09 7.7114967407352971e+29 3.8214433131795317e+01 3.0000000000000000e+00 6.1496903219360071e+01
1.4478947393876779e+11 6.0883029075815262e-05 5.3450291649637203e+09 6.1147198862861888e+05 4.9924682786404762e+09 1.0576826589697341e+09 7.8152705788240807e+29 3.8379321745829458e+01 3.0000000000000000e+00 6.1485048293406173e+01
1.4544225256643430e+11 6.0869971230299672e-05 5.3435007243633022e+09 6.1142827049250435e+05 4.9910406547720442e+09 1.0573802087737765e+09 7.9204318776945573e+29 3.8544856961332037e+01 3.0000000000000000e+00 6.1473092204470873e+01
1.4609797422528357e+11 6.0856799842931797e-05 5.3419591042366505e+09 6.1138416587965819e+05 4.9896007207057400e+09 1.0570751505927347e+09 8.0269989849171346e+29 3.8711040446721455e+01 3.0000000000000000e+00 6.1461034119978422e+01
1.4675665218387589e+11 6.0843513966086494e-05 5.3404041965748062e+09 6.1133967144939885e+05 4.9881483755569315e+09 1.0567674630536259e+09 8.1349904861399761e+29 3.8877873862246311e+01 3.0000000000000000e+00 6.1448873200946409e+01
1.4741829977059229e+11 6.0830112644935994e-05 5.3388358925841579e+09 6.1129478383351420e+05 4.9866835177080917e+09 1.0564571246282014e+09 8.2444252080764472e+29 3.9045358859758061e+01 3.0000000000000000e+00 6.1436608601943760e+01
1.4808293037390448e+11 6.0816594917407833e-05 5.3372540826825600e+09 6.1124949963605846e+05 4.9852060448051672e+09 1.0561441136321797e+09 8.3553222215278100e+29 3.9213497082480700e+01 3.0000000000000000e+00 6.1424239471048210e+01
1.4875055744264563e+11 6.0802959814142802e-05 5.3356586564954367e+09 6.1120381543314457e+05 4.9837158537539511e+09 1.0558284082244593e+09 8.4677008444414367e+29 3.9382290164776997e+01 3.0000000000000000e+00 6.1411764949802290e+01
1.4942119448628256e+11 6.0789206358453339e-05 5.3340495028520565e+09 6.1115772777274693e+05 4.9822128407165871e+09 1.0555099864064121e+09 8.5815806450049833e+29 3.9551739731911610e+01 3.0000000000000000e+00 6.1399184173172181e+01
1.5009485507518903e+11 6.0775333566281238e-05 5.3324265097816114e+09 6.1111123317448795e+05 4.9806969011079197e+09 1.0551888260210795e+09 8.6969814447768350e+29 3.9721847399810855e+01 3.0000000000000000e+00 6.1386496269502636e+01
1.5077155284092102e+11 6.0761340446155902e-05 5.3307895645094900e+09 6.1106432812943589e+05 4.9791679295920076e+09 1.0548649047524534e+09 8.8139233218533735e+29 3.9892614774819229e+01 3.0000000000000000e+00 6.1373700360474871e+01
1.5145130147649011e+11 6.0747225999152646e-05 5.3291385534534483e+09 6.1101700909988978e+05 4.9776258200785542e+09 1.0545382001246833e+09 8.9324266140727114e+29 4.0064043453451852e+01 3.0000000000000000e+00 6.1360795561060669e+01
1.5213411473664426e+11 6.0732989218850579e-05 5.3274733622199583e+09 6.1096927251918218e+05 4.9760704657194862e+09 1.0542086895014149e+09 9.0525119222569463e+29 4.0236135022145071e+01 3.0000000000000000e+00 6.1347780979482394e+01
1.5282000643814352e+11 6.0718629091290796e-05 5.3257938756003685e+09 6.1092111479145801e+05 4.9745017589053764e+09 1.0538763500849774e+09 9.1742001134911073e+29 4.0408891057001917e+01 3.0000000000000000e+00 6.1334655717165788e+01
1.5350899046004053e+11 6.0704144594934916e-05 5.3240999775673056e+09 6.1087253229147079e+05 4.9729195912620726e+09 1.0535411589157023e+09 9.2975123244408743e+29 4.0582313123535009e+01 3.0000000000000000e+00 6.1321418868697869e+01
1.5420108074396100e+11 6.0689534700623264e-05 5.3223915512709255e+09 6.1082352136436407e+05 4.9713238536472092e+09 1.0532030928711505e+09 9.4224699647086714e+29 4.0756402776405658e+01 3.0000000000000000e+00 6.1308069521780915e+01
1.5489629129438614e+11 6.0674798371532901e-05 5.3206684790352755e+09 6.1077407832546299e+05 4.9697144361468010e+09 1.0528621286654246e+09 9.5490947202287943e+29 4.0931161559159428e+01 3.0000000000000000e+00 6.1294606757189825e+01
1.5559463617893585e+11 6.0659934563136755e-05 5.3189306423547487e+09 6.1072419946006080e+05 4.9680912280719299e+09 1.0525182428484555e+09 9.6774085567017992e+29 4.1106591003958123e+01 3.0000000000000000e+00 6.1281029648726680e+01
1.5629612952865344e+11 6.0644942223161388e-05 5.3171779218903837e+09 6.1067388102319976e+05 4.9664541179552946e+09 1.0521714118052655e+09 9.8074337230686608e+29 4.1282692631308059e+01 3.0000000000000000e+00 6.1267337263176131e+01
1.5700078553829163e+11 6.0629820291545984e-05 5.3154101974663382e+09 6.1062311923945509e+05 4.9648029935479164e+09 1.0518216117552638e+09 9.9391927550250412e+29 4.1459467949784717e+01 3.0000000000000000e+00 6.1253528660259910e+01
1.5770861846659961e+11 6.0614567700401289e-05 5.3136273480664434e+09 6.1057191030272399e+05 4.9631377418159151e+09 1.0514688187515898e+09 1.0072708478576037e+30 4.1636918455753595e+01 3.0000000000000000e+00 6.1239602892593361e+01
1.5841964263661179e+11 6.0599183373967561e-05 5.3118292518305788e+09 6.1052025037600147e+05 4.9614582489371195e+09 1.0511130086803800e+09 1.0208004013631895e+30 4.1815045633087337e+01 3.0000000000000000e+00 6.1225559005639646e+01
1.5913387243593738e+11 6.0583666228574532e-05 5.3100157860512762e+09 6.1046813559116074e+05 4.9597644002979183e+09 1.0507541572600784e+09 1.0345102777644974e+30 4.1993850952878972e+01 3.0000000000000000e+00 6.1211396037662460e+01
1.5985132231705182e+11 6.0568015172599600e-05 5.3081868271702852e+09 6.1041556204873743e+05 4.9580560804900236e+09 1.0503922400407875e+09 1.0484028489288487e+30 4.2173335873151458e+01 3.0000000000000000e+00 6.1197113019683613e+01
1.6057200679758893e+11 6.0552229106427310e-05 5.3063422507751942e+09 6.1036252581770881e+05 4.9563331733073292e+09 1.0500272324035977e+09 1.0624805172177273e+30 4.2353501838563126e+01 3.0000000000000000e+00 6.1182708975436427e+01
1.6129594046063489e+11 6.0536306922408547e-05 5.3044819315960188e+09 6.1030902293526568e+05 4.9545955617427254e+09 1.0496591095598820e+09 1.0767457158631165e+30 4.2534350280109365e+01 3.0000000000000000e+00 6.1168182921318646e+01
1.6202313795502322e+11 6.0520247504820123e-05 5.3026057435019474e+09 6.1025504940659530e+05 4.9528431279850559e+09 1.0492878465506792e+09 1.0912009093481243e+30 4.2715882614820160e+01 3.0000000000000000e+00 6.1153533866347829e+01
1.6275361399563120e+11 6.0504049729824176e-05 5.3007135594980335e+09 6.1020060120465443e+05 4.9510757534160261e+09 1.0489134182460240e+09 1.1058485937919430e+30 4.2898100245453762e+01 3.0000000000000000e+00 6.1138760812115073e+01
1.6348738336367767e+11 6.0487712465427731e-05 5.2988052517220068e+09 6.1014567426995188e+05 4.9492933186072206e+09 1.0485357993443569e+09 1.1206912973391863e+30 4.3081004560186152e+01 3.0000000000000000e+00 6.1123862752740443e+01
1.6422446090702219e+11 6.0471234571443240e-05 5.2968806914410028e+09 6.1009026451030932e+05 4.9474957033170719e+09 1.0481549643718003e+09 1.1357315805536406e+30 4.3264596932296541e+01 3.0000000000000000e+00 6.1108838674822607e+01
1.6496486154046533e+11 6.0454614899447787e-05 5.2949397490484734e+09 6.1003436780064623e+05 4.9456827864879351e+09 1.0477708876816139e+09 1.1509720368164743e+30 4.3448878719848580e+01 3.0000000000000000e+00 6.1093687557396905e+01
1.6570860024605054e+11 6.0437852292744068e-05 5.2929822940610638e+09 6.0997797998274700e+05 4.9438544462432156e+09 1.0473835434535449e+09 1.1664152927289456e+30 4.3633851265367383e+01 3.0000000000000000e+00 6.1078408371885821e+01
1.6645569207336737e+11 6.0420945586320705e-05 5.2910081951156082e+09 6.0992109686503629e+05 4.9420105598845272e+09 1.0469929056932474e+09 1.1820640085196589e+30 4.3819515895512453e+01 3.0000000000000000e+00 6.1063000082054089e+01
1.6720615213985593e+11 6.0403893606812405e-05 5.2890173199660797e+09 6.0986371422235016e+05 4.9401510038888502e+09 1.0465989482316918e+09 1.1979208784563958e+30 4.4005873920746097e+01 3.0000000000000000e+00 6.1047461643962322e+01
1.6795999563111285e+11 6.0386695172461853e-05 5.2870095354805889e+09 6.0980582779569435e+05 4.9382756539057560e+09 1.0462016447244990e+09 1.2139886312625812e+30 4.4192926634997761e+01 3.0000000000000000e+00 6.1031792005916166e+01
1.6871723780119852e+11 6.0369349093080056e-05 5.2849847076386385e+09 6.0974743329203385e+05 4.9363843847548037e+09 1.0458009686515075e+09 1.2302700305384112e+30 4.4380675315323721e+01 3.0000000000000000e+00 6.1015990108425264e+01
1.6947789397294568e+11 6.0351854170007835e-05 5.2829427015281229e+09 6.0968852638404560e+05 4.9344770704227571e+09 1.0453968933161020e+09 1.2467678751866961e+30 4.4569121221562519e+01 3.0000000000000000e+00 6.1000054884152206e+01
1.7024197953826971e+11 6.0334209196077801e-05 5.2808833813425894e+09 6.0962910270988778e+05 4.9325535840610304e+09 1.0449893918446751e+09 1.2634849998434619e+30 4.4758265595985954e+01 3.0000000000000000e+00 6.0983985257865633e+01
1.7100950995847983e+11 6.0316412955575988e-05 5.2788066103785810e+09 6.0956915787297790e+05 4.9306137979831953e+09 1.0445784371861620e+09 1.2804242753133384e+30 4.4948109662945377e+01 3.0000000000000000e+00 6.0967780146395441e+01
1.7178050076459207e+11 6.0298464224204153e-05 5.2767122510327959e+09 6.0950868744173879e+05 4.9286575836623373e+09 1.0441640021113772e+09 1.2975886090098002e+30 4.5138654628513606e+01 3.0000000000000000e+00 6.0951438458581123e+01
1.7255496755764362e+11 6.0280361769042151e-05 5.2746001647996578e+09 6.0944768694938533e+05 4.9266848117287779e+09 1.0437460592126436e+09 1.3149809454002847e+30 4.5329901680122184e+01 3.0000000000000000e+00 6.0934959095229154e+01
1.7333292600900836e+11 6.0262104348510877e-05 5.2724702122686386e+09 6.0938615189367300e+05 4.9246953519675798e+09 1.0433245809031794e+09 1.3326042664562390e+30 4.5521851986193887e+01 3.0000000000000000e+00 6.0918340949061530e+01
1.7411439186071408e+11 6.0243690712335010e-05 5.2703222531218147e+09 6.0932407773666969e+05 4.9226890733162613e+09 1.0428995394166621e+09 1.3504615921081370e+30 4.5714506695770609e+01 3.0000000000000000e+00 6.0901582904670462e+01
1.7489938092576099e+11 6.0225119601506914e-05 5.2681561461314259e+09 6.0926145990451239e+05 4.9206658438625259e+09 1.0424709068067062e+09 1.3685559807055157e+30 4.5907866938136500e+01 3.0000000000000000e+00 6.0884683838468646e+01
1.7568790908844171e+11 6.0206389748249752e-05 5.2659717491576071e+09 6.0919829378718254e+05 4.9186255308421106e+09 1.0420386549464879e+09 1.3868905294820651e+30 4.6101933822436287e+01 3.0000000000000000e+00 6.0867642618645618e+01
1.7647999230466263e+11 6.0187499875982273e-05 5.2637689191459255e+09 6.0913457473824569e+05 4.9165680006365433e+09 1.0416027555281433e+09 1.4054683750258214e+30 4.6296708437288707e+01 3.0000000000000000e+00 6.0850458105112807e+01
1.7727564660226685e+11 6.0168448699282852e-05 5.2615475121253948e+09 6.0907029807463614e+05 4.9144931187712288e+09 1.0411631800624934e+09 1.4242926937545110e+30 4.6492191850395081e+01 3.0000000000000000e+00 6.0833129149463140e+01
1.7807488808135849e+11 6.0149234923854414e-05 5.2593073832061272e+09 6.0900545907639759e+05 4.9124007499132986e+09 1.0407198998784877e+09 1.4433667023960822e+30 4.6688385108142938e+01 3.0000000000000000e+00 6.0815654594917113e+01
1.7887773291462848e+11 6.0129857246489628e-05 5.2570483865773926e+09 6.0894005298645375e+05 4.9102907578697701e+09 1.0402728861228707e+09 1.4626936584744706e+30 4.6885289235204596e+01 3.0000000000000000e+00 6.0798033276278119e+01
1.7968419734768173e+11 6.0110314355034488e-05 5.2547703755053949e+09 6.0887407501036138e+05 4.9081630055854797e+09 1.0398221097597493e+09 1.4822768608003113e+30 4.7082905234130116e+01 3.0000000000000000e+00 6.0780264019883610e+01
1.8049429769936603e+11 6.0090604928347786e-05 5.2524732023304710e+09 6.0880752031603362e+05 4.9060173551404800e+09 1.0393675415699766e+09 1.5021196499660739e+30 4.7281234084933210e+01 3.0000000000000000e+00 6.0762345643549949e+01
1.8130805036210208e+11 6.0070727636283216e-05 5.2501567184672747e+09 6.0874038403356890e+05 4.9038536677501822e+09 1.0389091521512772e+09 1.5222254088500444e+30 4.7480276744679230e+01 3.0000000000000000e+00 6.0744276956535849e+01
1.8212547180221530e+11 6.0050681139650545e-05 5.2478207744021692e+09 6.0867266125497012e+05 4.9016718037629566e+09 1.0384469119176426e+09 1.5425975631228361e+30 4.7680034147062031e+01 3.0000000000000000e+00 6.0726056759486681e+01
1.8294657856026904e+11 6.0030464090181283e-05 5.2454652196915312e+09 6.0860434703391022e+05 4.8994716226585102e+09 1.0379807910990645e+09 1.5632395817598294e+30 4.7880507201976435e+01 3.0000000000000000e+00 6.0707683844390424e+01
1.8377138725139920e+11 6.0010075130496954e-05 5.2430899029601288e+09 6.0853543638548115e+05 4.8972529830464048e+09 1.0375107597411760e+09 1.5841549775592565e+30 4.8081696795085769e+01 3.0000000000000000e+00 6.0689156994526265e+01
1.8459991456565045e+11 5.9989512894077203e-05 5.2406946718996477e+09 6.0846592428595107e+05 4.8950157426646585e+09 1.0370367877049701e+09 1.6053473076658324e+30 4.8283603787384045e+01 3.0000000000000000e+00 6.0670474984417510e+01
1.8543217726831406e+11 5.9968776005228587e-05 5.2382793732672987e+09 6.0839580567252007e+05 4.8927597583784561e+09 1.0365588446665297e+09 1.6268201740999777e+30 4.8486229014752787e+01 3.0000000000000000e+00 6.0651636579783158e+01
1.8626819220026703e+11 5.9947863079054515e-05 5.2358438528845530e+09 6.0832507544307318e+05 4.8904848861789675e+09 1.0360769001167593e+09 1.6485772242926705e+30 4.8689573287512253e+01 3.0000000000000000e+00 6.0632640537488122e+01
1.8710797627831290e+11 5.9926772721424433e-05 5.2333879556359320e+09 6.0825372845593910e+05 4.8881909811822052e+09 1.0355909233611811e+09 1.6706221516259795e+30 4.8893637389967317e+01 3.0000000000000000e+00 6.0613485605497523e+01
1.8795154649552408e+11 5.9905503528944699e-05 5.2309115254678478e+09 6.0818175952963461e+05 4.8858778976279640e+09 1.0351008835196527e+09 1.6929586959793203e+30 4.9098422079947653e+01 3.0000000000000000e+00 6.0594170522824584e+01
1.8879891992158566e+11 5.9884054088929819e-05 5.2284144053877506e+09 6.0810916344263125e+05 4.8835454888789978e+09 1.0346067495262605e+09 1.7155906442814757e+30 4.9303928088342403e+01 3.0000000000000000e+00 6.0574694019486031e+01
1.8965011370314090e+11 5.9862422979373651e-05 5.2258964374630919e+09 6.0803593493309687e+05 4.8811936074200697e+09 1.0341084901290648e+09 1.7385218310684340e+30 4.9510156118629112e+01 3.0000000000000000e+00 6.0555054816450841e+01
1.9050514506413809e+11 5.9840608768922021e-05 5.2233574628205652e+09 6.0796206869864976e+05 4.8788221048572464e+09 1.0336060738899544e+09 1.7617561390470754e+30 4.9717106846396952e+01 3.0000000000000000e+00 6.0535251625591812e+01
1.9136403130617923e+11 5.9818610016845538e-05 5.2207973216455402e+09 6.0788755939612119e+05 4.8764308319173479e+09 1.0330994691845807e+09 1.7852974996647677e+30 4.9924780918864215e+01 3.0000000000000000e+00 6.0515283149639856e+01
1.9222678980886990e+11 5.9796425273012960e-05 5.2182158531813402e+09 6.0781240164129366e+05 4.8740196384472904e+09 1.0325886442021512e+09 1.8091498936848946e+30 5.0133178954389884e+01 3.0000000000000000e+00 6.0495148082132566e+01
1.9309343803017111e+11 5.9774053077865569e-05 5.2156128957289000e+09 6.0773659000866325e+05 4.8715883734137630e+09 1.0320735669454107e+09 1.8333173517683830e+30 5.0342301541979374e+01 3.0000000000000000e+00 6.0474845107367976e+01
1.9396399350675259e+11 5.9751491962392032e-05 5.2129882866463957e+09 6.0766011903118785e+05 4.8691368849028797e+09 1.0315542052305522e+09 1.8578039550612613e+30 5.0552149240784438e+01 3.0000000000000000e+00 6.0454372900355210e+01
1.9483847385434750e+11 5.9728740448103996e-05 5.2103418623489685e+09 6.0758298320003157e+05 4.8666650201199274e+09 1.0310305266871245e+09 1.8826138357882864e+30 5.0762722579596797e+01 3.0000000000000000e+00 6.0433730126764885e+01
1.9571689676810895e+11 5.9705797047012326e-05 5.2076734583087482e+09 6.0750517696433025e+05 4.8641726253893785e+09 1.0305024987581099e+09 1.9077511778526984e+30 5.0974022056336040e+01 3.0000000000000000e+00 6.0412915442884326e+01
1.9659928002296811e+11 5.9682660261603999e-05 5.2049829090548096e+09 6.0742669473093539e+05 4.8616595461548510e+09 1.0299700886998802e+09 1.9332202174421368e+30 5.1186048137531202e+01 3.0000000000000000e+00 6.0391927495567842e+01
1.9748564147399384e+11 5.9659328584820410e-05 5.2022700481732912e+09 6.0734753086415771e+05 4.8591256269792328e+09 1.0294332635821761e+09 1.9590252436407614e+30 5.1398801257796293e+01 3.0000000000000000e+00 6.0370764922185941e+01
1.9837599905675400e+11 5.9635800500035366e-05 5.1995347083077841e+09 6.0726767968553421e+05 4.8565707115450277e+09 1.0288919902882714e+09 1.9851705990476256e+30 5.1612281819299561e+01 3.0000000000000000e+00 6.0349426350582171e+01
1.9927037078767834e+11 5.9612074481034720e-05 5.1967767211596565e+09 6.0718713547356683e+05 4.8539946426546669e+09 1.0283462355149721e+09 2.0116606804013405e+30 5.1826490191226497e+01 3.0000000000000000e+00 6.0327910399021860e+01
2.0016877476442316e+11 5.9588148991996874e-05 5.1939959174886494e+09 6.0710589246347570e+05 4.8513972622310686e+09 1.0277959657727404e+09 2.0384999392110773e+30 5.2041426709236525e+01 3.0000000000000000e+00 6.0306215676144390e+01
2.0107122916623740e+11 5.9564022487473127e-05 5.1911921271135502e+09 6.0702394484695466e+05 4.8487784113182621e+09 1.0272411473858608e+09 2.0656928823939450e+30 5.2257091674913269e+01 3.0000000000000000e+00 6.0284340780917098e+01
2.0197775225433057e+11 5.9539693412370438e-05 5.1883651789130859e+09 6.0694128677192074e+05 4.8461379300822220e+09 1.0266817464925941e+09 2.0932440729187910e+30 5.2473485355208481e+01 3.0000000000000000e+00 6.0262284302586941e+01
2.0288836237224225e+11 5.9515160201933427e-05 5.1855149008267870e+09 6.0685791234226082e+05 4.8434756578116751e+09 1.0261177290453376e+09 2.1211581304564620e+30 5.2690607981879367e+01 3.0000000000000000e+00 6.0240044820632022e+01
2.0380307794621323e+11 5.9490421281728687e-05 5.1826411198562365e+09 6.0677381561759091e+05 4.8407914329192686e+09 1.0255490608109014e+09 2.1494397320365690e+30 5.2908459750919349e+01 3.0000000000000000e+00 6.0217620904715794e+01
2.0472191748555850e+11 5.9465475067628900e-05 5.1797436620662479e+09 6.0668899061300303e+05 4.8380850929426727e+09 1.0249757073707273e+09 2.1780936127108034e+30 5.3127040821982355e+01 3.0000000000000000e+00 6.0195011114639044e+01
2.0564489958304163e+11 5.9440319965799183e-05 5.1768223525863791e+09 6.0660343129881774e+05 4.8353564745459881e+09 1.0243976341211751e+09 2.2071245662228288e+30 5.3346351317800341e+01 3.0000000000000000e+00 6.0172214000292257e+01
2.0657204291525104e+11 5.9414954372682652e-05 5.1738770156124258e+09 6.0651713160033734e+05 4.8326054135211449e+09 1.0238148062738428e+09 2.2365374456848092e+30 5.3566391323594068e+01 3.0000000000000000e+00 6.0149228101609793e+01
2.0750336624297800e+11 5.9389376674988994e-05 5.1709074744082251e+09 6.0643008539759531e+05 4.8298317447895956e+09 1.0232271888558909e+09 2.2663371642606024e+30 5.3787160886477174e+01 3.0000000000000000e+00 6.0126051948521443e+01
2.0843888841159610e+11 5.9363585249682322e-05 5.1679135513075600e+09 6.0634228652511491e+05 4.8270353024040737e+09 1.0226347467104570e+09 2.2965286958556553e+30 5.4008660014853426e+01 3.0000000000000000e+00 6.0102684060907571e+01
2.0937862835144284e+11 5.9337578463971166e-05 5.1648950677162609e+09 6.0625372877166304e+05 4.8242159195505714e+09 1.0220374444970708e+09 2.3271170758136597e+30 5.4230888677806938e+01 3.0000000000000000e+00 6.0079122948553092e+01
2.1032260507820236e+11 5.9311354675299331e-05 5.1618518441143379e+09 6.0616440587999090e+05 4.8213734285503359e+09 1.0214352466920078e+09 2.3581074016199745e+30 5.4453846804485593e+01 3.0000000000000000e+00 6.0055367111096999e+01
2.1127083769329053e+11 5.9284912231337205e-05 5.1587837000585289e+09 6.0607431154660671e+05 4.8185076608622332e+09 1.0208281175888923e+09 2.3895048336118929e+30 5.4677534283477414e+01 3.0000000000000000e+00 6.0031415037992041e+01
2.1222334538424121e+11 5.9258249469975352e-05 5.1556904541848392e+09 6.0598343942151964e+05 4.8156184470851288e+09 1.0202160212991360e+09 2.4213145956957563e+30 5.4901950962179818e+01 3.0000000000000000e+00 6.0007265208455195e+01
2.1318014742509476e+11 5.9231364719318090e-05 5.1525719242112761e+09 6.0589178310799552e+05 4.8127056169604483e+09 1.0195989217524879e+09 2.4535419760709814e+30 5.5127096646161831e+01 3.0000000000000000e+00 5.9982916091422481e+01
2.1414126317678781e+11 5.9204256297679129e-05 5.1494279269408741e+09 6.0579933616231778e+05 4.8097689993749924e+09 1.0189767826976516e+09 2.4861923279610133e+30 5.5352971098519049e+01 3.0000000000000000e+00 5.9958366145504527e+01
2.1510671208754520e+11 5.9176922513577841e-05 5.1462582782647934e+09 6.0570609209354059e+05 4.8068084223638334e+09 1.0183495677028819e+09 2.5192710703512627e+30 5.5579574039221413e+01 3.0000000000000000e+00 5.9933613818940877e+01
2.1607651369327344e+11 5.9149361665736827e-05 5.1430627931656637e+09 6.0561204436324979e+05 4.8038237131134424e+09 1.0177172401566660e+09 2.5527836887340490e+30 5.5806905144453630e+01 3.0000000000000000e+00 5.9908657549555528e+01
2.1705068761795605e+11 5.9121572043081536e-05 5.1398412857211256e+09 6.0551718638531724e+05 4.8008146979649954e+09 1.0170797632683948e+09 2.5867357358605901e+30 5.6034964045948406e+01 3.0000000000000000e+00 5.9883495764711107e+01
2.1802925357405063e+11 5.9093551924739674e-05 5.1365935691074829e+09 6.0542151152565982e+05 4.7977812024177847e+09 1.0164371000690968e+09 2.6211328325000697e+30 5.6263750330312000e+01 3.0000000000000000e+00 5.9858126881264866e+01
2.1901223136288779e+11 5.9065299580043570e-05 5.1333194556037493e+09 6.0532501310200547e+05 4.7947230511329985e+09 1.0157892134122543e+09 2.6559806682058286e+30 5.6493263538342596e+01 3.0000000000000000e+00 5.9832549305525568e+01
2.1999964087507175e+11 5.9036813268532361e-05 5.1300187565956783e+09 6.0522768438365031e+05 4.7916400679374800e+09 1.0151360659745936e+09 2.6912850020886912e+30 5.6723503164340947e+01 3.0000000000000000e+00 5.9806761433209346e+01
2.2099150209088284e+11 5.9008091239956794e-05 5.1266912825801239e+09 6.0512951859121956e+05 4.7885320758278141e+09 1.0144776202569342e+09 2.7270516635974808e+30 5.6954468655413550e+01 3.0000000000000000e+00 5.9780761649394982e+01
2.2198783508068192e+11 5.8979131734284992e-05 5.1233368431696472e+09 6.0503050889643468e+05 4.7853988969746103e+09 1.0138138385851153e+09 2.7632865533067544e+30 5.7186159410768163e+01 3.0000000000000000e+00 5.9754548328482215e+01
2.2298866000531638e+11 5.8949932981708906e-05 5.1199552470971966e+09 6.0493064842187567e+05 4.7822403527268896e+09 1.0131446831109251e+09 2.7999956437117691e+30 5.7418574781001581e+01 3.0000000000000000e+00 5.9728119834148650e+01
2.2399399711652811e+11 5.8920493202653744e-05 5.1165463022211227e+09 6.0482993024074263e+05 4.7790562636167707e+09 1.0124701158130592e+09 2.8371849800307287e+30 5.7651714067379736e+01 3.0000000000000000e+00 5.9701474519305435e+01
2.2500386675736331e+11 5.8890810607787437e-05 5.1131098155304489e+09 6.0472834737663320e+05 4.7758464493643742e+09 1.0117900984982233e+09 2.8748606810143385e+30 5.7885576521109989e+01 3.0000000000000000e+00 5.9674610726058589e+01
2.2601828936258426e+11 5.8860883398032733e-05 5.1096455931502075e+09 6.0462589280329715e+05 4.7726107288828363e+09 1.0111045928021170e+09 2.9130289397626953e+30 5.8120161342605471e+01 3.0000000000000000e+00 5.9647526785662855e+01
2.2703728545908252e+11 5.8830709764579816e-05 5.1061534403472271e+09 6.0452255944442120e+05 4.7693489202836742e+09 1.0104135601906585e+09 2.9516960245495271e+30 5.8355467680741562e+01 3.0000000000000000e+00 5.9620221018485672e+01
2.2806087566629459e+11 5.8800287888901431e-05 5.1026331615359278e+09 6.0441834017338720e+05 4.7660608408822403e+09 1.0097169619610658e+09 2.9908682796538357e+30 5.8591494632104492e+01 3.0000000000000000e+00 5.9592691733961168e+01
2.2908908069661902e+11 5.8769615942769288e-05 5.0990845602845440e+09 6.0431322781305108e+05 4.7627463072035055e+09 1.0090147592431160e+09 3.0305521261989501e+30 5.8828241240231748e+01 3.0000000000000000e+00 5.9564937230552452e+01
2.3012192135583551e+11 5.8738692088271918e-05 5.0955074393214512e+09 6.0420721513551264e+05 4.7594051349879913e+09 1.0083069130003806e+09 3.0707540629990156e+30 5.9065706494844491e+01 3.0000000000000000e+00 5.9536955795709481e+01
2.3115941854352591e+11 5.8707514477834242e-05 5.0919016005418854e+09 6.0410029486190015e+05 4.7560371391980219e+09 1.0075933840315963e+09 3.1114806674129501e+30 5.9303889331071801e+01 3.0000000000000000e+00 5.9508745705832716e+01
2.3220159325349719e+11 5.8676081254239372e-05 5.0882668450147963e+09 6.0399245966214081e+05 4.7526421340241365e+09 1.0068741329719821e+09 3.1527385962058927e+30 5.9542788628666784e+01 3.0000000000000000e+00 5.9480305226230989e+01
2.3324846657420627e+11 5.8644390550651738e-05 5.0846029729899645e+09 6.0388370215473860e+05 4.7492199328917522e+09 1.0061491202946428e+09 3.1945345864181600e+30 5.9782403211214415e+01 3.0000000000000000e+00 5.9451632611082552e+01
2.3430005968918658e+11 5.8612440490641521e-05 5.0809097839054346e+09 6.0377401490656077e+05 4.7457703484680796e+09 1.0054183063120695e+09 3.2368754562417271e+30 6.0022731845330938e+01 3.0000000000000000e+00 5.9422726103398929e+01
2.3535639387747690e+11 5.8580229188212365e-05 5.0771870763952608e+09 6.0366339043262135e+05 4.7422931926693726e+09 1.0046816511776606e+09 3.2797681059042661e+30 6.0263773239855212e+01 3.0000000000000000e+00 5.9393583934986033e+01
2.3641749051405185e+11 5.8547754747829176e-05 5.0734346482973223e+09 6.0355182119586109e+05 4.7387882766682358e+09 1.0039391148872573e+09 3.3232195185607580e+30 6.0505526045031289e+01 3.0000000000000000e+00 5.9364204326406387e+01
2.3748337107025436e+11 5.8515015264449038e-05 5.0696522966616621e+09 6.0343929960694234e+05 4.7352554109013901e+09 1.0031906572808210e+09 3.3672367611926772e+30 6.0747988851682805e+01 3.0000000000000000e+00 5.9334585486944121e+01
2.3855405711423032e+11 5.8482008823553833e-05 5.0658398177589169e+09 6.0332581802403065e+05 4.7316944050775642e+09 1.0024362380440602e+09 3.4118269855148010e+30 6.0991160190378807e+01 3.0000000000000000e+00 5.9304725614566792e+01
2.3962957031136484e+11 5.8448733501184582e-05 5.0619970070891161e+09 6.0321136875259061e+05 4.7281050681857166e+09 1.0016758167101954e+09 3.4569974288896158e+30 6.1235038530590870e+01 3.0000000000000000e+00 5.9274622895890403e+01
2.4070993242472070e+11 5.8415187363977620e-05 5.0581236593907852e+09 6.0309594404518441e+05 4.7244872085035257e+09 1.0009093526617820e+09 3.5027554152493690e+30 6.1479622279841784e+01 3.0000000000000000e+00 5.9244275506146195e+01
2.4179516531547876e+11 5.8381368469203570e-05 5.0542195686502552e+09 6.0297953610125906e+05 4.7208406336060905e+09 1.0001368051325001e+09 3.5491083560257640e+30 6.1724909782845437e+01 3.0000000000000000e+00 5.9213681609143379e+01
2.4288529094338034e+11 5.8347274864807498e-05 5.0502845281113882e+09 6.0286213706695614e+05 4.7171651503750095e+09 9.9935813320913553e+08 3.5960637510873106e+30 6.1970899320638111e+01 3.0000000000000000e+00 5.9182839357238564e+01
2.4398033136717148e+11 5.8312904589451820e-05 5.0463183302855091e+09 6.0274373903490906e+05 4.7134605650076685e+09 9.9857329583351994e+08 3.6436291896843305e+30 6.2217589109700853e+01 3.0000000000000000e+00 5.9151746891300704e+01
2.4508030874504935e+11 5.8278255672561437e-05 5.0423207669616213e+09 6.0262433404403925e+05 4.7097266830267839e+09 9.9778225180450809e+08 3.6918123514016552e+30 6.2464977301073205e+01 3.0000000000000000e+00 5.9120402340676740e+01
2.4618524533511072e+11 5.8243326134369928e-05 5.0382916292170877e+09 6.0250391407938069e+05 4.7059633092903595e+09 9.9698495978018403e+08 3.7406210071189889e+30 6.2713061979457940e+01 3.0000000000000000e+00 5.9088803823165094e+01
2.4729516349580215e+11 5.8208113985969917e-05 5.0342307074285030e+09 6.0238247107187938e+05 4.7021702480018559e+09 9.9618137827994585e+08 3.7900630199789585e+30 6.2961841162316922e+01 3.0000000000000000e+00 5.9056949444980653e+01
2.4841008568637262e+11 5.8172617229363741e-05 5.0301377912828321e+09 6.0225999689820502e+05 4.6983473027205954e+09 9.9537146568671453e+08 3.8401463463628592e+30 6.3211312798958076e+01 3.0000000000000000e+00 5.9024837300724847e+01
2.4953003446732785e+11 5.8136833857518015e-05 5.0260126697890806e+09 6.0213648338057566e+05 4.6944942763726549e+09 9.9455518024927235e+08 3.8908790368740826e+30 6.3461474769613304e+01 3.0000000000000000e+00 5.8992465473357569e+01
2.5065503250088690e+11 5.8100761854419445e-05 5.0218551312900419e+09 6.0201192228656774e+05 4.6906109712618580e+09 9.9373248008455038e+08 3.9422692373292385e+30 6.3712324884507275e+01 3.0000000000000000e+00 5.8959832034166155e+01
2.5178510255144064e+11 5.8064399195133511e-05 5.0176649634746380e+09 6.0188630532895075e+05 4.6866971890812654e+09 9.9290332318012154e+08 3.9943251897569627e+30 6.3963860882917345e+01 3.0000000000000000e+00 5.8926935042740816e+01
2.5292026748601257e+11 5.8027743845865856e-05 5.0134419533903532e+09 6.0175962416549958e+05 4.6827527309248238e+09 9.9206766739659214e+08 4.0470552334044175e+30 6.4216080432224075e+01 3.0000000000000000e+00 5.8893772546943076e+01
2.5406055027472131e+11 5.7990793764025441e-05 5.0091858874562445e+09 6.0163187039884017e+05 4.6787773972994928e+09 9.9122547047025907e+08 4.1004678057514630e+30 6.4468981126952784e+01 3.0000000000000000e+00 5.8860342582884016e+01
2.5520597399124554e+11 5.7953546898291233e-05 5.0048965514760733e+09 6.0150303557626484e+05 4.6747709881375360e+09 9.9037669001561177e+08 4.1545714435325035e+30 6.4722560487805779e+01 3.0000000000000000e+00 5.8826643174893469e+01
2.5635656181329092e+11 5.7916001188680155e-05 5.0005737306520100e+09 6.0137311118958681e+05 4.6707333028092985e+09 9.8952128352813876e+08 4.2093747837660104e+30 6.4976815960685414e+01 3.0000000000000000e+00 5.8792672335500626e+01
2.5751233702305899e+11 5.7878154566619097e-05 4.9962172095985518e+09 6.0124208867496927e+05 4.6666641401362152e+09 9.8865920838701296e+08 4.2648865647916782e+30 6.5231744915707665e+01 3.0000000000000000e+00 5.8758428065406299e+01
2.5867332300771832e+11 5.7840004955018236e-05 4.9918267723568773e+09 6.0110995941277849e+05 4.6625632984042177e+09 9.8779042185798144e+08 4.3211156273152370e+30 6.5487344646206651e+01 3.0000000000000000e+00 5.8723908353463202e+01
2.5983954325987787e+11 5.7801550268348293e-05 4.9874022024095078e+09 6.0097671472742409e+05 4.6584305753774366e+09 9.8691488109621739e+08 4.3780709154608890e+30 6.5743612367729583e+01 3.0000000000000000e+00 5.8689111176650563e+01
2.6101102137806213e+11 5.7762788412719401e-05 4.9829432826954470e+09 6.0084234588722140e+05 4.6542657683123255e+09 9.8603254314936578e+08 4.4357614778313398e+30 6.6000545217022335e+01 3.0000000000000000e+00 5.8654034500056895e+01
2.6218778106718887e+11 5.7723717285963809e-05 4.9784497956255856e+09 6.0070684410424088e+05 4.6500686739720707e+09 9.8514336496054852e+08 4.4941964685754453e+30 6.6258140251005599e+01 3.0000000000000000e+00 5.8618676276856647e+01
2.6336984613904865e+11 5.7684334777720538e-05 4.9739215230985765e+09 6.0057020053417422e+05 4.6458390886414013e+09 9.8424730337153018e+08 4.5533851484633992e+30 6.6516394445741639e+01 3.0000000000000000e+00 5.8583034448293397e+01
2.6455724051278674e+11 5.7644638769523670e-05 4.9693582465170822e+09 6.0043240627619950e+05 4.6415768081417751e+09 9.8334431512592280e+08 4.6133368859694895e+30 6.6775304695391426e+01 3.0000000000000000e+00 5.8547106943661177e+01
2.6574998821538708e+11 5.7604627134892695e-05 4.9647597468044357e+09 6.0029345237285923e+05 4.6372816278469286e+09 9.8243435687252462e+08 4.6740611583623553e+30 6.7034867811162329e+01 3.0000000000000000e+00 5.8510891680289710e+01
2.6694811338215851e+11 5.7564297739427256e-05 4.9601258044216166e+09 6.0015332980992110e+05 4.6329533426987524e+09 9.8151738516859317e+08 4.7355675528027547e+30 6.7295080520246103e+01 3.0000000000000000e+00 5.8474386563524142e+01
2.6815164025722311e+11 5.7523648440902425e-05 4.9554561993846369e+09 6.0001202951626712e+05 4.6285917472235184e+09 9.8059335648335373e+08 4.7978657674482424e+30 6.7555939464747013e+01 3.0000000000000000e+00 5.8437589486713712e+01
2.6936059319400677e+11 5.7482677089359260e-05 4.9507507112813225e+09 5.9986954236374563e+05 4.6241966355475531e+09 9.7966222720131290e+08 4.8609656125566392e+30 6.7817441200592228e+01 3.0000000000000000e+00 5.8400498331190654e+01
2.7057499665573209e+11 5.7441381527222400e-05 4.9460091192912064e+09 5.9972585916710692e+05 4.6197678014158182e+09 9.7872395362616968e+08 4.9248770116170992e+30 6.8079582196451511e+01 3.0000000000000000e+00 5.8363110966265779e+01
2.7179487521591318e+11 5.7399759589404820e-05 4.9412312022040806e+09 5.9958097068389761e+05 4.6153050382092476e+09 9.7777849198450339e+08 4.9896100024776425e+30 6.8342358832636918e+01 3.0000000000000000e+00 5.8325425249217908e+01
2.7302025355885312e+11 5.7357809103414184e-05 4.9364167384387960e+09 5.9943486761435308e+05 4.6108081389622984e+09 9.7682579842950034e+08 5.0551747384771371e+30 6.8605767399990114e+01 3.0000000000000000e+00 5.8287439025282950e+01
2.7425115648014343e+11 5.7315527889465724e-05 4.9315655060627785e+09 5.9928754060129868e+05 4.6062768963811827e+09 9.7586582904478621e+08 5.1215814895870427e+30 6.8869804098762472e+01 3.0000000000000000e+00 5.8249150127642764e+01
2.7548760888716559e+11 5.7272913760597755e-05 4.9266772828120642e+09 5.9913898023007112e+05 4.6017111028625841e+09 9.7489853984844136e+08 5.1888406435603349e+30 6.9134465037485299e+01 3.0000000000000000e+00 5.8210556377420943e+01
2.7672963579959534e+11 5.7229964522791684e-05 4.9217518461116848e+09 5.9898917702842364e+05 4.5971105505126991e+09 9.7392388679695892e+08 5.2569627070876249e+30 6.9399746231830477e+01 3.0000000000000000e+00 5.8171655583672816e+01
2.7797726234990875e+11 5.7186677975094208e-05 4.9167889730966816e+09 5.9883812146647018e+05 4.5924750311668472e+09 9.7294182578950751e+08 5.3259583069603329e+30 6.9665643603461191e+01 3.0000000000000000e+00 5.8132445543385607e+01
2.7923051378389081e+11 5.7143051909744459e-05 4.9117884406333332e+09 5.9868580395659362e+05 4.5878043364093294e+09 9.7195231267201042e+08 5.3958381912409409e+30 6.9932152978873020e+01 3.0000000000000000e+00 5.8092924041469601e+01
2.8048941546114636e+11 5.7099084112302765e-05 4.9067500253410673e+09 5.9853221485340432e+05 4.5830982575938663e+09 9.7095530324160290e+08 5.4666132304402120e+30 7.0199270088225191e+01 3.0000000000000000e+00 5.8053088850761533e+01
2.8175399285561316e+11 5.7054772361785022e-05 4.9016735036146469e+09 5.9837734445366333e+05 4.5783565858643456e+09 9.6995075325090849e+08 5.5382944187013379e+30 7.0466990564161989e+01 3.0000000000000000e+00 5.8012937732018635e+01
2.8302427155607751e+11 5.7010114430799036e-05 4.8965586516470232e+09 5.9822118299624906e+05 4.5735791121761408e+09 9.6893861841264999e+08 5.6108928749909407e+30 7.0735309940624504e+01 3.0000000000000000e+00 5.7972468433924369e+01
2.8430027726669171e+11 5.6965108085685748e-05 4.8914052454525375e+09 5.9806372066210723e+05 4.5687656273178053e+09 9.6791885440420222e+08 5.6844198442968487e+30 7.1004223651652438e+01 3.0000000000000000e+00 5.7931678693088649e+01
2.8558203580749451e+11 5.6919751086663264e-05 4.8862130608905983e+09 5.9790494757421338e+05 4.5639159219331732e+09 9.6689141687227547e+08 5.7588866988326105e+30 7.1273727030176374e+01 3.0000000000000000e+00 5.7890566234051903e+01
2.8686957311493347e+11 5.6874041187975168e-05 4.8809818736898947e+09 5.9774485379754496e+05 4.5590297865439920e+09 9.6585626143771362e+08 5.8343049392486274e+30 7.1543815306799786e+01 3.0000000000000000e+00 5.7849128769290409e+01
2.8816291524238977e+11 5.6827976138042829e-05 4.8757114594731455e+09 5.9758342933906103e+05 4.5541070115730152e+09 9.6481334370039093e+08 5.9106861958498537e+30 7.1814483608571877e+01 3.0000000000000000e+00 5.7807363999224613e+01
2.8946208836070544e+11 5.6781553679621158e-05 4.8704015937822552e+09 5.9742066414768714e+05 4.5491473873675241e+09 9.6376261924419463e+08 5.9880422298199665e+30 7.2085726957750083e+01 3.0000000000000000e+00 5.7765269612227108e+01
2.9076711875871277e+11 5.6734771549958372e-05 4.8650520521040087e+09 5.9725654811430746e+05 4.5441507042233086e+09 9.6270404364210236e+08 6.0663849344519244e+30 7.2357540270553002e+01 3.0000000000000000e+00 5.7722843284633505e+01
2.9207803284376660e+11 5.6687627480960367e-05 4.8596626098963099e+09 5.9709107107176539e+05 4.5391167524091883e+09 9.6163757246136892e+08 6.1457263363848451e+30 7.2629918355903825e+01 3.0000000000000000e+00 5.7680082680753742e+01
2.9339485714227826e+11 5.6640119199358141e-05 4.8542330426149187e+09 5.9692422279487690e+05 4.5340453221919708e+09 9.6056316126884270e+08 6.2260785968470523e+30 7.2902855914163553e+01 3.0000000000000000e+00 5.7636985452888460e+01
2.9471761830025269e+11 5.6592244426880201e-05 4.8487631257406359e+09 5.9675599300043960e+05 4.5289362038618670e+09 9.5948076563630676e+08 6.3074540129052677e+30 7.3176347535854873e+01 3.0000000000000000e+00 5.7593549241341414e+01
2.9604634308382733e+11 5.6544000880428752e-05 4.8432526348071489e+09 5.9658637134726439e+05 4.5237891877584782e+09 9.5839034114601552e+08 6.3898650187197841e+30 7.3450387700376027e+01 3.0000000000000000e+00 5.7549771674439612e+01
2.9738105837981415e+11 5.6495386272259953e-05 4.8377013454293308e+09 5.9641534743621037e+05 4.5186040642972298e+09 9.5729184339630318e+08 6.4733241868055684e+30 7.3724970774705341e+01 3.0000000000000000e+00 5.7505650368552857e+01
2.9872179119624310e+11 5.6446398310168846e-05 4.8321090333320427e+09 5.9624291081022262e+05 4.5133806239962893e+09 9.5618522800725996e+08 6.5578442292991030e+30 7.4000091012095737e+01 3.0000000000000000e+00 5.7461182928113715e+01
3.0006856866290918e+11 5.6397034697678530e-05 4.8264754743795443e+09 5.9606905095438380e+05 4.5081186575040293e+09 9.5507045062654972e+08 6.6434379992309827e+30 7.4275742550759972e+01 3.0000000000000000e+00 5.7416366945641144e+01
3.0142141803192108e+11 5.6347293134233264e-05 4.8208004446054306e+09 5.9589375729597872e+05 4.5028179556269798e+09 9.5394746693535733e+08 6.7301184918040079e+30 7.4551919412545956e+01 3.0000000000000000e+00 5.7371200001766852e+01
3.0278036667825287e+11 5.6297171315396581e-05 4.8150837202430878e+09 5.9571701920455904e+05 4.4974783093582926e+09 9.5281623265439045e+08 6.8178988456767558e+30 7.4828615501602755e+01 3.0000000000000000e+00 5.7325679665261191e+01
3.0414544210029755e+11 5.6246666933053770e-05 4.8093250777568121e+09 5.9553882599202986e+05 4.4920995099067898e+09 9.5167670355006850e+08 6.9067923442524406e+30 7.5105824603037036e+01 3.0000000000000000e+00 5.7279803493064747e+01
3.0551667192042401e+11 5.6195777675618543e-05 4.8035242938733006e+09 5.9535916691272869e+05 4.4866813487263956e+09 9.5052883544071281e+08 6.9968124169729957e+30 7.5383540381559968e+01 3.0000000000000000e+00 5.7233569030317355e+01
3.0689408388553546e+11 5.6144501228244744e-05 4.7976811456139154e+09 5.9517803116353299e+05 4.4812236175462580e+09 9.4937258420297015e+08 7.0879726406181588e+30 7.5661756380124785e+01 3.0000000000000000e+00 5.7186973810393816e+01
3.0827770586763135e+11 5.6092835273042563e-05 4.7917954103274145e+09 5.9499540788396727e+05 4.4757261084013214e+09 9.4820790577828085e+08 7.1802867406095149e+30 7.5940466018555128e+01 3.0000000000000000e+00 5.7140015354939749e+01
3.0966756586437085e+11 5.6040777489299537e-05 4.7858668657231874e+09 5.9481128615631233e+05 4.4701886136633835e+09 9.4703475617940843e+08 7.2737685923192647e+30 7.6219662592163559e+01 3.0000000000000000e+00 5.7092691173907014e+01
3.1106369199963995e+11 5.5988325553706179e-05 4.7798952899053087e+09 5.9462565500575257e+05 4.4646109260728884e+09 9.4585309149726295e+08 7.3684322223836613e+30 7.6499339270361645e+01 3.0000000000000000e+00 5.7044998765598713e+01
3.1246611252412006e+11 5.5935477140586568e-05 4.7738804614068880e+09 5.9443850340049993e+05 4.4589928387710161e+09 9.4466286790762007e+08 7.4642918100208624e+30 7.6779489095260118e+01 3.0000000000000000e+00 5.6996935616708015e+01
3.1387485581585992e+11 5.5882229922133813e-05 4.7678221592252445e+09 5.9424982025195542e+05 4.4533341453325348e+09 9.4346404167812908e+08 7.5613616883531426e+30 7.7060104980260377e+01 3.0000000000000000e+00 5.6948499202365966e+01
3.1528995038084991e+11 5.5828581568650410e-05 4.7617201628575773e+09 5.9405959441487119e+05 4.4476346397991209e+09 9.4225656917537045e+08 7.6596563457332274e+30 7.7341179708636773e+01 3.0000000000000000e+00 5.6899686986188875e+01
3.1671142485359851e+11 5.5774529748793834e-05 4.7555742523371382e+09 5.9386781468751119e+05 4.4418941167131538e+09 9.4104040687195122e+08 7.7591904270746000e+30 7.7622705932109994e+01 3.0000000000000000e+00 5.6850496420325015e+01
3.1813930799771210e+11 5.5720072129826649e-05 4.7493842082703142e+09 5.9367446981186070e+05 4.4361123711523304e+09 9.3981551135395598e+08 7.8599787351856649e+30 7.7904676169411587e+01 3.0000000000000000e+00 5.6800924945514062e+01
3.1957362870647681e+11 5.5665206377872484e-05 4.7431498118739338e+09 5.9347954847379983e+05 4.4302891987645302e+09 9.3858183932821560e+08 7.9620362321074945e+30 7.8187082804839804e+01 3.0000000000000000e+00 5.6750969991135655e+01
3.2101441600344318e+11 5.5609930158176681e-05 4.7368708450134783e+09 5.9328303930332558e+05 4.4244243958035011e+09 9.3733934762992847e+08 8.0653780404550601e+30 7.8469918086806445e+01 3.0000000000000000e+00 5.6700628975270739e+01
3.2246169904301355e+11 5.5554241135372077e-05 4.7305470902418098e+09 5.9308493087477516e+05 4.4185177591650324e+09 9.3608799323033357e+08 8.1700194447617233e+30 7.8753174126375484e+01 3.0000000000000000e+00 5.6649899304762840e+01
3.2391550711103192e+11 5.5498136973750711e-05 4.7241783308384609e+09 5.9288521170704975e+05 4.4125690864236507e+09 9.3482773324443018e+08 8.2759758928268043e+30 7.9036842895793129e+01 3.0000000000000000e+00 5.6598778375278130e+01
3.2537586962537646e+11 5.5441615337539915e-05 4.7177643508496895e+09 5.9268387026387500e+05 4.4065781758700323e+09 9.3355852493897307e+08 8.3832629970660073e+30 7.9320916227009221e+01 3.0000000000000000e+00 5.6547263571375979e+01
3.2684281613655499e+11 5.5384673891184944e-05 4.7113049351290331e+09 5.9248089495404973e+05 4.4005448265488873e+09 9.3228032574043465e+08 8.4918965358645682e+30 7.9605385810190811e+01 3.0000000000000000e+00 5.6495352266574173e+01
3.2831637632830286e+11 5.5327310299635874e-05 4.7047998693785677e+09 5.9227627413172740e+05 4.3944688382974968e+09 9.3099309324321675e+08 8.6018924549328416e+30 7.9890243192227388e+01 3.0000000000000000e+00 5.6443041823423108e+01
3.2979658001818347e+11 5.5269522228641166e-05 4.6982489401908007e+09 5.9206999609669810e+05 4.3883500117848320e+09 9.2969678521790433e+08 8.7132668686641304e+30 8.0175479775228055e+01 3.0000000000000000e+00 5.6390329593579636e+01
3.3128345715819171e+11 5.5211307345045685e-05 4.6916519350912075e+09 5.9186204909469699e+05 4.3821881485513000e+09 9.2839135961972809e+08 8.8260360614945874e+30 8.0461086815010901e+01 3.0000000000000000e+00 5.6337212917886802e+01
3.3277703783536029e+11 5.5152663317095441e-05 4.6850086425813341e+09 5.9165242131770635e+05 4.3759830510489941e+09 9.2707677459702277e+08 8.9402164892649400e+30 8.0747055419584797e+01 3.0000000000000000e+00 5.6283689126451343e+01
3.3427735227236810e+11 5.5093587814746824e-05 4.6783188521827059e+09 5.9144110090430104e+05 4.3697345226827068e+09 9.2575298850000000e+08 9.0558247805837529e+30 8.1033376547623334e+01 3.0000000000000000e+00 5.6229755538732483e+01
3.3578443082815204e+11 5.5034078509982751e-05 4.6715823544812250e+09 5.9122807593997987e+05 4.3634423678514032e+09 9.2441995988946629e+08 9.1728777381920871e+30 8.1320041006931390e+01 3.0000000000000000e+00 5.6175409463625321e+01
3.3729830399852130e+11 5.4974133077133717e-05 4.6647989411723270e+09 5.9101333445753041e+05 4.3571063919903984e+09 9.2307764754578972e+08 9.2913923403292687e+30 8.1607039452904843e+01 3.0000000000000000e+00 5.6120648199553600e+01
3.3881900241677454e+11 5.4913749193205061e-05 4.6579684051067619e+09 5.9079686443740246e+05 4.3507264016141119e+09 9.2172601047795367e+08 9.4113857420995200e+30 8.1894362386982493e+01 3.0000000000000000e+00 5.6065469034563499e+01
3.4034655685431946e+11 5.4852924538210051e-05 4.6510905403370466e+09 5.9057865380809922e+05 4.3443022043594618e+09 9.2036500793275642e+08 9.5328752768391972e+30 8.2182000155091615e+01 3.0000000000000000e+00 5.6009869246420962e+01
3.4188099822129578e+11 5.4791656795509043e-05 4.6441651421645632e+09 5.9035869044658053e+05 4.3378336090298576e+09 9.1899459940411913e+08 9.6558784574844098e+30 8.2469942946086547e+01 3.0000000000000000e+00 5.5953846102712511e+01
3.4342235756720056e+11 5.4729943652154271e-05 4.6371920071873016e+09 5.9013696217868268e+05 4.3313204256397934e+09 9.1761474464252865e+08 9.7804129779387368e+30 8.2758180790180717e+01 3.0000000000000000e+00 5.5897396860948810e+01
3.4497066608151648e+11 5.4667782799241284e-05 4.6301709333483791e+09 5.8991345677956170e+05 4.3247624654601612e+09 9.1622540366465700e+08 9.9064967144407544e+30 8.3046703557372382e+01 3.0000000000000000e+00 5.5840518768674301e+01
3.4652595509434302e+11 5.4605171932265411e-05 4.6231017199850855e+09 5.8968816197414673e+05 4.3181595410640621e+09 9.1482653676307225e+08 1.0034147726931156e+31 8.3335500955864177e+01 3.0000000000000000e+00 5.5783209063578653e+01
3.4808825607703033e+11 5.4542108751486041e-05 4.6159841678786573e+09 5.8946106543760188e+05 4.3115114663733158e+09 9.1341810451603198e+08 1.0163384260419115e+31 8.3624562530476723e+01 3.0000000000000000e+00 5.5725464973609334e+01
3.4965760064281616e+11 5.4478590962295195e-05 4.6088180793048325e+09 5.8923215479583223e+05 4.3048180567056408e+09 9.1200006779757488e+08 1.0294224746347674e+31 8.3913877661056517e+01 3.0000000000000000e+00 5.5667283717095920e+01
3.5123402054746552e+11 5.4414616275594004e-05 4.6016032580848389e+09 5.8900141762596974e+05 4.2980791288223343e+09 9.1057238778751469e+08 1.0426687803957820e+31 8.4203435560878404e+01 3.0000000000000000e+00 5.5608662502866970e+01
3.5281754768991327e+11 5.4350182408174035e-05 4.5943395096373720e+09 5.8876884145691921e+05 4.2912945009767637e+09 9.0913502598182797e+08 1.0560792241650964e+31 8.4493225275042690e+01 3.0000000000000000e+00 5.5549598530383967e+01
3.5440821411290955e+11 5.4285287083106256e-05 4.5870266410309534e+09 5.8853441376988147e+05 4.2844639929633121e+09 9.0768794420292485e+08 1.0696557058349544e+31 8.4783235678867371e+01 3.0000000000000000e+00 5.5490088989866599e+01
3.5600605200366809e+11 5.4219928030135442e-05 4.5796644610371532e+09 5.8829812199892383e+05 4.2775874261670771e+09 9.0623110461023057e+08 1.0834001444855390e+31 8.5073455476275399e+01 3.0000000000000000e+00 5.5430131062430462e+01
3.5761109369451788e+11 5.4154102986081641e-05 4.5722527801844349e+09 5.8805995353155467e+05 4.2706646236141658e+09 9.0476446971081138e+08 1.0973144785205634e+31 8.5363873198177942e+01 3.0000000000000000e+00 5.5369721920225530e+01
3.5922337166355695e+11 5.4087809695247346e-05 4.5647914108127003e+09 5.8781989570932835e+05 4.2636954100226331e+09 9.0328800237020648e+08 1.1114006658025706e+31 8.5654477200852810e+01 3.0000000000000000e+00 5.5308858726581292e+01
3.6084291853530981e+11 5.4021045909832159e-05 4.5572801671284866e+09 5.8757793582845712e+05 4.2566796118540506e+09 9.0180166582331431e+08 1.1256606837879225e+31 8.5945255664319433e+01 3.0000000000000000e+00 5.5247538636152697e+01
3.6246976708138770e+11 5.3953809390353178e-05 4.5497188652608595e+09 5.8733406114045158e+05 4.2496170573657026e+09 9.0030542368547142e+08 1.1400965296614380e+31 8.6236196590710222e+01 3.0000000000000000e+00 5.5185758795073887e+01
3.6410395022115137e+11 5.3886097906072327e-05 4.5421073233179531e+09 5.8708825885277521e+05 4.2425075766634121e+09 8.9879923996362686e+08 1.1547102204706474e+31 8.6527287802638170e+01 3.0000000000000000e+00 5.5123516341113422e+01
3.6574550102237769e+11 5.3817909235430439e-05 4.5344453614443140e+09 5.8684051612952957e+05 4.2353510017550759e+09 8.9728307906771505e+08 1.1695037932596321e+31 8.6818516941562081e+01 3.0000000000000000e+00 5.5060808403838067e+01
3.6739445270192841e+11 5.3749241166484694e-05 4.5267328018783779e+09 5.8659082009213278e+05 4.2281471666043797e+09 8.9575690582199430e+08 1.1844793052013345e+31 8.7109871466143289e+01 3.0000000000000000e+00 5.4997632104772563e+01
3.6905083862642230e+11 5.3680091497348117e-05 4.5189694690102720e+09 5.8633915782001754e+05 4.2208959071847687e+09 8.9422068547651172e+08 1.1996388337277292e+31 8.7401338650592621e+01 3.0000000000000000e+00 5.4933984557564237e+01
3.7071469231291071e+11 5.3610458036661222e-05 4.5111551894430714e+09 5.8608551635143557e+05 4.2135970615366654e+09 8.9267438371922064e+08 1.2149844766678920e+31 8.7692905583056728e+01 3.0000000000000000e+00 5.4869862868176511e+01
3.7238604742955530e+11 5.3540338604046730e-05 4.5032897920520382e+09 5.8582988268419541e+05 4.2062504698228092e+09 8.9111796668769038e+08 1.2305183523775646e+31 8.7984559163963183e+01 3.0000000000000000e+00 5.4805264135061073e+01
3.7406493779630963e+11 5.3469731030575530e-05 4.4953731080450678e+09 5.8557224377644132e+05 4.1988559743847141e+09 8.8955140098106599e+08 1.2462425998699659e+31 8.8276286104373796e+01 3.0000000000000000e+00 5.4740185449342455e+01
3.7575139738560339e+11 5.3398633159241128e-05 4.4874049710240679e+09 5.8531258654746902e+05 4.1914134197999864e+09 8.8797465367224872e+08 1.2621593789462385e+31 8.8568072924338225e+01 3.0000000000000000e+00 5.4674623895010299e+01
3.7744546032302991e+11 5.3327042845441462e-05 4.4793852170468798e+09 5.8505089787854697e+05 4.1839226529401808e+09 8.8638769232010281e+08 1.2782708703252128e+31 8.8859905951247455e+01 3.0000000000000000e+00 5.4608576549112058e+01
3.7914716088803662e+11 5.3254957957466338e-05 4.4713136846899080e+09 5.8478716461377568e+05 4.1763835230292807e+09 8.8479048498188519e+08 1.2945792757724405e+31 8.9151771318186846e+01 3.0000000000000000e+00 5.4542040481956079e+01
3.8085653351461871e+11 5.3182376376993232e-05 4.4631902151114302e+09 5.8452137356096040e+05 4.1687958817028494e+09 8.8318300022574306e+08 1.3110868182284585e+31 8.9443654962289727e+01 3.0000000000000000e+00 5.4475012757315731e+01
3.8257361279201593e+11 5.3109295999588673e-05 4.4550146521154995e+09 5.8425351149251289e+05 4.1611595830677090e+09 8.8156520714337480e+08 1.3277957419362459e+31 8.9735542623091760e+01 3.0000000000000000e+00 5.4407490432641787e+01
3.8429843346541248e+11 5.3035714735217676e-05 4.4467868422166557e+09 5.8398356514638290e+05 4.1534744837623725e+09 8.7993707536285317e+08 1.3447083125678254e+31 9.0027419840886409e+01 3.0000000000000000e+00 5.4339470559280961e+01
3.8603103043664001e+11 5.2961630508759850e-05 4.4385066347050867e+09 5.8371152122699795e+05 4.1457404430179286e+09 8.7829857506147671e+08 1.3618268173499702e+31 9.0319271955082215e+01 3.0000000000000000e+00 5.4270950182695799e+01
3.8777143876488422e+11 5.2887041260531833e-05 4.4301738817125568e+09 5.8343736640624539e+05 4.1379573227196059e+09 8.7664967697885501e+08 1.3791535651889758e+31 9.0611084102562202e+01 3.0000000000000000e+00 5.4201926342695437e+01
3.8951969366739362e+11 5.2811944946818113e-05 4.4217884382789841e+09 5.8316108732446888e+05 4.1301249874689670e+09 8.7499035243005538e+08 1.3966908867944395e+31 9.0902841216045886e+01 3.0000000000000000e+00 5.4132396073668275e+01
3.9127583052019287e+11 5.2736339540407385e-05 4.4133501624195843e+09 5.8288267059149710e+05 4.1222433046466150e+09 8.7332057331891096e+08 1.4144411348020259e+31 9.1194528022454477e+01 3.0000000000000000e+00 5.4062356404823745e+01
3.9303988485879810e+11 5.2660223031137199e-05 4.4048589151927299e+09 5.8260210278769629e+05 4.1143121444755826e+09 8.7164031215144300e+08 1.4324066838951476e+31 9.1486129041279838e+01 3.0000000000000000e+00 5.3991804360437875e+01
3.9481189237893616e+11 5.2583593426444968e-05 4.3963145607683477e+09 5.8231937046504696e+05 4.1063313800852175e+09 8.6994954204939032e+08 1.4505899309255342e+31 9.1777628582957604e+01 3.0000000000000000e+00 5.3920736960105558e+01
3.9659188893726703e+11 5.2506448751926544e-05 4.3877169664969759e+09 5.8203446014824649e+05 4.0983008875756903e+09 8.6824823676385570e+08 1.4689932950326350e+31 9.2069010747244889e+01 3.0000000000000000e+00 5.3849151218998095e+01
3.9837991055210919e+11 5.2428787051901022e-05 4.3790660029794531e+09 5.8174735833585006e+05 4.0902205460830746e+09 8.6653637068913901e+08 1.4876192177618090e+31 9.2360259421603885e+01 3.0000000000000000e+00 5.3777044148130727e+01
4.0017599340416852e+11 5.2350606389983662e-05 4.3703615441371908e+09 5.8145805150142731e+05 4.0820902378449864e+09 8.6481391887661707e+08 1.5064701631812536e+31 9.2651358279590681e+01 3.0000000000000000e+00 5.3704412754632834e+01
4.0198017383727051e+11 5.2271904849665472e-05 4.3616034672830324e+09 5.8116652609475004e+05 4.0739098482667794e+09 8.6308085704875982e+08 1.5255486179976304e+31 9.2942290779251138e+01 3.0000000000000000e+00 5.3631254042025290e+01
4.0379248835909558e+11 5.2192680534899468e-05 4.3527916531927023e+09 5.8087276854301267e+05 4.0656792659882741e+09 8.6133716161328840e+08 1.5448570916703289e+31 9.3233040161523746e+01 3.0000000000000000e+00 5.3557565010506693e+01
4.0561297364191785e+11 5.2112931570694911e-05 4.3439259861768732e+09 5.8057676525207679e+05 4.0573983829510684e+09 8.5958280967741776e+08 1.5643981165243273e+31 9.3523589448650412e+01 3.0000000000000000e+00 5.3483342657243767e+01
4.0744166652334705e+11 5.2032656103717586e-05 4.3350063541537209e+09 5.8027850260774628e+05 4.0490670944663157e+09 8.5781777906222093e+08 1.5841742478615957e+31 9.3813921442595344e+01 3.0000000000000000e+00 5.3408583976670158e+01
4.0927860400707428e+11 5.1951852302897906e-05 4.3260326487221365e+09 5.7997796697707544e+05 4.0406852992830963e+09 8.5604204831712234e+08 1.6041880640709979e+31 9.4104018723473573e+01 3.0000000000000000e+00 5.3333285960792871e+01
4.1112382326362048e+11 5.1870518360045923e-05 4.3170047652354193e+09 5.7967514470970095e+05 4.0322528996572661e+09 8.5425559673446417e+08 1.6244421667366300e+31 9.4393863647988965e+01 3.0000000000000000e+00 5.3257445599503193e+01
4.1297736163108862e+11 5.1788652490473211e-05 4.3079226028755713e+09 5.7937002213921282e+05 4.0237698014208279e+09 8.5245840436422789e+08 1.6449391807445535e+31 9.4683438347882813e+01 3.0000000000000000e+00 5.3181059880898673e+01
4.1483925661591943e+11 5.1706252933621655e-05 4.2987860647280254e+09 5.7906258558454667e+05 4.0152359140517569e+09 8.5065045202880549e+08 1.6656817543878721e+31 9.4972724728393956e+01 3.0000000000000000e+00 5.3104125791608887e+01
4.1670954589365009e+11 5.1623317953699594e-05 4.2895950578570390e+09 5.7875282135141967e+05 4.0066511507443924e+09 8.4883172133794296e+08 1.6866725594700891e+31 9.5261704466730677e+01 3.0000000000000000e+00 5.3026640317132582e+01
4.1858826730967676e+11 5.1539845840324928e-05 4.2803494933813953e+09 5.7844071573377773e+05 3.9980154284801736e+09 8.4700219470366609e+08 1.7079142914067061e+31 9.5550359010555539e+01 3.0000000000000000e+00 5.2948600442176520e+01
4.2047545888002026e+11 5.1455834909174587e-05 4.2710492865507979e+09 5.7812625501530175e+05 3.9893286680989780e+09 8.4516185535545957e+08 1.7294096693250000e+31 9.5838669576483838e+01 3.0000000000000000e+00 5.2870003151009783e+01
4.2237115879209558e+11 5.1371283502641576e-05 4.2616943568226700e+09 5.7780942547093192e+05 3.9805907943708520e+09 8.4331068735545528e+08 1.7511614361619323e+31 9.6126617148596637e+01 3.0000000000000000e+00 5.2790845427821623e+01
4.2427540540548419e+11 5.1286189990498855e-05 4.2522846279392819e+09 5.7749021336841001e+05 3.9718017360680728e+09 8.4144867561362708e+08 1.7731723587601271e+31 9.6414182476968719e+01 3.0000000000000000e+00 5.2711124257083618e+01
4.2618823725271069e+11 5.1200552770569502e-05 4.2428200280056195e+09 5.7716860496989265e+05 3.9629614260378561e+09 8.3957580590329170e+08 1.7954452279618774e+31 9.6701346076213241e+01 3.0000000000000000e+00 5.2630836623930165e+01
4.2810969304002222e+11 5.1114370269404044e-05 4.2333004895674067e+09 5.7684458653356321e+05 3.9540698012752438e+09 8.3769206487649214e+08 1.8179828587011101e+31 9.6988088224042968e+01 3.0000000000000000e+00 5.2549979514537753e+01
4.3003981164817181e+11 5.1027640942964851e-05 4.2237259496897316e+09 5.7651814431529562e+05 3.9451268029965439e+09 8.3579744007956672e+08 1.8407880900932679e+31 9.7274388959849787e+01 3.0000000000000000e+00 5.2468549916517020e+01
4.3197863213320496e+11 5.0940363277316550e-05 4.2140963500360031e+09 5.7618926457035006e+05 3.9361323767130766e+09 8.3389191996878242e+08 1.8638637855230404e+31 9.7560228083302931e+01 3.0000000000000000e+00 5.2386544819313563e+01
4.3392619372725031e+11 5.0852535789323675e-05 4.2044116369473171e+09 5.7585793355510104e+05 3.9270864723053083e+09 8.3197549392602861e+08 1.8872128327299070e+31 9.7845585152967232e+01 3.0000000000000000e+00 5.2303961214615704e+01
4.3588253583931311e+11 5.0764157027354455e-05 4.1946717615221968e+09 5.7552413752880553e+05 3.9179890440973277e+09 8.3004815227461147e+08 1.9108381438914129e+31 9.8130439484942301e+01 3.0000000000000000e+00 5.2220796096773391e+01
4.3784769805607288e+11 5.0675225571991484e-05 4.1848766796966672e+09 5.7518786275540013e+05 3.9088400509316425e+09 8.2810988629507744e+08 1.9347426557041425e+31 9.8414770151523271e+01 3.0000000000000000e+00 5.2137046463223427e+01
4.3982172014268439e+11 5.0585740036748723e-05 4.1750263523247342e+09 5.7484909550534538e+05 3.8996394562443461e+09 8.2616068824116671e+08 1.9589293294623234e+31 9.8698555979884901e+01 3.0000000000000000e+00 5.2052709314927192e+01
4.4180464204358228e+11 5.0495699068794792e-05 4.1651207452590380e+09 5.7450782205748931e+05 3.8903872281404614e+09 8.2420055135572696e+08 1.9834011511340077e+31 9.8981775550789408e+01 3.0000000000000000e+00 5.1967781656813195e+01
4.4379650388328943e+11 5.0405101349682549e-05 4.1551598294320397e+09 5.7416402870099759e+05 3.8810833394697547e+09 8.2222946988685596e+08 2.0081611314347787e+31 9.9264407197319585e+01 3.0000000000000000e+00 5.1882260498236370e+01
4.4579734596722882e+11 5.0313945596085277e-05 4.1451435809371905e+09 5.7381770173728094e+05 3.8717277679025679e+09 8.2024743910386634e+08 2.0332123058989178e+31 9.9546429003637996e+01 3.0000000000000000e+00 5.1796142853437104e+01
4.4780720878253912e+11 5.0222230560538571e-05 4.1350719811106381e+09 5.7346882748200023e+05 3.8623204960061278e+09 8.1825445531352925e+08 2.0585577349479839e+31 9.9827818803773695e+01 3.0000000000000000e+00 5.1709425742019590e+01
4.4982613299889386e+11 5.0129955032188397e-05 4.1249450166130009e+09 5.7311739226708701e+05 3.8528615113209243e+09 8.1625051587623215e+08 2.0842005039567455e+31 1.0010855418043762e+02 3.0000000000000000e+00 5.1622106189435172e+01
4.5185415946932452e+11 5.0037117837545252e-05 4.1147626795114188e+09 5.7276338244280987e+05 3.8433508064373465e+09 8.1423561922221839e+08 2.1101437233164103e+31 1.0038861246386756e+02 3.0000000000000000e+00 5.1534181227476914e+01
4.5389132923104724e+11 4.9943717841244264e-05 4.1045249673617182e+09 5.7240678437987110e+05 3.8337883790724478e+09 8.1220976486781323e+08 2.1363905284950990e+31 1.0066797073070444e+02 3.0000000000000000e+00 5.1445647894782041e+01
4.5593768350629291e+11 4.9849753946810694e-05 4.0942318832909036e+09 5.7204758447156381e+05 3.8241742321469703e+09 8.1017295343180132e+08 2.1629440800954961e+31 1.0094660580290079e+02 3.0000000000000000e+00 5.1356503237350871e+01
4.5799326370314172e+11 4.9755225097431357e-05 4.0838834360796261e+09 5.7168576913594734e+05 3.8145083738623905e+09 8.0812518665170729e+08 2.1898075639096447e+31 1.0122449424666307e+02 3.0000000000000000e+00 5.1266744309070610e+01
4.6005811141636078e+11 4.9660130276731394e-05 4.0734796402448621e+09 5.7132132481807703e+05 3.8047908177781367e+09 8.0606646740017986e+08 2.2169841909708047e+31 1.0150161237142876e+02 3.0000000000000000e+00 5.1176368172252815e+01
4.6213226842824567e+11 4.9564468509557073e-05 4.0630205161226974e+09 5.7095423799226806e+05 3.7950215828889141e+09 8.0399679970135295e+08 2.2444771976023354e+31 1.0177793622888017e+02 3.0000000000000000e+00 5.1085371898181123e+01
4.6421577670946631e+11 4.9468238862762633e-05 4.0525060899510498e+09 5.7058449516440020e+05 3.7852006937019758e+09 8.0191618874721944e+08 2.2722898454635482e+31 1.0205344161199581e+02 3.0000000000000000e+00 5.0993752567669596e+01
4.6630867841991595e+11 4.9371440446003690e-05 4.0419363939526534e+09 5.7021208287427551e+05 3.7753281803146276e+09 7.9982464091407526e+08 2.3004254215924651e+31 1.0232810405414128e+02 3.0000000000000000e+00 5.0901507271634834e+01
4.6841101590956439e+11 4.9274072412534806e-05 4.0313114664178228e+09 5.6983698769799853e+05 3.7654040784915380e+09 7.9772216377885461e+08 2.3288872384454404e+31 1.0260189882820072e+02 3.0000000000000000e+00 5.0808633111675654e+01
4.7052283171931470e+11 4.9176133960011932e-05 4.0206313517873797e+09 5.6945919625042123e+05 3.7554284297421846e+09 7.9560876613558805e+08 2.3576786339335805e+31 1.0287480094575079e+02 3.0000000000000000e+00 5.0715127200669372e+01
4.7264416858186450e+11 4.9077624331300266e-05 4.0098961007354364e+09 5.6907869518761244e+05 3.7454012813981891e+09 7.9348445801174617e+08 2.3868029714559307e+31 1.0314678515627844e+02 3.0000000000000000e+00 5.0620986663375675e+01
4.7477506942257013e+11 4.8978542815285760e-05 3.9991057702520766e+09 5.6869547120937635e+05 3.7353226866905437e+09 7.9134925068460310e+08 2.4162636399293436e+31 1.0341782594644410e+02 3.0000000000000000e+00 5.0526208637054040e+01
4.7691557736031573e+11 4.8878888747691803e-05 3.9882604237261062e+09 5.6830951106182742e+05 3.7251927048268895e+09 7.8920315669764745e+08 2.4460640538150198e+31 1.0368789753939207e+02 3.0000000000000000e+00 5.0430790272096644e+01
4.7906573570838538e+11 4.8778661511898447e-05 3.9773601310272818e+09 5.6792080153998127e+05 3.7150114010683451e+09 7.8704618987681186e+08 2.4762076531387148e+31 1.0395697389410138e+02 3.0000000000000000e+00 5.0334728732663763e+01
4.8122558797533972e+11 4.8677860539762429e-05 3.9664049685881801e+09 5.6752932949039340e+05 3.7047788468059511e+09 7.8487836534668803e+08 2.5066979035019818e+31 1.0422502870477165e+02 3.0000000000000000e+00 5.0238021197329594e+01
4.8339517786589630e+11 4.8576485312453402e-05 3.9553950194871373e+09 5.6713508181388653e+05 3.6944951196381555e+09 7.8269969954694462e+08 2.5375382961162895e+31 1.0449203540033774e+02 3.0000000000000000e+00 5.0140664859775860e+01
4.8557454928181396e+11 4.8474535361284686e-05 3.9443303735299954e+09 5.6673804546829010e+05 3.6841603034471574e+09 7.8051021024851465e+08 2.5687323478078191e+31 1.0475796714396313e+02 3.0000000000000000e+00 5.0042656929462993e+01
4.8776374632278137e+11 4.8372010268549158e-05 3.9332111273316216e+09 5.6633820747121610e+05 3.6737744884750624e+09 7.7830991656968045e+08 2.6002836010250060e+31 1.0502279683260808e+02 3.0000000000000000e+00 4.9943994632320575e+01
4.8996281328730890e+11 4.8268909668357513e-05 3.9220373843972468e+09 5.6593555490290420e+05 3.6633377713998380e+09 7.7609883899222660e+08 2.6321956238435785e+31 1.0528649709665910e+02 3.0000000000000000e+00 4.9844675211458878e+01
4.9217179467362555e+11 4.8165233247481019e-05 3.9108092552034078e+09 5.6553007490909519e+05 3.6528502554109316e+09 7.7387699937742722e+08 2.6644720099678764e+31 1.0554904029961837e+02 3.0000000000000000e+00 4.9744695927889190e+01
4.9439073518057898e+11 4.8060980746196350e-05 3.8995268572784820e+09 5.6512175470395270e+05 3.6423120502844925e+09 7.7164442098196995e+08 2.6971163787283708e+31 1.0581039853785472e+02 3.0000000000000000e+00 4.9644054061258828e+01
4.9661967970854034e+11 4.7956151959132953e-05 3.8881903152828622e+09 5.6471058157304069e+05 3.6317232724582481e+09 7.6940112847384536e+08 2.7301323750753618e+31 1.0607054364041838e+02 3.0000000000000000e+00 4.9542746910603007e+01
4.9885867336031250e+11 4.7850746736123380e-05 3.8767997610886807e+09 5.6429654287634394e+05 3.6210840451059723e+09 7.6714714794812572e+08 2.7635236695687894e+31 1.0632944716892192e+02 3.0000000000000000e+00 4.9440771795109846e+01
5.0110776144204279e+11 4.7744764983055731e-05 3.8653553338589668e+09 5.6387962605132838e+05 3.6103944982114329e+09 7.6488250694260442e+08 2.7972939583641299e+31 1.0658708041748881e+02 3.0000000000000000e+00 4.9338126054897437e+01
5.0336698946414001e+11 4.7638206662727709e-05 3.8538571801263294e+09 5.6345981861605705e+05 3.5996547686418705e+09 7.6260723445337474e+08 2.8314469631943256e+31 1.0684341441277253e+02 3.0000000000000000e+00 4.9234807051809419e+01
5.0563640314219501e+11 4.7531071795702815e-05 3.8423054538710675e+09 5.6303710817235429e+05 3.5888650002209702e+09 7.6032136095029616e+08 2.8659864313477018e+31 1.0709841991404785e+02 3.0000000000000000e+00 4.9130812170223820e+01
5.0791604839790594e+11 4.7423360461167279e-05 3.8307003165986338e+09 5.6261148240901576e+05 3.5780253438011913e+09 7.5802491839232659e+08 2.9009161356418454e+31 1.0735206741337728e+02 3.0000000000000000e+00 4.9026138817879264e+01
5.1020597136000751e+11 4.7315072797789454e-05 3.8190419374164410e+09 5.6218292910506111e+05 3.5671359573355432e+09 7.5571794024269474e+08 2.9362398743933885e+31 1.0760432713585418e+02 3.0000000000000000e+00 4.8920784426712132e+01
5.1250621836520416e+11 4.7206209004578687e-05 3.8073304931100111e+09 5.6175143613304803e+05 3.5561970059486790e+09 7.5340046148400164e+08 2.9719614713836721e+31 1.0785516903992553e+02 3.0000000000000000e+00 4.8814746453715699e+01
5.1481683595910797e+11 4.7096769341745839e-05 3.7955661682183046e+09 5.6131699146242114e+05 3.5452086620072718e+09 7.5107251863310087e+08 3.0080847758202519e+31 1.0810456281779697e+02 3.0000000000000000e+00 4.8708022381810331e+01
5.1713787089718042e+11 4.6986754131563498e-05 3.7837491551082864e+09 5.6087958316291682e+05 3.5341711051896677e+09 7.4873414975585985e+08 3.0446136622942098e+31 1.0835247789592201e+02 3.0000000000000000e+00 4.8600609720732344e+01
5.1946937014567828e+11 4.6876163759226756e-05 3.7718796540487285e+09 5.6043919940802152e+05 3.5230845225548019e+09 7.4638539448177969e+08 3.0815520307332359e+31 1.0859888343557834e+02 3.0000000000000000e+00 4.8492506007940442e+01
5.2181138088260449e+11 4.6764998673713301e-05 3.7599578732830095e+09 5.5999582847846951e+05 3.5119491086102157e+09 7.4402629401838732e+08 3.1189038063504675e+31 1.0884374833353421e+02 3.0000000000000000e+00 4.8383708809536294e+01
5.2416395049866217e+11 4.6653259388643149e-05 3.7479840291010432e+09 5.5954945876579219e+05 3.5007650653792243e+09 7.4165689116545570e+08 3.1566729395890256e+31 1.0908704122280676e+02 3.0000000000000000e+00 4.8274215721203838e+01
5.2652712659821399e+11 4.6540946483137537e-05 3.7359583459102521e+09 5.5910007877592440e+05 3.4895326024672289e+09 7.3927723032907200e+08 3.1948634060622618e+31 1.0932873047351592e+02 3.0000000000000000e+00 4.8164024369165972e+01
5.2890095700024536e+11 4.6428060602675964e-05 3.7238810563054976e+09 5.5864767713285703e+05 3.4782519371270027e+09 7.3688735753548336e+08 3.2334792064896623e+31 1.0956878419383628e+02 3.0000000000000000e+00 4.8053132411160924e+01
5.3128548973933203e+11 4.6314602459952678e-05 3.7117524011378465e+09 5.5819224258232559e+05 3.4669232943229604e+09 7.3448732044465804e+08 3.2725243666283987e+31 1.0980717023104964e+02 3.0000000000000000e+00 4.7941537537430087e+01
5.3368077306661206e+11 4.6200572835730366e-05 3.6995726295823894e+09 5.5773376399557316e+05 3.4555469067944717e+09 7.3207716836375594e+08 3.3120029372005077e+31 1.1004385617270192e+02 3.0000000000000000e+00 4.7829237471732441e+01
5.3608685545076215e+11 4.6085972579692072e-05 3.6873419992047238e+09 5.5727223037314205e+05 3.4441230151179733e+09 7.2965695226025319e+08 3.3519189938156772e+31 1.1027880934786640e+02 3.0000000000000000e+00 4.7716229972371416e+01
5.3850378557897852e+11 4.5970802611289810e-05 3.6750607760262723e+09 5.5680763084872789e+05 3.4326518677679753e+09 7.2722672477489138e+08 3.3922766368896382e+31 1.1051199682851764e+02 3.0000000000000000e+00 4.7602512833243992e+01
5.4093161235796204e+11 4.5855063920591226e-05 3.6627292345882945e+09 5.5633995469306991e+05 3.4211337211768603e+09 7.2478654023430359e+08 3.4330799915581309e+31 1.1074338543101801e+02 3.0000000000000000e+00 4.7488083884904981e+01
5.4337038491490765e+11 4.5738757569121463e-05 3.6503476580146313e+09 5.5586919131791242e+05 3.4095688397934690e+09 7.2233645466348720e+08 3.4743332075864524e+31 1.1097294171772108e+02 3.0000000000000000e+00 4.7372940995657139e+01
5.4582015259849902e+11 4.5621884690702494e-05 3.6379163380729709e+09 5.5539533027999289e+05 3.3979574961403437e+09 7.1987652579788351e+08 3.5160404592745811e+31 1.1120063199869458e+02 3.0000000000000000e+00 4.7257082072654214e+01
5.4828096497990637e+11 4.5504446492287387e-05 3.6254355752347088e+09 5.5491836128509114e+05 3.3862999708696318e+09 7.1740681309523225e+08 3.5582059453578593e+31 1.1142642233356653e+02 3.0000000000000000e+00 4.7140505063027348e+01
5.5075287185379016e+11 4.5386444254790333e-05 3.6129056787333555e+09 5.5443827419213112e+05 3.3745965528176413e+09 7.1492737774714530e+08 3.6008338889032558e+31 1.1165027853349825e+02 3.0000000000000000e+00 4.7023207955032618e+01
5.5323592323930835e+11 4.5267879333911301e-05 3.6003269666212902e+09 5.5395505901732086e+05 3.3628475390578508e+09 7.1243828269031858e+08 3.6439285372011937e+31 1.1187216616328709e+02 3.0000000000000000e+00 4.6905188779216715e+01
5.5573016938112878e+11 4.5148753160955513e-05 3.5876997658249922e+09 5.5346870593835111e+05 3.3510532349525023e+09 7.0993959261747205e+08 3.6874941616529657e+31 1.1209205054360345e+02 3.0000000000000000e+00 4.6786445609605174e+01
5.5823566075044556e+11 4.5029067243647023e-05 3.5750244121985955e+09 5.5297920529863937e+05 3.3392139542026138e+09 7.0743137398794401e+08 3.7315350576537300e+31 1.1230989675336512e+02 3.0000000000000000e+00 4.6666976564911955e+01
5.6075244804600049e+11 4.4908823166935431e-05 3.5623012505756164e+09 5.5248654761161678e+05 3.3273300188963108e+09 7.0491369503791571e+08 3.7760555444711226e+31 1.1252566963225297e+02 3.0000000000000000e+00 4.6546779809768665e+01
5.6328058219510938e+11 4.4788022593796299e-05 3.5495306348190875e+09 5.5199072356507927e+05 3.3154017595556326e+09 7.0238662579036224e+08 3.8210599651194888e+31 1.1273933378337188e+02 3.0000000000000000e+00 4.6425853555979721e+01
5.6582011435469189e+11 4.4666667266023877e-05 3.5367129278696494e+09 5.5149172402556706e+05 3.3034295151814685e+09 6.9985023806454229e+08 3.8665526862297474e+31 1.1295085357606092e+02 3.0000000000000000e+00 4.6304196063795310e+01
5.6837109591230676e+11 4.4544759005016246e-05 3.5238485017918434e+09 5.5098954004280153e+05 3.2914136332967911e+09 6.9730460548515797e+08 3.9125380979149323e+31 1.1316019314885665e+02 3.0000000000000000e+00 4.6181805643209110e+01
5.7093357848719238e+11 4.4422299712552061e-05 3.5109377378184590e+09 5.5048416285417345e+05 3.2793544699880767e+09 6.9474980349115038e+08 3.9590206136314449e+31 1.1336731641261407e+02 3.0000000000000000e+00 4.6058680655279765e+01
5.7350761393131055e+11 4.4299291371558693e-05 3.4979810263927755e+09 5.4997558388926531e+05 3.2672523899447670e+09 6.9218590934402955e+08 4.0060046700360084e+31 1.1357218705378901e+02 3.0000000000000000e+00 4.5934819513473137e+01
5.7609325433039575e+11 4.4175736046870503e-05 3.4849787672088199e+09 5.4946379477443779e+05 3.2551077664968596e+09 6.8961300213588238e+08 4.0534947268384066e+31 1.1377476853788657e+02 3.0000000000000000e+00 4.5810220685032263e+01
5.7869055200500977e+11 4.4051635885978159e-05 3.4719313692493582e+09 5.4894878733743960e+05 3.2429209816504107e+09 6.8703116279684424e+08 4.1014952666500415e+31 1.1397502411308004e+02 3.0000000000000000e+00 4.5684882692365846e+01
5.8129955951159937e+11 4.3926993119766944e-05 3.4588392508218193e+09 5.4843055361208483e+05 3.2306924261210713e+09 6.8444047410224462e+08 4.1500107948283134e+31 1.1417291681400481e+02 3.0000000000000000e+00 4.5558804114466888e+01
5.8392032964356079e+11 4.3801810063244357e-05 3.4457028395917945e+09 5.4790908584295562e+05 3.2184224993653917e+09 6.8184102067920852e+08 4.1990458393169452e+31 1.1436840946573177e+02 3.0000000000000000e+00 4.5431983588351095e+01
5.8655291543230750e+11 4.3676089116256224e-05 3.4325225726143274e+09 5.4738437649016385e+05 3.2061116096100368e+09 6.7923288901287115e+08 4.2486049504822401e+31 1.1456146468792529e+02 3.0000000000000000e+00 4.5304419810524607e+01
5.8919737014834314e+11 4.3549832764191284e-05 3.4192988963627319e+09 5.4685641823414247e+05 3.1937601738787155e+09 6.7661616745205140e+08 4.2986927009453527e+31 1.1475204489918995e+02 3.0000000000000000e+00 4.5176111538473229e+01
5.9185374730233997e+11 4.3423043578672098e-05 3.4060322667550068e+09 5.4632520398049708e+05 3.1813686180168324e+09 6.7399094621452665e+08 4.3493136854106703e+31 1.1494011232161206e+02 3.0000000000000000e+00 4.5047057592182881e+01
5.9452210064622107e+11 4.3295724218234243e-05 3.3927231491776333e+09 5.4579072686487366e+05 3.1689373767137389e+09 6.7135731739168239e+08 4.4004725204903126e+31 1.1512562898549976e+02 3.0000000000000000e+00 4.4917256855679398e+01
5.9720248417424878e+11 4.3167877428990455e-05 3.3793720185068908e+09 5.4525298025789484e+05 3.1564668935226297e+09 6.6871537495278740e+08 4.4521738445248821e+31 1.1530855673432787e+02 3.0000000000000000e+00 4.4786708278602234e+01
5.9989495212411621e+11 4.3039506045281328e-05 3.3659793591273861e+09 5.4471195777010685e+05 3.1439576208778524e+09 6.6606521474860001e+08 4.5044223174004874e+31 1.1548885722989219e+02 3.0000000000000000e+00 4.4655410877798452e+01
6.0259955897804578e+11 4.2910612990310584e-05 3.3525456649480286e+09 5.4416765325699677e+05 3.1314100201098309e+09 6.6340693451459241e+08 4.5572226203621854e+31 1.1566649195767913e+02 3.0000000000000000e+00 4.4523363738951190e+01
6.0531635946389111e+11 4.2781201276764986e-05 3.3390714394150605e+09 5.4362006082401960e+05 3.1188245614572315e+09 6.6074063387348604e+08 4.6105794558238671e+31 1.1584142223245549e+02 3.0000000000000000e+00 4.4390566018230160e+01
6.0804540855624463e+11 4.2651274007418428e-05 3.3255571955223670e+09 5.4306917483167863e+05 3.1062017240765986e+09 6.5806641433730590e+08 4.6644975471736991e+31 1.1601360920408308e+02 3.0000000000000000e+00 4.4257016943973113e+01
6.1078676147754980e+11 4.2520834375736396e-05 3.3120034558206501e+09 5.4251498990071286e+05 3.0935419960509157e+09 6.5538437930920434e+08 4.7189816385447873e+31 1.1618301386350886e+02 3.0000000000000000e+00 4.4122715818374104e+01
6.1354047369921863e+11 4.2389885666425565e-05 3.2984107524196248e+09 5.4195750091714575e+05 3.0808458743916731e+09 6.5269463408385479e+08 4.7740364946678100e+31 1.1634959704914718e+02 3.0000000000000000e+00 4.3987662019257236e+01
6.1630660094275439e+11 4.2258431255982532e-05 3.2847796269892201e+09 5.4139670303747384e+05 3.0681138650399647e+09 6.4999728584776592e+08 4.8296669006596409e+31 1.1651331945339395e+02 3.0000000000000000e+00 4.3851855001844328e+01
6.1908519918087891e+11 4.2126474613234797e-05 3.2711106307584682e+09 5.4083259169388632e+05 3.0553464828654757e+09 6.4729244367897701e+08 4.8858776617985420e+31 1.1667414162937334e+02 3.0000000000000000e+00 4.3715294300535675e+01
6.2187632463866492e+11 4.1994019299854112e-05 3.2574043245106726e+09 5.4026516259952355e+05 3.0425442516619511e+09 6.4458021854616654e+08 4.9426736033154364e+31 1.1683202399797533e+02 3.0000000000000000e+00 4.3577979530744457e+01
6.2468003379467444e+11 4.1861068970849693e-05 3.2436612785751348e+09 5.3969441175373481e+05 3.0297077041394763e+09 6.4186072330697846e+08 5.0000595701823655e+31 1.1698692685515604e+02 3.0000000000000000e+00 4.3439910390755742e+01
6.2749638338210107e+11 4.1727627375040890e-05 3.2298820728156886e+09 5.3912033544737776e+05 3.0168373819137664e+09 6.3913407270576572e+08 5.0580404268981923e+31 1.1713881037950669e+02 3.0000000000000000e+00 4.3301086663619742e+01
6.3032543038991809e+11 4.1593698355508201e-05 3.2160672966158299e+09 5.3854293026814051e+05 3.0039338354922786e+09 6.3640038337065291e+08 5.1166210572717612e+31 1.1728763464009890e+02 3.0000000000000000e+00 4.3161508219076431e+01
6.3316723206403186e+11 4.1459285850021798e-05 3.2022175488603592e+09 5.3796219310588017e+05 2.9909976242570634e+09 6.3365977380988860e+08 5.1758063642026179e+31 1.1743335960461224e+02 3.0000000000000000e+00 4.3021175015511766e+01
6.3602184590843994e+11 4.1324393891447677e-05 3.1883334379136167e+09 5.3737812115799310e+05 2.9780293164444332e+09 6.3091236440755081e+08 5.2356012694594601e+31 1.1757594514775165e+02 3.0000000000000000e+00 4.2880087101948334e+01
6.3888932968639478e+11 4.1189026608129323e-05 3.1744155815940433e+09 5.3679071193479770e+05 2.9650294891212049e+09 6.2815827741851413e+08 5.2960107134564706e+31 1.1771535105996172e+02 3.0000000000000000e+00 4.2738244620067952e+01
6.4176974142157275e+11 4.1053188224245877e-05 3.1604646071451945e+09 5.3619996326493635e+05 2.9519987281576257e+09 6.2539763696270740e+08 5.3570396550277151e+31 1.1785153705644503e+02 3.0000000000000000e+00 4.2595647806268779e+01
6.4466313939924780e+11 4.0916883060144653e-05 3.1464811512030091e+09 5.3560587330079102e+05 2.9389376281967993e+09 6.2263056901863122e+08 5.4186930711997498e+31 1.1798446278649216e+02 3.0000000000000000e+00 4.2452296993756207e+01
6.4756958216747144e+11 4.0780115532647298e-05 3.1324658597593222e+09 5.3500844052391779e+05 2.9258467926206031e+09 6.1985720141615963e+08 5.4809759569626607e+31 1.1811408784313102e+02 3.0000000000000000e+00 4.2308192614670951e+01
6.5048912853825684e+11 4.0642890155330368e-05 3.1184193881215491e+09 5.3440766375047946e+05 2.9127268335120397e+09 6.1707766382852793e+08 5.5438933250396749e+31 1.1824037177310286e+02 3.0000000000000000e+00 4.2163335202247978e+01
6.5342183758876953e+11 4.0505211538777339e-05 3.1043424008685422e+09 5.3380354213670688e+05 2.8995783716139932e+09 6.1429208776364446e+08 5.6074502056555853e+31 1.1836327408717392e+02 3.0000000000000000e+00 4.2017725393018090e+01
6.5636776866252234e+11 4.0367084390803226e-05 3.0902355718023739e+09 5.3319607518433873e+05 2.8864020362842083e+09 6.1150060655449855e+08 5.6716516463041482e+31 1.1848275427078971e+02 3.0000000000000000e+00 4.1871363929038381e+01
6.5932698137057629e+11 4.0228513516649594e-05 3.0760995838962398e+09 5.3258526274608844e+05 2.8731984654466119e+09 6.0870335534888542e+08 5.7365027115146892e+31 1.1859877179508071e+02 3.0000000000000000e+00 4.1724251660166559e+01
6.6229953559274719e+11 4.0089503819150132e-05 3.0619351292382102e+09 5.3197110503109824e+05 2.8599683055387883e+09 6.0590047109826553e+08 5.8020084826181352e+31 1.1871128612822841e+02 3.0000000000000000e+00 4.1576389546368979e+01
6.6528549147881702e+11 3.9950060298865228e-05 3.0477429089708700e+09 5.3135360261039506e+05 2.8467122114555936e+09 6.0309209254583025e+08 5.8681740575126702e+31 1.1882025674719952e+02 3.0000000000000000e+00 4.1427778660068455e+01
6.6828490944975073e+11 3.9810188054185790e-05 3.0335236332267509e+09 5.3073275642233156e+05 2.8334308464888520e+09 6.0027836021369481e+08 5.9350045504292551e+31 1.1892564314985785e+02 3.0000000000000000e+00 4.1278420188529182e+01
6.7129785019891968e+11 3.9669892281403850e-05 3.0192780210595307e+09 5.3010856777803227e+05 2.8201248822630925e+09 5.9745941638931739e+08 6.0025050916972793e+31 1.1902740486746239e+02 3.0000000000000000e+00 4.1128315436283572e+01
6.7432437469332910e+11 3.9529178274750777e-05 3.0050068003709321e+09 5.2948103836681880e+05 2.8067949986672568e+09 5.9463540511102581e+08 6.0706808275105293e+31 1.1912550147756158e+02 3.0000000000000000e+00 4.0977465827598145e+01
6.7736454417485205e+11 3.9388051426401497e-05 2.9907107078331952e+09 5.2885017026161496e+05 2.7934418837823081e+09 5.9180647215266216e+08 6.1395369196937699e+31 1.1921989261729207e+02 3.0000000000000000e+00 4.0825872908978006e+01
6.8041842016146838e+11 3.9246517226443726e-05 2.9763904888071933e+09 5.2821596592434077e+05 2.7800662338047299e+09 5.8897276500739050e+08 6.2090785454701775e+31 1.1931053799709258e+02 3.0000000000000000e+00 4.0673538351715351e+01
6.8348606444851001e+11 3.9104581262811684e-05 2.9620468972560201e+09 5.2757842821127805e+05 2.7666687529658208e+09 5.8613443287059546e+08 6.2793108972298918e+31 1.1939739741484227e+02 3.0000000000000000e+00 4.0520463954478103e+01
6.8656753910991101e+11 3.8962249221183327e-05 2.9476806956540589e+09 5.2693756037841015e+05 2.7532501534467621e+09 5.8329162662188947e+08 6.3502391822999524e+31 1.1948043077043380e+02 3.0000000000000000e+00 4.0366651645941829e+01
6.8966290649946362e+11 3.8819526884840128e-05 2.9332926548914657e+09 5.2629336608673166e+05 2.7398111552893934e+09 5.8044449880621886e+08 6.4218686227158948e+31 1.1955959808079086e+02 3.0000000000000000e+00 4.0212103487464653e+01
6.9277222925208044e+11 3.8676420134489075e-05 2.9188835541739984e+09 5.2564584940751689e+05 2.7263524863026567e+09 5.7759320361402631e+08 6.4942044549953070e+31 1.1963485949534144e+02 3.0000000000000000e+00 4.0056821675804834e+01
6.9589557028506116e+11 3.8532934948045012e-05 2.9044541809181142e+09 5.2499501482754946e+05 2.7128748819646177e+09 5.7473789686049044e+08 6.5672519299135923e+31 1.1970617531195671e+02 3.0000000000000000e+00 3.9900808545882818e+01
6.9903299279936633e+11 3.8389077400373255e-05 2.8900053306414390e+09 5.2434086725432030e+05 2.6993790853201447e+09 5.7187873596388280e+08 6.6410163122822908e+31 1.1977350599336704e+02 3.0000000000000000e+00 3.9744066573591638e+01
7.0218456028089587e+11 3.8244853662991385e-05 2.8755378068482857e+09 5.2368341202115396e+05 2.6858658468739915e+09 5.6901587992288041e+08 6.7155028807302013e+31 1.1983681218406568e+02 3.0000000000000000e+00 3.9586598378647714e+01
7.0535033650177380e+11 3.8100270003729299e-05 2.8610524209104533e+09 5.2302265489229781e+05 2.6723359244794550e+09 5.6614948929299426e+08 6.7907169274876477e+31 1.1989605472771240e+02 3.0000000000000000e+00 3.9428406727491975e+01
7.0853038552163879e+11 3.7955332786346296e-05 2.8465499919430513e+09 5.2235860206794238e+05 2.6587900832223878e+09 5.6327972616199028e+08 6.8666637581741831e+31 1.1995119468504748e+02 3.0000000000000000e+00 3.9269494536236301e+01
7.1172477168894019e+11 3.7810048470105065e-05 2.8320313466754532e+09 5.2169126018918201e+05 2.6452290953006682e+09 5.6040675412435663e+08 6.9433486915900405e+31 1.2000219335232873e+02 3.0000000000000000e+00 3.9109864873658296e+01
7.1493355964224023e+11 3.7664423609300568e-05 2.8174973193172240e+09 5.2102063634290325e+05 2.6316537398989658e+09 5.5753073825477755e+08 7.0207770595116638e+31 1.2004901228030366e+02 3.0000000000000000e+00 3.8949520964244854e+01
7.1815681431152209e+11 3.7518464852743872e-05 2.8029487514190297e+09 5.2034673806659528e+05 2.6180648030588279e+09 5.5465184508060539e+08 7.0989542064916295e+31 1.2009161329372863e+02 3.0000000000000000e+00 3.8788466191284272e+01
7.2139460091950366e+11 3.7372178943199878e-05 2.7883864917285209e+09 5.1966957335308066e+05 2.6044630775440736e+09 5.5177024255334187e+08 7.1778854896632813e+31 1.2012995851144782e+02 3.0000000000000000e+00 3.8626704100008325e+01
7.2464698498295715e+11 3.7225572716776798e-05 2.7738113960410085e+09 5.1898915065515181e+05 2.5908493627013144e+09 5.4888610001908386e+08 7.2575762785504102e+31 1.2016401036704531e+02 3.0000000000000000e+00 3.8464238400785007e+01
7.2791403231403528e+11 3.7078653102268589e-05 2.7592243270451751e+09 5.1830547889012820e+05 2.5772244643158369e+09 5.4599958818801737e+08 7.3380319548823240e+31 1.2019373163008235e+02 3.0000000000000000e+00 3.8301072972364757e+01
7.3119580902160254e+11 3.6931427120447256e-05 2.7446261541633644e+09 5.1761856744428480e+05 2.5635891944624410e+09 5.4311087910277140e+08 7.4192579124146018e+31 1.2021908542793470e+02 3.0000000000000000e+00 3.8137211865173789e+01
7.3449238151257300e+11 3.6783901883305461e-05 2.7300177533868794e+09 5.1692842617720214e+05 2.5499443713515916e+09 5.4022014610586596e+08 7.5012595567558978e+31 1.2024003526824211e+02 3.0000000000000000e+00 3.7972659304666621e+01
7.3780381649325439e+11 3.6636084593247845e-05 2.7154000071058969e+09 5.1623506542598212e+05 2.5362908191705503e+09 5.3732756380604231e+08 7.5840423052011290e+31 1.2025654506198545e+02 3.0000000000000000e+00 3.7807419694728431e+01
7.4113018097069751e+11 3.6487982542230450e-05 2.7007738039341230e+09 5.1553849600934319e+05 2.5226293679196043e+09 5.3443330804355925e+08 7.6676115865713396e+31 1.2026857914720414e+02 3.0000000000000000e+00 3.7641497621132288e+01
7.4447154225405212e+11 3.6339603110846921e-05 2.6861400385281334e+09 5.1483872923158586e+05 2.5089608532433209e+09 5.3153755585444027e+08 7.7519728410606223e+31 1.2027610231337027e+02 3.0000000000000000e+00 3.7474897855052205e+01
7.4782796795592944e+11 3.6190953767360585e-05 2.6714996114013934e+09 5.1413577688642545e+05 2.4952861162568307e+09 5.2864048543369025e+08 7.8371315200904066e+31 1.2027907982643245e+02 3.0000000000000000e+00 3.7307625356633665e+01
7.5119952599376965e+11 3.6042042066681923e-05 2.6568534287328768e+09 5.1342965126066771e+05 2.4816060033670750e+09 5.2574227609740585e+08 7.9230930861714128e+31 1.2027747745454563e+02 3.0000000000000000e+00 3.7139685278618380e+01
7.5458628459121667e+11 3.5892875649289428e-05 2.6422024021703010e+09 5.1272036513773899e+05 2.4679213660890145e+09 5.2284310824386042e+08 8.0098630127736459e+31 1.2027126149450247e+02 3.0000000000000000e+00 3.6971082970030167e+01
7.5798831227949841e+11 3.5743462240094115e-05 2.6275474486278934e+09 5.1200793180103612e+05 2.4542330608567433e+09 5.1994316331345111e+08 8.0974467842047024e+31 1.2026039879888098e+02 3.0000000000000000e+00 3.6801823979914921e+01
7.6140567789881360e+11 3.5593809647245396e-05 2.6128894900788140e+09 5.1129236503712728e+05 2.4405419488295908e+09 5.1704262374766922e+08 8.1858498954967181e+31 1.2024485680392583e+02 3.0000000000000000e+00 3.6631914061146290e+01
7.6483845059972473e+11 3.5443925760878431e-05 2.5982294533419452e+09 5.1057367913873668e+05 2.4268488956929936e+09 5.1414167294685471e+08 8.2750778523022785e+31 1.2022460355817884e+02 3.0000000000000000e+00 3.6461359174284340e+01
7.6828669984455737e+11 3.5293818551800894e-05 2.5835682698634038e+09 5.0985188890757633e+05 2.4131547714543943e+09 5.1124049522702891e+08 8.3651361707995388e+31 1.2019960775187577e+02 3.0000000000000000e+00 3.6290165491504112e+01
7.7175049540880579e+11 3.5143496070119348e-05 2.5689068754923196e+09 5.0912700965692964e+05 2.3994604502338343e+09 5.0833927577545607e+08 8.4560303776068918e+31 1.2016983874712666e+02 3.0000000000000000e+00 3.6118339400576993e+01
7.7522990738254480e+11 3.4992966443562561e-05 2.5542462102278986e+09 5.0839905721289630e+05 2.3857668100276847e+09 5.0543820060064250e+08 8.5477660096997395e+31 1.2013526660888849e+02 3.0000000000000000e+00 3.5945887508920848e+01
7.7872500617184790e+11 3.4842237875631684e-05 2.5395872179502902e+09 5.0766804791483015e+05 2.3720747324572730e+09 5.0253745647905332e+08 8.6403486143272161e+31 1.2009586213674564e+02 3.0000000000000000e+00 3.5772816647705348e+01
7.8223586250021216e+11 3.4691318646786221e-05 2.5249308464471192e+09 5.0693399863062345e+05 2.3583851027936616e+09 4.9963723096037215e+08 8.7337837490503854e+31 1.2005159689764989e+02 3.0000000000000000e+00 3.5599133876061906e+01
7.8576254740998926e+11 3.4540217110285504e-05 2.5102780469205294e+09 5.0619692674618191e+05 2.3446988094972124e+09 4.9673771226995140e+08 8.8280769816356501e+31 1.2000244325934213e+02 3.0000000000000000e+00 3.5424846485305686e+01
7.8930513226382312e+11 3.4388941690296491e-05 2.4956297737165408e+09 5.0545685016586178e+05 2.3310167439647832e+09 4.9383908925527388e+08 8.9232338900170800e+31 1.1994837442471483e+02 3.0000000000000000e+00 3.5249962003246786e+01
7.9286368874609351e+11 3.4237500880341446e-05 2.4809869840882163e+09 5.0471378731459554e+05 2.3173398003085351e+09 4.9094155133904433e+08 9.0192600622826559e+31 1.1988936446708203e+02 3.0000000000000000e+00 3.5074488198568346e+01
7.9643828886436707e+11 3.4085903241645808e-05 2.4663506379502478e+09 5.0396775713962968e+05 2.3036688751266875e+09 4.8804528847067994e+08 9.1161610966721280e+31 1.1982538836636257e+02 3.0000000000000000e+00 3.4898433085280438e+01
8.0002900495085425e+11 3.3934157401387935e-05 2.4517216976248584e+09 5.0321877911180456e+05 2.2900048672661943e+09 4.8515049107599390e+08 9.2139426015867038e+31 1.1975642204619759e+02 3.0000000000000000e+00 3.4721804927237649e+01
8.0363590966387292e+11 3.3782272050849441e-05 2.4371011275793142e+09 5.0246687322640768e+05 2.2763486775775609e+09 4.8225735000526178e+08 9.3126101956109305e+31 1.1968244241202177e+02 3.0000000000000000e+00 3.4544612242730402e+01
8.0725907598931836e+11 3.3630255943466855e-05 2.4224898941551151e+09 5.0171206000357214e+05 2.2627012086619048e+09 4.7936605647963297e+08 9.4121695075470320e+31 1.1960342739011038e+02 3.0000000000000000e+00 3.4366863809147446e+01
8.1089857724214087e+11 3.3478117892785154e-05 2.4078889652891374e+09 5.0095436048822314e+05 2.2490633646104813e+09 4.7647680203596824e+08 9.5126261764620345e+31 1.1951935596762348e+02 3.0000000000000000e+00 3.4188568667712929e+01
8.1455448706782825e+11 3.3325866770314299e-05 2.3932993102267985e+09 5.0019379624953924e+05 2.2354360507367821e+09 4.7358977847004992e+08 9.6139858517478627e+31 1.1943020823366892e+02 3.0000000000000000e+00 3.4009736128293738e+01
8.1822687944389709e+11 3.3173511503288722e-05 2.3787218992275953e+09 4.9943038937995106e+05 2.2218201733014870e+09 4.7070517777832592e+08 9.7162541931948082e+31 1.1933596542140700e+02 3.0000000000000000e+00 3.3830375774285734e+01
8.2191582868138879e+11 3.3021061072332576e-05 2.3641577032632966e+09 4.9866416249366128e+05 2.2082166392305641e+09 4.6782319209819955e+08 9.8194368710784769e+31 1.1923660995121958e+02 3.0000000000000000e+00 3.3650497467575541e+01
8.2562140942637390e+11 3.2868524509030946e-05 2.3496076937089233e+09 4.9789513872466702e+05 2.1946263558266335e+09 4.6494401364687026e+08 9.9235395662605627e+31 1.1913212547496681e+02 3.0000000000000000e+00 3.3470111353578865e+01
8.2934369666146240e+11 3.2715910893410343e-05 2.3350728420269961e+09 4.9712334172429494e+05 2.1810502304740496e+09 4.6206783465884119e+08 1.0028567970303616e+32 1.1902249692135580e+02 3.0000000000000000e+00 3.3289227866357137e+01
8.3308276570732068e+11 3.2563229351329127e-05 2.3205541194453263e+09 4.9634879565825209e+05 2.1674891703379326e+09 4.5919484732218122e+08 1.0134527785600023e+32 1.1890771054244490e+02 3.0000000000000000e+00 3.3107857733816552e+01
8.3683869222419604e+11 3.2410489051782100e-05 2.3060524966287155e+09 4.9557152520317223e+05 2.1539440820575347e+09 4.5632524371354175e+08 1.0241424725515379e+32 1.1878775396130933e+02 3.0000000000000000e+00 3.2926011982984988e+01
8.4061155221344751e+11 3.2257699204120749e-05 2.2915689433450265e+09 4.9479155554268265e+05 2.1404158714343269e+09 4.5345921573209900e+08 1.0349264514546448e+32 1.1866261622089253e+02 3.0000000000000000e+00 3.2743701945374426e+01
8.4440142201908740e+11 3.2104869055193446e-05 2.2771044281259470e+09 4.9400891236296413e+05 2.1269054431151483e+09 4.5059695503239667e+08 1.0458052888493919e+32 1.1853228783406952e+02 3.0000000000000000e+00 3.2560939262422892e+01
8.4820837832931189e+11 3.1952007886409369e-05 2.2626599179231834e+09 4.9322362184785295e+05 2.1134137002710686e+09 4.4773865295634472e+08 1.0567795594649492e+32 1.1839676083494973e+02 3.0000000000000000e+00 3.2377735891026568e+01
8.5203249817807397e+11 3.1799125010728269e-05 2.2482363777601428e+09 4.9243571067343641e+05 2.0999415442720532e+09 4.4488450046426976e+08 1.0678498391998906e+32 1.1825602883144343e+02 3.0000000000000000e+00 3.2194104109152050e+01
8.5587385894662793e+11 3.1646229769584132e-05 2.2338347703801804e+09 4.9164520600220351e+05 2.0864898743584085e+09 4.4203468806531739e+08 1.0790167051438957e+32 1.1811008705912270e+02 3.0000000000000000e+00 3.2010056521540257e+01
8.5973253836509937e+11 3.1493331529743875e-05 2.2194560558915548e+09 4.9085213547673030e+05 2.0730595873091543e+09 4.3918940574720168e+08 1.0902807356010068e+32 1.1795893243640205e+02 3.0000000000000000e+00 3.1825606065497670e+01
8.6360861451405725e+11 3.1340439680109515e-05 2.2051011914099464e+09 4.9005652721292118e+05 2.0596515771081305e+09 4.3634884290544957e+08 1.1016425101143786e+32 1.1780256362106988e+02 3.0000000000000000e+00 3.1640766016776318e+01
8.6750216582609448e+11 3.1187563628467498e-05 2.1907711306991491e+09 4.8925840979284060e+05 2.0462667346083729e+09 4.3351318827233011e+08 1.1131026094925311e+32 1.1764098106819694e+02 3.0000000000000000e+00 3.1455549995548484e+01
8.7141327108741467e+11 3.1034712798193057e-05 2.1764668238105054e+09 4.8845781225711678e+05 2.0329059471953495e+09 4.3068262984546798e+08 1.1246616158370987e+32 1.1747418708945472e+02 3.0000000000000000e+00 3.1269971972468873e+01
8.7534200943942639e+11 3.0881896624915351e-05 2.1621892167220316e+09 4.8765476409699139e+05 2.0195700984498773e+09 4.2785735481646574e+08 1.1363201125720627e+32 1.1730218591387201e+02 3.0000000000000000e+00 3.1084046274836535e+01
8.7928846038034473e+11 3.0729124553151731e-05 2.1479392509778094e+09 4.8684929524599598e+05 2.0062600678113022e+09 4.2503754949952322e+08 1.1480786844744583e+32 1.1712498375006130e+02 3.0000000000000000e+00 3.0897787592847660e+01
8.8325270376679993e+11 3.0576406032918259e-05 2.1337178633285804e+09 4.8604143607131776e+05 1.9929767302418039e+09 4.2222339926033002e+08 1.1599379177065321e+32 1.1694258884994699e+02 3.0000000000000000e+00 3.0711210985948174e+01
8.8723481981545312e+11 3.0423750516325597e-05 2.1195259853743544e+09 4.8523121736487292e+05 1.9797209558925741e+09 4.1941508844534087e+08 1.1718983998493287e+32 1.1675501157402618e+02 3.0000000000000000e+00 3.0524331889283172e+01
8.9123488910462000e+11 3.0271167454168979e-05 2.1053645432099328e+09 4.8441867033413076e+05 1.9664936097727227e+09 4.1661280031163120e+08 1.1839607199376798e+32 1.1656226437216360e+02 3.0000000000000000e+00 3.0337166097855100e+01
8.9525299257590039e+11 3.0118666292522524e-05 2.0912344570743418e+09 4.8360382659273397e+05 1.9532955514218328e+09 4.1381671695752662e+08 1.1961254684965569e+32 1.1636436103340225e+02 3.0000000000000000e+00 3.0149729561575370e+01
8.9928921153581726e+11 2.9966256469347364e-05 2.0771366410050669e+09 4.8278671815095632e+05 1.9401276345870068e+09 4.1102701925418067e+08 1.2083932375787554e+32 1.1616131599381315e+02 3.0000000000000000e+00 2.9962038200672247e+01
9.0334362765746106e+11 2.9813947411126118e-05 2.0630720024983087e+09 4.8196737740606233e+05 1.9269907069055262e+09 4.0824388677834833e+08 1.2207646208038573e+32 1.1595314429113515e+02 3.0000000000000000e+00 2.9774107892079083e+01
9.0741632298214270e+11 2.9661748529533515e-05 2.0490414421761394e+09 4.8114583713261422e+05 1.9138856095939636e+09 4.0546749774652696e+08 1.2332402133984253e+32 1.1573986157422797e+02 3.0000000000000000e+00 2.9585954470184873e+01
9.1150737992105371e+11 2.9509669218157745e-05 2.0350458534618492e+09 4.8032213047279022e+05 1.9008131771449521e+09 4.0269802895069212e+08 1.2458206122373671e+32 1.1552148411250266e+02 3.0000000000000000e+00 2.9397593727543949e+01
9.1561688125693408e+11 2.9357718852242940e-05 2.0210861225363100e+09 4.7949629094291956e+05 1.8877742372864106e+09 3.9993565574969953e+08 1.2585064158825329e+32 1.1529802880529641e+02 3.0000000000000000e+00 2.9209041415545300e+01
9.1974491014574658e+11 2.9205906804858693e-05 2.0071631298001468e+09 4.7866835252980469e+05 1.8747696123472857e+09 3.9718055235858291e+08 1.2712982246129354e+32 1.1506951319114319e+02 3.0000000000000000e+00 2.9020313245018251e+01
9.2389155011836023e+11 2.9054242424380727e-05 1.9932777477821233e+09 4.7783834957692446e+05 1.8618001173038931e+09 3.9443289143469238e+08 1.2841966405149329e+32 1.1483595545747752e+02 3.0000000000000000e+00 2.8831424886923280e+01
9.2805688508224036e+11 2.8902735035828558e-05 1.9794308412478352e+09 4.7700631679941562e+05 1.8488665598814416e+09 3.9169284409918040e+08 1.2972022675220952e+32 1.1459737444988342e+02 3.0000000000000000e+00 2.8642391972893616e+01
9.3224099932314612e+11 2.8751393940927452e-05 1.9656232671914520e+09 4.7617228929227730e+05 1.8359697405463231e+09 3.8896057993538612e+08 1.3103157114659148e+32 1.1435378968138070e+02 3.0000000000000000e+00 2.8453230095760638e+01
9.3644397750683630e+11 2.8600228416178523e-05 1.9518558746466293e+09 4.7533630252763128e+05 1.8231104523294959e+09 3.8623626695140034e+08 1.3235375801322755e+32 1.1410522134169921e+02 3.0000000000000000e+00 2.8263954810046418e+01
9.4066590468078271e+11 2.8449247710921482e-05 1.9381295044992280e+09 4.7449839235182945e+05 1.8102894806515532e+09 3.8352007154302639e+08 1.3368684833202958e+32 1.1385169030651167e+02 3.0000000000000000e+00 2.8074581632421655e+01
9.4490686627589075e+11 2.8298461045390917e-05 1.9244449893017898e+09 4.7365859498237236e+05 1.7975076031494412e+09 3.8081215845704520e+08 1.3503090329035813e+32 1.1359321814661961e+02 3.0000000000000000e+00 2.7885126042122636e+01
9.4916694810822827e+11 2.8147877608766224e-05 1.9108031530900030e+09 4.7281694700467447e+05 1.7847655895050282e+09 3.7811269075492567e+08 1.3638598428939187e+32 1.1332982713708671e+02 3.0000000000000000e+00 2.7695603481333897e+01
9.5344623638076196e+11 2.7997506557215919e-05 1.8972048112010219e+09 4.7197348536862514e+05 1.7720642012754078e+09 3.7542182977684259e+08 1.3775215295074426e+32 1.1306154026631700e+02 3.0000000000000000e+00 2.7506029355528543e+01
9.5774481768510217e+11 2.7847357011936987e-05 1.8836507700939579e+09 4.7112824738499231e+05 1.7594041917252319e+09 3.7273973510617852e+08 1.3912947112333042e+32 1.1278838124507112e+02 3.0000000000000000e+00 2.7316419033774036e+01
9.6206277900325439e+11 2.7697438057189405e-05 1.8701418271723783e+09 4.7028127072161983e+05 1.7467863056609185e+09 3.7006656453437924e+08 1.4051800089048668e+32 1.1251037451541592e+02 3.0000000000000000e+00 2.7126787848995949e+01
9.6640020770937964e+11 2.7547758738326618e-05 1.8566787706091056e+09 4.6943259339945950e+05 1.7342112792669995e+09 3.6740247402631807e+08 1.4191780457734623e+32 1.1222754525960312e+02 3.0000000000000000e+00 2.6937151098206922e+01
9.7075719157156250e+11 2.7398328059823184e-05 1.8432623791731808e+09 4.6858225378837960e+05 1.7216798399445105e+09 3.6474761768601131e+08 1.4332894475847294e+32 1.1193991940887079e+02 3.0000000000000000e+00 2.6747524042690845e+01
9.7513381875358740e+11 2.7249154983298547e-05 1.8298934220592387e+09 4.6773029060280719e+05 1.7091927061516087e+09 3.6210214772289056e+08 1.4475148426575578e+32 1.1164752365216238e+02 3.0000000000000000e+00 2.6557921908153112e+01
9.7953017781672192e+11 2.7100248425539696e-05 1.8165726587192774e+09 4.6687674289715081e+05 1.6967505872464473e+09 3.5946621441848952e+08 1.4618548619656624e+32 1.1135038544475613e+02 3.0000000000000000e+00 2.6368359884826592e+01
9.8394635772150940e+11 2.6951617256521388e-05 1.8033008386969311e+09 4.6602165006103506e+05 1.6843541833323755e+09 3.5683996609366816e+08 1.4763101392218071e+32 1.1104853301680288e+02 3.0000000000000000e+00 2.6178853127541359e+01
9.8838244782956897e+11 2.6803270297425783e-05 1.7900787014642756e+09 4.6516505181431724e+05 1.6720041851055069e+09 3.5422354907630712e+08 1.4908813109647004e+32 1.1074199538176087e+02 3.0000000000000000e+00 2.5989416755750913e+01
9.9283853790540356e+11 2.6655216318661885e-05 1.7769069762613192e+09 4.6430698820190399e+05 1.6597012737048020e+09 3.5161710766955143e+08 1.5055690166485743e+32 1.1043080234472586e+02 3.0000000000000000e+00 2.5800065853519563e+01
9.9731471811821667e+11 2.6507464037885200e-05 1.7637863819381666e+09 4.6344749958834972e+05 1.6474461205646429e+09 3.4902078412057245e+08 1.5203738987354686e+32 1.1011498451064682e+02 3.0000000000000000e+00 2.5610815469467511e+01
1.0018110790437363e+12 2.6360022118018502e-05 1.7507176268000050e+09 4.6258662665224634e+05 1.6352393872700381e+09 3.4643471858990037e+08 1.5352966027902261e+32 1.0979457329242283e+02 3.0000000000000000e+00 2.5421680616676003e+01
1.0063277116660487e+12 2.6212899165274615e-05 1.7377014084549353e+09 4.6172441038038966e+05 1.6230817254145000e+09 3.4385904912130570e+08 1.5503377775782198e+32 1.0946960091887324e+02 3.0000000000000000e+00 2.5232676272549174e+01
1.0108647073794385e+12 2.6066103727181650e-05 1.7247384136647630e+09 4.6086089206173096e+05 1.6109737764606700e+09 3.4129391161228001e+08 1.5654980751658087e+32 1.0914010044257373e+02 3.0000000000000000e+00 2.5043817378635168e+01
1.0154221579902386e+12 2.5919644290611548e-05 1.7118293181987865e+09 4.5999611328110227e+05 1.5989161716037531e+09 3.3873943978510141e+08 1.5807781510235408e+32 1.0880610574755195e+02 3.0000000000000000e+00 2.4855118840403968e+01
1.0200001557186879e+12 2.5773529279813000e-05 1.6989747866906922e+09 4.5913011591271684e+05 1.5869095316378543e+09 3.3619576515851420e+08 1.5961786641320977e+32 1.0846765155683467e+02 3.0000000000000000e+00 2.4666595526982320e+01
1.0245987932007970e+12 2.5627767054449133e-05 1.6861754724986079e+09 4.5826294211344304e+05 1.5749544668252628e+09 3.3366301702003640e+08 1.6117002770909880e+32 1.0812477343983878e+02 3.0000000000000000e+00 2.4478262270845800e+01
1.0292181634902231e+12 2.5482365907641169e-05 1.6734320175684230e+09 4.5739463431585126e+05 1.5630515767687845e+09 3.3114132239891618e+08 1.6273436562299853e+32 1.0777750781959831e+02 3.0000000000000000e+00 2.4290133867467254e+01
1.0338583600601530e+12 2.5337334064018616e-05 1.6607450523003995e+09 4.5652523522102542e+05 1.5512014502871552e+09 3.2863080603973341e+08 1.6431094717233079e+32 1.0742589197981972e+02 3.0000000000000000e+00 2.4102225074920664e+01
1.0385194768051936e+12 2.5192679677777163e-05 1.6481151954192197e+09 4.5565478779114911e+05 1.5394046652936561e+09 3.2613159037669271e+08 1.6589983977065339e+32 1.0706996407175606e+02 3.0000000000000000e+00 2.3914550613441538e+01
1.0432016080432734e+12 2.5048410830745140e-05 1.6355430538474691e+09 4.5478333524184593e+05 1.5276617886779451e+09 3.2364379550857145e+08 1.6750111123962400e+32 1.0670976312089265e+02 3.0000000000000000e+00 2.3727125164940439e+01
1.0479048485175498e+12 2.4904535530459446e-05 1.6230292225827301e+09 4.5391092103430105e+05 1.5159733761912577e+09 3.2116753917441595e+08 1.6911482982123509e+32 1.0634532903343444e+02 3.0000000000000000e+00 2.3539963372473540e+01
1.0526292933983265e+12 2.4761061708265090e-05 1.6105742845794137e+09 4.5303758886721567e+05 1.5043399723360305e+09 3.1870293673014897e+08 1.7074106419100232e+32 1.0597670260262828e+02 3.0000000000000000e+00 2.3353079839674709e+01
1.0573750382849800e+12 2.4617997217398106e-05 1.5981788106318641e+09 4.5216338266835944e+05 1.4927621102567179e+09 3.1625010112543881e+08 1.7237988347151762e+32 1.0560392551487112e+02 3.0000000000000000e+00 2.3166489130142168e+01
1.0621421792078926e+12 2.4475349831049015e-05 1.5858433592585289e+09 4.5128834658569121e+05 1.4812403116316011e+09 3.1380914288078356e+08 1.7403135724341404e+32 1.0522704035542181e+02 3.0000000000000000e+00 2.2980205766741303e+01
1.0669308126303973e+12 2.4333127240527426e-05 1.5735684765975633e+09 4.5041252497877157e+05 1.4697750865752811e+09 3.1138017006684798e+08 1.7569555556014001e+32 1.0484609061409253e+02 3.0000000000000000e+00 2.2794244230906937e+01
1.0717410354507284e+12 2.4191337053387658e-05 1.5613546963017547e+09 4.4953596240961878e+05 1.4583669335405304e+09 3.0896328828367400e+08 1.7737254896170194e+32 1.0446112069061250e+02 3.0000000000000000e+00 2.2608618961880154e+01
1.0765729450039829e+12 2.4049986791566652e-05 1.5492025394371562e+09 4.4865870363330084e+05 1.4470163392236176e+09 3.0655860064061624e+08 1.7906240848862857e+32 1.0407217589973452e+02 3.0000000000000000e+00 2.2423344355896035e+01
1.0814266390640897e+12 2.3909083889536940e-05 1.5371125143857310e+09 4.4778079358829092e+05 1.4357237784733675e+09 3.0416620773709130e+08 1.8076520569622607e+32 1.0367930247607575e+02 3.0000000000000000e+00 2.2238434765324246e+01
1.0863022158457888e+12 2.3768635692474954e-05 1.5250851167518866e+09 4.4690227738655347e+05 1.4244897142038660e+09 3.0178620764406276e+08 1.8248101266912343e+32 1.0328254757868214e+02 3.0000000000000000e+00 2.2053904497757983e+01
1.0911997740066176e+12 2.3628649454445607e-05 1.5131208292731099e+09 4.4602320030339656e+05 1.4133145973109856e+09 2.9941869588637412e+08 1.8420990203610518e+32 1.0288195929530478e+02 3.0000000000000000e+00 2.1869767815056058e+01
1.0961194126489080e+12 2.3489132336603893e-05 1.5012201217346187e+09 4.4514360776706028e+05 1.4021988665926666e+09 2.9706376542585617e+08 1.8595194698523039e+32 1.0247758664637884e+02 3.0000000000000000e+00 2.1686038932333396e+01
1.1010612313217915e+12 2.3350091405413690e-05 1.4893834508880579e+09 4.4426354534804379e+05 1.3911429486729817e+09 2.9472150664522922e+08 1.8770722127923440e+32 1.0206947958868996e+02 3.0000000000000000e+00 2.1502732016900225e+01
1.1060253300232136e+12 2.3211533630884854e-05 1.4776112603743637e+09 4.4338305874818738e+05 1.3801472579300797e+09 2.9239200733285218e+08 1.8947579927121098e+32 1.0165768901871847e+02 3.0000000000000000e+00 2.1319861187151812e+01
1.1110118092019578e+12 2.3073465884829173e-05 1.4659039806507053e+09 4.4250219378948153e+05 1.3692121964279544e+09 2.9007535266825426e+08 1.9125775592057165e+32 1.0124226677564694e+02 3.0000000000000000e+00 2.1137440511403828e+01
1.1160207697596765e+12 2.2935894939135663e-05 1.4542620289216356e+09 4.4162099640262721e+05 1.3583381538521285e+09 2.8777162520852226e+08 1.9305316680927791e+32 1.0082326564402098e+02 3.0000000000000000e+00 2.0955484006677771e+01
1.1210523130529351e+12 2.2798827464066109e-05 1.4426858090743766e+09 4.4073951261532260e+05 1.3475255074492154e+09 2.8548090487548435e+08 1.9486210815834372e+32 1.0040073935604646e+02 3.0000000000000000e+00 2.0774005637430587e+01
1.1261065408952612e+12 2.2662270026571254e-05 1.4311757116183376e+09 4.3985778854029439e+05 1.3367746219704227e+09 2.8320326894374657e+08 1.9668465684460248e+32 9.9974742593512431e+01 3.0000000000000000e+00 2.0593019314231988e+01
1.1311835555592056e+12 2.2526229088628585e-05 1.4197321136288650e+09 4.3897587036306551e+05 1.3260858496190100e+09 2.8093879202956593e+08 1.9852089041773438e+32 9.9545330989324967e+01 3.0000000000000000e+00 2.0412538892387300e+01
1.1362834597784111e+12 2.2390711005602353e-05 1.4083553786952167e+09 4.3809380432945234e+05 1.3154595300017011e+09 2.7868754608054727e+08 2.0037088711754934e+32 9.9112561128637708e+01 3.0000000000000000e+00 2.0232578170503942e+01
1.1414063567496924e+12 2.2255722024626224e-05 1.3970458568728132e+09 4.3721163673280319e+05 1.3048959900840805e+09 2.7644960036619920e+08 2.0223472589151936e+32 9.8676490549563709e+01 3.0000000000000000e+00 2.0053150889002914e+01
1.1465523501351230e+12 2.2121268283009710e-05 1.3858038846397779e+09 4.3632941390097106e+05 1.2943955441500003e+09 2.7422502146933365e+08 2.0411248641255466e+32 9.8237177743454509e+01 3.0000000000000000e+00 1.9874270728573428e+01
1.1517215440641345e+12 2.1987355806668618e-05 1.3746297848577657e+09 4.3544718218302331e+05 1.2839584937649922e+09 2.7201387327831924e+08 2.0600424909701748e+32 9.7794682154731674e+01 3.0000000000000000e+00 1.9695951308570610e+01
1.1569140431356216e+12 2.1853990508580913e-05 1.3635238667371049e+09 4.3456498793568136e+05 1.2735851277437143e+09 2.6981621698017198e+08 2.0791009512296564e+32 9.7349064180253208e+01 3.0000000000000000e+00 1.9518206185353797e+01
1.1621299524200601e+12 2.1721178187267785e-05 1.3524864258062820e+09 4.3368287750950828e+05 1.2632757221214392e+09 2.6763211105452836e+08 2.0983010644862041e+32 9.6900385168199179e+01 3.0000000000000000e+00 1.9341048850567823e+01
1.1673693774616328e+12 2.1588924525301606e-05 1.3415177438857555e+09 4.3280089723482681e+05 1.2530305401296031e+09 2.6546161126845777e+08 2.1176436583104971e+32 9.6448707416462184e+01 3.0000000000000000e+00 1.9164492729363442e+01
1.1726324242803647e+12 2.1457235087840994e-05 1.3306180890661366e+09 4.3191909340738109e+05 1.2428498321754220e+09 2.6330477067214468e+08 2.1371295684505836e+32 9.5994094170521208e+01 3.0000000000000000e+00 1.8988551178557735e+01
1.1779191993742693e+12 2.1326115321193830e-05 1.3197877156907413e+09 4.3103751227374363e+05 1.2327338358255939e+09 2.6116163959544203e+08 2.1567596390227847e+32 9.5536609620786464e+01 3.0000000000000000e+00 1.8813237484733992e+01
1.1832298097215020e+12 2.1195570551409276e-05 1.3090268643425000e+09 4.3015620001645759e+05 1.2226827757940774e+09 2.5903226564526820e+08 2.1765347227044853e+32 9.5076318899393215e+01 3.0000000000000000e+00 1.8638564862278077e+01
1.1885643627825259e+12 2.1065605982899296e-05 1.2983357618353140e+09 4.2927520273894351e+05 1.2126968639340100e+09 2.5691669370391312e+08 2.1964556809287415e+32 9.4613288076428219e+01 3.0000000000000000e+00 1.8464546451354359e+01
1.1939229665022869e+12 2.0936226697090605e-05 1.2877146212097538e+09 4.2839456645014125e+05 1.2027762992336948e+09 2.5481496592817715e+08 2.2165233840805927e+32 9.4147584155569845e+01 3.0000000000000000e+00 1.8291195315815951e+01
1.1993057293123962e+12 2.0807437651108454e-05 1.2771636417332218e+09 4.2751433704891265e+05 1.1929212678167567e+09 2.5272712174939698e+08 2.2367387116949700e+32 9.3679275069122824e+01 3.0000000000000000e+00 1.8118524441050965e+01
1.2047127601333262e+12 2.0679243676491951e-05 1.2666830089045453e+09 4.2663456030821416e+05 1.1831319429464214e+09 2.5065319787437230e+08 2.2571025526561092e+32 9.3208429672425481e+01 3.0000000000000000e+00 1.7946546731764933e+01
1.2101441683766128e+12 2.0551649477943157e-05 1.2562728944629815e+09 4.2575528185901826e+05 1.1734084850339372e+09 2.4859322828713292e+08 2.2776158053983373e+32 9.2735117737613194e+01 3.0000000000000000e+00 1.7775275009694866e+01
1.2156000639470713e+12 2.0424659632110096e-05 1.2459334564017172e+09 4.2487654717401753e+05 1.1637510416511784e+09 2.4654724425161609e+08 2.2982793781081344e+32 9.2259409946714442e+01 3.0000000000000000e+00 1.7604722011257707e+01
1.2210805572450183e+12 2.0298278586404906e-05 1.2356648389858155e+09 4.2399840155110008e+05 1.1541597475474107e+09 2.4451527431521496e+08 2.3190941889273252e+32 9.1781377884058159e+01 3.0000000000000000e+00 1.7434900385130049e+01
1.2265857591685073e+12 2.0172510657858084e-05 1.2254671727746613e+09 4.2312089009661262e+05 1.1446347246702538e+09 2.4249734431322297e+08 2.3400611661573023e+32 9.1301094027972667e+01 3.0000000000000000e+00 1.7265822689759474e+01
1.2321157811155718e+12 2.0047360032024609e-05 1.2153405746500890e+09 4.2224405770851730e+05 1.1351760821919558e+09 2.4049347737440079e+08 2.3611812484853372e+32 9.0818631741844271e+01 3.0000000000000000e+00 1.7097501390823201e+01
1.2376707349864797e+12 1.9922830761884822e-05 1.2052851478454852e+09 4.2136794905903924e+05 1.1257839165365760e+09 2.3850369392672732e+08 2.3824553852123961e+32 9.0334065264420815e+01 3.0000000000000000e+00 1.6929948858614726e+01
1.2432507331859978e+12 1.9798926766765299e-05 1.1953009819779398e+09 4.2049260857699497e+05 1.1164583114100146e+09 2.3652801170377636e+08 2.4038845363997880e+32 8.9847469698977093e+01 3.0000000000000000e+00 1.6763177365292730e+01
1.2488558886256658e+12 1.9675651831388375e-05 1.1853881530920069e+09 4.1961808043053758e+05 1.1071993378408878e+09 2.3456644575335732e+08 2.4254696731117673e+32 8.9358921002101752e+01 3.0000000000000000e+00 1.6597199082134846e+01
1.2544863147260815e+12 1.9553009604904305e-05 1.1755467237033334e+09 4.1874440850934002e+05 1.0980070542212780e+09 2.3261900844616702e+08 2.4472117776264474e+32 8.8868495971512118e+01 3.0000000000000000e+00 1.6432026076692690e+01
1.2601421254191963e+12 1.9431003599962353e-05 1.1657767428465090e+09 4.1787163640656730e+05 1.0888815063514278e+09 2.3068570948524341e+08 2.4691118436459961e+32 8.8376272233012827e+01 3.0000000000000000e+00 1.6267670309868830e+01
1.2658234351506191e+12 1.9309637191823699e-05 1.1560782461274030e+09 4.1699980740069633e+05 1.0798227274886260e+09 2.2876655591633219e+08 2.4911708765073979e+32 8.7882328226578693e+01 3.0000000000000000e+00 1.6104143632919921e+01
1.2715303588819338e+12 1.9188913617515910e-05 1.1464512557798235e+09 4.1612896443716169e+05 1.0708307384001256e+09 2.2686155213909441e+08 2.5133898933936469e+32 8.7386743191532730e+01 3.0000000000000000e+00 1.5941457784382049e+01
1.2772630120930249e+12 1.9068835975030341e-05 1.1368957807265410e+09 4.1525915010984975e+05 1.0619055474201478e+09 2.2497069991918099e+08 2.5357699235451983e+32 8.6889597150796845e+01 3.0000000000000000e+00 1.5779624386918497e+01
1.2830215107844138e+12 1.8949407222562909e-05 1.1274118166446569e+09 4.1439040664245107e+05 1.0530471505109335e+09 2.2309399840117040e+08 2.5583120084715268e+32 8.6390970894183624e+01 3.0000000000000000e+00 1.5618654944089142e+01
1.2888059714796069e+12 1.8830630177798634e-05 1.1179993460352259e+09 4.1352277586967114e+05 1.0442555313277781e+09 2.2123144412234360e+08 2.5810172021626248e+32 8.5890945960700719e+01 3.0000000000000000e+00 1.5458560837038654e+01
1.2946165112274526e+12 1.8712507517241340e-05 1.1086583382971940e+09 4.1265629921832157e+05 1.0355306612880888e+09 2.1938303102731630e+08 2.6038865713002678e+32 8.5389604619841180e+01 3.0000000000000000e+00 1.5299353321104443e+01
1.3004532476045103e+12 1.8595041775588374e-05 1.0993887498055408e+09 4.1179101768829348e+05 1.0268724996443732e+09 2.1754875048350376e+08 2.6269211954688703e+32 8.4887029851828430e+01 3.0000000000000000e+00 1.5141043522341933e+01
1.3063162987174299e+12 1.8478235345152043e-05 1.0901905239936576e+09 4.1092697183342546e+05 1.0182809935611860e+09 2.1572859129741505e+08 2.6501221673657533e+32 8.4383305326783770e+01 3.0000000000000000e+00 1.4983642433965205e+01
1.3122057832053411e+12 1.8362090475327650e-05 1.0810635914399233e+09 4.1006420174228970e+05 1.0097560781959915e+09 2.1392253973179561e+08 2.6734905930106273e+32 8.3878515382788436e+01 3.0000000000000000e+00 1.4827160912704514e+01
1.3181218202422537e+12 1.8246609272109819e-05 1.0720078699584354e+09 4.0920274701888708e+05 1.0012976767839135e+09 2.1213057952356642e+08 2.6970275919541085e+32 8.3372745002805019e+01 3.0000000000000000e+00 1.4671609675075638e+01
1.3240645295394705e+12 1.8131793697657134e-05 1.0630232646939282e+09 4.0834264676329808e+05 9.9290570072638631e+08 2.1035269190262550e+08 2.7207342974850710e+32 8.2866079790427008e+01 3.0000000000000000e+00 1.4516999293563975e+01
1.3300340313480081e+12 1.8017645569906811e-05 1.0541096682207857e+09 4.0748393955226464e+05 9.8458004968364429e+08 2.0858885561142382e+08 2.7446118568366202e+32 8.2358605944422692e+01 3.0000000000000000e+00 1.4363340192717912e+01
1.3360304464610312e+12 1.7904166562239719e-05 1.0452669606462055e+09 4.0662666341975390e+05 9.7632061167107677e+08 2.0683904692538714e+08 2.7686614313905009e+32 8.1850410232038456e+01 3.0000000000000000e+00 1.4210642645153346e+01
1.3420538962162971e+12 1.7791358203196989e-05 1.0364950097174582e+09 4.0577085583750089e+05 9.6812726315941203e+08 2.0510323967413917e+08 2.7928841968797125e+32 8.1341579961026483e+01 3.0000000000000000e+00 1.4058916767466638e+01
1.3481045024986091e+12 1.7679221876249315e-05 1.0277936709332561e+09 4.0491655369555741e+05 9.5999986917874146e+08 2.0338140526354423e+08 2.8172813435891192e+32 8.0832202950361804e+01 3.0000000000000000e+00 1.3908172516055197e+01
1.3541823877422854e+12 1.7567758819619993e-05 1.0191627876591934e+09 4.0406379328285286e+05 9.5193828342634642e+08 2.0167351269854137e+08 2.8418540765538517e+32 8.0322367499609911e+01 3.0000000000000000e+00 1.3758419682842915e+01
1.3602876749336350e+12 1.7456970126162736e-05 1.0106021912472998e+09 4.0321261026780668e+05 9.4394234837836361e+08 1.9997952860680929e+08 2.8666036157552550e+32 7.9812162356908118e+01 3.0000000000000000e+00 1.3609667890911364e+01
1.3664204876134460e+12 1.7346856743295675e-05 1.0021117011596643e+09 4.0236303967899410e+05 9.3601189540525651e+08 1.9829941726322281e+08 2.8915311963141658e+32 7.9301676685522963e+01 3.0000000000000000e+00 1.3461926590033190e+01
1.3725809498794871e+12 1.7237419472992580e-05 9.9369112509618282e+08 4.0151511588590883e+05 9.2814674489113474e+08 1.9663314061514521e+08 2.9166380686813037e+32 7.8791000028942562e+01 3.0000000000000000e+00 1.3315205052108501e+01
1.3787691863890173e+12 1.7128658971833094e-05 9.8534025912636578e+08 4.0066887257981219e+05 9.2034670635686922e+08 1.9498065830848923e+08 2.9419254988245216e+32 7.8280222274463540e+01 3.0000000000000000e+00 1.3169512366499053e+01
1.3849853223613086e+12 1.7020575751112923e-05 9.7705888782532978e+08 3.9982434275474295e+05 9.1261157858711362e+08 1.9334192771464899e+08 2.9673947684126912e+32 7.7769433615233240e+01 3.0000000000000000e+00 1.3024857435264138e+01
1.3912294835801802e+12 1.6913170177015646e-05 9.6884678441386175e+08 3.9898155868866190e+05 9.0494114976112819e+08 1.9171690395820147e+08 2.9930471749959977e+32 7.7258724510701271e+01 3.0000000000000000e+00 1.2881248968291247e+01
1.3975017963965437e+12 1.6806442470848109e-05 9.6070371090269625e+08 3.9814055192479689e+05 8.9733519758754337e+08 1.9010553994545910e+08 3.0188840321823894e+32 7.6748185645440671e+01 3.0000000000000000e+00 1.2738695478323407e+01
1.4038023877309597e+12 1.6700392709340374e-05 9.5262941824097645e+08 3.9730135325320612e+05 8.8979348944302523e+08 1.8850778639385459e+08 3.0449066698099537e+32 7.6237907886291325e+01 3.0000000000000000e+00 1.2597205275881157e+01
1.4101313850762053e+12 1.6595020825012890e-05 9.4462364646894872e+08 3.9646399269258138e+05 8.8231578251489913e+08 1.8692359186214939e+08 3.0711164341149764e+32 7.5727982237782982e+01 3.0000000000000000e+00 1.2456786464075940e+01
1.4164889164998560e+12 1.6490326606611917e-05 9.3668612487492454e+08 3.9562849947233486e+05 8.7490182394775999e+08 1.8535290278149423e+08 3.0975146878954595e+32 7.5218499795788617e+01 3.0000000000000000e+00 1.2317446933314962e+01
1.4228751106468740e+12 1.6386309699615893e-05 9.2881657215659070e+08 3.9479490201500233e+05 8.6755135099414098e+08 1.8379566348734921e+08 3.1241028106698298e+32 7.4709551699362990e+01 3.0000000000000000e+00 1.2179194355895326e+01
1.4292900967422148e+12 1.6282969606814327e-05 9.2101469658670259e+08 3.9396322791900032e+05 8.6026409116927671e+08 1.8225181625227728e+08 3.1508821988306463e+32 7.4201229080716800e+01 3.0000000000000000e+00 1.2042036180486097e+01
1.4357340045934397e+12 1.6180305688961595e-05 9.1328019618319094e+08 3.9313350394176075e+05 8.5303976240999210e+08 1.8072130131959596e+08 3.1778542657932942e+32 7.3693623013277445e+01 3.0000000000000000e+00 1.1905979626495558e+01
1.4422069645933428e+12 1.6078317165440972e-05 9.0561275887879682e+08 3.9230575598276360e+05 8.4587807323314559e+08 1.7920405693695441e+08 3.2050204421862886e+32 7.3186824457935970e+01 3.0000000000000000e+00 1.1771031678348038e+01
1.4487091077225906e+12 1.5977003115071938e-05 8.9801206270010066e+08 3.9148000906753400e+05 8.3877872290284967e+08 1.7770001939175344e+08 3.2323821759710928e+32 7.2680924207063995e+01 3.0000000000000000e+00 1.1637199079607591e+01
1.4552405655523708e+12 1.5876362477030659e-05 8.9047777595355868e+08 3.9065628733241081e+05 8.3174140160423982e+08 1.7620912304795781e+08 3.2599409325419605e+32 7.2176012826417661e+01 3.0000000000000000e+00 1.1504488326975887e+01
1.4618014702470564e+12 1.5776394051778027e-05 8.8300955741054153e+08 3.8983461400925135e+05 8.2476579061630189e+08 1.7473130038271889e+08 3.2876981948753622e+32 7.1672180595099377e+01 3.0000000000000000e+00 1.1372905664199225e+01
1.4683919545668787e+12 1.5677096502094790e-05 8.7560705649870551e+08 3.8901501141088433e+05 8.1785156249062645e+08 1.7326648202423787e+08 3.3156554636529515e+32 7.1169517443270664e+01 3.0000000000000000e+00 1.1242457075840314e+01
1.4750121518706143e+12 1.5578468354201991e-05 8.6826991349800611e+08 3.8819750091717776e+05 8.1099838123448789e+08 1.7181459679055470e+08 3.3438142573784021e+32 7.0668112887630969e+01 3.0000000000000000e+00 1.1113148280926465e+01
1.4816621961182834e+12 1.5480507998968823e-05 8.6099775974136555e+08 3.8738210296175536e+05 8.0420590249828088e+08 1.7037557172925469e+08 3.3721761124879345e+32 7.0168055964600768e+01 3.0000000000000000e+00 1.0984984726470470e+01
1.4883422218738608e+12 1.5383213693209993e-05 8.5379021782008517e+08 3.8656883701941604e+05 7.9747377376737797e+08 1.6894933215812159e+08 3.4007425834543467e+32 6.9669435161151512e+01 3.0000000000000000e+00 1.0857971580863943e+01
1.4950523643079980e+12 1.5286583561075587e-05 8.4664690179405212e+08 3.8575772159428953e+05 7.9080163455847740e+08 1.6753580170672485e+08 3.4295152428843927e+32 6.9172338343221284e+01 3.0000000000000000e+00 1.0732113727139057e+01
1.5017927592007600e+12 1.5190615595535317e-05 8.3956741740686250e+08 3.8494877420880063e+05 7.8418911662053013e+08 1.6613490235899726e+08 3.4584956816093567e+32 6.8676852681651823e+01 3.0000000000000000e+00 1.0607415756099041e+01
1.5085635429443772e+12 1.5095307659960398e-05 8.3255136230590820e+08 3.8414201139347348e+05 7.7763584414031386e+08 1.6474655449678341e+08 3.4876855087686982e+32 6.8183064575587707e+01 3.0000000000000000e+00 1.0483881959313601e+01
1.5153648525459814e+12 1.5000657489805986e-05 8.2559832626756585e+08 3.8333744867763738e+05 7.7114143395276856e+08 1.6337067694439191e+08 3.5170863518865010e+32 6.7691059573268333e+01 3.0000000000000000e+00 1.0361516321977803e+01
1.5221968256304155e+12 1.4906662694395662e-05 8.1870789142754006e+08 3.8253510058110242e+05 7.6470549575614297e+08 1.6200718701419178e+08 3.5466998569410081e+32 6.7200922290146792e+01 3.0000000000000000e+00 1.0240322515633160e+01
1.5290596004429934e+12 1.4813320758813269e-05 8.1187963251653123e+08 3.8173498060683894e+05 7.5832763233212030e+08 1.6065600055323294e+08 3.5765276884266280e+32 6.6712736324270608e+01 3.0000000000000000e+00 1.0120303890747197e+01
1.5359533158523027e+12 1.4720629045903668e-05 8.0511311710133731e+08 3.8093710123475012e+05 7.5200743977101612e+08 1.5931703199096340e+08 3.6065715294087284e+32 6.6226584168853137e+01 3.0000000000000000e+00 1.0001463469151274e+01
1.5428781113530166e+12 1.4628584798386177e-05 7.9840790583148038e+08 3.8014147391657729e+05 7.4574450770213783e+08 1.5799019438802794e+08 3.6368330815710358e+32 6.5742547121961934e+01 3.0000000000000000e+00 9.8838039363325603e+00
1.5498341270687148e+12 1.4537185141084350e-05 7.9176355269156027e+08 3.7934810907202400e+05 7.3953841952949071e+08 1.5667539948620930e+08 3.6673140652556190e+32 6.5260705193256484e+01 3.0000000000000000e+00 9.7673276335798604e+00
1.5568215037547195e+12 1.4446427083275544e-05 7.8517960525942731e+08 3.7855701608614996e+05 7.3338875267292356e+08 1.5537255775951162e+08 3.6980162194954741e+32 6.4781137007697382e+01 3.0000000000000000e+00 9.6520365499794938e+00
1.5638403828009443e+12 1.4356307521164191e-05 7.7865560497036457e+08 3.7776820330811630e+05 7.2729507881488645e+08 1.5408157846643469e+08 3.7289413020397581e+32 6.4303919706151774e+01 3.0000000000000000e+00 9.5379323142594732e+00
1.5708909062347542e+12 1.4266823240482557e-05 7.7219108738746512e+08 3.7698167805136566e+05 7.2125696415296972e+08 1.5280236970348608e+08 3.7600910893716937e+32 6.3829128842817738e+01 3.0000000000000000e+00 9.4250161864806739e+00
1.5779732167238398e+12 1.4177970919223238e-05 7.6578558247831786e+08 3.7619744659528742e+05 7.1527396965834391e+08 1.5153483845992249e+08 3.7914673767192911e+32 6.3356838279390296e+01 3.0000000000000000e+00 9.3132890495709884e+00
1.5850874575791050e+12 1.4089747130507471e-05 7.5943861489825165e+08 3.7541551418847661e+05 7.0934565134031713e+08 1.5027889067380354e+08 3.8230719780589907e+32 6.2887120075883857e+01 3.0000000000000000e+00 9.2027514007013131e+00
1.5922337727575652e+12 1.4002148345593973e-05 7.5314970428030419e+08 3.7463588505365280e+05 7.0347156051718116e+08 1.4903443128936926e+08 3.8549067261124052e+32 6.2420044378031442e+01 3.0000000000000000e+00 9.0934033425003804e+00
1.5994123068652625e+12 1.3915170937032519e-05 7.4691836553212297e+08 3.7385856239433330e+05 6.9765124409352505e+08 1.4780136431579366e+08 3.8869734723363960e+32 6.1955679301175962e+01 3.0000000000000000e+00 8.9852445741065559e+00
1.6066232051601895e+12 1.3828811181967296e-05 7.4074410914000714e+08 3.7308354840334284e+05 6.9188424484422505e+08 1.4657959288734612e+08 3.9192740869067138e+32 6.1494090810564813e+01 3.0000000000000000e+00 8.8782743820533714e+00
1.6138666135552305e+12 1.3743065265594924e-05 7.3462644148033082e+08 3.7231084427326079e+05 6.8617010170532501e+08 1.4536901932501724e+08 3.9518104586955500e+32 6.1035342597961993e+01 3.0000000000000000e+00 8.7724916309868668e+00
1.6211426786211133e+12 1.3657929284782212e-05 7.2856486513857520e+08 3.7154045020890061e+05 6.8050835007202482e+08 1.4416954519965175e+08 3.9845844952433353e+32 6.0579495954486312e+01 3.0000000000000000e+00 8.6678947542123570e+00
1.6284515475893743e+12 1.3573399251848779e-05 7.2255887923618686e+08 3.7077236544191383e+05 6.7489852210397840e+08 1.4298107139662594e+08 4.0175981227252209e+32 6.0126609639581751e+01 3.0000000000000000e+00 8.5644817440670611e+00
1.6357933683553394e+12 1.3489471098520522e-05 7.1660797976555526e+08 3.7000658824762946e+05 6.6934014703817880e+08 1.4180349818212989e+08 4.0508532859127232e+32 5.9676739746029938e+01 3.0000000000000000e+00 8.4622501421170035e+00
1.6431682894811152e+12 1.3406140680058789e-05 7.1071165993334198e+08 3.6924311596424051e+05 6.6383275150963771e+08 1.4063672527111328e+08 4.0843519481310752e+32 5.9229939560902025e+01 3.0000000000000000e+00 8.3611970291752300e+00
1.6505764601985959e+12 1.3323403779571876e-05 7.0486941051243877e+08 3.6848194501443463e+05 6.5837585988013005e+08 1.3948065189692619e+08 4.1180960912128975e+32 5.8786259422360075e+01 3.0000000000000000e+00 8.2613190151385911e+00
1.6580180304124829e+12 1.3241256112514337e-05 6.9908072020283616e+08 3.6772307092959760e+05 6.5296899457525897e+08 1.3833517688273129e+08 4.1520877154488880e+32 5.8345746572196681e+01 3.0000000000000000e+00 8.1626122286398832e+00
1.6654931507033179e+12 1.3159693331380566e-05 6.9334507600167835e+08 3.6696648837669659e+05 6.4761167643010306e+08 1.3720019871472609e+08 4.1863288395362930e+32 5.7908445004020528e+01 3.0000000000000000e+00 8.0650723065133541e+00
1.6730019723305303e+12 1.3078711030598866e-05 6.8766196358282626e+08 3.6621219118798245e+05 6.4230342504374051e+08 1.3607561561725709e+08 4.2208215005260127e+32 5.7474395306974614e+01 3.0000000000000000e+00 7.9686943830705275e+00
1.6805446472354971e+12 1.2998304751934642e-05 6.8203086770732439e+08 3.6546017239645112e+05 6.3704375916264403e+08 1.3496132563404152e+08 4.2555677537666032e+32 5.7043634504878753e+01 3.0000000000000000e+00 7.8734730791821583e+00
1.6881213280446189e+12 1.2918469988374925e-05 6.7645127252275515e+08 3.6471042425814038e+05 6.3183219696028757e+08 1.3385722668740271e+08 4.2905696728370893e+32 5.6616195890664549e+01 3.0000000000000000e+00 7.7794024911612647e+00
1.6957321680724070e+12 1.2839202190963933e-05 6.7092266206448233e+08 3.6396293830310134e+05 6.2666825650532937e+08 1.3276321667745890e+08 4.3258293495172180e+32 5.6192108856099424e+01 3.0000000000000000e+00 7.6864761794589223e+00
1.7033773213245859e+12 1.2760496775478189e-05 6.6544452073951459e+08 3.6321770538632688e+05 6.2155145621355867e+08 1.3167919357786849e+08 4.3613488937416731e+32 5.5771398716559560e+01 3.0000000000000000e+00 7.5946871571523769e+00
1.7110569425012109e+12 1.2682349127148701e-05 6.6001633366885519e+08 3.6247471572154248e+05 6.1648131516766286e+08 1.3060505550357722e+08 4.3971304335472823e+32 5.5354086530751090e+01 3.0000000000000000e+00 7.5040278782250027e+00
1.7187711869997964e+12 1.2604754606283357e-05 6.5463758708789766e+08 3.6173395892462891e+05 6.1145735349121416e+08 1.2954070079005037e+08 4.4331761150304501e+32 5.4940188915298762e+01 3.0000000000000000e+00 7.4144902256401837e+00
1.7265202109184617e+12 1.2527708554674861e-05 6.4930776879609239e+08 3.6099542406582797e+05 6.0647909276867700e+08 1.2848602808224639e+08 4.4694881023157811e+32 5.4529717854079180e+01 3.0000000000000000e+00 7.3260654992054599e+00
1.7343041710590896e+12 1.2451206302639099e-05 6.4402636864450681e+08 3.6025909972948744e+05 6.0154605650080538e+08 1.2744093643110430e+08 4.5060685775367571e+32 5.4122680502169978e+01 3.0000000000000000e+00 7.2387444032244073e+00
1.7421232249304990e+12 1.2375243176515577e-05 6.3879287904908144e+08 3.5952497407987970e+05 5.9665777058404660e+08 1.2640532539510483e+08 4.5429197408293712e+32 5.3719078984282859e+01 3.0000000000000000e+00 7.1525170339308399e+00
1.7499775307516326e+12 1.2299814506447337e-05 6.3360679551667345e+08 3.5879303493147250e+05 5.9181376380188715e+08 1.2537909514435942e+08 4.5800438103396210e+32 5.3318910187555254e+01 3.0000000000000000e+00 7.0673728667034785e+00
1.7578672474547568e+12 1.2224915634242092e-05 6.2846761717012775e+08 3.5806326982183137e+05 5.8701356831528687e+08 1.2436214656452307e+08 4.6174430222457560e+32 5.2922165548555824e+01 3.0000000000000000e+00 6.9833007430568008e+00
1.7657925346886804e+12 1.2150541921101342e-05 6.2337484725770688e+08 3.5733566608506930e+05 5.8225672013850987e+08 1.2335438135759151e+08 4.6551196307962094e+32 5.2528830834371860e+01 3.0000000000000000e+00 6.9002888574034875e+00
1.7737535528219829e+12 1.2076688754986573e-05 6.1832799363137960e+08 3.5661021092358511e+05 5.7754275958586419e+08 1.2235570213654648e+08 4.6930759083640875e+32 5.2138885917634468e+01 3.0000000000000000e+00 6.8183247435858823e+00
1.7817504629462605e+12 1.2003351557374522e-05 6.1332656917748404e+08 3.5588689147555514e+05 5.7287123167395616e+08 1.2136601251058380e+08 4.7313141455191439e+32 5.1752304786306112e+01 3.0000000000000000e+00 6.7373952925432157e+00
1.7897834268793855e+12 1.1930525789135027e-05 6.0837009218225336e+08 3.5516569487535744e+05 5.6824168646310830e+08 1.2038521715743609e+08 4.7698366511181226e+32 5.1369058276619626e+01 3.0000000000000000e+00 6.6574871226409158e+00
1.7978526071687805e+12 1.1858206955245380e-05 6.0345808661375165e+08 3.5444660830387590e+05 5.6365367932069683e+08 1.1941322187916471e+08 4.8086457524143470e+32 5.0989117167364199e+01 3.0000000000000000e+00 6.5785869868597677e+00
1.8059581670947087e+12 1.1786390607640156e-05 5.9859008227389050e+08 3.5372961902134586e+05 5.5910677106314301e+08 1.1844993363224246e+08 4.8477437951933727e+32 5.0612452492624257e+01 3.0000000000000000e+00 6.5006818118572260e+00
1.8141002706735767e+12 1.1715072338989945e-05 5.9376561433535123e+08 3.5301471430984186e+05 5.5460052752337742e+08 1.1749526043592153e+08 4.8871331439923278e+32 5.0239035539707658e+01 3.0000000000000000e+00 6.4237586957020385e+00
1.8222790826612532e+12 1.1644247783315190e-05 5.8898422334481788e+08 3.5230188148323447e+05 5.5013451955386305e+08 1.1654911137286480e+08 4.9268161821293051e+32 4.9868837846700558e+01 3.0000000000000000e+00 6.3478049055879806e+00
1.8304947685564038e+12 1.1573912617223114e-05 5.8424545526791096e+08 3.5159110790367995e+05 5.4570832306856239e+08 1.1561139659804595e+08 4.9667953118241614e+32 4.9501831200233958e+01 3.0000000000000000e+00 6.2728078756032257e+00
1.8387474946038394e+12 1.1504062558758892e-05 5.7954886137306941e+08 3.5088238097420195e+05 5.4132151893448007e+08 1.1468202731576803e+08 5.0070729543396236e+32 4.9137987633310154e+01 3.0000000000000000e+00 6.1987552045337990e+00
1.8470374277978806e+12 1.1434693366984839e-05 5.7489399816541374e+08 3.5017568813848495e+05 5.3697369290988839e+08 1.1376091576657626e+08 5.0476515501056354e+32 4.8777279423113093e+01 3.0000000000000000e+00 6.1256346536917166e+00
1.8553647358857358e+12 1.1365800841564359e-05 5.7028042732150388e+08 3.4947101688067243e+05 5.3266443558338737e+08 1.1284797521434981e+08 5.0885335588438796e+32 4.8419679088838500e+01 3.0000000000000000e+00 6.0534341447720932e+00
1.8637295873708965e+12 1.1297380822350167e-05 5.6570771562492847e+08 3.4876835472515516e+05 5.2839334231374478e+08 1.1194311993355127e+08 5.1297214596924809e+32 4.8065159389542622e+01 3.0000000000000000e+00 5.9821417577380940e+00
1.8721321515165469e+12 1.1229429188977136e-05 5.6117543490278542e+08 3.4806768923637504e+05 5.2416001317056400e+08 1.1104626519666460e+08 5.1712177513308859e+32 4.7713693322010151e+01 3.0000000000000000e+00 5.9117457287346173e+00
1.8805725983489883e+12 1.1161941860459628e-05 5.5668316196297908e+08 3.4736900801861566e+05 5.1996405287571859e+08 1.1015732726178172e+08 5.2130249521049127e+32 4.7365254118640912e+01 3.0000000000000000e+00 5.8422344480288562e+00
1.8890510986610806e+12 1.1094914794793530e-05 5.5223047853238356e+08 3.4667229871580435e+05 5.1580507074559438e+08 1.0927622336036734e+08 5.2551456001519984e+32 4.7019815245355197e+01 3.0000000000000000e+00 5.7735964579785151e+00
1.8975678240156970e+12 1.1028343988562481e-05 5.4781697119581640e+08 3.4597754901131429e+05 5.1168268063408816e+08 1.0840287168518505e+08 5.2975822535266285e+32 4.6677350399517749e+01 3.0000000000000000e+00 5.7058204510269190e+00
1.9061229467491975e+12 1.0962225476548901e-05 5.4344223133584154e+08 3.4528474662776571e+05 5.0759650087638140e+08 1.0753719137838112e+08 5.3403374903259815e+32 4.6337833507880049e+01 3.0000000000000000e+00 5.6388952677244175e+00
1.9147166399749136e+12 1.0896555331348979e-05 5.3910585507337081e+08 3.4459387932683690e+05 5.0354615423345840e+08 1.0667910251973718e+08 5.3834139088157714e+32 4.6001238724541032e+01 3.0000000000000000e+00 5.5728098947764595e+00
1.9233490775866538e+12 1.0831329662992222e-05 5.3480744320904756e+08 3.4390493490906549e+05 4.9953126783735913e+08 1.0582852611506498e+08 5.4268141275563491e+32 4.5667540428925996e+01 3.0000000000000000e+00 5.5075534631169223e+00
1.9320204342622202e+12 1.0766544618564930e-05 5.3054660116540873e+08 3.4321790121365746e+05 4.9555147313715428e+08 1.0498538408476332e+08 5.4705407855290297e+32 4.5336713223783526e+01 3.0000000000000000e+00 5.4431152460073804e+00
1.9407308854669446e+12 1.0702196381727564e-05 5.2632293892258584e+08 3.4253276611712307e+05 4.9160640583888668e+08 1.0414959925109802e+08 5.5145965421972639e+32 4.5008731933084505e+01 3.0000000000000000e+00 5.3794846571477670e+00
1.9494806074572385e+12 1.0638281172569315e-05 5.2213607097662246e+08 3.4184951753544027e+05 4.8769570586664069e+08 1.0332109532994592e+08 5.5589840777489168e+32 4.4683571600262880e+01 3.0000000000000000e+00 5.3166512488502340e+00
1.9582697772841599e+12 1.0574795247248857e-05 5.1798561628416997e+08 3.4116814342395379e+05 4.8381901731088305e+08 1.0249979691986066e+08 5.6037060932444104e+32 4.4361207486298532e+01 3.0000000000000000e+00 5.2546047102169373e+00
1.9670985727969951e+12 1.0511734897456286e-05 5.1387119819595742e+08 3.4048863177528093e+05 4.7997598836632472e+08 1.0168562948889859e+08 5.6487653106445573e+32 4.4041615067608120e+01 3.0000000000000000e+00 5.1933348653162419e+00
1.9759671726468589e+12 1.0449096450073810e-05 5.0979244440383542e+08 3.3981097061930445e+05 4.7616627128245330e+08 1.0087851936414702e+08 5.6941644729419489e+32 4.3724770034139027e+01 3.0000000000000000e+00 5.1328316714060902e+00
1.9848757562903079e+12 1.0386876266837806e-05 5.0574898688832355e+08 3.3913514802312769e+05 4.7238952231454372e+08 1.0007839372133993e+08 5.7399063442919116e+32 4.3410648287479290e+01 3.0000000000000000e+00 5.0730852171800480e+00
1.9938245039929736e+12 1.0325070744002150e-05 5.0174046186670506e+08 3.3846115209101688e+05 4.6864540167517495e+08 9.9285180574590251e+07 5.7859937101430411e+32 4.3099225938982784e+01 3.0000000000000000e+00 5.0140857210367988e+00
2.0028135968332090e+12 1.0263676312003271e-05 4.9776650974165201e+08 3.3778897096431511e+05 4.6493357348624557e+08 9.8498808766219750e+07 5.8324293773672374e+32 4.2790479307910147e+01 3.0000000000000000e+00 4.9558235293720516e+00
2.0118432167057524e+12 1.0202689435126811e-05 4.9382677505041039e+08 3.3711859282134764e+05 4.6125370573150760e+08 9.7719207956708685e+07 5.8792161743892373e+32 4.2484384919584926e+01 3.0000000000000000e+00 4.8982891148933820e+00
2.0209135463254097e+12 1.0142106611176280e-05 4.8992090641451782e+08 3.3645000587729877e+05 4.5760547020960402e+08 9.6946308614741430e+07 5.9263569513156175e+32 4.2180919503565086e+01 3.0000000000000000e+00 4.8414730749567036e+00
2.0300247692307493e+12 1.0081924371143718e-05 4.8604855649009168e+08 3.3578319838408113e+05 4.5398854248763454e+08 9.6180042007371560e+07 5.9738545800632152e+32 4.1880059991829647e+01 3.0000000000000000e+00 4.7853661299249515e+00
2.0391770697878181e+12 1.0022139278882593e-05 4.8220938191867632e+08 3.3511815863018995e+05 4.5040260185524434e+08 9.5420340190296277e+07 6.0217119544869898e+32 4.1581783516980430e+01 3.0000000000000000e+00 4.7299591215483705e+00
2.0483706331938711e+12 9.9627479307831238e-06 4.7840304327865356e+08 3.3445487494054181e+05 4.4684733127924061e+08 9.4667135998239070e+07 6.0699319905072564e+32 4.1286067410458763e+01 3.0000000000000000e+00 4.6752430113658985e+00
2.0576056454811191e+12 9.9037469554501259e-06 4.7462920503723049e+08 3.3379333567630767e+05 4.4332241735874701e+08 9.3920363035450444e+07 6.1185176262363198e+32 4.0992889200777228e+01 3.0000000000000000e+00 4.6212088791277868e+00
2.0668822935204929e+12 9.8451330133834156e-06 4.7088753550299442e+08 3.3313352923473564e+05 4.3982755028088784e+08 9.3179955666320011e+07 6.1674718221044660e+32 4.0702226611766086e+01 3.0000000000000000e+00 4.5678479212389478e+00
2.0762007650254253e+12 9.7869027966612344e-06 4.6717770677905524e+08 3.3247544404896605e+05 4.3636242377702129e+08 9.2445849006102115e+07 6.2167975609853290e+32 4.0414057560834657e+01 3.0000000000000000e+00 4.5151514492227705e+00
2.0855612485556482e+12 9.7290530286264961e-06 4.6349939471676636e+08 3.3181906858784531e+05 4.3292673507951301e+08 9.1717978911760569e+07 6.2664978483206123e+32 4.0128360157247357e+01 3.0000000000000000e+00 4.4631108882052537e+00
2.0949639335210095e+12 9.6715804635761101e-06 4.5985227887002420e+08 3.3116439135573094e+05 4.2952018487905020e+08 9.0996281972922340e+07 6.3165757122441800e+32 3.9845112700414404e+01 3.0000000000000000e+00 4.4117177754190111e+00
2.1044090101853052e+12 9.6144818864535325e-06 4.5623604245016789e+08 3.3051140089230472e+05 4.2614247728251541e+08 9.0280695502958000e+07 6.3670342037055320e+32 3.9564293678197160e+01 3.0000000000000000e+00 4.3609637587272942e+00
2.1138966696701292e+12 9.5577541125446792e-06 4.5265037228144598e+08 3.2986008577237127e+05 4.2279331977139199e+08 8.9571157530161977e+07 6.4178763965926632e+32 3.9285881765228034e+01 3.0000000000000000e+00 4.3108405951669422e+00
2.1234271039587407e+12 9.5013939871770567e-06 4.4909495875709152e+08 3.2921043460567645e+05 4.1947242316073519e+08 8.8867606789068788e+07 6.4691053878543507e+32 3.9009855821245090e+01 3.0000000000000000e+00 4.2613401495113328e+00
2.1330005058999502e+12 9.4453983854226311e-06 4.4556949579596943e+08 3.2856243603671261e+05 4.1617950155868024e+08 8.8169982711867884e+07 6.5207242976218949e+32 3.8736194889440938e+01 3.0000000000000000e+00 4.2124543928516083e+00
2.1426170692120193e+12 9.3897642118040487e-06 4.4207368079982007e+08 3.2791607874454022e+05 4.1291427232650447e+08 8.7478225419946998e+07 6.5727362693303378e+32 3.8464878194826397e+01 3.0000000000000000e+00 4.1641754011971779e+00
2.1522769884865833e+12 9.3344884000045795e-06 4.3860721461107779e+08 3.2727135144260759e+05 4.0967645603923017e+08 8.6792275715542898e+07 6.6251444698392474e+32 3.8195885142608489e+01 3.0000000000000000e+00 4.1164953540943987e+00
2.1619804591925869e+12 9.2795679125817589e-06 4.3516980147128093e+08 3.2662824287858233e+05 4.0646577644677687e+08 8.6112075073512435e+07 6.6779520895530837e+32 3.7929195316582955e+01 3.0000000000000000e+00 4.0694065332637228e+00
2.1717276776802402e+12 9.2249997406846094e-06 4.3176114898005199e+08 3.2598674183418904e+05 4.0328196043564677e+08 8.5437565633215979e+07 6.7311623425412603e+32 3.7664788477541421e+01 3.0000000000000000e+00 4.0229013212549258e+00
2.1815188411849922e+12 9.1707809037746838e-06 4.2838096805465209e+08 3.2534683712505468e+05 4.0012473799114776e+08 8.4768690190513119e+07 6.7847784666579440e+32 3.7402644561692938e+01 3.0000000000000000e+00 3.9769722001200263e+00
2.1913541478315212e+12 9.1169084493508236e-06 4.2502897289010400e+08 3.2470851760056382e+05 3.9699384216014689e+08 8.4105392189871520e+07 6.8388037236617297e+32 3.7142743679100143e+01 3.0000000000000000e+00 3.9316117501038872e+00
2.2012337966377441e+12 9.0633794526774526e-06 4.2170488091986918e+08 3.2407177214372321e+05 3.9388900901434070e+08 8.3447615716585815e+07 6.8932413993352574e+32 3.6885066112130019e+01 3.0000000000000000e+00 3.8868126483522700e+00
2.2111579875188438e+12 9.0101910165166945e-06 4.1840841277708632e+08 3.2343658967103879e+05 3.9080997761405003e+08 8.2795305489108980e+07 6.9480948036049358e+32 3.6629592313919225e+01 3.0000000000000000e+00 3.8425676676370450e+00
2.2211269212913145e+12 8.9573402708639020e-06 4.1513929225633597e+08 3.2280295913239627e+05 3.8775648997250801e+08 8.2148406851484239e+07 7.0033672706608923e+32 3.6376302906854178e+01 3.0000000000000000e+00 3.7988696750982656e+00
2.2311407996770239e+12 8.9048243726867520e-06 4.1189724627594787e+08 3.2217086951095541e+05 3.8472829102065217e+08 8.1506865765887365e+07 7.0590621590772921e+32 3.6125178681065847e+01 3.0000000000000000e+00 3.7557116310031606e+00
2.2411998253072979e+12 8.8526405056675497e-06 4.0868200484081036e+08 3.2154030982304772e+05 3.8172512857238817e+08 8.0870628805266351e+07 7.1151828519332463e+32 3.5876200592939398e+01 3.0000000000000000e+00 3.7130865875215244e+00
2.2513042017270181e+12 8.8007858799488978e-06 4.0549330100570107e+08 3.2091126911808748e+05 3.7874675329033858e+08 8.0239643146087334e+07 7.1717327569344578e+32 3.5629349763638686e+01 3.0000000000000000e+00 3.6709876875176422e+00
2.2614541333987412e+12 8.7492577318822029e-06 4.0233087083908385e+08 3.2028373647847946e+05 3.7579291865202767e+08 7.9613856561168656e+07 7.2287153065358368e+32 3.5384607477645829e+01 3.0000000000000000e+00 3.6294081633581978e+00
2.2716498257068374e+12 8.6980533237790357e-06 3.9919445338738400e+08 3.1965770101953403e+05 3.7286338091651326e+08 7.8993217412612125e+07 7.2861339580653453e+32 3.5141955181315794e+01 3.0000000000000000e+00 3.5883413357362328e+00
2.2818914849616455e+12 8.6471699436650402e-06 3.9608379063971120e+08 3.1903315188938251e+05 3.6995789909143686e+08 7.8377674644823268e+07 7.3439921938493029e+32 3.4901374481446332e+01 3.0000000000000000e+00 3.5477806125108966e+00
2.2921793184036479e+12 8.5966049050361093e-06 3.9299862749300450e+08 3.1841007826888468e+05 3.6707623490046734e+08 7.7767177777611524e+07 7.4022935213394485e+32 3.4662847143863175e+01 3.0000000000000000e+00 3.5077194875626376e+00
2.3025135342076636e+12 8.5463555466163396e-06 3.8993871171758282e+08 3.1778846937153663e+05 3.6421815275112379e+08 7.7161676899377212e+07 7.4610414732420850e+32 3.4426355092020763e+01 3.0000000000000000e+00 3.4681515396640483e+00
2.3128943414870605e+12 8.4964192321177062e-06 3.8690379392307156e+08 3.1716831444336090e+05 3.6138341970294929e+08 7.6561122660367087e+07 7.5202396076496380e+32 3.4191880405618718e+01 3.0000000000000000e+00 3.4290704313656950e+00
2.3233219502979893e+12 8.4467933500007132e-06 3.8389362752466536e+08 3.1654960276277736e+05 3.5857180543600011e+08 7.5965466265996188e+07 7.5798915081750108e+32 3.3959405319233952e+01 3.0000000000000000e+00 3.3904699078969678e+00
2.3337965716436294e+12 8.3974753132358472e-06 3.8090796870973039e+08 3.1593232364046283e+05 3.5578308221964914e+08 7.5374659470243603e+07 7.6400007840891244e+32 3.3728912220969086e+01 3.0000000000000000e+00 3.3523437960820721e+00
2.3443184174784629e+12 8.3484625590650699e-06 3.7794657640466338e+08 3.1531646641916723e+05 3.5301702488163316e+08 7.4788654569090560e+07 7.7005710704621179e+32 3.3500383651116785e+01 3.0000000000000000e+00 3.3146860032703227e+00
2.3548877007125610e+12 8.2997525485796382e-06 3.7500921223097038e+08 3.1470202047118417e+05 3.5027341076702690e+08 7.4207404391830355e+07 7.7616060276733043e+32 3.3273802300076078e+01 3.0000000000000000e+00 3.2774905162059031e+00
2.3655046352158940e+12 8.2513427665345290e-06 3.7209564047597128e+08 3.1408897519873863e+05 3.4755201971087998e+08 7.3630862295273989e+07 7.8231093413493100e+32 3.3049151006831508e+01 3.0000000000000000e+00 3.2407513999675905e+00
2.3761694358226567e+12 8.2032307214821562e-06 3.6920562808287895e+08 3.1347732003841212e+05 3.4485263402895182e+08 7.3058982161781624e+07 7.8850847237631221e+32 3.2826412759182695e+01 3.0000000000000000e+00 3.2044627970920985e+00
2.3868823183356177e+12 8.1554139452962709e-06 3.6633894460437924e+08 3.1286704445786134e+05 3.4217503847435218e+08 7.2491718390081093e+07 7.9475359132602261e+32 3.2605570691592753e+01 3.0000000000000000e+00 3.1686189264748008e+00
2.3976434995304849e+12 8.1078899929565603e-06 3.6349536217221552e+08 3.1225813795577257e+05 3.3951902020913243e+08 7.1929025889249459e+07 8.0104666743591723e+32 3.2386608083876489e+01 3.0000000000000000e+00 3.1332140823659707e+00
2.4084531971602930e+12 8.0606564423369818e-06 3.6067465546723980e+08 3.1165059006183350e+05 3.3688436877631164e+08 7.1370860072784379e+07 8.0738807978592328e+32 3.2169508359910139e+01 3.0000000000000000e+00 3.0982426333812381e+00
2.4193116299598086e+12 8.0137108939949372e-06 3.5787660168975657e+08 3.1104439033669175e+05 3.3427087607217801e+08 7.0817176852736071e+07 8.1377821009463002e+32 3.1954255086351587e+01 3.0000000000000000e+00 3.0636990215250153e+00
2.4302190176499570e+12 7.9670509709614164e-06 3.5510098053017128e+08 3.1043952837190242e+05 3.3167833631887096e+08 7.0267932633901015e+07 8.2021744272969444e+32 3.1740831971371232e+01 3.0000000000000000e+00 3.0295777612269137e+00
2.4411755809422690e+12 7.9206743185324598e-06 3.5234757413993835e+08 3.0983599378985644e+05 3.2910654603724837e+08 6.9723084308070138e+07 8.2670616471806165e+32 3.1529222863393322e+01 3.0000000000000000e+00 2.9958734383905110e+00
2.4521815415433442e+12 7.8745786040617723e-06 3.4961616710283107e+08 3.0923377624370868e+05 3.2655530402004862e+08 6.9182589248347595e+07 8.3324476575599166e+32 3.1319411749847738e+01 3.0000000000000000e+00 2.9625807094549725e+00
2.4632371221593413e+12 7.8287615167547301e-06 3.4690654640650624e+08 3.0863286541728419e+05 3.2402441130533284e+08 6.8646405303520456e+07 8.3983363821889584e+32 3.1111382755932230e+01 3.0000000000000000e+00 2.9296943004686651e+00
2.4743425465004810e+12 7.7832207674640376e-06 3.4421850141440439e+08 3.0803325102498487e+05 3.2151367115023822e+08 6.8114490792498514e+07 8.4647317717097086e+32 3.0905120143384938e+01 3.0000000000000000e+00 2.8972090061750717e+00
2.4854980392855747e+12 7.7379540884867693e-06 3.4155182383796513e+08 3.0743492281169235e+05 3.1902288900502527e+08 6.7586804498820037e+07 8.5316378037463468e+32 3.0700608309267249e+01 3.0000000000000000e+00 2.8651196891109092e+00
2.4967038262465718e+12 7.6929592333633794e-06 3.3890630770916480e+08 3.0683787055265636e+05 3.1655187248742718e+08 6.7063305665212810e+07 8.5990584829975877e+32 3.0497831784757082e+01 3.0000000000000000e+00 2.8334212787157633e+00
2.5079601341331260e+12 7.6482339766784220e-06 3.3628174935338515e+08 3.0624208405338740e+05 3.1410043135730970e+08 6.6543953988226838e+07 8.6669978413269570e+32 3.0296775233952239e+01 3.0000000000000000e+00 2.8021087704536476e+00
2.5192671907171846e+12 7.6037761138631452e-06 3.3367794736261553e+08 3.0564755314954894e+05 3.1166837749163783e+08 6.6028709612933382e+07 8.7354599378510173e+32 3.0097423452684076e+01 3.0000000000000000e+00 2.7711772249462099e+00
2.5306252247975981e+12 7.5595834610002080e-06 3.3109470256897920e+08 3.0505426770684251e+05 3.0925552485975128e+08 6.5517533127683707e+07 8.8044488590255412e+32 2.9899761367341476e+01 3.0000000000000000e+00 2.7406217671171080e+00
2.5420344662047480e+12 7.5156538546303657e-06 3.2853181801860034e+08 3.0446221762090048e+05 3.0686168949895388e+08 6.5010385558939777e+07 8.8739687187296159e+32 2.9703774033704910e+01 3.0000000000000000e+00 2.7104375853479046e+00
2.5534951458051992e+12 7.4719851515614802e-06 3.2598909894580823e+08 3.0387139281717839e+05 3.0448668949041867e+08 6.4507228366168573e+07 8.9440236583477429e+32 2.9509446635790781e+01 3.0000000000000000e+00 2.6806199306449634e+00
2.5650074955063716e+12 7.4285752286794964e-06 3.2346635274766272e+08 3.0328178325084911e+05 3.0213034493539560e+08 6.4008023436801471e+07 9.0146178468499150e+32 2.9316764484705875e+01 3.0000000000000000e+00 2.6511641158173318e+00
2.5765717482612305e+12 7.3854219827619247e-06 3.2096338895883346e+08 3.0269337890670646e+05 2.9979247793174553e+08 6.3512733081263810e+07 9.0857554808697029e+32 2.9125713017512247e+01 3.0000000000000000e+00 2.6220655146656466e+00
2.5881881380730034e+12 7.3425233302935462e-06 3.1848001922680050e+08 3.0210616979906964e+05 2.9747291255077833e+08 6.3021320028066695e+07 9.1574407847804443e+32 2.8936277796102015e+01 3.0000000000000000e+00 2.5933195611815330e+00
2.5998568999999141e+12 7.2998772072843686e-06 3.1601605728738993e+08 3.0152014597169717e+05 2.9517147481440091e+08 6.2533747418967031e+07 9.2296780107695580e+32 2.8748444506082627e+01 3.0000000000000000e+00 2.5649217487577900e+00
2.6115782701599365e+12 7.2574815690900776e-06 3.1357131894063997e+08 3.0093529749770439e+05 2.9288799267257661e+08 6.2049978804190159e+07 9.3024714389110272e+32 2.8562198955672372e+01 3.0000000000000000e+00 2.5368676294089019e+00
2.6233524857355776e+12 7.2153343902347414e-06 3.1114562202699834e+08 3.0035161447949451e+05 2.9062229598109108e+08 6.1569978137722023e+07 9.3758253772362450e+32 2.8377527074606043e+01 3.0000000000000000e+00 2.5091528130020073e+00
2.6351797849786719e+12 7.1734336642358901e-06 3.0873878640383327e+08 2.9976908704868949e+05 2.8837421647961378e+08 6.1093709772658728e+07 9.4497441618031732e+32 2.8194414913051119e+01 3.0000000000000000e+00 2.4817729664979349e+00
2.6470604072152056e+12 7.1317774034318906e-06 3.0635063392227364e+08 2.9918770536607737e+05 2.8614358777006501e+08 6.0621138456626177e+07 9.5242321567640759e+32 2.8012848640534269e+01 3.0000000000000000e+00 2.4547238132025058e+00
2.6589945928501577e+12 7.0903636388115706e-06 3.0398098840434855e+08 2.9860745962155773e+05 2.8393024529526412e+08 6.0152229327253617e+07 9.5992937544318623e+32 2.7832814544878197e+01 3.0000000000000000e+00 2.4280011320275370e+00
2.6709825833723657e+12 7.0491904198460524e-06 3.0162967562044406e+08 2.9802834003410314e+05 2.8173402631787252e+08 5.9686947907714881e+07 9.6749333753452529e+32 2.7654299031149183e+01 3.0000000000000000e+00 2.4016007567619733e+00
2.6830246213594111e+12 7.0082558143226470e-06 2.9929652326705003e+08 2.9745033685172186e+05 2.7955476989960867e+08 5.9225260102324396e+07 9.7511554683329239e+32 2.7477288620615077e+01 3.0000000000000000e+00 2.3755185753525372e+00
2.6951209504825293e+12 6.9675579081807604e-06 2.9698136094479543e+08 2.9687344035142625e+05 2.7739231688073182e+08 5.8767132192190558e+07 9.8279645105768209e+32 2.7301769949713918e+01 3.0000000000000000e+00 2.3497505291940537e+00
2.7072718155115391e+12 6.9270948053496508e-06 2.9468402013676208e+08 2.9629764083920501e+05 2.7524650985978734e+08 5.8312530830924340e+07 9.9053650076748885e+32 2.7127729769033433e+01 3.0000000000000000e+00 2.3242926124292498e+00
2.7194774623197954e+12 6.8868646275878965e-06 2.9240433418706733e+08 2.9572292864999815e+05 2.7311719317360020e+08 5.7861423040401414e+07 9.9833614937034239e+32 2.6955154942301263e+01 3.0000000000000000e+00 2.2991408712579635e+00
2.7317381378891665e+12 6.8468655143243362e-06 2.9014213827969193e+08 2.9514929414766759e+05 2.7100421287750143e+08 5.7413776206571437e+07 1.0061958531279390e+33 2.6784032445386199e+01 3.0000000000000000e+00 2.2742914032555182e+00
2.7440540903150298e+12 6.8070956225002949e-06 2.8789726941755712e+08 2.9457672772497183e+05 2.6890741672578359e+08 5.6969558075320669e+07 1.0141160711622909e+33 2.6614349365310410e+01 3.0000000000000000e+00 2.2497403567004524e+00
2.7564255688112915e+12 6.7675531264129394e-06 2.8566956640181512e+08 2.9400521980352362e+05 2.6682665415235823e+08 5.6528736748370834e+07 1.0220972654620339e+33 2.6446092899273040e+01 3.0000000000000000e+00 2.2254839299110687e+00
2.7688528237154326e+12 6.7282362175593405e-06 2.8345886981135112e+08 2.9343476083374419e+05 2.6476177625160962e+08 5.6091280679224573e+07 1.0301399008888286e+33 2.6279250353684894e+01 3.0000000000000000e+00 2.2015183705910690e+00
2.7813361064935708e+12 6.6891431044705494e-06 2.8126502198188210e+08 2.9286534129464615e+05 2.6271263575887239e+08 5.5657158669029206e+07 1.0382444451803518e+33 2.6113809143184255e+01 3.0000000000000000e+00 2.1778399751814477e+00
2.7938756697455518e+12 6.6502720123803155e-06 2.7908786697596741e+08 2.9229695169116661e+05 2.6067908702242026e+08 5.5226339860641785e+07 1.0464113688838829e+33 2.5949756789070953e+01 3.0000000000000000e+00 2.1544450881719088e+00
2.8064717672100586e+12 6.6116211833747018e-06 2.7692725058015347e+08 2.9172958255849453e+05 2.5866098600079829e+08 5.4798793738065600e+07 1.0546411454444342e+33 2.5787080919093462e+01 3.0000000000000000e+00 2.1313301015332549e+00
2.8191246537697471e+12 6.5731888761644234e-06 2.7478302028103757e+08 2.9116322446090053e+05 2.5665819024046716e+08 5.4374490121711344e+07 1.0629342512050647e+33 2.5625769266470467e+01 3.0000000000000000e+00 2.1084914540925617e+00
2.8318345854564033e+12 6.5349733658647715e-06 2.7265502524196911e+08 2.9059786799064069e+05 2.5467055885403946e+08 5.3953399163789243e+07 1.0712911653867355e+33 2.5465809668754751e+01 3.0000000000000000e+00 2.0859256309032417e+00
2.8446018194561250e+12 6.4969729438580304e-06 2.7054311628451622e+08 2.9003350376803242e+05 2.5269795250296974e+08 5.3535491344639547e+07 1.0797123700914918e+33 2.5307190066910941e+01 3.0000000000000000e+00 2.0636291626401904e+00
2.8574266141145234e+12 6.4591859176560511e-06 2.6844714587009090e+08 2.8947012244152150e+05 2.5074023338039151e+08 5.3120737469098277e+07 1.0881983503052411e+33 2.5149898504400710e+01 3.0000000000000000e+00 2.0415986250029770e+00
2.8703092289419541e+12 6.4216106107629715e-06 2.6636696808171591e+08 2.8890771468772541e+05 2.4879726519408694e+08 5.2709108662887029e+07 1.0967495939001217e+33 2.4993923126275259e+01 3.0000000000000000e+00 2.0198306381266811e+00
2.8832499246187661e+12 6.3842453625382477e-06 2.6430243860595721e+08 2.8834627121147094e+05 2.4686891314961061e+08 5.2300576369040057e+07 1.1053665916364496e+33 2.4839252178275142e+01 3.0000000000000000e+00 1.9983218660005930e+00
2.8962489630005767e+12 6.3470885280601475e-06 2.6225341471501333e+08 2.8778578274581267e+05 2.4495504393356046e+08 5.1895112344358742e+07 1.1140498371642371e+33 2.4685874005937343e+01 3.0000000000000000e+00 1.9770690158943649e+00
2.9093066071235718e+12 6.3101384779896823e-06 2.6021975524896836e+08 2.8722624005204125e+05 2.4305552569700187e+08 5.1492688655899785e+07 1.1227998270242774e+33 2.4533777053709635e+01 3.0000000000000000e+00 1.9560688377917088e+00
2.9224231212098267e+12 6.2733935984352468e-06 2.5820132059822169e+08 2.8666763391968410e+05 2.4117022803905553e+08 5.1093277677498817e+07 1.1316170606487846e+33 2.4382949864072184e+01 3.0000000000000000e+00 1.9353181238315211e+00
2.9355987706726528e+12 6.2368522908178814e-06 2.5619797268608674e+08 2.8610995516649645e+05 2.3929902199064422e+08 5.0696852086327672e+07 1.1405020403615849e+33 2.4233381076666355e+01 3.0000000000000000e+00 1.9148137077563416e+00
2.9488338221219707e+12 6.2005129717374234e-06 2.5420957495156538e+08 2.8555319463844050e+05 2.3744177999840418e+08 5.0303384859483458e+07 1.1494552713778536e+33 2.4085059427430707e+01 3.0000000000000000e+00 1.8945524643678813e+00
2.9621285433697007e+12 6.1643740728395051e-06 2.5223599233231294e+08 2.8499734320966946e+05 2.3559837590877265e+08 4.9912849270621143e+07 1.1584772618033896e+33 2.3937973747744266e+01 3.0000000000000000e+00 1.8745313089899394e+00
2.9754832034351860e+12 6.1284340406835644e-06 2.5027709124777347e+08 2.8444239178249228e+05 2.3376868495223624e+08 4.9525218886611953e+07 1.1675685226334287e+33 2.3792112963576908e+01 3.0000000000000000e+00 1.8547471969380618e+00
2.9888980725506343e+12 6.0926913366119339e-06 2.4833273958251908e+08 2.8388833128735237e+05 2.3195258372776875e+08 4.9140467564250924e+07 1.1767295677509862e+33 2.3647466094647008e+01 3.0000000000000000e+00 1.8351971229964559e+00
3.0023734221665864e+12 6.0571444366201203e-06 2.4640280666976711e+08 2.8333515268279088e+05 2.3014995018743634e+08 4.8758569446992189e+07 1.1859609139247311e+33 2.3504022253586278e+01 3.0000000000000000e+00 1.8158781209015142e+00
3.0159095249574097e+12 6.0217918312282324e-06 2.4448716327509555e+08 2.8278284695541777e+05 2.2836066362118620e+08 4.8379498961728148e+07 1.1952630808063886e+33 2.3361770645111839e+01 3.0000000000000000e+00 1.7967872628323127e+00
3.0295066548268135e+12 5.9866320253538506e-06 2.4258568158035409e+08 2.8223140511988057e+05 2.2658460464181921e+08 4.8003230815604612e+07 1.2046365909276693e+33 2.3220700565205512e+01 3.0000000000000000e+00 1.7779216589076798e+00
3.0431650869133940e+12 5.9516635381861353e-06 2.4069823516777068e+08 2.8168081821883912e+05 2.2482165517014492e+08 4.7629739992877387e+07 1.2140819696967313e+33 2.3080801400300420e+01 3.0000000000000000e+00 1.7592784566899982e+00
3.0568850975962017e+12 5.9168849030615149e-06 2.3882469900425684e+08 2.8113107732293883e+05 2.2307169842032203e+08 4.7259001751804478e+07 1.2235997453941732e+33 2.2942062626474790e+01 3.0000000000000000e+00 1.7408548406954185e+00
3.0706669645003315e+12 5.8822946673407171e-06 2.3696494942591238e+08 2.8058217353079491e+05 2.2133461888538513e+08 4.6890991621581890e+07 1.2331904491685623e+33 2.2804473808653249e+01 3.0000000000000000e+00 1.7226480319106710e+00
3.0845109665025430e+12 5.8478913922874733e-06 2.3511886412273192e+08 2.8003409796897881e+05 2.1961030232295987e+08 4.6525685399316363e+07 1.2428546150315076e+33 2.2668024599815290e+01 3.0000000000000000e+00 1.7046552873161640e+00
3.0984173837369023e+12 5.8136736529487011e-06 2.3328632212350684e+08 2.7948684179201082e+05 2.1789863574116108e+08 4.6163059147037216e+07 1.2525927798522811e+33 2.2532704740211351e+01 3.0000000000000000e+00 1.6868738994153907e+00
3.1123864976004502e+12 5.7796400380363372e-06 2.3146720378093237e+08 2.7894039618236443e+05 2.1619950738468230e+08 4.5803089188750379e+07 1.2624054833519987e+33 2.2398504056586226e+01 3.0000000000000000e+00 1.6693011957706381e+00
3.1264185907588979e+12 5.7457891498107541e-06 2.2966139075690898e+08 2.7839475235047517e+05 2.1451280672106603e+08 4.5445752107529007e+07 1.2722932680973747e+33 2.2265412461410076e+01 3.0000000000000000e+00 1.6519345385447703e+00
3.1405139471523452e+12 5.7121196039658632e-06 2.2786876600804499e+08 2.7784990153476154e+05 2.1283842442716324e+08 4.5091024742645137e+07 1.2822566794940570e+33 2.2133419952117045e+01 3.0000000000000000e+00 1.6347713240491666e+00
3.1546728520010269e+12 5.6786300295157657e-06 2.2608921377135202e+08 2.7730583500165539e+05 2.1117625237577206e+08 4.4738884186740004e+07 1.2922962657795682e+33 2.2002516610351542e+01 3.0000000000000000e+00 1.6178089822976429e+00
3.1688955918110830e+12 5.6453190686830703e-06 2.2432261955012873e+08 2.7676254404563492e+05 2.0952618362245280e+08 4.4389307783027813e+07 1.3024125780158637e+33 2.1872692601222262e+01 3.0000000000000000e+00 1.6010449765662411e+00
3.1831824543803589e+12 5.6121853767887720e-06 2.2256887010004455e+08 2.7622001998928061e+05 2.0788811239252931e+08 4.4042273122545637e+07 1.3126061700815347e+33 2.1743938172564121e+01 3.0000000000000000e+00 1.5844768029590708e+00
3.1975337288042256e+12 5.5792276221436461e-06 2.2082785341539332e+08 2.7567825418332475e+05 2.0626193406825009e+08 4.3697758041429698e+07 1.3228775986636742e+33 2.1616243654208112e+01 3.0000000000000000e+00 1.5681019899797324e+00
3.2119497054814316e+12 5.5464444859411377e-06 2.1909945871554327e+08 2.7513723800672626e+05 2.0464754517613062e+08 4.3355740618237890e+07 1.3332274232494412e+33 2.1489599457259171e+01 3.0000000000000000e+00 1.5519180981087273e+00
3.2264306761199795e+12 5.5138346621516344e-06 2.1738357643154302e+08 2.7459696286673541e+05 2.0304484337444451e+08 4.3016199171295375e+07 1.3436562061173494e+33 2.1363996073382310e+01 3.0000000000000000e+00 1.5359227193862743e+00
3.2409769337430264e+12 5.4813968574180714e-06 2.1568009819291356e+08 2.7405742019898328e+05 2.0145372744088537e+08 4.2679112256084599e+07 1.3541645123283153e+33 2.1239424074096995e+01 3.0000000000000000e+00 1.5201134770009950e+00
3.2555887726948159e+12 5.4491297909526858e-06 2.1398891681458303e+08 2.7351860146755970e+05 1.9987409726036415e+08 4.2344458662656687e+07 1.3647529097165087e+33 2.1115874110079972e+01 3.0000000000000000e+00 1.5044880248839163e+00
3.2702664886466328e+12 5.4170321944349045e-06 2.1230992628398788e+08 2.7298049816510757e+05 1.9830585381296089e+08 4.2012217413080990e+07 1.3754219688800444e+33 2.0993336910476664e+01 3.0000000000000000e+00 1.4890440473081215e+00
3.2850103786027866e+12 5.3851028119099968e-06 2.1064302174830645e+08 2.7244310181291297e+05 1.9674889916200000e+08 4.1682367758919530e+07 1.3861722631715640e+33 2.0871803282221300e+01 3.0000000000000000e+00 1.4737792584938063e+00
3.2998207409066201e+12 5.3533403996886799e-06 2.0898809950182790e+08 2.7190640396098804e+05 1.9520313644225308e+08 4.1354889178724393e+07 1.3970043686887599e+33 2.0751264109365959e+01 3.0000000000000000e+00 1.4586914022185458e+00
3.3146978752465479e+12 5.3217437262470429e-06 2.0734505697344333e+08 2.7137039618816017e+05 1.9366846984825468e+08 4.1029761375565924e+07 1.4079188642649013e+33 2.0631710352418686e+01 3.0000000000000000e+00 1.4437782514331057e+00
3.3296420826621201e+12 5.2903115721269169e-06 2.0571379271424198e+08 2.7083507010214229e+05 1.9214480462271670e+08 4.0706964274576180e+07 1.4189163314594195e+33 2.0513133047690786e+01 3.0000000000000000e+00 1.4290376078823088e+00
3.3446536655501143e+12 5.2590427297568530e-06 2.0409420638109681e+08 2.7030041733823658e+05 1.9063204704119602e+08 4.0386478019702382e+07 1.4299973545058618e+33 2.0395523306398552e+01 3.0000000000000000e+00 1.4144673017135412e+00
3.3597329276706533e+12 5.2279360031972848e-06 2.0248619871646428e+08 2.6976642955667735e+05 1.8913010439322862e+08 4.0068282969707057e+07 1.4411625201916739e+33 2.0278872313383964e+01 3.0000000000000000e+00 1.4000651910637272e+00
3.3748801741533525e+12 5.1969902084581936e-06 2.0088967155788898e+08 2.6923309844979411e+05 1.8763888499120519e+08 3.9752359700051405e+07 1.4524124180592493e+33 2.0163171327761233e+01 3.0000000000000000e+00 1.3858291617844920e+00
3.3900957115034946e+12 5.1662041731982146e-06 1.9930452781551507e+08 2.6870041573859798e+05 1.8615829814936689e+08 3.9438688998444580e+07 1.4637476403041231e+33 2.0048411681745293e+01 3.0000000000000000e+00 1.3717571270447577e+00
3.4053798476082314e+12 5.1355767366129096e-06 1.9773067145952228e+08 2.6816837317256315e+05 1.8468825417207006e+08 3.9127251862356745e+07 1.4751687817479899e+33 1.9934584779948171e+01 3.0000000000000000e+00 1.3578470269705265e+00
3.4207328917428145e+12 5.1051067493457244e-06 1.9616800750882107e+08 2.6763696252978640e+05 1.8322866434322697e+08 3.8818029496782444e+07 1.4866764398220846e+33 1.9821682098747424e+01 3.0000000000000000e+00 1.3440968282939869e+00
3.4361551545768511e+12 5.0747930733987796e-06 1.9461644201982075e+08 2.6710617561713245e+05 1.8177944091581470e+08 3.8511003312018357e+07 1.4982712145497873e+33 1.9709695185659736e+01 3.0000000000000000e+00 1.3305045240071767e+00
3.4516469481805942e+12 5.0446345820436047e-06 1.9307588207527354e+08 2.6657600427036441e+05 1.8034049710145509e+08 3.8206154921455443e+07 1.5099537085284451e+33 1.9598615658719531e+01 3.0000000000000000e+00 1.3170681330201117e+00
3.4672085860312539e+12 5.0146301597319356e-06 1.9154623577320296e+08 2.6604644035426422e+05 1.7891174706007364e+08 3.7903466139388017e+07 1.5217245269103914e+33 1.9488435205862764e+01 3.0000000000000000e+00 1.3037856998233837e+00
3.4828403830193433e+12 4.9847787020066434e-06 1.9002741221591932e+08 2.6551747576274408e+05 1.7749310588963920e+08 3.7602918978840478e+07 1.5335842773831628e+33 1.9379145584315715e+01 3.0000000000000000e+00 1.2906552941551577e+00
3.4985426554550479e+12 4.9550791154128277e-06 1.8851932149912062e+08 2.6498910241894634e+05 1.7608448961598387e+08 3.7304495649410114e+07 1.5455335701488932e+33 1.9270738619988940e+01 3.0000000000000000e+00 1.2776750106724737e+00
3.5143157210746284e+12 4.9255303174092095e-06 1.8702187470108795e+08 2.6446131227533729e+05 1.7468581518271160e+08 3.7008178555129126e+07 1.5575730179028843e+33 1.9163206206876161e+01 3.0000000000000000e+00 1.2648429686268381e+00
3.5301598990468486e+12 4.8961312362798349e-06 1.8553498387197632e+08 2.6393409731379559e+05 1.7329700044119436e+08 3.6713950292345963e+07 1.5697032358113380e+33 1.9056540306458416e+01 3.0000000000000000e+00 1.2521573115440874e+00
3.5460755099794341e+12 4.8668808110462504e-06 1.8405856202320269e+08 2.6340744954569323e+05 1.7191796414066103e+08 3.6421793647624917e+07 1.5819248414882468e+33 1.8950732947113107e+01 3.0000000000000000e+00 1.2396162069083656e+00
3.5620628759255605e+12 4.8377779913801407e-06 1.8259252311693633e+08 2.6288136101197486e+05 1.7054862591838077e+08 3.6131691595666766e+07 1.5942384549714366e+33 1.8845776223528297e+01 3.0000000000000000e+00 1.2272178458502672e+00
3.5781223203903696e+12 4.8088217375165224e-06 1.8113678205569059e+08 2.6235582378323143e+05 1.6918890628994116e+08 3.5843627297248408e+07 1.6066446986977533e+33 1.8741662296121994e+01 3.0000000000000000e+00 1.2149604428390284e+00
3.5942541683375146e+12 4.7800110201676004e-06 1.7969125467202681e+08 2.6183082995977974e+05 1.6783872663963109e+08 3.5557584097187214e+07 1.6191441974773933e+33 1.8638383390466686e+01 3.0000000000000000e+00 1.2028422353788173e+00
3.6104587461957388e+12 4.7513448204372639e-06 1.7825585771835700e+08 2.6130637167173141e+05 1.6649800921091661e+08 3.5273545522321120e+07 1.6317375784673740e+33 1.8535931796718884e+01 3.0000000000000000e+00 1.1908614837088751e+00
3.6267363818654761e+12 4.7228221297363935e-06 1.7683050885686645e+08 2.6078244107907225e+05 1.6516667709702796e+08 3.4991495279515594e+07 1.6444254711441422e+33 1.8434299869053994e+01 3.0000000000000000e+00 1.1790164705077062e+00
3.6430874047254917e+12 4.6944419496989122e-06 1.7541512664954323e+08 2.6025903037174017e+05 1.6384465423164639e+08 3.4711417253690571e+07 1.6572085072753258e+33 1.8333480025106297e+01 3.0000000000000000e+00 1.1673055006011079e+00
3.6595121456395420e+12 4.6662032920987276e-06 1.7400963054832253e+08 2.5973613176970719e+05 1.6253186537969920e+08 3.4433295505870193e+07 1.6700873208906243e+33 1.8233464745414210e+01 3.0000000000000000e+00 1.1557269006740185e+00
3.6760109369630728e+12 4.6381051787675775e-06 1.7261394088534689e+08 2.5921373752306611e+05 1.6122823612826180e+08 3.4157114271255299e+07 1.6830625482518518e+33 1.8134246572870879e+01 3.0000000000000000e+00 1.1442790189861878e+00
3.6925841125499434e+12 4.6101466415137808e-06 1.7122797886333963e+08 2.5869183991212241e+05 1.5993369287756681e+08 3.3882857957318492e+07 1.6961348278221311e+33 1.8035818112180035e+01 3.0000000000000000e+00 1.1329602250915745e+00
3.7092320077591831e+12 4.5823267220420115e-06 1.6985166654609868e+08 2.5817043124749453e+05 1.5864816283212429e+08 3.3610511141923226e+07 1.7093048002342566e+33 1.7938172029317350e+01 3.0000000000000000e+00 1.1217689095614698e+00
3.7259549594617754e+12 4.5546444718740555e-06 1.6848492684910500e+08 2.5764950387022068e+05 1.5737157399194989e+08 3.3340058571465366e+07 1.7225731082582268e+33 1.7841301050997149e+01 3.0000000000000000e+00 1.1107034837112617e+00
3.7427533060474766e+12 4.5270989522705438e-06 1.6712768353024620e+08 2.5712905015187373e+05 1.5610385514390028e+08 3.3071485159037847e+07 1.7359403967679725e+33 1.7745197964144705e+01 3.0000000000000000e+00 1.0997623793308406e+00
3.7596273874316606e+12 4.4996892341538356e-06 1.6577986118065923e+08 2.5660906249468401e+05 1.5484493585312003e+08 3.2804775982617691e+07 1.7494073127072910e+33 1.7649855615374086e+01 3.0000000000000000e+00 1.0889440484185344e+00
3.7765775450622007e+12 4.4724143980317964e-06 1.6444138521568459e+08 2.5608953333167289e+05 1.5359474645459241e+08 3.2539916283276662e+07 1.7629745050550085e+33 1.7555266910471708e+01 3.0000000000000000e+00 1.0782469629186338e+00
3.7936041219263760e+12 4.4452735339227577e-06 1.6311218186594081e+08 2.5557045512679772e+05 1.5235321804480246e+08 3.2276891463415287e+07 1.7766426247893941e+33 1.7461424813885607e+01 3.0000000000000000e+00 1.0676696144624052e+00
3.8107074625578115e+12 4.4182657412814062e-06 1.6179217816850507e+08 2.5505182037510315e+05 1.5112028247349933e+08 3.2015687085017309e+07 1.7904123248518540e+33 1.7368322348220566e+01 3.0000000000000000e+00 1.0572105141125367e+00
3.8278879130434531e+12 4.3913901289256924e-06 1.6048130195820487e+08 2.5453362160288304e+05 1.4989587233556277e+08 3.1756288867926341e+07 1.8042842601099373e+33 1.7275952593739177e+01 3.0000000000000000e+00 1.0468681921110059e+00
3.8451458210305659e+12 4.3646458149647435e-06 1.5917948185902143e+08 2.5401585136785510e+05 1.4867992096297297e+08 3.1498682688145351e+07 1.8182590873196840e+33 1.7184308687868949e+01 3.0000000000000000e+00 1.0366411976303680e+00
3.8624815357337734e+12 4.3380319267276655e-06 1.5788664727559090e+08 2.5349850225933915e+05 1.4747236241687292e+08 3.1242854576154031e+07 1.8323374650873660e+33 1.7093383824715602e+01 3.0000000000000000e+00 1.0265280985283267e+00
3.8798954079421211e+12 4.3115476006932109e-06 1.5660272838481152e+08 2.5298156689844991e+05 1.4627313147972852e+08 3.0988790715249088e+07 1.8465200538306482e+33 1.7003171254582540e+01 3.0000000000000000e+00 1.0165274811056824e+00
3.8973877900261748e+12 4.2851919824202673e-06 1.5532765612754136e+08 2.5246503793828964e+05 1.4508216364757472e+08 3.0736477439899903e+07 1.8608075157392391e+33 1.6913664283496850e+01 3.0000000000000000e+00 1.0066379498674627e+00
3.9149590359451528e+12 4.2589642264789970e-06 1.5406136220039186e+08 2.5194890806415537e+05 1.4389939512234974e+08 3.0485901234126411e+07 1.8752005147350680e+33 1.6824856272741730e+01 3.0000000000000000e+00 9.9685812728741052e-01
3.9326095012540859e+12 4.2328634963826762e-06 1.5280377904760462e+08 2.5143316999374371e+05 1.4272476280430776e+08 3.0237048729890645e+07 1.8896997164320610e+33 1.6736740638395695e+01 3.0000000000000000e+00 9.8718665357557334e-01
3.9503395431110142e+12 4.2068889645199229e-06 1.5155483985300297e+08 2.5091781647735665e+05 1.4155820428450188e+08 2.9989906705503337e+07 1.9043057880955765e+33 1.6649310850878500e+01 3.0000000000000000e+00 9.7762218644907106e-01
3.9681495202842119e+12 4.1810398120873582e-06 1.5031447853202403e+08 2.5040284029811568e+05 1.4039965783734101e+08 2.9744462084049027e+07 1.9190193986015735e+33 1.6562560434504199e+01 3.0000000000000000e+00 9.6816340090609454e-01
3.9860397931594497e+12 4.1553152290224734e-06 1.4908262972380859e+08 2.4988823427216423e+05 1.3924906241320208e+08 2.9500701931819685e+07 1.9338412183955945e+33 1.6476482967041228e+01 3.0000000000000000e+00 9.5880898900290112e-01
4.0040107237472852e+12 4.1297144137660813e-06 1.4785922877521172e+08 2.4937399124543509e+05 1.3810635762349489e+08 2.9258613455150552e+07 1.9487719193270246e+33 1.6391072078761109e+01 3.0000000000000000e+00 9.4955765960387362e-01
4.0220626756903877e+12 4.1042365733091645e-06 1.4664421173851684e+08 2.4886010409607558e+05 1.3697148373852736e+08 2.9018183999968473e+07 1.9638121746502810e+33 1.6306321452211304e+01 3.0000000000000000e+00 9.4040813817677904e-01
4.0401960142708999e+12 4.0788809232862857e-06 1.4543751537134668e+08 2.4834656573786220e+05 1.3584438168742219e+08 2.8779401051773626e+07 1.9789626591082087e+33 1.6222224822321493e+01 3.0000000000000000e+00 9.3135916660938356e-01
4.0584111064178252e+12 4.0536466877604375e-06 1.4423907712189561e+08 2.4783336911740294e+05 1.3472499304432309e+08 2.8542252232717637e+07 1.9942240487881703e+33 1.6138775975568130e+01 3.0000000000000000e+00 9.2240950297399804e-01
4.0767083207144551e+12 4.0285330991622631e-06 1.4304883512160897e+08 2.4732050721441564e+05 1.3361326002155724e+08 2.8306725300155308e+07 2.0095970210717454e+33 1.6055968749544519e+01 3.0000000000000000e+00 9.1355792131823277e-01
4.0950880274058276e+12 4.0035393982289046e-06 1.4186672817789182e+08 2.4680797304199007e+05 1.3250912546282496e+08 2.8072808145200770e+07 2.0250822545832193e+33 1.5973797032534335e+01 3.0000000000000000e+00 9.0480321145841691e-01
4.1135505984062173e+12 3.9786648339424660e-06 1.4069269576685059e+08 2.4629575964684208e+05 1.3141253283641987e+08 2.7840488791292194e+07 2.0406804291368458e+33 1.5892254763088875e+01 3.0000000000000000e+00 8.9614417877573316e-01
4.1320964073066626e+12 3.9539086634682400e-06 1.3952667802606958e+08 2.4578386010955344e+05 1.3032342622848223e+08 2.7609755392762065e+07 2.0563922256828749e+33 1.5811335929607779e+01 3.0000000000000000e+00 8.8757964401494605e-01
4.1507258293825249e+12 3.9292701520926950e-06 1.3836861574742401e+08 2.4527226754480036e+05 1.2924175033628586e+08 2.7380596233414534e+07 2.0722183262523310e+33 1.5731034569923404e+01 3.0000000000000000e+00 8.7910844308573177e-01
4.1694392416010830e+12 3.9047485731612530e-06 1.3721845036993393e+08 2.4476097510157601e+05 1.2816745046156316e+08 2.7152999725112412e+07 2.0881594139005325e+33 1.5651344770888723e+01 3.0000000000000000e+00 8.7072942686660781e-01
4.1882370226291592e+12 3.8803432080160758e-06 1.3607612397266203e+08 2.4424997596340074e+05 1.2710047250387178e+08 2.6926954406370807e+07 2.1042161726493389e+33 1.5572260667968852e+01 3.0000000000000000e+00 8.6244146101134633e-01
4.2071195528407832e+12 3.8560533459337105e-06 1.3494157926765436e+08 2.4373926334852574e+05 1.2604076295400096e+08 2.6702448940960217e+07 2.1203892874281238e+33 1.5493776444836152e+01 3.0000000000000000e+00 8.5424342575791246e-01
4.2260872143248896e+12 3.8318782840628101e-06 1.3381475959293428e+08 2.4322883051013568e+05 1.2498826888742720e+08 2.6479472116521336e+07 2.1366794440134598e+33 1.5415886332968919e+01 3.0000000000000000e+00 8.4613421573992553e-01
4.2451403908930474e+12 3.8078173273619309e-06 1.3269560890554121e+08 2.4271867073653766e+05 1.2394293795781253e+08 2.6258012843186066e+07 2.1530873289675111e+33 1.5338584611253761e+01 3.0000000000000000e+00 8.3811273980047740e-01
4.2642794680872280e+12 3.7838697885374703e-06 1.3158407177462606e+08 2.4220877735135250e+05 1.2290471839055550e+08 2.6038060152211692e+07 2.1696136295751324e+33 1.5261865605591520e+01 3.0000000000000000e+00 8.3017792080841080e-01
4.2835048331876060e+12 3.7600349879817565e-06 1.3048009337460183e+08 2.4169914371370437e+05 1.2187355897639303e+08 2.5819603194626365e+07 2.1862590337796666e+33 1.5185723688506943e+01 3.0000000000000000e+00 8.2232869547703114e-01
4.3028168752203965e+12 3.7363122537114416e-06 1.2938361947834899e+08 2.4118976321840350e+05 1.2084940906505449e+08 2.5602631239883538e+07 2.2030242301174441e+33 1.5110153278761963e+01 3.0000000000000000e+00 8.1456401418508473e-01
4.3222159849657261e+12 3.7127009213061608e-06 1.2829459645048197e+08 2.4068062929613254e+05 1.1983221855897203e+08 2.5387133674529798e+07 2.2199099076509815e+33 1.5035148840972763e+01 3.0000000000000000e+00 8.0688284080012918e-01
4.3417025549655415e+12 3.6892003338475497e-06 1.2721297124067755e+08 2.4017173541363497e+05 1.1882193790704915e+08 2.5173100000885297e+07 2.2369167559008875e+33 1.4960704885230523e+01 3.0000000000000000e+00 7.9928415250420926e-01
4.3612769795315513e+12 3.6658098418586400e-06 1.2613869137706152e+08 2.3966307507389924e+05 1.1781851809848359e+08 2.4960519835733823e+07 2.2540454647764742e+33 1.4886815966726019e+01 3.0000000000000000e+00 7.9176693962175559e-01
4.3809396547532056e+12 3.6425288032436993e-06 1.2507170495966502e+08 2.3915464181635476e+05 1.1682191065665525e+08 2.4749382909029357e+07 2.2712967245050896e+33 1.4813476685377967e+01 3.0000000000000000e+00 7.8433020544981480e-01
4.4006909785057119e+12 3.6193565832285729e-06 1.2401196065394238e+08 2.3864642921706452e+05 1.1583206763307162e+08 2.4539679062612250e+07 2.2886712255601788e+33 1.4740681685465317e+01 3.0000000000000000e+00 7.7697296609042876e-01
4.4205313504580830e+12 3.5962925543014811e-06 1.2295940768435629e+08 2.3813843088892713e+05 1.1484894160137615e+08 2.4331398248940438e+07 2.3061696585880811e+33 1.4668425655263418e+01 3.0000000000000000e+00 7.6969425028526239e-01
4.4404611720812295e+12 3.5733360961544351e-06 1.2191399582803215e+08 2.3763064048188418e+05 1.1387248565142098e+08 2.4124530529833555e+07 2.3237927143335953e+33 1.4596703326684160e+01 3.0000000000000000e+00 7.6249309925239017e-01
4.4604808466560781e+12 3.5504865956251581e-06 1.2087567540847829e+08 2.3712305168313510e+05 1.1290265338340142e+08 2.3919066075230662e+07 2.3415410835643145e+33 1.4525509474920176e+01 3.0000000000000000e+00 7.5536856652523843e-01
4.4805907792817354e+12 3.5277434466396513e-06 1.1984439728937443e+08 2.3661565821735642e+05 1.1193939890205438e+08 2.3714995161960192e+07 2.3594154569937671e+33 1.4454838918093127e+01 3.0000000000000000e+00 7.4831971779363127e-01
4.5007913768836836e+12 3.5051060501553728e-06 1.1882011286843269e+08 2.3610845384693693e+05 1.1098267681092393e+08 2.3512308172526285e+07 2.3774165252033905e+33 1.4384686516906154e+01 3.0000000000000000e+00 7.4134563074698512e-01
4.5210830482220146e+12 3.4825738141050113e-06 1.1780277407132204e+08 2.3560143237221451e+05 1.1003244220668679e+08 2.3310995593905762e+07 2.3955449785633587e+33 1.4315047174300572e+01 3.0000000000000000e+00 7.3444539491953775e-01
4.5414662038997051e+12 3.4601461533409415e-06 1.1679233334566484e+08 2.3509458763172710e+05 1.0908865067354475e+08 2.3111048016360264e+07 2.4138015071523187e+33 1.4245915835116897e+01 3.0000000000000000e+00 7.2761811153765776e-01
4.5619412563709170e+12 3.4378224895802918e-06 1.1578874365510036e+08 2.3458791350247408e+05 1.0815125827767971e+08 2.2912456132261910e+07 2.4321868006760499e+33 1.4177287485760274e+01 3.0000000000000000e+00 7.2086289336919496e-01
4.5825086199493535e+12 3.4156022513506735e-06 1.1479195847341518e+08 2.3408140390018601e+05 1.0722022156177145e+08 2.2715210734931298e+07 2.4507015483851268e+33 1.4109157153870409e+01 3.0000000000000000e+00 7.1417886457482482e-01
4.6031687108166328e+12 3.3934848739364753e-06 1.1380193177873892e+08 2.3357505277960777e+05 1.0629549753957571e+08 2.2519302717489626e+07 2.4693464389915966e+33 1.4041519907996124e+01 3.0000000000000000e+00 7.0756516056142083e-01
4.6239219470307178e+12 3.3714697993258210e-06 1.1281861804780377e+08 2.3306885413478839e+05 1.0537704369056313e+08 2.2324723071722016e+07 2.4881221605847699e+33 1.3974370857274558e+01 3.0000000000000000e+00 7.0102092783734338e-01
4.6447687485343701e+12 3.3495564761580857e-06 1.1184197225026847e+08 2.3256280199938465e+05 1.0446481795461699e+08 2.2131462886954457e+07 2.5070294005461521e+33 1.3907705151115266e+01 3.0000000000000000e+00 6.9454532386973256e-01
4.6657095371636514e+12 3.3277443596719089e-06 1.1087194984310028e+08 2.3205689044697426e+05 1.0355877872678608e+08 2.1939513348942630e+07 2.5260688454636080e+33 1.3841517978889184e+01 3.0000000000000000e+00 6.8813751694371517e-01
4.6867447366564570e+12 3.3060329116537301e-06 1.0990850676501596e+08 2.3155111359137745e+05 1.0265888485209204e+08 2.1748865738771778e+07 2.5452411810448281e+33 1.3775804569622691e+01 3.0000000000000000e+00 6.8179668602353327e-01
4.7078747726610889e+12 3.2844216003867771e-06 1.0895159943097545e+08 2.3104546558698360e+05 1.0176509562038672e+08 2.1559511431766201e+07 2.5645470920301777e+33 1.3710560191696857e+01 3.0000000000000000e+00 6.7552202061552202e-01
4.7291000727448721e+12 3.2629099006003651e-06 1.0800118472672990e+08 2.3053994062909298e+05 1.0087737076125926e+08 2.1371441896412004e+07 2.5839872621050308e+33 1.3645780152552021e+01 3.0000000000000000e+00 6.6931272063305425e-01
4.7504210664028066e+12 3.2414972934195541e-06 1.0705722000341256e+08 2.3003453295425221e+05 9.9995670438984305e+07 2.1184648693284795e+07 2.6035623738116796e+33 1.3581459798397848e+01 3.0000000000000000e+00 6.6316799626322043e-01
4.7718381850662529e+12 3.2201832663149372e-06 1.0611966307217704e+08 2.2952923684060498e+05 9.9119955247513577e+07 2.0999123473990362e+07 2.6232731084609299e+33 1.3517594513929037e+01 3.0000000000000000e+00 6.5708706783547211e-01
4.7933518621116680e+12 3.1989673130317948e-06 1.0518847219796015e+08 2.2902404660774063e+05 9.8250186204650223e+07 2.0814857979929823e+07 2.6431201460235347e+33 1.3454179721988805e+01 3.0000000000000000e+00 6.5106916568920381e-01
4.8149625328693730e+12 3.1778489333099182e-06 1.0426360608413383e+08 2.2851895661151200e+05 9.7386324737713113e+07 2.0631844039262250e+07 2.6631041648018385e+33 1.3391210882608892e+01 3.0000000000000000e+00 6.4511353001290472e-01
4.8366706346323604e+12 3.1568276331675128e-06 1.0334502388194741e+08 2.2801396125228942e+05 9.6528332692356199e+07 2.0450073568773683e+07 2.6832258416336748e+33 1.3328683493611116e+01 3.0000000000000000e+00 6.3921941076061395e-01
4.8584766066651436e+12 3.1359029247807813e-06 1.0243268518219770e+08 2.2750905497364310e+05 9.5676172324788317e+07 2.0269538572228201e+07 2.7034858517528518e+33 1.3266593090197883e+01 3.0000000000000000e+00 6.3338606752040039e-01
4.8803808902126484e+12 3.1150743263733364e-06 1.0152655000740278e+08 2.2700423226122285e+05 9.4829806294462889e+07 2.0090231138819739e+07 2.7238848686320371e+33 1.3204935244506707e+01 3.0000000000000000e+00 6.2761276938282018e-01
4.9023839285091357e+12 3.0943413621681404e-06 1.0062657880675331e+08 2.2649948764312017e+05 9.3989197659362391e+07 1.9912143442172766e+07 2.7444235638808829e+33 1.3143705565333756e+01 3.0000000000000000e+00 6.2189879481900923e-01
4.9244861667871748e+12 3.0737035623390181e-06 9.9732732451077938e+07 2.2599481569022185e+05 9.3154309871295795e+07 1.9735267739346378e+07 2.7651026071426232e+33 1.3082899697859926e+01 3.0000000000000000e+00 6.1624343156034855e-01
4.9466880522866523e+12 3.0531604629616985e-06 9.8844972227818683e+07 2.2549021101654758e+05 9.2325106771205589e+07 1.9559596369839307e+07 2.7859226659891243e+33 1.3022513323379481e+01 3.0000000000000000e+00 6.1064597647963936e-01
4.9689900342638203e+12 3.0327116059644964e-06 9.7963259836025119e+07 2.2498566827958345e+05 9.1501552584491774e+07 1.9385121754600111e+07 2.8068844058143828e+33 1.2962542159031262e+01 3.0000000000000000e+00 6.0510573547383895e-01
4.9913925640003887e+12 3.0123565390786268e-06 9.7087557381363258e+07 2.2448118218060187e+05 9.0683611916350141e+07 1.9211836395039361e+07 2.8279884897264763e+33 1.2902981957532408e+01 3.0000000000000000e+00 5.9962202334827019e-01
5.0138960948126553e+12 2.9920948157882824e-06 9.6217827371145919e+07 2.2397674746497441e+05 8.9871249747130543e+07 1.9039732872046195e+07 2.8492355784379579e+33 1.2843828506914690e+01 3.0000000000000000e+00 5.9419416370230793e-01
5.0365010820606826e+12 2.9719259952804080e-06 9.5354032709381476e+07 2.2347235892247298e+05 8.9064431427712247e+07 1.8868803845007725e+07 2.8706263301547014e+33 1.2785077630263370e+01 3.0000000000000000e+00 5.8882148881652197e-01
5.0592079831575049e+12 2.9518496423943143e-06 9.4496136691851839e+07 2.2296801138757478e+05 8.8263122674906284e+07 1.8699042050836664e+07 2.8921614004631852e+33 1.2726725185458641e+01 3.0000000000000000e+00 5.8350333954132083e-01
5.0820172575783906e+12 2.9318653275711170e-06 9.3644103001210392e+07 2.2246369973975106e+05 8.7467289566876948e+07 1.8530440303000364e+07 2.9138414422162397e+33 1.2668767064919678e+01 3.0000000000000000e+00 5.7823906518696355e-01
5.1049293668701367e+12 2.9119726268031035e-06 9.2797895702109516e+07 2.2195941890375386e+05 8.6676898538590819e+07 1.8362991490556158e+07 2.9356671054172427e+33 1.2611199195351260e+01 3.0000000000000000e+00 5.7302802341498915e-01
5.1279447746604111e+12 2.8921711215829986e-06 9.1957479236359209e+07 2.2145516384990519e+05 8.5891916377294391e+07 1.8196688577194493e+07 2.9576390371027845e+33 1.2554017537492999e+01 3.0000000000000000e+00 5.6786958013109423e-01
5.1510639466671289e+12 2.8724603988532194e-06 9.1122818418112561e+07 2.2095092959437531e+05 8.5112310218017459e+07 1.8031524600285370e+07 2.9797578812237993e+33 1.2497218085871243e+01 3.0000000000000000e+00 5.6276310937932494e-01
5.1742873507078799e+12 2.8528400509551650e-06 9.0293878429087132e+07 2.2044671119946463e+05 8.4338047539109498e+07 1.7867492669932943e+07 3.0020242785251923e+33 1.2440796868553598e+01 3.0000000000000000e+00 5.5770799323767428e-01
5.1976154567093965e+12 2.8333096755785469e-06 8.9470624813819587e+07 2.1994250377388560e+05 8.3569096157807291e+07 1.7704585968036957e+07 3.0244388664239652e+33 1.2384749946906130e+01 3.0000000000000000e+00 5.5270362171502296e-01
5.2210487367170566e+12 2.8138688757108247e-06 8.8653023474953547e+07 2.1943830247303937e+05 8.2805424225833789e+07 1.7542797747359365e+07 3.0470022788858556e+33 1.2329073415353315e+01 3.0000000000000000e+00 5.4774939264937805e-01
5.2445876649044434e+12 2.7945172595867686e-06 8.7841040668567687e+07 2.1893410249930172e+05 8.2047000225034133e+07 1.7382121330600750e+07 3.0697151463005269e+33 1.2273763401140670e+01 3.0000000000000000e+00 5.4284471160748038e-01
5.2682327175829346e+12 2.7752544406381803e-06 8.7034642999539495e+07 2.1842989910230722e+05 8.1293792963045239e+07 1.7222550109482810e+07 3.0925780953553146e+33 1.2218816064100196e+01 3.0000000000000000e+00 5.3798899178568749e-01
5.2919843732113398e+12 2.7560800374438462e-06 8.6233797416947573e+07 2.1792568757923355e+05 8.0545771569001704e+07 1.7064077543837599e+07 3.1155917489075657e+33 1.2164227596418630e+01 3.0000000000000000e+00 5.3318165391211658e-01
5.3158431124055889e+12 2.7369936736796673e-06 8.5438471209516823e+07 2.1742146327509946e+05 7.9802905489280984e+07 1.6906697160707586e+07 3.1387567258556112e+33 1.2109994222408517e+01 3.0000000000000000e+00 5.2842212615012618e-01
5.3398094179484502e+12 2.7179949780690623e-06 8.4648632001099914e+07 2.1691722158305661e+05 7.9065164483283177e+07 1.6750402553450204e+07 3.1620736410083872e+33 1.2056112198282230e+01 3.0000000000000000e+00 5.2370984400298770e-01
5.3638837747993027e+12 2.6990835843336605e-06 8.3864247746205583e+07 2.1641295794469863e+05 7.8332518619254187e+07 1.6595187380854173e+07 3.1855431049537638e+33 1.2002577811928880e+01 3.0000000000000000e+00 5.1904425021986378e-01
5.3880666701039502e+12 2.6802591311442498e-06 8.3085286725563750e+07 2.1590866785036778e+05 7.7604938270143375e+07 1.6441045366261153e+07 3.2091657239256142e+33 1.1949387382694253e+01 3.0000000000000000e+00 5.1442479470297131e-01
5.4123585932044756e+12 2.6615212620720771e-06 8.2311717541736141e+07 2.1540434683947323e+05 7.6882394109503746e+07 1.6287970296697166e+07 3.2329420996696838e+33 1.1896537261163822e+01 3.0000000000000000e+00 5.0985093441598084e-01
5.4367600356491475e+12 2.6428696255404299e-06 8.1543509114769012e+07 2.1489999050081969e+05 7.6164857107431322e+07 1.6135956022013068e+07 3.2568728293083037e+33 1.1844023828948805e+01 3.0000000000000000e+00 5.0532213329364362e-01
5.4612714912023604e+12 2.6243038747765809e-06 8.0780630677886769e+07 2.1439559447293810e+05 7.5452298526542962e+07 1.5984996454031456e+07 3.2809585052040138e+33 1.1791843498475487e+01 3.0000000000000000e+00 5.0083786215256298e-01
5.4858934558546328e+12 2.6058236677640344e-06 8.0023051773229301e+07 2.1389115444443090e+05 7.4744689917994767e+07 1.5835085565703670e+07 3.3051997148221716e+33 1.1739992712777735e+01 3.0000000000000000e+00 4.9639759860319232e-01
5.5106264278326367e+12 2.5874286671951368e-06 7.9270742247631937e+07 2.1338666615432542e+05 7.4042003117540374e+07 1.5686217390274739e+07 3.3295970405925942e+33 1.1688467945292857e+01 3.0000000000000000e+00 4.9200082696298314e-01
5.5354709076092861e+12 2.5691185404239718e-06 7.8523672248445034e+07 2.1288212539243593e+05 7.3344210241626278e+07 1.5538386020456297e+07 3.3541510597703478e+33 1.1637265699660867e+01 3.0000000000000000e+00 4.8764703817069610e-01
5.5604273979138594e+12 2.5508929594196277e-06 7.7781812219394967e+07 2.1237752799973270e+05 7.2651283683526054e+07 1.5391585607606811e+07 3.3788623442957404e+33 1.1586382509527233e+01 3.0000000000000000e+00 4.8333572970183014e-01
5.5854964037421738e+12 2.5327516007197022e-06 7.7045132896486074e+07 2.1187286986872676e+05 7.1963196109512210e+07 1.5245810360921582e+07 3.4037314606536301e+33 1.1535814938349210e+01 3.0000000000000000e+00 4.7906640548524021e-01
5.6106784323668037e+12 2.5146941453841270e-06 7.6313605303939357e+07 2.1136814694385772e+05 7.1279920455063164e+07 1.5101054546628593e+07 3.4287589697321447e+33 1.1485559579205837e+01 3.0000000000000000e+00 4.7483857582082589e-01
5.6359739933473438e+12 2.4967202789492159e-06 7.5587200750168383e+07 2.1086335522189102e+05 7.0601429921104386e+07 1.4957312487191971e+07 3.4539454266809277e+33 1.1435613054611732e+01 3.0000000000000000e+00 4.7065175729835290e-01
5.6613835985407256e+12 2.4788296913819243e-06 7.4865890823792502e+07 2.1035849075232784e+05 6.9927697970284536e+07 1.4814578560523881e+07 3.4792913807690344e+33 1.1385972016334724e+01 3.0000000000000000e+00 4.6650547271739479e-01
5.6869077621115664e+12 2.4610220770343050e-06 7.4149647389681607e+07 2.0985354963781539e+05 6.9258698323281229e+07 1.4672847199201155e+07 3.5047973752425862e+33 1.1336633145217544e+01 3.0000000000000000e+00 4.6239925100833185e-01
5.7125470005425811e+12 2.4432971345980446e-06 7.3438442585032538e+07 2.0934852803456609e+05 6.8594404955136195e+07 1.4532112889689097e+07 3.5304639471823622e+33 1.1287593151003566e+01 3.0000000000000000e+00 4.5833262715445439e-01
5.7383018326450293e+12 2.4256545670291930e-06 7.2732248814279810e+07 2.0884342215192271e+05 6.7934792090501681e+07 1.4392370171334373e+07 3.5562916273232880e+33 1.1238848772089481e+01 3.0000000000000000e+00 4.5430514211200568e-01
5.7641727795692119e+12 2.4080940813357218e-06 7.2031038738578811e+07 2.0833822824794485e+05 6.7279834193817526e+07 1.4253613634283895e+07 3.5822809396795403e+33 1.1190396774895579e+01 3.0000000000000000e+00 4.5031634271580334e-01
5.7901603648150234e+12 2.3906153888092866e-06 7.1334785283086717e+07 2.0783294263773167e+05 6.6629505976111442e+07 1.4115837920925904e+07 3.6084324017349795e+33 1.1142233954390136e+01 3.0000000000000000e+00 4.4636578163249169e-01
5.8162651142425371e+12 2.3732182048882627e-06 7.0643461629472435e+07 2.0732756169123854e+05 6.5983782388003260e+07 1.3979037724407529e+07 3.6347465241971138e+33 1.1094357133720072e+01 3.0000000000000000e+00 4.4245301727823794e-01
5.8424875560826504e+12 2.3559022490816694e-06 6.9957041210917115e+07 2.0682208183280239e+05 6.5342638615035325e+07 1.3843207787645465e+07 3.6612238108054222e+33 1.1046763163962350e+01 3.0000000000000000e+00 4.3857761374230619e-01
5.8688282209477715e+12 2.3386672449235924e-06 6.9275497708363399e+07 2.0631649954153993e+05 6.4706050074168853e+07 1.3708342902583661e+07 3.6878647581758479e+33 1.0999448923953818e+01 3.0000000000000000e+00 4.3473914071466718e-01
5.8952876418425596e+12 2.3215129199271234e-06 6.8598805046772391e+07 2.0581081135173677e+05 6.4073992410287991e+07 1.3574437909453219e+07 3.7146698556440001e+33 1.0952411320122785e+01 3.0000000000000000e+00 4.3093717341453291e-01
5.9218663541747061e+12 2.3044390055378937e-06 6.7926937391388670e+07 2.0530501385321864e+05 6.3446441492711209e+07 1.3441487696032401e+07 3.7416395851070638e+33 1.0905647286322324e+01 3.0000000000000000e+00 4.2717129251975100e-01
5.9485648957657725e+12 2.2874452370871754e-06 6.7259869144018635e+07 2.0479910369172139e+05 6.2823373411714882e+07 1.3309487196911266e+07 3.7687744208644524e+33 1.0859153783665274e+01 3.0000000000000000e+00 4.2344108409713943e-01
5.9753838068620674e+12 2.2705313537446565e-06 6.6597574939318217e+07 2.0429307756924047e+05 6.2204764475066222e+07 1.3178431392755978e+07 3.7960748294572034e+33 1.0812927800361008e+01 3.0000000000000000e+00 4.1974613953363560e-01
6.0023236301455869e+12 2.2536970984708575e-06 6.5940029641097777e+07 2.0378693224438082e+05 6.1590591204571620e+07 1.3048315309578471e+07 3.8235412695061573e+33 1.0766966351553849e+01 3.0000000000000000e+00 4.1608605546836686e-01
6.0293849107449893e+12 2.2369422179692808e-06 6.5287208338640466e+07 2.0328066453269112e+05 6.0980830332638048e+07 1.2919134018007321e+07 3.8511741915489198e+33 1.0721266479163262e+01 3.0000000000000000e+00 4.1246043372553576e-01
6.0565681962466260e+12 2.2202664626383192e-06 6.4639086343041159e+07 2.0277427130699792e+05 6.0375458798853159e+07 1.2790882632563964e+07 3.8789740378756485e+33 1.0675825251725714e+01 3.0000000000000000e+00 4.0886888124818749e-01
6.0838740367056260e+12 2.2036695865229435e-06 6.3995639183560394e+07 2.0226774949772365e+05 5.9774453746580310e+07 1.2663556310940290e+07 3.9069412423636869e+33 1.0630639764238264e+01 3.0000000000000000e+00 4.0531101003275943e-01
6.1113029846570234e+12 2.1871513472662011e-06 6.3356842604002513e+07 2.0176109609320841e+05 5.9177792519574940e+07 1.2537150253282722e+07 3.9350762303110723e+33 1.0585707138003889e+01 3.0000000000000000e+00 4.0178643706451544e-01
6.1388555951269375e+12 2.1707115060605898e-06 6.2722672559113786e+07 2.0125430814002169e+05 5.8585452658620693e+07 1.2411659701479306e+07 3.9633794182689468e+33 1.0541024520478501e+01 3.0000000000000000e+00 3.9829478425375975e-01
6.1665324256438066e+12 2.1543498275993282e-06 6.2093105211003922e+07 2.0074738274326874e+05 5.7997411898186870e+07 1.2287079938451145e+07 3.9918512138729151e+33 1.0496589085119718e+01 3.0000000000000000e+00 3.9483567837285111e-01
6.1943340362496660e+12 2.1380660800275211e-06 6.1468116925593138e+07 2.0024031706689944e+05 5.7413648163109787e+07 1.2163406287450101e+07 4.0204920156733763e+33 1.0452398031237372e+01 3.0000000000000000e+00 3.9140875099404726e-01
6.2222609895114834e+12 2.1218600348933157e-06 6.0847684269083783e+07 1.9973310833400779e+05 5.6834139565297164e+07 1.2040634111359866e+07 4.0493022129648830e+33 1.0408448583845775e+01 3.0000000000000000e+00 3.8801363842809888e-01
6.2503138505325400e+12 2.1057314670990316e-06 6.0231784004460230e+07 1.9922575382713543e+05 5.6258864400458969e+07 1.1918758812003778e+07 4.0782821856145516e+33 1.0364737993517739e+01 3.0000000000000000e+00 3.8464998166364173e-01
6.2784931869638691e+12 2.0896801548522929e-06 5.9620393088015497e+07 1.9871825088857074e+05 5.5687801144863099e+07 1.1797775829457235e+07 4.1074323038895995e+33 1.0321263536240382e+01 3.0000000000000000e+00 3.8131742630735566e-01
6.3067995690157383e+12 2.0737058796172282e-06 5.9013488665909082e+07 1.9821059692065272e+05 5.5120928452120081e+07 1.1677680641367024e+07 4.1367529282840329e+33 1.0278022513272751e+01 3.0000000000000000e+00 3.7801562252489201e-01
6.3352335694691895e+12 2.0578084260657258e-06 5.8411048070752420e+07 1.9770278938607022e+05 5.4558225149994016e+07 1.1558468762275197e+07 4.1662444093445584e+33 1.0235012251005241e+01 3.0000000000000000e+00 3.7474422498253251e-01
6.3637957636876299e+12 2.0419875820287959e-06 5.7813048818226136e+07 1.9719482580816414e+05 5.3999670237242997e+07 1.1440135742949426e+07 4.1959070874957740e+33 1.0192230100820888e+01 3.0000000000000000e+00 3.7150289278959225e-01
6.3924867296284746e+12 2.0262431384480128e-06 5.7219468603730671e+07 1.9668670377123990e+05 5.3445242880490229e+07 1.1322677169721372e+07 4.2257412928647034e+33 1.0149673438958503e+01 3.0000000000000000e+00 3.6829128944161016e-01
6.4213070478548398e+12 2.0105748893271586e-06 5.6630285299065903e+07 1.9617842092086875e+05 5.2894922411123201e+07 1.1206088663828123e+07 4.2557473451047377e+33 1.0107339666377726e+01 3.0000000000000000e+00 3.6510908276417448e-01
6.4502573015472920e+12 1.9949826316839479e-06 5.6045476949147090e+07 1.9566997496420867e+05 5.2348688322225824e+07 1.1090365880763782e+07 4.2859255532190723e+33 1.0065226208626020e+01 3.0000000000000000e+00 3.6195594485756755e-01
6.4793380765156484e+12 1.9794661655019833e-06 5.5465021768751331e+07 1.9516136367031641e+05 5.1806520265539810e+07 1.0975504509634562e+07 4.3162762153837053e+33 1.0023330515707595e+01 3.0000000000000000e+00 3.5883155204204087e-01
6.5085499612108301e+12 1.9640252936828453e-06 5.4888898139298752e+07 1.9465258487047168e+05 5.1268398048458025e+07 1.0861500272522202e+07 4.3467996187700932e+33 9.9816500619543724e+00 3.0000000000000000e+00 3.5573558480383777e-01
6.5378935467367705e+12 1.9486598219984108e-06 5.4317084605669223e+07 1.9414363645850861e+05 5.0734301631051064e+07 1.0748348923854459e+07 4.3774960393675498e+33 9.9401823458989771e+00 3.0000000000000000e+00 3.5266772774192079e-01
6.5673694268623760e+12 1.9333695590433492e-06 5.3749559873049960e+07 1.9363451639114559e+05 5.0204211123123072e+07 1.0636046249780679e+07 4.4083657418054927e+33 9.8989248901498197e+00 3.0000000000000000e+00 3.4962766951535046e-01
6.5969781980335410e+12 1.9181543161878232e-06 5.3186302803819492e+07 1.9312522268832754e+05 4.9678106781300992e+07 1.0524588067555500e+07 4.4394089791756406e+33 9.8578752412683102e+00 3.0000000000000000e+00 3.4661510279138047e-01
6.6267204593852148e+12 1.9030139075304131e-06 5.2627292414465435e+07 1.9261575343357358e+05 4.9155969006155767e+07 1.0413970224929042e+07 4.4706259928542708e+33 9.8170309696482789e+00 3.0000000000000000e+00 3.4362972419422155e-01
6.6565968127535303e+12 1.8879481498512110e-06 5.2072507872534744e+07 1.9210610677432868e+05 4.8637778339353681e+07 1.0304188599543238e+07 4.5020170123246697e+33 9.7763896693975987e+00 3.0000000000000000e+00 3.4067123425446555e-01
6.6866078626879766e+12 1.8729568625651445e-06 5.1521928493618011e+07 1.9159628092232236e+05 4.8123515460839726e+07 1.0195239098334890e+07 4.5335822549998920e+33 9.7359489582221599e+00 3.0000000000000000e+00 3.3773933735917394e-01
6.7167542164636357e+12 1.8580398676754464e-06 5.0975533738367245e+07 1.9108627415393788e+05 4.7613161186051853e+07 1.0087117656946171e+07 4.5653219260459775e+33 9.6957064773121626e+00 3.0000000000000000e+00 3.3483374170264513e-01
6.7470364840934688e+12 1.8431969897273368e-06 5.0433303209544405e+07 1.9057608481058001e+05 4.7106696463164456e+07 9.9798202391398847e+06 4.5972362182057726e+33 9.6556598912308687e+00 3.0000000000000000e+00 3.3195415923779598e-01
6.7774552783406602e+12 1.8284280557618214e-06 4.9895216649102569e+07 1.9006571129905444e+05 4.6604102370361805e+07 9.8733428362223133e+06 4.6293253116235019e+33 9.6158068878058440e+00 3.0000000000000000e+00 3.2910030562822012e-01
6.8080112147310176e+12 1.8137328952696397e-06 4.9361253935297012e+07 1.8955515209194907e+05 4.6105360113139868e+07 9.7676814664714746e+06 4.6615893736702839e+33 9.5761451780227667e+00 3.0000000000000000e+00 3.2627190020086688e-01
6.8387049115654287e+12 1.7991113401084542e-06 4.8831395078491531e+07 1.8904440572672681e+05 4.5610451020389199e+07 9.6628321743069794e+06 4.6940285587123052e+33 9.5366724958385234e+00 3.0000000000000000e+00 3.2346866589652512e-01
6.8695369899323682e+12 1.7845632243617269e-06 4.8305620214909196e+07 1.8853347080272925e+05 4.5119356538557850e+07 9.5587910290540699e+06 4.7266430077674677e+33 9.4973865978419205e+00 3.0000000000000000e+00 3.2069032921579427e-01
6.9005080737204678e+12 1.7700883844913238e-06 4.7783909611034445e+07 1.8802234598846128e+05 4.4632058235763125e+07 9.4555541258139797e+06 4.7594328486356514e+33 9.4582852635919110e+00 3.0000000000000000e+00 3.1793662018853752e-01
6.9316187896311416e+12 1.7556866592036280e-06 4.7266243657642469e+07 1.8751103001891088e+05 4.4148537796214856e+07 9.3531175842828639e+06 4.7923981955988804e+33 9.4193662953358306e+00 3.0000000000000000e+00 3.1520727232273721e-01
6.9628697671912676e+12 1.7413578893917720e-06 4.6752602866630562e+07 1.8699952169549058e+05 4.3668777017255612e+07 9.2514775481248479e+06 4.8255391492232617e+33 9.3806275178779988e+00 3.0000000000000000e+00 3.1250202255903647e-01
6.9942616387659238e+12 1.7271019180891470e-06 4.6242967868283391e+07 1.8648781988636666e+05 4.3192757806806557e+07 9.1506301844305284e+06 4.8588557961783593e+33 9.3420667784744662e+00 3.0000000000000000e+00 3.0982061122666443e-01
7.0257950395711855e+12 1.7129185904225526e-06 4.5737319408553302e+07 1.8597592352677847e+05 4.2720462180826969e+07 9.0505716831790265e+06 4.8923482090565417e+33 9.3036819467286449e+00 3.0000000000000000e+00 3.0716278199992786e-01
7.0574706076869805e+12 1.6988077535650517e-06 4.5235638346356153e+07 1.8546383161934448e+05 4.2251872260788426e+07 8.9512982567031998e+06 4.9260164461923421e+33 9.2654709144878211e+00 3.0000000000000000e+00 3.0452828185522990e-01
7.0892889840699971e+12 1.6847692566885597e-06 4.4737905650882043e+07 1.8495154323434789e+05 4.1786970271163158e+07 8.8528061391566414e+06 4.9598605514818637e+33 9.2274315957405424e+00 3.0000000000000000e+00 3.0191686102857851e-01
7.1212508125666572e+12 1.6708029509161753e-06 4.4244102398927070e+07 1.8443905751002114e+05 4.1325738536931582e+07 8.7550915859865118e+06 4.9938805542023019e+33 9.1895619265148376e+00 3.0000000000000000e+00 3.0251719205506922e-01
7.1533567399261436e+12 1.6569086892742990e-06 4.3754209772242121e+07 1.8392637365281052e+05 4.0868159481105931e+07 8.6581508734086026e+06 5.0280764688316143e+33 9.1518598647772755e+00 3.0000000000000000e+00 3.0399876362514899e-01
7.1856074158134863e+12 1.6430863266446111e-06 4.3268209054903314e+07 1.8341349093762977e+05 4.0414215622274466e+07 8.5619802978865691e+06 5.0624482948683937e+33 9.1143233903328582e+00 3.0000000000000000e+00 3.0548795672963591e-01
7.2180034928227090e+12 1.6293357197158494e-06 4.2786081630705826e+07 1.8290040870811255e+05 3.9963889572166756e+07 8.4665761756172441e+06 5.0969960166520091e+33 9.0769505047256942e+00 3.0000000000000000e+00 3.0698477069002822e-01
7.2505456264900332e+12 1.6156567269355309e-06 4.2307808980578505e+07 1.8238712637684139e+05 3.9517164033239178e+07 8.3719348420179943e+06 5.1317196031830531e+33 9.0397392311405032e+00 3.0000000000000000e+00 3.0848920416324255e-01
7.2832344753071455e+12 1.6020492084615502e-06 4.1833372680024788e+07 1.8187364342557790e+05 3.9074021796284512e+07 8.2780526512208218e+06 5.1666190079441721e+33 9.0026876143048806e+00 3.0000000000000000e+00 3.1000125513386673e-01
7.3160707007345205e+12 1.5885130261137522e-06 4.1362754396589227e+07 1.8135995940548205e+05 3.8634445738065526e+07 8.1849259755710680e+06 5.2016941687213221e+33 8.9657937203923641e+00 3.0000000000000000e+00 3.1152092090641798e-01
7.3490549672148066e+12 1.5750480433254718e-06 4.0895935887350008e+07 1.8084607393732248e+05 3.8198418818972960e+07 8.0925512051311377e+06 5.2369450074255304e+33 8.9290556369262681e+00 3.0000000000000000e+00 3.1304819809761708e-01
7.3821879421862686e+12 1.5616541250950993e-06 4.0432898996439844e+07 1.8033198671168013e+05 3.7765924080709927e+07 8.0009247471897639e+06 5.2723714299152112e+33 8.8924714726842797e+00 3.0000000000000000e+00 3.1458308262868434e-01
7.4154702960962949e+12 1.5483311379376530e-06 3.9973625652595475e+07 1.7981769748914824e+05 3.7336944644003019e+07 7.9100430257774256e+06 5.3079733258191205e+33 8.8560393576038194e+00 3.0000000000000000e+00 3.1612556971767924e-01
7.4489027024149668e+12 1.5350789498364602e-06 3.9518097866737351e+07 1.7930320610052370e+05 3.6911463706341669e+07 7.8199024811870698e+06 5.3437505683600152e+33 8.8197574426881715e+00 3.0000000000000000e+00 3.1767565387185054e-01
7.4824858376486797e+12 1.5218974301948826e-06 3.9066297729579642e+07 1.7878851244699763e+05 3.6489464539745800e+07 7.7304995695015825e+06 5.3797030141790846e+33 8.7836238999133709e+00 3.0000000000000000e+00 3.1923332888004130e-01
7.5162203813538398e+12 1.5087864497882079e-06 3.8618207409271792e+07 1.7827361650033656e+05 3.6070930488562942e+07 7.6418307621265538e+06 5.4158305031612467e+33 8.7476369221358325e+00 3.0000000000000000e+00 3.2079858780510240e-01
7.5501070161506084e+12 1.4957458807156417e-06 3.8173809149073146e+07 1.7775851830306806e+05 3.5655844967296228e+07 7.5538925453307657e+06 5.4521328582613814e+33 8.7117947230007822e+00 3.0000000000000000e+00 3.2237142297638549e-01
7.5841464277367188e+12 1.4827755963525017e-06 3.7733085265059732e+07 1.7724321796865604e+05 3.5244191458462454e+07 7.4666814197918549e+06 5.4886098853315921e+33 8.6760955368514132e+00 3.0000000000000000e+00 3.2395182598224065e-01
7.6183393049013506e+12 1.4698754713025716e-06 3.7296018143865436e+07 1.7672771568167990e+05 3.4835953510482229e+07 7.3801939001496593e+06 5.5252613729495795e+33 8.6405376186388256e+00 3.0000000000000000e+00 3.2553978766259029e-01
7.6526863395390654e+12 1.4570453813506835e-06 3.6862590240457281e+07 1.7621201169800939e+05 3.4431114735602021e+07 7.2944265145657975e+06 5.5620870922482304e+33 8.6051192438327639e+00 3.0000000000000000e+00 3.2713529810153980e-01
7.6871882266638115e+12 1.4442852034155172e-06 3.6432784075945869e+07 1.7569610634498112e+05 3.4029658807849035e+07 7.2093758042905414e+06 5.5990867967465260e+33 8.5698387083331191e+00 3.0000000000000000e+00 3.2873834662005719e-01
7.7218456644229814e+12 1.4315948155026587e-06 3.6006582235431448e+07 1.7518000002157455e+05 3.3631569461019263e+07 7.1250383232365847e+06 5.6362602221818443e+33 8.5346943283822618e+00 3.0000000000000000e+00 3.3034892176870795e-01
7.7566593541115449e+12 1.4189740966579006e-06 3.5583967365884662e+07 1.7466369319858623e+05 3.3236830486698169e+07 7.0414106375595080e+06 5.6736070863438165e+33 8.4996844404781307e+00 3.0000000000000000e+00 3.3196701132044826e-01
7.7916300001862383e+12 1.4064229269208416e-06 3.5164922174065009e+07 1.7414718641880911e+05 3.2845425732316330e+07 6.9584893252460454e+06 5.7111270889098071e+33 8.4648074012882333e+00 3.0000000000000000e+00 3.3359260226350373e-01
7.8267583102798145e+12 1.3939411872787599e-06 3.4749429424474917e+07 1.7363048029721185e+05 3.2457339099238485e+07 6.8762709757092977e+06 5.7488199112821609e+33 8.4300615875644382e+00 3.0000000000000000e+00 3.3522568079432158e-01
7.8620449952153691e+12 1.3815287596207897e-06 3.4337471937350169e+07 1.7311357552111830e+05 3.2072554540886544e+07 6.7947521893909005e+06 5.7866852164273461e+33 8.3954453960586548e+00 3.0000000000000000e+00 3.3686623231059476e-01
7.8974907690207188e+12 1.3691855266924068e-06 3.3929032586687207e+07 1.7259647285038990e+05 3.1691056060897015e+07 6.7139295773705738e+06 5.8247226487171240e+33 8.3609572434394064e+00 3.0000000000000000e+00 3.3851424140437419e-01
7.9330963489428516e+12 1.3569113720502308e-06 3.3524094298308186e+07 1.7207917311761482e+05 3.1312827711313646e+07 6.6337997609836152e+06 5.8629318337718826e+33 8.3265955662093312e+00 3.0000000000000000e+00 3.4016969185529905e-01
7.9688624554624395e+12 1.3447061800171283e-06 3.3122640047960930e+07 1.7156167722829309e+05 3.0937853590812724e+07 6.5543593714446081e+06 5.9013123783063028e+33 8.2923588206236367e+00 3.0000000000000000e+00 3.4183256662389711e-01
8.0047898123084209e+12 1.3325698356376622e-06 3.2724652859457131e+07 1.7104398616102926e+05 3.0566117842964090e+07 6.4756050494791344e+06 5.9398638699774884e+33 8.2582454826095173e+00 3.0000000000000000e+00 3.4350284784501006e-01
8.0408791464726396e+12 1.3205022246338391e-06 3.2330115802845638e+07 1.7052610096772405e+05 3.0197604654524926e+07 6.3975334449621402e+06 5.9785858772357450e+33 8.2242540476866104e+00 3.0000000000000000e+00 3.4518051682132067e-01
8.0771311882245596e+12 1.3085032333611757e-06 3.1939011992622696e+07 1.7000802277377166e+05 2.9832298253768057e+07 6.3201412165639279e+06 6.0174779491781875e+33 8.1903830308885102e+00 3.0000000000000000e+00 3.4686555401701624e-01
8.1135466711260410e+12 1.2965727487650732e-06 3.1551324585977767e+07 1.6948975277825858e+05 2.9470182908843391e+07 6.2434250314031336e+06 6.0565396154053459e+33 8.1566309666853591e+00 3.0000000000000000e+00 3.4855793905158400e-01
8.1501263320461836e+12 1.2847106582984477e-06 3.1167036779810783e+07 1.6897129225244874e+05 2.9111242924992044e+07 6.1673815644562300e+06 6.0957703858119659e+33 8.1229964088382705e+00 3.0000000000000000e+00 3.5025765069073050e-01
8.1868709111762363e+12 1.2729168498266029e-06 3.0786131807387583e+07 1.6845264253763435e+05 2.8755462641422324e+07 6.0920074978957921e+06 6.1351697503389690e+33 8.0894779302165780e+00 3.0000000000000000e+00 3.5196466683564193e-01
8.2237811520445791e+12 1.2611912117253595e-06 3.0408592941264577e+07 1.6793380505146628e+05 2.8402826434041455e+07 6.0172995216693832e+06 6.1747371790804485e+33 8.0560741229689992e+00 3.0000000000000000e+00 3.5367896452762665e-01
8.2608578015317637e+12 1.2495336327672961e-06 3.0034403489363421e+07 1.6741478128503641e+05 2.8053318711789180e+07 5.9432543327227365e+06 6.2144721220336524e+33 8.0227835983302072e+00 3.0000000000000000e+00 3.5540051993728000e-01
8.2981016098856270e+12 1.2379440020742513e-06 2.9663546793229830e+07 1.6689557280280645e+05 2.7706923915011518e+07 5.8698686346549438e+06 6.2543740089534392e+33 7.9896049865324867e+00 3.0000000000000000e+00 3.5712930835816281e-01
8.3355133307364756e+12 1.2264222090742255e-06 2.9296006226462375e+07 1.6637618124272116e+05 2.7363626513993014e+07 5.7971391374080889e+06 6.2944422492165330e+33 7.9565369367249890e+00 3.0000000000000000e+00 3.5886530420095325e-01
8.3730937211123350e+12 1.2149681434582943e-06 2.8931765193164539e+07 1.6585660831629409e+05 2.7023411007511113e+07 5.7250625569602717e+06 6.3346762316881434e+33 7.9235781168930401e+00 3.0000000000000000e+00 3.6060848098762571e-01
8.4108435414542637e+12 1.2035816951375103e-06 2.8570807126424629e+07 1.6533685580868844e+05 2.6686261921416167e+07 5.6536356150253899e+06 6.3750753245910235e+33 7.8907272137774447e+00 3.0000000000000000e+00 3.6235881134581521e-01
8.4487635556317803e+12 1.1922627541998521e-06 2.8213115486821044e+07 1.6481692557877384e+05 2.6352163807235353e+07 5.5828550387570877e+06 6.4156388753770871e+33 7.8579829327937274e+00 3.0000000000000000e+00 3.6411626700323840e-01
8.4868545309581816e+12 1.1810112108672946e-06 2.7858673760957260e+07 1.6429681955917185e+05 2.6021101240804337e+07 5.5127175604587719e+06 6.4563662106014053e+33 7.8253439979514940e+00 3.0000000000000000e+00 3.6588081878222650e-01
8.5251172382062734e+12 1.1698269554528823e-06 2.7507465460023366e+07 1.6377653975628625e+05 2.5693058820923626e+07 5.4432199172992269e+06 6.4972566357992173e+33 7.7928091517734170e+00 3.0000000000000000e+00 3.6765243659441615e-01
8.5635524516238311e+12 1.1587098783180273e-06 2.7159474118389163e+07 1.6325608825031819e+05 2.5368021168044508e+07 5.3743588510339949e+06 6.5383094353652792e+33 7.7603771552144387e+00 3.0000000000000000e+00 3.6943108943550595e-01
8.6021609489493018e+12 1.1476598698299240e-06 2.6814683292227298e+07 1.6273546719527012e+05 2.5045972922982950e+07 5.3061311077330559e+06 6.5795238724361901e+33 7.7280467875807251e+00 3.0000000000000000e+00 3.7121674538016824e-01
8.6409435114275410e+12 1.1366768203191508e-06 2.6473076558167037e+07 1.6221467881893355e+05 2.4726898745662265e+07 5.2385334375142977e+06 6.6208991887755186e+33 7.6958168464485022e+00 3.0000000000000000e+00 3.7300937157706249e-01
8.6799009238256211e+12 1.1257606200374956e-06 2.6134637511981059e+07 1.6169372542286833e+05 2.4410783313886464e+07 5.1715625942838052e+06 6.6624346046618586e+33 7.6636861475827747e+00 2.9999999999999996e+00 3.7480893424399336e-01
8.7190339744487100e+12 1.1149111591160025e-06 2.5799349767304152e+07 1.6117260938236711e+05 2.4097611322143406e+07 5.1052153354822341e+06 6.7041293187798781e+33 7.6316535248558655e+00 2.9999999999999996e+00 3.7661539866319033e-01
8.7583434551560254e+12 1.1041283275233051e-06 2.5467196954385739e+07 1.6065133314640977e+05 2.3787367480439771e+07 5.0394884218379399e+06 6.7459825081144419e+33 7.5997178301657922e+00 2.9999999999999996e+00 3.7842872917671178e-01
8.7978301613768574e+12 1.0934120150242358e-06 2.5138162718876593e+07 1.6012989923760830e+05 2.3480036513167623e+07 4.9743786171269398e+06 6.7879933278478704e+33 7.5678779333544242e+00 2.9999999999999996e+00 3.8024888918200345e-01
8.8374948921266582e+12 1.0827621111387579e-06 2.4812230720650006e+07 1.5960831025214115e+05 2.3175603158003461e+07 4.9098826879396522e+06 6.8301609112604269e+33 7.5361327221254761e+00 2.9999999999999996e+00 3.8207584112758419e-01
8.8773384500232227e+12 1.0721785051012301e-06 2.4489384632657826e+07 1.5908656885967666e+05 2.2874052164839700e+07 4.8459974034543838e+06 6.8724843696341093e+33 7.5044811019622362e+00 2.9999999999999996e+00 3.8390954650886683e-01
8.9173616413029141e+12 1.0616610858200362e-06 2.4169608139823254e+07 1.5856467780329363e+05 2.2575368294750396e+07 4.7827195352185685e+06 6.9149627921598048e+33 7.4729219960451072e+00 2.9999999999999996e+00 3.8574996586416271e-01
8.9575652758369941e+12 1.0512097418376036e-06 2.3852884937968273e+07 1.5804263989938522e+05 2.2279536318989582e+07 4.7200458569360990e+06 6.9575952458479364e+33 7.4414543451688662e+00 2.9999999999999996e+00 3.8759705877077516e-01
8.9979501671479941e+12 1.0408243612908260e-06 2.3539198732779313e+07 1.5752045803756447e+05 2.1986541018024992e+07 4.6579731442629611e+06 7.0003807754426269e+33 7.4100771076597214e+00 2.9999999999999996e+00 3.8945078384130905e-01
9.0385171324261934e+12 1.0305048318719014e-06 2.3228533238808315e+07 1.5699813518055674e+05 2.1696367180605177e+07 4.5964981746094152e+06 7.0433184033395274e+33 7.3787892592920645e+00 2.9999999999999996e+00 3.9131109872009240e-01
9.0792669925461406e+12 1.0202510407896347e-06 2.2920872178512387e+07 1.5647567436409026e+05 2.1408999602862373e+07 4.5356177269500429e+06 7.0864071295073512e+33 7.3475897932050067e+00 2.9999999999999996e+00 3.9317796007978972e-01
9.1202005720832734e+12 1.0100628747311833e-06 2.2616199281330075e+07 1.5595307869677950e+05 2.1124423087449748e+07 4.4753285816409960e+06 7.1296459314132353e+33 7.3164777198186250e+00 2.9999999999999996e+00 3.9505132361816753e-01
9.1613186993306016e+12 9.9994021982431197e-07 2.2314498282795638e+07 1.5543035136000102e+05 2.0842622442714158e+07 4.4156275202444410e+06 7.1730337639520234e+33 7.2854520667499445e+00 2.9999999999999991e+00 3.9693114405500729e-01
9.2026222063154648e+12 9.8988296160010819e-07 2.2015752923691716e+07 1.5490749560777249e+05 2.0563582481904600e+07 4.3565113253613543e+06 7.2165695593795499e+33 7.2545118787286711e+00 2.9999999999999991e+00 3.9881737512925564e-01
9.2441119288163730e+12 9.7989098495624921e-07 2.1719946949239232e+07 1.5438451476661814e+05 2.0287288022415653e+07 4.2979767804707363e+06 7.2602522272500579e+33 7.2236562175126382e+00 2.9999999999999991e+00 4.0070996959626942e-01
9.2857887063799160e+12 9.6996417412075756e-07 2.1427064108326305e+07 1.5386141223544057e+05 2.0013723885067146e+07 4.2400206697774790e+06 7.3040806543578262e+33 7.1928841618030068e+00 2.9999999999999991e+00 4.0260887922532795e-01
9.3276533823377520e+12 9.6010241261633229e-07 2.1137088152774654e+07 1.5333819148538128e+05 1.9742874893419050e+07 4.1826397780668340e+06 7.3480537046831519e+33 7.1621948071592199e+00 2.9999999999999991e+00 4.0451405479725944e-01
9.3697068038236699e+12 9.5030558322519616e-07 2.0850002836644266e+07 1.5281485605968331e+05 1.9474725873121951e+07 4.1258308905669493e+06 7.3921702193427743e+33 7.1315872659136890e+00 2.9999999999999987e+00 4.0642544610230347e-01
9.4119498217907383e+12 9.4057356795451728e-07 2.0565791915576454e+07 1.5229140957355226e+05 1.9209261651303459e+07 4.0695907928189933e+06 7.4364290165448896e+33 7.1010606670862666e+00 2.9999999999999987e+00 4.0834300193817546e-01
9.4543832910285156e+12 9.3090624800240564e-07 2.0284439146174580e+07 1.5176785571401223e+05 1.8946467055989772e+07 4.0139162705544387e+06 7.4808288915488489e+33 7.0706141562984861e+00 2.9999999999999987e+00 4.1026667010830281e-01
9.4970080701803535e+12 9.2130350372446408e-07 2.0005928285422336e+07 1.5124419823976193e+05 1.8686326915562339e+07 3.9588041095800097e+06 7.5253686166297257e+33 7.0402468956876056e+00 2.9999999999999987e+00 4.1219639742029596e-01
9.5398250217607695e+12 9.1176521460092522e-07 1.9730243090139914e+07 1.5072044098103023e+05 1.8428826058249865e+07 3.9042510956701636e+06 7.5700469410478350e+33 7.0099580638204513e+00 2.9999999999999982e+00 4.1413212968463636e-01
9.5828350121729004e+12 9.0229125920438098e-07 1.9457367316476960e+07 1.5019658783942653e+05 1.8173949311654784e+07 3.8502540144665451e+06 7.6148625910233954e+33 6.9797468556071083e+00 2.9999999999999982e+00 4.1607381171355778e-01
9.6260389117260293e+12 8.9288151516807836e-07 1.9187284719442919e+07 1.4967264278779452e+05 1.7921681502314508e+07 3.7968096513852519e+06 7.6598142697164602e+33 6.9496124822144658e+00 2.9999999999999982e+00 4.1802138732019878e-01
9.6694375946532031e+12 8.8353585915199873e-07 1.8919979052393150e+07 1.4914860986990231e+05 1.7672007455221470e+07 3.7439147915150425e+06 7.7049006572079993e+33 6.9195541709765651e+00 2.9999999999999978e+00 4.1997479931777099e-01
9.7130319391289219e+12 8.7425416674825769e-07 1.8655434064810239e+07 1.4862449319665489e+05 1.7424911991750792e+07 3.6915662191783548e+06 7.7501204103856780e+33 6.8895711652336349e+00 2.9999999999999978e+00 4.2193398951461658e-01
9.7568228272869043e+12 8.6503631252340049e-07 1.8393633504023917e+07 1.4810029694992746e+05 1.7180379931266725e+07 3.6397607182715829e+06 7.7954721630374187e+33 6.8596627243167010e+00 2.9999999999999973e+00 4.2389889871825476e-01
9.8008111452379395e+12 8.5588216998843159e-07 1.8134561114865001e+07 1.4757602538238320e+05 1.6938396090799458e+07 3.5884950721966596e+06 7.8409545258576788e+33 6.8298281234636198e+00 2.9999999999999969e+00 4.2586946673565884e-01
9.8449977830878223e+12 8.4679161154771961e-07 1.7878200638743307e+07 1.4705168281602900e+05 1.6698945284183811e+07 3.5377660636784979e+06 7.8865660864160107e+33 6.8000666537047465e+00 2.9999999999999969e+00 4.2784563237189022e-01
9.8893836349553535e+12 8.3776450846995278e-07 1.7624535813376069e+07 1.4652727364196879e+05 1.6462012321805594e+07 3.4875704747114400e+06 7.9323054091618849e+33 6.7703776217705656e+00 2.9999999999999964e+00 4.2982733343031931e-01
9.9339695989904453e+12 8.2880073085948095e-07 1.7373550372544859e+07 1.4600280232013389e+05 1.6227582010374555e+07 3.4379050865109246e+06 7.9781710354345380e+33 6.7407603499986593e+00 2.9999999999999960e+00 4.3181450671303356e-01
9.9787565773922891e+12 8.1990014762805479e-07 1.7125228045882296e+07 1.4547827337900089e+05 1.5995639152725155e+07 3.3887666794714290e+06 8.0241614834778576e+33 6.7112141762400279e+00 2.9999999999999956e+00 4.3380708802149404e-01
1.0023745476427609e+13 8.1106262646697764e-07 1.6879552558687750e+07 1.4495369141528913e+05 1.5766168547644440e+07 3.3401520331299505e+06 8.0702752484603714e+33 6.6817384537647397e+00 2.9999999999999951e+00 4.3580501215739936e-01
1.0068937206449008e+13 8.0228803381970388e-07 1.6636507631773135e+07 1.4442906109364238e+05 1.5539154989727978e+07 3.2920579261354711e+06 8.1165108025003862e+33 6.6523325511668654e+00 2.9999999999999947e+00 4.3780821292377153e-01
1.0114332681913375e+13 7.9357623485489647e-07 1.6396076981339047e+07 1.4390438714629714e+05 1.5314583269264169e+07 3.2444811362246396e+06 8.1628665946962976e+33 6.6229958522687058e+00 2.9999999999999942e+00 4.3981662312629033e-01
1.0159932821400408e+13 7.8492709343997794e-07 1.6158244318880461e+07 1.4337967437272688e+05 1.5092438172146231e+07 3.1974184402027000e+06 8.2093410511621499e+33 6.5937277560242800e+00 2.9999999999999933e+00 4.4183017457478690e-01
1.0205738547631188e+13 7.7634047211516847e-07 1.5922993351124190e+07 1.4285492763928266e+05 1.4872704479813682e+07 3.1508666139315334e+06 8.2559325750684422e+33 6.5645276764220668e+00 2.9999999999999929e+00 4.4384879808506011e-01
1.0251750787486852e+13 7.6781623206806216e-07 1.5690307779996268e+07 1.4233015187881066e+05 1.4655366969221935e+07 3.1048224323230018e+06 8.3026395466882587e+33 6.5353950423869840e+00 2.9999999999999920e+00 4.4587242348085343e-01
1.0297970472027352e+13 7.5935423310873911e-07 1.5460171302620538e+07 1.4180535209025850e+05 1.4440410412840975e+07 3.0592826693386873e+06 8.3494603234487421e+33 6.5063292976815728e+00 2.9999999999999911e+00 4.4790097959608433e-01
1.0344398536510295e+13 7.5095433364544337e-07 1.5232567611348486e+07 1.4128053333826869e+05 1.4227819578683212e+07 3.0142440979958265e+06 8.3963932399879638e+33 6.4773299008064100e+00 2.9999999999999902e+00 4.4993439427731385e-01
1.0391035920409861e+13 7.4261639066083228e-07 1.5007480393819811e+07 1.4075570075275732e+05 1.4017579230360063e+07 2.9697034903792427e+06 8.4434366082172037e+33 6.4483963248997069e+00 2.9999999999999889e+00 4.5197259438643750e-01
1.0437883567435828e+13 7.3434025968883095e-07 1.4784893333054656e+07 1.4023085952848289e+05 1.3809674127168102e+07 2.9256576176596726e+06 8.4905887173887312e+33 6.4195280576360929e+00 2.9999999999999876e+00 4.5401550580363159e-01
1.0484942425552648e+13 7.2612579479209565e-07 1.4564790107576851e+07 1.3970601492460188e+05 1.3604089024204141e+07 2.8821032501181280e+06 8.5378478341690393e+33 6.3907246011245782e+00 2.9999999999999862e+00 4.5606305343052450e-01
1.0532213446998650e+13 7.1797284854010772e-07 1.4347154391568106e+07 1.3918117226421158e+05 1.3400808672509339e+07 2.8390371571763176e+06 8.5852122027176763e+33 6.3619854718056956e+00 2.9999999999999849e+00 4.5811516119359580e-01
1.0579697588305291e+13 7.0988127198790692e-07 1.4131969855054045e+07 1.3865633693388762e+05 1.3199817819242829e+07 2.7964561074336590e+06 8.6326800447716181e+33 6.3333102003477979e+00 2.9999999999999831e+00 4.6017175204786664e-01
1.0627395810316521e+13 7.0185091465549173e-07 1.3919220164120378e+07 1.3813151438320370e+05 1.3001101207883781e+07 2.7543568687097994e+06 8.6802495597352867e+33 6.3046983315425251e+00 2.9999999999999809e+00 4.6223274798075392e-01
1.0675309078208227e+13 6.9388162450788369e-07 1.3708888981161045e+07 1.3760671012425056e+05 1.2804643578463061e+07 2.7127362080939682e+06 8.7279189247762194e+33 6.2761494241994278e+00 2.9999999999999791e+00 4.6429807001626078e-01
1.0723438361507756e+13 6.8597324793587857e-07 1.3500959965156257e+07 1.3708192973113863e+05 1.2610429667822985e+07 2.6715908919998170e+06 8.7756862949264484e+33 6.2476630510397539e+00 2.9999999999999765e+00 4.6636763821933619e-01
1.0771784634113539e+13 6.7812562973749573e-07 1.3295416771981705e+07 1.3655717883949698e+05 1.2418444209906148e+07 2.6309176862266827e+06 8.8235498031896225e+33 6.2192387985893998e+00 2.9999999999999738e+00 4.6844137170052874e-01
1.0820348874314795e+13 6.7033861310013301e-07 1.3092243054748075e+07 1.3603246314596321e+05 1.2228671936072487e+07 2.5907133560267640e+06 8.8715075606539160e+33 6.1908762670710233e+00 2.9999999999999707e+00 4.7051918862088216e-01
1.0869132064811332e+13 6.6261203958343816e-07 1.2891422464170491e+07 1.3550778840766562e+05 1.2041097575444423e+07 2.5509746661782083e+06 8.9195576566108006e+33 6.1625750702953326e+00 2.9999999999999676e+00 4.7260100619707079e-01
1.0918135192733424e+13 6.5494574910290530e-07 1.2692938648968004e+07 1.3498316044169961e+05 1.1855705855279945e+07 2.5116983810641826e+06 8.9676981586796667e+33 6.1343348355515523e+00 2.9999999999999636e+00 4.7468674070680644e-01
1.0967359249661789e+13 6.4733957991420958e-07 1.2496775256292665e+07 1.3445858512459818e+05 1.1672481501373399e+07 2.4728812647578041e+06 9.0159271129384194e+33 6.1061552034970950e+00 2.9999999999999591e+00 4.7677630749450106e-01
1.1016805231647658e+13 6.3979336859827459e-07 1.2302915932187367e+07 1.3393406839179457e+05 1.1491409238483144e+07 2.4345200811126791e+06 9.0642425440600610e+33 6.0780358280464206e+00 2.9999999999999547e+00 4.7886962097717284e-01
1.1066474139232928e+13 6.3230695004709914e-07 1.2111344322072962e+07 1.3340961623708170e+05 1.1312473790786531e+07 2.3966115938592935e+06 9.1126424554553251e+33 6.0499763762591208e+00 2.9999999999999489e+00 4.8096659465062636e-01
1.1116366977470398e+13 6.2488015745032269e-07 1.1922044071263582e+07 1.3288523471206805e+05 1.1135659882361213e+07 2.3591525667071100e+06 9.1611248294214317e+33 6.0219765282272588e+00 2.9999999999999432e+00 4.8306714109591847e-01
1.1166484755944125e+13 6.1751282228255510e-07 1.1734998825509435e+07 1.3236092992562318e+05 1.0960952237692187e+07 2.3221397634517592e+06 9.2096876272970571e+33 5.9940359769619418e+00 2.9999999999999361e+00 4.8517117198603371e-01
1.1216828488789836e+13 6.1020477429146198e-07 1.1550192231567800e+07 1.3183670804332691e+05 1.0788335582205059e+07 2.2855699480882282e+06 9.2583287896235340e+33 5.9661544282792045e+00 2.9999999999999285e+00 4.8727859809290847e-01
1.1267399194715457e+13 6.0295584148660698e-07 1.1367607937800236e+07 1.3131257528690930e+05 1.0617794642823910e+07 2.2494398849289799e+06 9.3070462363124412e+33 5.9383316006851841e+00 2.9999999999999201e+00 4.8938932929467471e-01
1.1318197897021729e+13 5.9576585012906588e-07 1.1187229594796492e+07 1.3078853793368739e+05 1.0449314148554044e+07 2.2137463387273457e+06 9.3558378668196078e+33 5.9105672252606478e+00 2.9999999999999103e+00 4.9150327458319065e-01
1.1369225623622908e+13 5.8863462472178196e-07 1.1009040856023898e+07 1.3026460231599936e+05 1.0282878831088545e+07 2.1784860748060662e+06 9.4047015603256610e+33 5.8828610455448889e+00 2.9999999999998992e+00 4.9362034207186939e-01
1.1420483407067568e+13 5.8156198800069937e-07 1.0833025378502531e+07 1.2974077482063771e+05 1.0118473425438866e+07 2.1436558591909944e+06 9.4536351759232174e+33 5.8552128174190461e+00 2.9999999999998872e+00 4.9574043900381043e-01
1.1471972284559494e+13 5.7454776092432978e-07 1.0659166823446847e+07 1.2921706188809877e+05 9.9560826705342270e+06 2.1092524587378651e+06 9.5026365528076371e+33 5.8276223089872268e+00 2.9999999999998730e+00 4.9786347176002066e-01
1.1523693297978676e+13 5.6759176262983343e-07 1.0487448856089842e+07 1.2869347000923968e+05 9.7956913090572953e+06 2.0752726410976378e+06 9.5517035104226293e+33 5.8000893004310861e+00 2.9999999999998574e+00 4.9998934586575389e-01
1.1575647493902377e+13 5.6069381047151241e-07 1.0317855147555888e+07 1.2817000572801669e+05 9.6372840891935062e+06 2.0417131750871502e+06 9.6008338487199485e+33 5.7726135839187638e+00 2.9999999999998397e+00 5.0211796600177627e-01
1.1627835923626326e+13 5.5385372000968375e-07 1.0150369375497838e+07 1.2764667564051040e+05 9.4808457652261779e+06 2.0085708308149867e+06 9.6500253483659468e+33 5.7451949634822084e+00 2.9999999999998197e+00 5.0424923601326566e-01
1.1680259643185982e+13 5.4707130499446518e-07 9.9849752246181965e+06 1.2712348639348522e+05 9.3263610980232600e+06 1.9758423797848071e+06 9.6992757709419426e+33 5.7178332548877551e+00 2.9999999999997971e+00 5.0638305891854218e-01
1.1732919713377910e+13 5.4034637736095465e-07 9.8216563874758165e+06 1.2660044468372790e+05 9.1738148557908684e+06 1.9435245950548484e+06 9.7485828591647687e+33 5.6905282855131354e+00 2.9999999999997713e+00 5.0851933691859064e-01
1.1785817199781232e+13 5.3367874722502696e-07 9.6603965653111935e+06 1.2607755725737542e+05 9.0231918148440849e+06 1.9116142514013303e+06 9.7979443371134218e+33 5.6632798942237015e+00 2.9999999999997424e+00 5.1065797140690494e-01
1.1838953172779209e+13 5.2706822287975142e-07 9.5011794688890856e+06 1.2555483090922350e+05 8.8744767603940479e+06 1.8801081254851245e+06 9.8473579104618048e+33 5.6360879312478680e+00 2.9999999999997096e+00 5.1279886297955524e-01
1.1892328707580885e+13 5.2051461079244505e-07 9.3439888193589188e+06 1.2503227248202224e+05 8.7276544873515777e+06 1.8490029960220270e+06 9.8968212667174938e+33 5.6089522580517546e+00 2.9999999999996727e+00 5.1494191144553458e-01
1.1945944884242850e+13 5.1401771560236808e-07 9.1888083491324279e+06 1.2450988886575709e+05 8.5827098011469524e+06 1.8182956439564337e+06 9.9463320754665318e+33 5.5818727472130760e+00 2.9999999999996305e+00 5.1708701583736483e-01
1.1999802787691090e+13 5.0757734011906497e-07 9.0356218027782701e+06 1.2398768699691663e+05 8.4396275185654666e+06 1.7879828526384165e+06 9.9958879886241948e+33 5.5548492822941968e+00 2.9999999999995830e+00 5.1923407442198155e-01
1.2053903507742955e+13 5.0119328532137633e-07 8.8844129379332606e+06 1.2346567385774435e+05 8.2983924685986107e+06 1.7580614080039554e+06 1.0045486640691720e+34 5.5278817577144164e+00 2.9999999999995288e+00 5.2138298471182409e-01
1.2108248139129188e+13 4.9486535035711036e-07 8.7351655262300968e+06 1.2294385647548005e+05 8.1589894933105819e+06 1.7285280987585508e+06 1.0095125649018898e+34 5.5009700786214815e+00 2.9999999999994671e+00 5.2353364347623033e-01
1.2162837781516100e+13 4.8859333254338871e-07 8.5878633542410396e+06 1.2242224192158857e+05 8.0214034487197120e+06 1.6993797165639848e+06 1.0144802614072587e+34 5.4741141607622819e+00 2.9999999999993974e+00 5.2568594675307323e-01
1.2217673539527807e+13 4.8237702736767627e-07 8.4424902244373150e+06 1.2190083731097673e+05 7.8856192056945926e+06 1.6706130562281765e+06 1.0194515119711004e+34 5.4473139303527862e+00 2.9999999999993183e+00 5.2783978986064417e-01
1.2272756522768586e+13 4.7621622848950043e-07 8.2990299561636606e+06 1.2137964980119662e+05 7.7516216508643525e+06 1.6422249158979265e+06 1.0244260733463824e+34 5.4205693239472073e+00 2.9999999999992282e+00 5.2999506740976687e-01
1.2328087845845334e+13 4.7011072774285044e-07 8.1574663866279619e+06 1.2085868659164399e+05 7.6193956875429917e+06 1.6142120972549154e+06 1.0294037006818028e+34 5.3938802883063799e+00 2.9999999999991256e+00 5.3215167331622448e-01
1.2383668628390109e+13 4.6406031513929194e-07 8.0177833719051499e+06 1.2033795492273977e+05 7.4889262366670892e+06 1.5865714057141871e+06 1.0343841475509433e+34 5.3672467802654147e+00 2.9999999999990088e+00 5.3430950081334239e-01
1.2439499995082803e+13 4.5806477887176216e-07 7.8799647879551835e+06 1.1981746207510756e+05 7.3601982377466168e+06 1.5592996506257004e+06 1.0393671659819907e+34 5.3406687666005821e+00 2.9999999999988756e+00 5.3646844246489966e-01
1.2495583075673881e+13 4.5212390531908137e-07 7.7439945316546289e+06 1.1929721536873994e+05 7.2331966498284861e+06 1.5323936454784323e+06 1.0443525064880187e+34 5.3141462238954880e+00 2.9999999999987241e+00 5.3862839017824038e-01
1.2551919005007260e+13 4.4623747905116642e-07 7.6098565218412159e+06 1.1877722216215628e+05 7.1079064524721978e+06 1.5058502081070589e+06 1.0493399180978285e+34 5.2876791384065154e+00 2.9999999999985514e+00 5.4078923521762945e-01
1.2608508923043256e+13 4.4040528283495229e-07 7.4775347003710400e+06 1.1825748985155363e+05 6.9843126467373194e+06 1.4796661609011653e+06 1.0543291483873443e+34 5.2612675059276057e+00 2.9999999999983542e+00 5.4295086821785898e-01
1.2665353974881664e+13 4.3462709764102207e-07 7.3470130331877647e+06 1.1773802586994969e+05 6.8624002561821649e+06 1.4538383310168008e+06 1.0593199435115587e+34 5.2349113316543257e+00 2.9999999999981291e+00 5.4511317919807978e-01
1.2722455310784926e+13 4.2890270265094327e-07 7.2182755114034750e+06 1.1721883768632149e+05 6.7421543278733306e+06 1.4283635505904316e+06 1.0643120482370280e+34 5.2086106300473167e+00 2.9999999999978719e+00 5.4727605757590858e-01
1.2779814086201396e+13 4.2323187526532088e-07 7.0913061523903124e+06 1.1669993280473369e+05 6.6235599334053630e+06 1.4032386569548468e+06 1.0693052059749089e+34 5.1823654246951092e+00 2.9999999999975784e+00 5.4943939218170024e-01
1.2837431461788740e+13 4.1761439111254726e-07 6.9660890008827690e+06 1.1618131876346670e+05 6.5066021699303072e+06 1.3784604928573929e+06 1.0742991588145414e+34 5.1561757481763228e+00 2.9999999999972422e+00 5.5160307127313857e-01
1.2895308603437402e+13 4.1205002405826842e-07 6.8426081300896229e+06 1.1566300313413498e+05 6.3912661611963203e+06 1.3540259066799115e+06 1.0792936475575698e+34 5.1300416419213377e+00 2.9999999999968576e+00 5.5376698254998713e-01
1.2953446682294213e+13 4.0653854621554395e-07 6.7208476428152276e+06 1.1514499352080442e+05 6.2775370585949998e+06 1.3299317526606845e+06 1.0842884117526036e+34 5.1039631560733936e+00 2.9999999999964175e+00 5.5593101316912807e-01
1.3011846874786074e+13 4.0107972795571617e-07 6.6007916725894623e+06 1.1462729755910367e+05 6.1654000422167992e+06 1.3061748911179907e+06 1.0892831897304165e+34 5.0779403493492143e+00 2.9999999999959135e+00 5.5809504975979474e-01
1.3070510362643773e+13 3.9567333791996426e-07 6.4824243848056635e+06 1.1410992291533385e+05 6.0548403219138868e+06 1.2827521886753333e+06 1.0942777186396850e+34 5.0519732888991680e+00 2.9999999999953357e+00 5.6025897843908168e-01
1.3129438332925895e+13 3.9031914303156127e-07 6.3657299778659483e+06 1.1359287728557235e+05 5.9458431383699467e+06 1.2596605184880048e+06 1.0992717344832643e+34 5.0260620501670088e+00 2.9999999999946727e+00 5.6242268482762969e-01
1.3188631978042834e+13 3.8501690850880702e-07 6.2506926843333496e+06 1.1307616839477708e+05 5.8383937641763072e+06 1.2368967604711324e+06 1.1042649721550073e+34 5.0002067167492568e+00 2.9999999999939120e+00 5.6458605406559925e-01
1.3248092495780928e+13 3.7976639787864551e-07 6.1372967720900401e+06 1.1255980399588673e+05 5.7324775049137576e+06 1.2144578015288480e+06 1.1092571654771258e+34 4.9744073802542417e+00 2.9999999999930385e+00 5.6674897082885367e-01
1.3307821089326701e+13 3.7456737299095009e-07 6.0255265455009108e+06 1.1204379186891910e+05 5.6280797002393976e+06 1.1923405357845402e+06 1.1142480472381021e+34 4.9486641401608864e+00 2.9999999999920353e+00 5.6891131934538253e-01
1.3367818967291201e+13 3.6941959403347913e-07 5.9153663465820700e+06 1.1152813982006829e+05 5.5251857249780465e+06 1.1705418648120717e+06 1.1192373492311511e+34 4.9229771036772672e+00 2.9999999999908815e+00 5.7107298341196133e-01
1.3428087343734457e+13 3.6432281954747978e-07 5.8068005561732966e+06 1.1101285568080054e+05 5.4237809902173616e+06 1.1490586978678040e+06 1.1242248022932451e+34 4.8973463855990289e+00 2.9999999999895541e+00 5.7323384641107178e-01
1.3488627438190055e+13 3.5927680644394308e-07 5.6998135951139275e+06 1.1049794730694807e+05 5.3238509444061751e+06 1.1278879521232648e+06 1.1292101363447063e+34 4.8717721081676970e+00 2.9999999999880265e+00 5.7539379132804358e-01
1.3549440475689799e+13 3.5428131002049529e-07 5.5943899254215294e+06 1.0998342257780317e+05 5.2253810744553963e+06 1.1070265528984016e+06 1.1341930804293763e+34 4.8462544009289585e+00 2.9999999999862665e+00 5.7755270076846632e-01
1.3610527686788518e+13 3.4933608397891138e-07 5.4905140514724012e+06 1.0946928939520978e+05 5.1283569068406792e+06 1.0864714338951681e+06 1.1391733627553804e+34 4.8207934005910067e+00 2.9999999999842384e+00 5.7971045697584622e-01
1.3671890307588953e+13 3.4444088042814932e-07 5.3881705208686618e+06 1.0895555568106379e+05 5.0327640084122894e+06 1.0662195373691153e+06 1.1441507107266967e+34 4.7953892508480038e+00 2.9999999999818998e+00 5.8186694184528809e-01
1.3733529579766771e+13 3.3959544990923831e-07 5.2873439257558826e+06 1.0844222937698246e+05 4.9385879876258466e+06 1.0462678143901066e+06 1.1491248509875230e+34 4.7700421022487278e+00 2.9999999999792011e+00 5.8402203694270560e-01
1.3795446750595703e+13 3.3479954143161097e-07 5.1880189043613803e+06 1.0792931844517597e+05 4.8458144959791284e+06 1.0266132251467563e+06 1.1540955094745277e+34 4.7447521120903868e+00 2.9999999999760849e+00 5.8617562352748243e-01
1.3857643072972762e+13 3.3005290247940737e-07 5.0901801418920923e+06 1.0741683086609695e+05 4.7544292288507456e+06 1.0072527391240413e+06 1.1590624114503442e+34 4.7195194442435060e+00 2.9999999999724842e+00 5.8832758256695472e-01
1.3920119805443613e+13 3.2535527903187440e-07 4.9938123717161771e+06 1.0690477463749275e+05 4.6644179266037773e+06 9.8818333533720078e+05 1.1640252815459782e+34 4.6943442690074182e+00 2.9999999999683218e+00 5.9047779475481976e-01
1.3982878212228031e+13 3.2070641558427299e-07 4.8989003765412131e+06 1.0639315777344393e+05 4.5757663756862814e+06 9.6940200256479916e+05 1.1689838438036166e+34 4.6692267629655557e+00 2.9999999999635065e+00 5.9262614052964802e-01
1.4045919563245484e+13 3.1610605516925812e-07 4.8054289895885661e+06 1.0588198830339720e+05 4.4884604097281778e+06 9.5090573958116886e+05 1.1739378217198266e+34 4.6441671088404934e+00 2.9999999999579328e+00 5.9477250009362925e-01
1.4109245134140832e+13 3.1155393937874787e-07 4.7133830957633918e+06 1.0537127427118688e+05 4.4024859106340911e+06 9.3269155538790289e+05 1.1788869382891293e+34 4.6191654953487857e+00 2.9999999999514761e+00 5.9691675343143302e-01
1.4172856206310139e+13 3.0704980838626908e-07 4.6227476328199701e+06 1.0486102373404952e+05 4.3178288096718155e+06 9.1475646944446710e+05 1.1838309160479357e+34 4.5942221170556188e+00 2.9999999999439928e+00 5.9905878032925475e-01
1.4236754066926600e+13 3.0259340096977708e-07 4.5335075925217951e+06 1.0435124476162935e+05 4.2344750885558808e+06 8.9709751189774298e+05 1.1887694771188340e+34 4.5693371742292825e+00 2.9999999999353135e+00 6.0119846039399283e-01
1.4300940008966588e+13 2.9818445453494747e-07 4.4456480217961706e+06 1.0384194543497823e+05 4.1524107805259959e+06 8.7971172381052654e+05 1.1937023432552128e+34 4.5445108726955077e+00 2.9999999999252402e+00 6.0333567307260172e-01
1.4365415331235818e+13 2.9382270513893398e-07 4.3591540238826647e+06 1.0333313384554649e+05 4.0716219714197484e+06 8.6259615738875058e+05 1.1986292358862107e+34 4.5197434236916587e+00 2.9999999999135425e+00 6.0547029767153715e-01
1.4430181338395631e+13 2.8950788751458550e-07 4.2740107594752042e+06 1.0282481809417048e+05 3.9920948007393628e+06 8.4574787620752491e+05 1.2035498761619758e+34 4.4950350437208320e+00 2.9999999998999485e+00 6.0760221337640019e-01
1.4495239340989387e+13 2.8523973509512193e-07 4.1902034478571545e+06 1.0231700629005168e+05 3.9138154627119182e+06 8.2916395543571073e+05 1.2084639849992268e+34 4.4703859544058844e+00 2.9999999998841411e+00 6.0973129927164782e-01
1.4560590655468990e+13 2.8101798003925430e-07 4.1077173680290752e+06 1.0180970654973283e+05 3.8367702073427062e+06 8.1284148205910902e+05 1.2133712831270992e+34 4.4457963823434001e+00 2.9999999998657474e+00 6.1185743436047946e-01
1.4626236604221525e+13 2.7684235325675410e-07 4.0265378598287050e+06 1.0130292699606883e+05 3.7609453414613470e+06 7.9677755510207603e+05 1.2182714911332690e+34 4.4212665589576483e+00 2.9999999998443299e+00 6.1398049758481277e-01
1.4692178515596018e+13 2.7271258443445465e-07 3.9466503250426003e+06 1.0079667575719312e+05 3.6863272297601053e+06 7.8096928584748728e+05 1.2231643295103388e+34 4.3967967203545477e+00 2.9999999998193756e+00 6.1610036784537525e-01
1.4758417723930309e+13 2.6862840206268178e-07 3.8680402285091383e+06 1.0029096096548214e+05 3.6129022958241329e+06 7.6541379805501853e+05 1.2280495187024748e+34 4.3723871071756717e+00 2.9999999997902802e+00 6.1821692402192774e-01
1.4824955569578057e+13 2.6458953346211017e-07 3.7906930992123364e+06 9.9785790756515373e+04 3.5406570231531481e+06 7.5010822817756725e+05 1.2329267791522881e+34 4.3480379644523426e+00 2.9999999997563336e+00 6.2033004499355693e-01
1.4891793398935865e+13 2.6059570481102666e-07 3.7145945313660749e+06 9.9281173268035374e+04 3.4695779561741310e+06 7.3504972557583475e+05 1.2377958313479441e+34 4.3237495414598213e+00 2.9999999997167013e+00 6.2243960965911316e-01
1.4958932564470521e+13 2.5664664117300299e-07 3.6397301854882189e+06 9.8777116638903826e+04 3.3996517012446038e+06 7.2023545273084682e+05 1.2426563958704953e+34 4.2995220915716770e+00 2.9999999996703988e+00 6.2454549695770312e-01
1.5026374424746363e+13 2.5274206652496365e-07 3.5660857894643000e+06 9.8273629008058459e+04 3.3308649276461499e+06 7.0566258545445302e+05 1.2475081934414242e+34 4.2753558721143179e+00 2.9999999996162665e+00 6.2664758588929881e-01
1.5094120344452836e+13 2.4888170378563743e-07 3.4936471396001210e+06 9.7770718513467407e+04 3.2632043685675887e+06 6.9132831309759582e+05 1.2523509449703965e+34 4.2512511442217642e+00 2.9999999995529376e+00 6.2874575553542089e-01
1.5162171694431855e+13 2.4506527484440002e-07 3.4224001016633189e+06 9.7268393291087996e+04 3.1966568220778359e+06 6.7722983875644882e+05 1.2571843716031867e+34 4.2272081726907880e+00 2.9999999994787987e+00 6.3083988507992406e-01
1.5230529851705920e+13 2.4129250059045447e-07 3.3523306119124317e+06 9.6766661473819433e+04 3.1312091520870924e+06 6.6336437947601941e+05 1.2620081947698389e+34 4.2032272258361729e+00 2.9999999993919442e+00 6.3292985382985611e-01
1.5299196199505727e+13 2.3756310094239786e-07 3.2834246781143295e+06 9.6265531190462934e+04 3.0668482892971640e+06 6.4972916645149945e+05 1.2668221362329684e+34 4.1793085753465569e+00 2.9999999992901230e+00 6.3501554123639659e-01
1.5368172127298225e+13 2.3387679487811897e-07 3.2156683805485768e+06 9.5765010564679687e+04 3.0035612321395813e+06 6.3632144522698922e+05 1.2716259181362634e+34 4.1554524961406010e+00 2.9999999991706723e+00 6.3709682691586578e-01
1.5437459030814727e+13 2.3023330046503241e-07 3.1490478729987908e+06 9.5265107713953912e+04 2.9413350477015586e+06 6.2313847589169967e+05 1.2764192630531629e+34 4.1316592662236458e+00 2.9999999990304427e+00 6.3917359067085366e-01
1.5507058312079158e+13 2.2663233489063750e-07 3.0835493837303091e+06 9.4765830748555338e+04 2.8801568726391834e+06 6.1017753327337664e+05 1.2812018940357074e+34 4.1079291665449134e+00 2.9999999988657029e+00 6.4124571251136109e-01
1.5576971379436422e+13 2.2307361449338587e-07 3.0191592164539467e+06 9.4267187770507764e+04 2.8200139140776023e+06 5.9743590712903428e+05 1.2859735346635686e+34 4.0842624808552896e+00 2.9999999986720325e+00 6.4331307267607130e-01
1.5647199647580896e+13 2.1955685479384855e-07 2.9558637512752963e+06 9.3769186872559949e+04 2.7608934504976971e+06 5.8491090233279776e+05 1.2907339090932535e+34 4.0606594955657656e+00 2.9999999984441899e+00 6.4537555165369098e-01
1.5717744537585064e+13 2.1608177052616988e-07 2.8936494456291921e+06 9.3271836137160572e+04 2.7027828326089224e+06 5.7259983906081109e+05 1.2954827421074922e+34 4.0371204996065915e+00 2.9999999981759538e+00 6.4743303020435061e-01
1.5788607476928271e+13 2.1264807566979188e-07 2.8325028351989235e+06 9.2775143635437620e+04 2.6456694842078811e+06 5.6050005297312955e+05 1.3002197591648129e+34 4.0136457842872080e+00 2.9999999978599372e+00 6.4948538938111289e-01
1.5859789899525602e+13 2.0925548348144221e-07 2.7724105348198800e+06 9.2279117426183861e+04 2.5895409030223656e+06 5.4860889539254620e+05 1.3049446864493097e+34 3.9902356431570354e+00 2.9999999974873610e+00 6.5153251055156913e-01
1.5931293245756902e+13 2.0590370652736582e-07 2.7133592393670673e+06 9.1783765554845217e+04 2.5343846615403383e+06 5.3692373348018888e+05 1.3096572509206167e+34 3.9668903718671711e+00 2.9999999970477855e+00 6.5357427541950175e-01
1.6003118962495926e+13 2.0259245671578803e-07 2.6553357246262776e+06 9.1289096052517125e+04 2.4801884078236343e+06 5.2544195040792983e+05 1.3143571803640998e+34 3.9436102680330976e+00 2.9999999965287860e+00 6.5561056604669321e-01
1.6075268503139605e+13 1.9932144532959877e-07 2.5983268481484586e+06 9.0795116934945399e+04 2.4269398663059790e+06 5.1416094552743901e+05 1.3190442034412800e+34 3.9203956310984416e+00 2.9999999959155654e+00 6.5764126487480845e-01
1.6147743327637471e+13 1.9609038305923907e-07 2.5423195500868997e+06 9.0301836201532948e+04 2.3746268385749548e+06 5.0307813453583705e+05 1.3237180497405096e+34 3.8972467621999103e+00 2.9999999951904877e+00 6.5966625474740059e-01
1.6220544902521182e+13 1.9289898003577620e-07 2.4873008540169210e+06 8.9809261834353645e+04 2.3232372041376201e+06 4.9219094963790273e+05 1.3283784498279191e+34 3.8741639640334427e+00 2.9999999943325184e+00 6.6168541893206378e-01
1.6293674700934213e+13 1.8974694586415312e-07 2.4332578677376970e+06 8.9317401797172817e+04 2.2727589211694486e+06 4.8149683970474638e+05 1.3330251352986635e+34 3.8511475407216937e+00 2.9999999933165520e+00 6.6369864114272847e-01
1.6367134202661656e+13 1.8663398965660037e-07 2.3801777840558607e+06 8.8826264034472522e+04 2.2231800272462475e+06 4.7099327042884141e+05 1.3376578388284924e+34 3.8281977976829320e+00 2.9999999921125995e+00 6.6570580556208059e-01
1.6440924894160166e+13 1.8355982006072654e-07 2.3280478814587691e+06 8.8335856469626480e+04 2.1744886399729312e+06 4.6067772445751354e+05 1.3422762942036427e+34 3.8053150414470291e+00 2.9999999906848140e+00 6.6770679685501044e-01
1.6515048268588039e+13 1.8052414528568789e-07 2.2768555247359737e+06 8.7846187002642459e+04 2.1266729575641528e+06 4.5054770151546382e+05 1.3468802363366580e+34 3.7824995794405751e+00 2.9999999889903139e+00 6.6970150017499674e-01
1.6589505825835430e+13 1.7752667315565859e-07 2.2265881660403726e+06 8.7357263512282167e+04 2.0797212598356137e+06 4.4060071861427755e+05 1.3514694013935042e+34 3.7597517200472903e+00 2.9999999869777638e+00 6.7168980121861233e-01
1.6664299072554691e+13 1.7456711113491214e-07 2.1772333454484516e+06 8.6869093853782921e+04 2.0336219087270000e+06 4.3083431016435695e+05 1.3560435268113871e+34 3.7370717723965430e+00 2.9999999845856604e+00 6.7367158623501455e-01
1.6739429522190881e+13 1.7164516636113575e-07 2.1287786916378653e+06 8.6381685857773409e+04 1.9883633489349226e+06 4.2124602810882864e+05 1.3606023513460853e+34 3.7144600462274386e+00 2.9999999817402649e+00 6.7564674204653186e-01
1.6814898695012361e+13 1.6876054567934708e-07 2.0812119225541935e+06 8.5895047329277411e+04 1.9439341085357550e+06 4.1183344205531653e+05 1.3651456151212703e+34 3.6919168517590299e+00 2.9999999783531002e+00 6.7761515607013534e-01
1.6890708118141584e+13 1.6591295567584762e-07 2.0345208460573754e+06 8.5409186046720104e+04 1.9003227995894670e+06 4.0259413940372609e+05 1.3696730596776704e+34 3.6694424995613462e+00 2.9999999743179240e+00 6.7957671633894912e-01
1.6966859325585980e+13 1.6310210271220735e-07 1.9886933605477409e+06 8.4924109760938474e+04 1.8575181187243972e+06 3.9352572547003027e+05 1.3741844280220644e+34 3.6470373004272982e+00 2.9999999695070652e+00 6.8153131152379653e-01
1.7043353858269004e+13 1.6032769295926643e-07 1.9437174555714859e+06 8.4439826194197492e+04 1.8155088477028050e+06 3.8462582360604522e+05 1.3786794646760925e+34 3.6247015652454895e+00 2.9999999637669812e+00 6.8347883095486117e-01
1.7120193264061312e+13 1.5758943243114874e-07 1.8995812124054276e+06 8.3956343039208819e+04 1.7742838539670613e+06 3.7589207531509845e+05 1.3831579157248711e+34 3.6024356048739405e+00 2.9999999569128750e+00 6.8541916464337016e-01
1.7197379097812084e+13 1.5488702701927651e-07 1.8562728046209358e+06 8.3473667958154314e+04 1.7338320911664034e+06 3.6732214036359807e+05 1.3876195288654018e+34 3.5802397300148128e+00 2.9999999487221567e+00 6.8735220330336810e-01
1.7274912921380490e+13 1.5222018252637409e-07 1.8137804986269511e+06 8.2991808581714926e+04 1.6941425996641244e+06 3.5891369688848039e+05 1.3920640534547612e+34 3.5581142510901107e+00 2.9999999389265097e+00 6.8927783837362910e-01
1.7352796303667287e+13 1.4958860470045373e-07 1.7720926541919161e+06 8.2510772508102847e+04 1.6552045070250931e+06 3.5066444150046865e+05 1.3964912405580622e+34 3.5360594781184433e+00 2.9999999272022384e+00 6.9119596203966560e-01
1.7431030820646574e+13 1.4699199926877175e-07 1.7311977249446092e+06 8.2030567302100040e+04 1.6170070284835526e+06 3.4257208938317047e+05 1.4009008429961766e+34 3.5140757205928566e+00 2.9999999131585331e+00 6.9310646725595149e-01
1.7509618055397676e+13 1.4443007197174589e-07 1.6910842588536975e+06 8.1551200494099408e+04 1.5795394673910553e+06 3.3463437438792677e+05 1.4052926153932112e+34 3.4921632873597828e+00 2.9999998963231809e+00 6.9500924776832596e-01
1.7588559598137180e+13 1.4190252859682381e-07 1.6517408986860041e+06 8.1072679579151853e+04 1.5427912156445226e+06 3.2684904912444565e+05 1.4096663142237283e+34 3.4703224864991435e+00 2.9999998761251550e+00 6.9690419813669024e-01
1.7667857046251109e+13 1.3940907501229096e-07 1.6131563824433747e+06 8.0595012016017456e+04 1.5067517540943166e+06 3.1921388504717394e+05 1.4140216978597060e+34 3.4485536252056472e+00 2.9999998518733864e+00 6.9879121375808206e-01
1.7747512004327258e+13 1.3694941720100933e-07 1.5753195437780845e+06 8.0118205226220773e+04 1.4714106529322879e+06 3.1172667253739043e+05 1.4183585266172271e+34 3.4268570096713127e+00 2.9999998227308566e+00 7.0067019089017901e-01
1.7827526084187645e+13 1.3452326129407619e-07 1.5382193123867651e+06 7.9642266593110922e+04 1.4367575720597587e+06 3.0438522098102054e+05 1.4226765628028999e+34 3.4052329449692680e+00 2.9999997876829578e+00 7.0254102667542195e-01
1.7907900904921137e+13 1.3213031360439221e-07 1.5018447143827297e+06 7.9167203460923745e+04 1.4027822614353567e+06 2.9718735884212016e+05 1.4269755707599987e+34 3.3836817349388606e+00 2.9999997454988141e+00 7.0440361916583272e-01
1.7988638092916211e+13 1.2977028066012844e-07 1.4661848726467721e+06 7.8693023133850133e+04 1.3694745614027439e+06 2.9013093373208627e+05 1.4312553169143284e+34 3.3622036820721179e+00 2.9999996946839742e+00 7.0625786734884144e-01
1.8069739281893867e+13 1.2744286923808186e-07 1.4312290071562917e+06 7.8219732875104732e+04 1.3368244029981242e+06 2.8321381247450301e+05 1.4355155698198074e+34 3.3407990874015971e+00 2.9999996334224814e+00 7.0810367117426221e-01
1.8151206112940680e+13 1.2514778639690899e-07 1.3969664352928433e+06 7.7747339906000125e+04 1.3048218082376102e+06 2.7643388116569963e+05 1.4397561002037706e+34 3.3194682503896775e+00 2.9999995595059006e+00 7.0994093158284199e-01
1.8233040234542008e+13 1.2288473951022595e-07 1.3633865721280011e+06 7.7275851405021269e+04 1.2734568903843525e+06 2.6978904523094697e+05 1.4439766810119957e+34 3.2982114688193231e+00 2.9999994702462751e+00 7.1176955053671642e-01
1.8315243302615355e+13 1.2065343629956785e-07 1.3304789306876147e+06 7.6805274506901711e+04 1.2427198541955075e+06 2.6327722947632230e+05 1.4481770874534508e+34 3.2770290386863685e+00 2.9999993623693002e+00 7.1358943105228079e-01
1.8397816980543879e+13 1.1845358486719085e-07 1.2982331221944450e+06 7.6335616301703034e+04 1.2126009961490212e+06 2.5689637813627091e+05 1.4523570970447751e+34 3.2559212540933578e+00 2.9999992318830966e+00 7.1540047723620270e-01
1.8480762939210031e+13 1.1628489372871410e-07 1.2666388562891833e+06 7.5866883833891538e+04 1.1830907046502517e+06 2.5064445491679499e+05 1.4565164896544909e+34 3.2348884071450117e+00 2.9999990739168880e+00 7.1720259432521560e-01
1.8564082857029398e+13 1.1414707184558156e-07 1.2356859412299094e+06 7.5399084101417480e+04 1.1541794602184566e+06 2.4451944303435922e+05 1.4606550475469618e+34 3.2139307878453085e+00 2.9999988825225006e+00 7.1899568873088227e-01
1.8647778419984645e+13 1.1203982865734364e-07 1.2053642840700215e+06 7.4932224054790568e+04 1.1258578356532063e+06 2.3851934525044667e+05 1.4647725554261020e+34 3.1930486839962944e+00 2.9999986504299265e+00 7.2077966809037952e-01
1.8731851321659633e+13 1.0996287411373853e-07 1.1756638908146974e+06 7.4466310596155556e+04 1.0981164961807509e+06 2.3264218390183995e+05 1.4688688004788492e+34 3.1722423810986049e+00 2.9999983687460485e+00 7.2255444132506408e-01
1.8816303263273684e+13 1.0791591870636929e-07 1.1465748665552563e+06 7.4001350578433572e+04 1.0709461995794387e+06 2.2688600092745316e+05 1.4729435724183445e+34 3.1515121622536530e+00 2.9999980265830133e+00 7.2431991871178103e-01
1.8901135953716023e+13 1.0589867348746084e-07 1.1180874155255072e+06 7.3537350808229763e+04 1.0443377962134515e+06 2.2124885793616818e+05 1.4769966635149266e+34 3.1308583080452577e+00 2.9999976105994168e+00 7.2607601214701989e-01
1.8986351109580344e+13 1.0391085013711052e-07 1.0901918412983329e+06 7.3074318031227478e+04 1.0182822292788459e+06 2.1572883605846201e+05 1.4810278686359901e+34 3.1102810964411285e+00 2.9999971044333713e+00 7.2782263463910124e-01
1.9071950455199543e+13 1.0195216097214441e-07 1.0628785468243524e+06 7.2612258941242646e+04 9.9277053479553573e+05 2.1032403608645053e+05 1.4850369852996593e+34 3.0897808027222018e+00 2.9999964880013761e+00 7.2955970083076760e-01
1.9157935722680617e+13 1.0002231896488408e-07 1.0361380344342572e+06 7.2151180183384626e+04 9.6779384159119893e+05 2.0503257852917552e+05 1.4890238137126325e+34 3.0693576993843013e+00 2.9999957366304639e+00 7.3128712733509105e-01
1.9244308651939715e+13 9.8121037780681810e-08 1.0099609058781444e+06 7.1691088350011560e+04 9.4334337135209749e+05 1.9985260357814087e+05 1.4929881568096242e+34 3.0490120560453637e+00 2.9999948199830642e+00 7.3300483278008366e-01
1.9331070990737332e+13 9.6248031813192746e-08 9.8433786234136135e+05 7.1231989977440360e+04 9.1941043864762527e+05 1.9478227108120840e+05 1.4969298202923783e+34 3.0287441393544046e+00 2.9999937007238993e+00 7.3471273791688374e-01
1.9418224494713691e+13 9.4403016217728979e-08 9.5925970443722093e+05 7.0773891543286329e+04 8.9598645092981297e+05 1.8981976052222401e+05 1.5008486126682574e+34 3.0085542129022365e+00 2.9999923328655806e+00 7.3641076579773734e-01
1.9505770927424266e+13 9.2585706943053050e-08 9.3471733217691397e+05 7.0316799464282958e+04 8.7306290850899112e+05 1.8496327100376878e+05 1.5047443452884219e+34 2.9884425371340022e+00 2.9999906597136610e+00 7.3809884203110621e-01
1.9593712060375449e+13 9.0795820761958556e-08 9.1070174491698609e+05 6.9860720094422461e+04 8.5063140450677602e+05 1.8021102123063005e+05 1.5086168323856033e+34 2.9684093692635480e+00 2.9999886113119265e+00 7.3977689512353639e-01
1.9682049673060430e+13 8.9033075300967278e-08 8.8720404128472554e+05 6.9405659723249672e+04 8.2868362478745636e+05 1.7556124949180847e+05 1.5124658911114929e+34 2.9484549631896662e+00 2.9999861012635711e+00 7.4144485692098094e-01
1.9770785552995172e+13 8.7297189069474332e-08 8.6421541908182681e+05 6.8951624574121990e+04 8.0721134786883520e+05 1.7101221363897514e+05 1.5162913415737525e+34 2.9285795694142633e+00 2.9999830227722857e+00 7.4310266316586360e-01
1.9859921495754594e+13 8.5587881488661225e-08 8.4172717516669200e+05 6.8498620802236052e+04 7.8620644481353124e+05 1.6656219105948211e+05 1.5200930068726673e+34 2.9087834349624728e+00 2.9999792437074420e+00 7.4475025419120033e-01
1.9949459305008922e+13 8.3904872920482200e-08 8.1973070531572378e+05 6.8046654492207570e+04 7.6566087910165743e+05 1.6220947864220003e+05 1.5238707131374623e+34 2.8890668033047460e+00 2.9999746004473198e+00 7.4638757577968695e-01
2.0039400792560148e+13 8.2247884697023610e-08 7.9821750406400184e+05 6.7595731654976174e+04 7.4556670648579393e+05 1.5795239273462404e+05 1.5276242895622904e+34 2.8694299142809765e+00 2.9999688901909431e+00 7.4801458022408385e-01
2.0129747778378738e+13 8.0616639150520588e-08 7.7717916452569712e+05 6.7145858223791380e+04 7.2591607482908072e+05 1.5378926908985002e+05 1.5313535684419283e+34 2.8498730040266613e+00 2.9999618613490395e+00 7.4963122763620205e-01
2.0220502090640418e+13 7.9010859644311318e-08 7.5660737819460465e+05 6.6697040049014933e+04 7.0670122392722405e+05 1.4971846280214237e+05 1.5350583852071914e+34 2.8303963049011700e+00 2.9999532015234438e+00 7.5123748756577113e-01
2.0311665565763191e+13 7.7430270604983607e-08 7.3649393472516839e+05 6.6249282891467737e+04 6.8791448531514790e+05 1.4573834823006211e+05 1.5387385784600998e+34 2.8110000454181114e+00 2.9999425224562857e+00 7.5283334100902888e-01
2.0403240048444492e+13 7.5874597555966542e-08 7.1683072169437644e+05 6.5802592414023995e+04 6.6954828205897566e+05 1.4184731890620239e+05 1.5423939900088190e+34 2.7916844501778701e+00 2.9999293411682597e+00 7.5441878291000031e-01
2.0495227391698508e+13 7.4343567152804662e-08 6.9760972434491257e+05 6.5356974171139853e+04 6.5159512853399408e+05 1.3804378743275584e+05 1.5460244649024045e+34 2.7724497398023167e+00 2.9999130563000023e+00 7.5599382528757331e-01
2.0587629456893691e+13 7.2836907220328079e-08 6.7882302530993230e+05 6.4912433595990442e+04 6.3404763018915511e+05 1.3432618536233186e+05 1.5496298514653827e+34 2.7532961308717301e+00 2.9998929184103371e+00 7.5755850116033874e-01
2.0680448113790402e+13 7.1354346791935005e-08 6.6046280431986263e+05 6.4468975984861114e+04 6.1689848329869355e+05 1.3069296306350756e+05 1.5532100013321968e+34 2.7342238358639679e+00 2.9998679926549987e+00 7.5911286949013423e-01
2.0773685240578762e+13 6.9895616151166479e-08 6.4252133789159637e+05 6.4026606478431582e+04 6.0014047470131412e+05 1.2714258957084699e+05 1.5567647694815560e+34 2.7152330630959001e+00 2.9998371118503235e+00 7.6065702142924263e-01
2.0867342723916645e+13 6.8460446875755751e-08 6.2499099900046131e+05 6.3585330039560329e+04 5.8376648152740661e+05 1.2367355241916465e+05 1.5602940142707193e+34 2.6963240166671421e+00 2.9997988173941259e+00 7.6219108823674475e-01
2.0961422458967871e+13 6.7048571884306128e-08 6.0786425673536211e+05 6.3145151427166114e+04 5.6776947091468563e+05 1.2028435746202993e+05 1.5637975974697573e+34 2.6774968964061086e+00 2.9997512848396513e+00 7.6371525133385643e-01
2.1055926349440527e+13 6.5659725485739437e-08 5.9113367593747319e+05 6.2706075165778369e+04 5.5214249971260538e+05 1.1697352867460399e+05 1.5672753842958240e+34 2.6587518978184108e+00 2.9996922300589750e+00 7.6522975510078195e-01
2.1150856307625527e+13 6.4293643431640918e-08 5.7479191682285385e+05 6.2268105510305235e+04 5.3687871417584724e+05 1.1373960794101971e+05 1.5707272434474882e+34 2.6400892120376200e+00 2.9996187908396221e+00 7.6673492318756020e-01
2.1246214254435270e+13 6.2950062972143649e-08 5.5883173458024533e+05 6.1831246404295292e+04 5.2197134964101430e+05 1.1058115481769317e+05 1.5741530471402106e+34 2.6215090257799831e+00 2.9995273773695437e+00 7.6823117927965634e-01
2.1342002119442531e+13 6.1628722957621171e-08 5.4324597851926752e+05 6.1395501358154885e+04 5.0741372993167286e+05 1.0749674576278424e+05 1.5775526711946026e+34 2.6030115213785745e+00 2.9994134833012014e+00 7.6971907054681132e-01
2.1438221840919504e+13 6.0329363934596583e-08 5.2802759181584790e+05 6.0960873378853867e+04 4.9319926721103082e+05 1.0448497381445112e+05 1.5809259950615093e+34 2.5845968767236482e+00 2.9992714468452992e+00 7.7119930039822615e-01
2.1534875365877016e+13 5.9051728223898976e-08 5.1316961113301467e+05 6.0527364898031607e+04 4.7932146169856476e+05 1.0154444830335000e+05 1.5842729018567277e+34 2.5662652652197968e+00 2.9990941485034628e+00 7.7267277105522481e-01
2.1631964650103930e+13 5.7795560062761570e-08 4.9866516596439196e+05 6.0094977616387012e+04 4.6577390127821424e+05 9.8673794058533022e+04 1.5875932784313375e+34 2.5480168557960563e+00 2.9988726284517400e+00 7.7414063469018168e-01
2.1729491658206727e+13 5.6560605757371323e-08 4.8450747804533876e+05 5.9663712334132841e+04 4.5255026116719237e+05 9.5871650634439429e+04 1.5908870154369503e+34 2.5298518129082037e+00 2.9985956020428395e+00 7.7560435944965123e-01
2.1827458363649234e+13 5.5346613860522375e-08 4.7068986068983673e+05 5.9233568739776485e+04 4.3964430355955398e+05 9.3136671390848584e+04 1.5941540074038824e+34 2.5117702965589839e+00 2.9982488461749210e+00 7.7706581346171832e-01
2.1925866748792598e+13 5.4153335388564995e-08 4.5720571805972775e+05 5.8804545141763199e+04 4.2704987727217964e+05 9.0467522362644304e+04 1.5973941528342975e+34 2.4937724623379807e+00 2.9978144221074920e+00 7.7852737145919704e-01
2.2024718804935355e+13 5.2980524091050288e-08 4.4404854437285650e+05 5.8376638126563441e+04 4.1476091741799674e+05 8.7862880864579274e+04 1.6006073543125332e+34 2.4758584614829777e+00 2.9972696913820025e+00 7.7999205004298944e-01
2.2124016532353766e+13 5.1827936785641480e-08 4.3121192305649567e+05 5.7949842125807030e+04 4.0277144512836682e+05 8.5321433784387002e+04 1.6037935186350216e+34 2.4580284409646720e+00 2.9965860704935281e+00 7.8146367938261974e-01
2.2223761940342258e+13 5.0695333770026504e-08 4.1868952585235983e+05 5.7524148874062244e+04 3.9107556734383997e+05 8.2841875525559735e+04 1.6069525569624086e+34 2.4402825435967492e+00 2.9957274565378129e+00 7.8294712138771771e-01
2.2323957047254098e+13 4.9582479318609323e-08 4.0647511182769830e+05 5.7099546734548057e+04 3.7966747664422606e+05 8.0422905550417039e+04 1.6100843850031721e+34 2.4226209081820587e+00 2.9946482399786989e+00 7.8444854709950973e-01
2.2424603880542238e+13 4.8489142298785053e-08 3.9456252600824228e+05 5.6676019814211220e+04 3.6854145094722812e+05 7.8063225183042683e+04 1.6131889232688559e+34 2.4050436697457025e+00 2.9932908018998079e+00 7.8597578695271619e-01
2.2525704476800336e+13 4.7415096936196422e-08 3.8294569810572354e+05 5.6253546876437234e+04 3.5769185348259873e+05 7.5761533869374573e+04 1.6162660973476948e+34 2.3875509597793783e+00 2.9915823719969796e+00 7.8753877494997249e-01
2.2627260881803961e+13 4.6360123740252601e-08 3.7161864083315473e+05 5.5832099959172891e+04 3.4711313265205588e+05 7.3516524543296633e+04 1.6193158382908098e+34 2.3701429066186472e+00 2.9894311013026784e+00 7.8915010909932437e-01
2.2729275150551996e+13 4.5324010709343784e-08 3.6057544831644854e+05 5.5411642619221195e+04 3.3679982235260657e+05 7.1326877891526048e+04 1.6223380830417456e+34 2.3528196358549720e+00 2.9867211827811606e+00 7.9082575447998182e-01
2.2831749347308227e+13 4.4306554761723836e-08 3.4981029399212298e+05 5.4992127740103475e+04 3.2674654217452049e+05 6.9191255452807396e+04 1.6253327749918993e+34 2.3355812708854060e+00 2.9833068384366945e+00 7.9258592426450492e-01
2.2934685545643090e+13 4.3307563479793723e-08 3.3931742797616188e+05 5.4573494770647187e+04 3.1694799758259277e+05 6.7108291180707311e+04 1.6282998646932356e+34 2.3184279336304510e+00 2.9790049922381479e+00 7.9445617425066162e-01
2.3038085828475664e+13 4.2326857260154811e-08 3.2909117396374187e+05 5.4155666252547730e+04 3.0739898024510837e+05 6.5076581155900662e+04 1.6312393107530120e+34 2.3013597454396826e+00 2.9735864788192852e+00 7.9646874911646415e-01
2.3141952288115789e+13 4.1364271955279492e-08 3.1912592571863596e+05 5.3738543487295756e+04 2.9809436865290505e+05 6.3094671197192823e+04 1.6341510809374166e+34 2.2843768282056853e+00 2.9667657224276631e+00 7.9866421723785996e-01
2.3246287026306418e+13 4.0419662086167191e-08 3.0941614321013994e+05 5.3322001184892477e+04 2.8902912914860673e+05 6.1161042184599894e+04 1.6370351535133624e+34 2.2674793057077709e+00 2.9581889955436997e+00 8.0109342114189341e-01
2.3351092154266145e+13 3.9492904701219062e-08 2.9995634839945118e+05 5.2905880918348164e+04 2.8019831742367923e+05 5.9274092927316036e+04 1.6398915188633273e+34 2.2506673052118473e+00 2.9474216849273631e+00 8.0381974531327016e-01
2.3456369792731926e+13 3.8583903743672212e-08 2.9074111843362771e+05 5.2489983079475089e+04 2.7159707844667387e+05 5.7432119960861972e+04 1.6427201816741394e+34 2.2339409596730353e+00 2.9339355254322363e+00 8.0692165165874785e-01
2.3562122072001988e+13 3.7692595192985669e-08 2.8176507850986882e+05 5.2074057239663918e+04 2.6322064692149492e+05 5.5633294765121638e+04 1.6455211635623473e+34 2.2173004103352829e+00 2.9170975922255358e+00 8.1049534340750395e-01
2.3668351131978938e+13 3.6818952913071988e-08 2.7302289468797907e+05 5.1657790889222553e+04 2.5506434827816559e+05 5.3875639229440676e+04 1.6482945060437960e+34 2.2007458095891499e+00 2.8961640450556385e+00 8.1465727609123506e-01
2.3775059122213066e+13 3.5962994417962519e-08 2.6450926389937196e+05 5.1240796853336666e+04 2.4712359672917766e+05 5.2157001510583061e+04 1.6510402745017145e+34 2.1842773248395484e+00 2.8702832090758696e+00 8.1954602898766093e-01
2.3882248201945836e+13 3.5124787053720769e-08 2.5621890340681761e+05 5.0822599079411375e+04 2.3939389280857408e+05 5.0475031794730858e+04 1.6537585625927229e+34 2.1678951426590243e+00 2.8385144112547960e+00 8.2532265779263470e-01
2.3989920540153590e+13 3.4304453151449904e-08 2.4814653946130731e+05 5.0402618294815911e+04 2.3187081788155323e+05 4.8827164739262189e+04 1.6564494971965901e+34 2.1515994733245232e+00 2.7998706082441660e+00 8.3216831934439994e-01
2.4098078315591414e+13 3.3502172615074470e-08 2.4028689493878756e+05 4.9980159351994851e+04 2.2455002311658984e+05 4.7210615466592943e+04 1.6591132441010376e+34 2.1353905559260071e+00 2.7533932745726166e+00 8.4027747034516187e-01
2.4206723716837258e+13 3.2718181517835217e-08 2.3263467579123017e+05 4.9554402194068316e+04 2.1742721074231199e+05 4.5622395146754709e+04 1.6617500146343449e+34 2.1192686642451690e+00 2.6982657014894409e+00 8.4984451268959360e-01
2.4315858942336195e+13 3.1952764612973814e-08 2.2518455893436456e+05 4.9124399924748970e+04 2.1049810677391873e+05 4.4059356481337571e+04 1.6643600721904958e+34 2.1032341121554827e+00 2.6339638790437823e+00 8.6104177413097138e-01
2.4425486200444914e+13 3.1206238655688156e-08 2.1793118676889368e+05 4.8689089626285917e+04 2.0375842526676666e+05 4.2518284506381147e+04 1.6669437364124338e+34 2.0872872560631657e+00 2.5604312381929448e+00 8.7398760598204162e-01
2.4535607709476410e+13 3.0478922913213537e-08 2.1086916110374246e+05 4.8247320543769805e+04 1.9720381425120516e+05 4.0996040557611974e+04 1.6695013887328377e+34 2.0714284986660125e+00 2.4782459727878825e+00 8.8870551331213488e-01
2.4646225697744879e+13 2.9771099134715049e-08 2.0399304961326663e+05 4.7797901166877084e+04 1.9082979841026908e+05 3.9489753608992643e+04 1.6720334722547697e+34 2.0556582862314912e+00 2.3887332269930863e+00 9.0507880670089635e-01
2.4757342403610781e+13 2.9082957001338189e-08 1.9729740184211408e+05 4.7339671648140531e+04 1.8463171263992976e+05 3.7997067606552955e+04 1.6745404889427513e+34 2.0399771030275966e+00 2.2939694548318785e+00 9.2281082786891788e-01
2.4868960075526172e+13 2.8414533130796048e-08 1.9077677628843539e+05 4.6871593768343082e+04 1.7860464169961549e+05 3.6516403766459909e+04 1.6770229929278879e+34 2.0243854617971406e+00 2.1966430909615609e+00 9.4140437188890447e-01
2.4981080972080164e+13 2.7765654134679298e-08 1.8442578109730207e+05 4.6392846434809195e+04 1.7274338466382847e+05 3.5047189300420709e+04 1.6794815772420499e+34 2.0088838876600597e+00 2.0997759548205597e+00 9.6017442542814224e-01
2.5093707362044652e+13 2.7135893536095088e-08 1.7823913034443237e+05 4.5902913906292189e+04 1.6704246022739512e+05 3.3590010351111938e+04 1.6819168509904382e+34 1.9934728927008065e+00 2.0063597644305995e+00 9.7830242072085727e-01
2.5206841524420211e+13 2.6524554002567762e-08 1.7221170509044855e+05 4.5401647418530425e+04 1.6149615900414065e+05 3.2146638258923897e+04 1.6843294141447967e+34 1.9781529493955308e+00 1.9189967553470608e+00 9.9492715333851767e-01
2.5320485748482227e+13 2.5930684687565380e-08 1.6633860297106605e+05 4.4889279795788199e+04 1.5609863938703717e+05 3.0719890752086736e+04 1.6867198388619328e+34 1.9629244722641115e+00 1.8396325352571887e+00 1.0092526967652604e+00
2.5434642333827191e+13 2.5353129055531034e-08 1.6061519622897304e+05 4.4366399073897366e+04 1.5084407082666943e+05 2.9313376206910951e+04 1.6890886393685524e+34 1.9477877887479520e+00 1.7694331572578970e+00 1.0206465101662376e+00
2.5549313590419270e+13 2.4790597287669168e-08 1.5503716111118533e+05 4.3833877133841059e+04 1.4572678114087472e+05 2.7931139910932041e+04 1.6914362556662137e+34 1.9327431258418060e+00 1.7088075285954449e+00 1.0287025874493463e+00
2.5664501838637016e+13 2.4241746317114572e-08 1.4960049807932749e+05 4.3292778305783533e+04 1.4074139629254461e+05 2.6577305360348706e+04 1.6937630383851018e+34 1.9177905987024160e+00 1.6575360047799659e+00 1.0332588219397705e+00
2.5780209409320332e+13 2.3705255748492292e-08 1.4430153712121552e+05 4.2744262490272376e+04 1.3588295070408337e+05 2.5255759251396561e+04 1.6960692385357206e+34 1.9029302048995251e+00 1.6149500979378288e+00 1.0343724533352396e+00
2.5896438643817645e+13 2.3179888911335183e-08 1.3913691980146171e+05 4.2189496562246975e+04 1.3114694823242846e+05 2.3969914707099833e+04 1.6983550080421941e+34 1.8881618298327503e+00 1.5801145849782936e+00 1.0322684134069693e+00
2.6013191894033270e+13 2.2664530435874139e-08 1.3410355854602196e+05 4.1629587951428708e+04 1.2652936653230881e+05 2.2722576041139444e+04 1.7006204131028599e+34 1.8734852646443718e+00 1.5519810161925913e+00 1.0272786323532999e+00
2.6130471522475004e+13 2.2158208926411316e-08 1.2919862351377282e+05 4.1065543139217945e+04 1.2202665875893590e+05 2.1515894264510815e+04 1.7028654306838767e+34 1.8589002068125584e+00 1.5294999886223175e+00 1.0197859148044088e+00
2.6248279902301938e+13 2.1660100500021365e-08 1.2441950060221678e+05 4.0498244824039270e+04 1.1763570634958411e+05 2.0351382757897994e+04 1.7050899626086547e+34 1.8444062778687098e+00 1.5116927077883238e+00 1.0101801170094766e+00
2.6366619417372469e+13 2.1169521289507047e-08 1.1976375687043103e+05 3.9928446583377940e+04 1.1335376440809965e+05 1.9229977386994127e+04 1.7072938465766971e+34 1.8300030373257308e+00 1.4976892067310363e+00 9.9882876407900734e-01
2.6485492462292551e+13 2.0685913866508193e-08 1.1522911038433231e+05 3.9356778031239272e+04 1.0917840494247121e+05 1.8152116325583305e+04 1.7094768659393118e+34 1.8156899947660374e+00 1.4867425896948410e+00 9.8606043682878131e-01
2.6604901442464125e+13 2.0208830306360569e-08 1.1081340231490244e+05 3.8783756383567554e+04 1.0510746045200300e+05 1.7117825588698339e+04 1.7116387597196303e+34 1.8014666215856792e+00 1.4782278899857884e+00 9.7215791109644778e-01
2.6724848774133824e+13 1.9737914713030644e-08 1.0651457433825616e+05 3.8209801319603139e+04 1.0113897391343964e+05 1.6126801274449597e+04 1.7137792306155075e+34 1.7873323602840496e+00 1.4716322324540176e+00 9.5735781736309589e-01
2.6845336884441844e+13 1.9272887151675699e-08 1.0233065090805532e+05 3.7635250136215545e+04 9.7271156863689132e+04 1.5178482133098723e+04 1.7158979509550758e+34 1.7732866314066076e+00 1.4665409626917083e+00 9.4185405375033449e-01
2.6966368211471062e+13 1.8813528756542155e-08 9.8259721533255055e+04 3.7060372013773405e+04 9.3502351204981998e+04 1.4272110984819194e+04 1.7179945705372487e+34 1.7593288418822415e+00 1.4626227002080827e+00 9.2580305114360706e-01
2.7087945204296371e+13 1.8359669571721842e-08 9.4299929676527812e+04 3.6485380850576810e+04 8.9831001266511681e+04 1.3406785230048397e+04 1.7200687204818533e+34 1.7454583893127178e+00 1.4596150146873710e+00 9.0932956910035789e-01
2.7210070323034246e+13 1.7911178225468882e-08 9.0449462701980927e+04 3.5910446250336783e+04 8.6255630309639935e+04 1.2581497177022991e+04 1.7221200174990005e+34 1.7316746664296330e+00 1.4573115765167035e+00 8.9253230756673896e-01
2.7332746038892512e+13 1.7467953579156021e-08 8.6706544177980802e+04 3.5335702691869781e+04 8.2774822288382260e+04 1.1795165668795633e+04 1.7241480671335897e+34 1.7179770644114223e+00 1.4555511035283655e+00 8.7548894332159055e-01
2.7455974834220348e+13 1.7029918045182797e-08 8.3069427896724970e+04 3.4761257042737023e+04 7.9387207714554170e+04 1.1046660546512399e+04 1.7261524663317780e+34 1.7043649754317520e+00 1.4542081207431683e+00 8.5826044821849368e-01
2.7579759202558535e+13 1.6597012305166516e-08 7.9536393235736061e+04 3.4187194618973823e+04 7.6091452786569658e+04 1.0334821347499281e+04 1.7281328055815165e+34 1.6908377947033075e+00 1.4531853913205137e+00 8.4089467684453745e-01
2.7704101648689898e+13 1.6169191172593566e-08 7.6105741551064042e+04 3.3613584012143750e+04 7.2886251064354641e+04 9.6584714601282303e+03 1.7300886707994602e+34 1.6773949221942694e+00 1.4524078084271177e+00 8.2342928126067383e-01
2.7829004688689984e+13 1.5746420377038398e-08 7.2775793426620090e+04 3.3040480918427798e+04 6.9770317167024943e+04 9.0164287787855101e+03 1.7320196445127771e+34 1.6640357636455201e+00 1.4518175211543618e+00 8.0589404153814181e-01
2.7954470849978000e+13 1.5328674080362079e-08 6.9544886537799728e+04 3.2467931140411994e+04 6.6742381986633540e+04 8.4075136534986068e+03 1.7339253070846673e+34 1.6507597315690679e+00 1.4513700785792072e+00 7.8831270560457489e-01
2.8080502671367926e+13 1.4915932971029982e-08 6.6411373997689079e+04 3.1895972925085720e+04 6.3801189069238200e+04 7.8305547853526796e+03 1.7358052376908943e+34 1.6375662459793767e+00 1.4510313997937123e+00 7.7070442765804903e-01
2.8207102703119914e+13 1.4508182803405591e-08 6.3373623078229524e+04 3.1324638788593795e+04 6.0945491882499031e+04 7.2843935871914800e+03 1.7376590151274610e+34 1.6244547349397946e+00 1.4507754057186606e+00 7.5308488549084851e-01
2.8334273506991871e+13 1.4105413286910468e-08 6.0430014232487396e+04 3.0753956935686008e+04 5.8174051769031255e+04 6.7678873903684735e+03 1.7394862184807316e+34 1.6114246349603771e+00 1.4505821761920397e+00 7.3546714313770245e-01
2.8462017656291316e+13 1.3707617248436695e-08 5.7578940326431308e+04 3.0183952348309736e+04 5.5485636400613650e+04 6.2799117774529850e+03 1.7412864277255252e+34 1.5984753913093634e+00 1.4504365209671184e+00 7.1786231276370183e-01
2.8590337735927434e+13 1.3314789996020510e-08 5.4818806003613099e+04 2.9614647620652373e+04 5.2879018579945216e+04 5.8193622710036598e+03 1.7430592243355742e+34 1.5856064583118346e+00 1.4503268750074874e+00 7.0028006107475937e-01
2.8719236342463387e+13 1.2926928840037070e-08 5.2148027194304785e+04 2.9046063611822981e+04 5.0352975341994883e+04 5.3851555569297243e+03 1.7448041918075728e+34 1.5728172995557517e+00 1.4502444467044702e+00 6.8272899626179084e-01
2.8848716084168863e+13 1.2544032752120699e-08 4.9565030754848842e+04 2.8478219936609159e+04 4.7906287306042526e+04 4.9762303464189581e+03 1.7465209160750550e+34 1.5601073879914746e+00 1.4501825626105966e+00 6.6521696081781045e-01
2.8978779581072852e+13 1.2166102095320749e-08 4.7068254116825272e+04 2.7911135354577113e+04 4.5537738120368500e+04 4.5915479893703596e+03 1.7482089859986314e+34 1.5474762060791802e+00 1.4501361643825150e+00 6.4775125545710899e-01
2.9109429465016648e+13 1.1793138441828146e-08 4.4656145019674754e+04 2.7344828054051715e+04 4.3246114058045132e+04 4.2300928848888789e+03 1.7498679938343004e+34 1.5349232459034252e+00 1.4501014232991278e+00 6.3033880706191492e-01
2.9240668379707125e+13 1.1425144441725946e-08 4.2327161277437597e+04 2.6779315873160740e+04 4.1030203692024603e+04 3.8908727562389981e+03 1.7514975357152422e+34 1.5224480092841313e+00 1.4500754453880835e+00 6.1298629596121290e-01
2.9372498980770219e+13 1.1062123731820033e-08 4.0079770572947324e+04 2.6214616472863017e+04 3.8888797631253510e+04 3.5729188250814686e+03 1.7530972121070753e+34 1.5100500078528905e+00 1.4500560462324017e+00 5.9570025230356860e-01
2.9504923935804672e+13 1.0704080877002659e-08 3.7912450267410313e+04 2.5650747467883302e+04 3.6820688298162706e+04 3.2752859077428357e+03 1.7546666282538390e+34 1.4977287631096250e+00 1.4500415792605923e+00 5.7848712861882401e-01
2.9637945924436004e+13 1.0351021337832438e-08 3.5823687219886677e+04 2.5087726522945959e+04 3.4824669735592273e+04 2.9970524528832075e+03 1.7562053946344073e+34 1.4854838064754954e+00 1.4500308050158208e+00 5.6135335420271348e-01
2.9771567638370746e+13 1.0002951459315388e-08 3.3811977616805103e+04 2.4525571423247166e+04 3.2899537437926156e+04 2.7373205366368620e+03 1.7577131274516834e+34 1.4733146793588321e+00 1.4500227917709241e+00 5.4430537583894045e-01
2.9905791781450895e+13 9.6598784772320467e-09 3.1875826816234465e+04 2.3964300129730960e+04 3.1044088206851877e+04 2.4952158281477605e+03 1.7591894491797635e+34 1.4612209332517889e+00 1.4500168400825271e+00 5.2734968851595687e-01
3.0040621069708633e+13 9.3218105397666846e-09 3.0013749215138683e+04 2.3403930831424928e+04 2.9257120036657052e+04 2.2698875354448987e+03 1.7606339891973046e+34 1.4492021298763691e+00 1.4500124255996387e+00 5.1049285913678277e-01
3.0176058231421281e+13 8.9887567398712905e-09 2.8224268118812623e+04 2.2844481993870999e+04 2.7537432007666095e+04 2.0605083334395867e+03 1.7620463844291970e+34 1.4372578413192612e+00 1.4500091557712136e+00 4.9374154496227102e-01
3.0312106007166516e+13 8.6607271435345798e-09 2.6505915485291283e+04 2.2285972340784363e+04 2.5883824066934667e+04 1.8662742550698497e+03 1.7634262795872200e+34 1.4253876498584128e+00 1.4500067371209009e+00 4.7710250486116484e-01
3.0448767149877816e+13 8.3377328467420879e-09 2.4857231827220985e+04 2.1728420899500728e+04 2.4295096960970361e+04 1.6864045987518814e+03 1.7647733280398233e+34 1.4135911482418158e+00 1.4500049505442794e+00 4.6058261093904129e-01
3.0586044424900176e+13 8.0197860324151366e-09 2.3276766036274061e+04 2.1171847011522019e+04 2.2770052098703505e+04 1.5201418127116674e+03 1.7660871924500660e+34 1.4018679397759790e+00 1.4500036326879613e+00 4.4418885640378986e-01
3.0723940610046047e+13 7.7069000396063345e-09 2.1763075219815753e+04 2.0616270346015881e+04 2.1307491428946891e+04 1.3667513726066054e+03 1.7673675454854025e+34 1.3902176384500580e+00 1.4500026619328208e+00 4.2792836202610268e-01
3.0862458495651562e+13 7.3990894387591641e-09 2.0314724516489867e+04 2.0061710907205736e+04 1.9906217299882090e+04 1.2255216498233315e+03 1.7686140705351089e+34 1.3786398690480499e+00 1.4500019478577215e+00 4.1180838140101872e-01
3.1001600884633004e+13 7.0963701125236344e-09 1.8930286885741978e+04 1.9508189032667447e+04 1.8565032295504348e+04 1.0957637707128963e+03 1.7698264624530875e+34 1.3671342672616726e+00 1.4500014233306109e+00 3.9583630525705404e-01
3.1141370592543500e+13 6.7987593466239893e-09 1.7608342889888991e+04 1.8955725389355430e+04 1.7282739066796090e+04 9.7681146927871771e+02 1.7710044283666999e+34 1.3557004798314543e+00 1.4500010385801625e+00 3.8001966532171827e-01
3.1281770447630012e+13 6.5062759395806477e-09 1.6347480500671007e+04 1.8404340982784364e+04 1.6058140188597381e+04 8.6802093622088000e+02 1.7721476885973806e+34 1.3443381647450330e+00 1.4500007567582640e+00 3.6436613843888177e-01
3.1422803290890555e+13 6.2189403404105152e-09 1.5146294954200588e+04 1.7854057196855938e+04 1.4890038065695318e+04 7.6877066551581709e+02 1.7732559777184558e+34 1.3330469915057888e+00 1.4500005506231453e+00 3.4888355161805712e-01
3.1564471976131703e+13 5.9367747551979424e-09 1.4003388396098650e+04 1.7304895748775263e+04 1.3777234637071806e+04 6.7846127708053530e+02 1.7743290453546342e+34 1.3218266412018491e+00 1.4500004000636622e+00 3.3357988479844181e-01
3.1706779370026312e+13 5.6598032937123529e-09 1.2917369623427248e+04 1.6756878688394274e+04 1.2718531175722714e+04 5.9651534311361399e+02 1.7753666572518673e+34 1.3106768067382804e+00 1.4500002902540572e+00 3.1846327537475788e-01
3.1849728352171547e+13 5.3880521439262593e-09 1.1886853845339569e+04 1.6210028418601527e+04 1.1712728108754791e+04 5.2237720975434706e+02 1.7763685964866246e+34 1.2995971931356856e+00 1.4500002102806084e+00 3.0354202389234325e-01
3.1993321815147141e+13 5.1215497558823534e-09 1.0910462374200706e+04 1.5664367695778645e+04 1.0758624771788769e+04 4.5551280723581880e+02 1.7773346646692568e+34 1.2885875177956312e+00 1.4500001521209587e+00 2.8882459989499504e-01
3.2137562664573922e+13 4.8603270425679056e-09 9.9868222698511363e+03 1.5119919618019601e+04 9.8550191194626241e+03 3.9540945116553468e+02 1.7782646831784528e+34 1.2776475107581104e+00 1.4500001098866520e+00 2.7431964837984724e-01
3.2282453819172629e+13 4.6044176046859494e-09 9.1145659495361797e+03 1.4576707606698852e+04 9.0007074041346459e+03 3.4157563620460803e+02 1.7791584945199207e+34 1.2667769150104569e+00 1.4500000792618182e+00 2.6003599726586712e-01
3.2427998210822945e+13 4.3538580119295267e-09 8.2923308524588720e+03 1.4034755442392874e+04 8.1944839100126101e+03 2.9354082733878869e+02 1.7800159639537250e+34 1.2559754869354194e+00 1.4500000570878191e+00 2.4598266774284525e-01
3.2574198784622844e+13 4.1086881045830914e-09 7.5187590031407472e+03 1.3494087270589316e+04 7.4351405903200275e+03 2.5085523846216577e+02 1.7808369810886873e+34 1.2452429966991487e+00 1.4500000410563487e+00 2.3216888543768913e-01
3.2721058498948176e+13 3.8689513101744820e-09 6.7924964471653602e+03 1.2954727546754919e+04 6.7214665809926264e+03 2.1308959851820768e+02 1.7816214614896122e+34 1.2345792286103137e+00 1.4500000294830051e+00 2.1860409206574463e-01
3.2868580325512531e+13 3.6346950557947178e-09 6.1121927832340698e+03 1.2416701081087496e+04 6.0522478106478975e+03 1.7983491775851914e+02 1.7823693487180902e+34 1.2239839817111158e+00 1.4500000211404784e+00 2.0529796216467242e-01
3.3016767249427379e+13 3.4059712151988138e-09 5.4765005517919017e+03 1.1880033031014133e+04 5.4262664716332656e+03 1.5070224047591481e+02 1.7830806163558285e+34 1.2134570703085552e+00 1.4500000151358423e+00 1.9226042136799196e-01
3.3165622269262457e+13 3.1828366161244136e-09 4.8840745272145377e+03 1.1344748866461625e+04 4.8423003977984881e+03 1.2532238824814893e+02 1.7837552701897213e+34 1.2029983245570874e+00 1.4500000108204212e+00 1.7950166759128999e-01
3.3315148397106469e+13 2.9653536747333611e-09 4.3335710397025805e+03 1.0810874432756627e+04 4.2991224732354394e+03 1.0334569940142651e+02 1.7843933508625049e+34 1.1926075912708924e+00 1.4500000077236854e+00 1.6703219887392121e-01
3.3465348658628012e+13 2.7535910917912053e-09 3.8236470794405045e+03 1.0278435913648278e+04 3.7954998280971627e+03 8.4441754030027326e+01 1.7849949364837209e+34 1.1822847346488745e+00 1.4500000055048419e+00 1.5486284386772245e-01
3.3616226093136816e+13 2.5476246954833744e-09 3.3529593379321650e+03 9.7474598360851051e+03 3.3301929737293540e+03 6.8299092608435245e+01 1.7855601456853341e+34 1.1720296372021455e+00 1.4500000039174370e+00 1.4300479953247422e-01
3.3767783753645242e+13 2.3475384488817472e-09 2.9201631218010998e+03 9.2179730895192879e+03 2.9019548131988458e+03 5.4624925806762377e+01 1.7860891410077728e+34 1.1618422008027891e+00 1.4500000027835118e+00 1.3146967645424670e-01
3.3920024706930055e+13 2.1534256391511134e-09 2.5239110609160512e+03 8.6900028979204108e+03 2.5095294496124948e+03 4.3144833910671103e+01 1.7865821326236750e+34 1.1517223478485055e+00 1.4500000019747634e+00 1.2026955165120071e-01
3.4072952033594477e+13 1.9653903597291847e-09 2.1628516986069326e+03 8.1635768979254517e+03 2.1516508787205512e+03 3.3602459659144351e+01 1.7870393827139443e+34 1.1416700227144936e+00 1.4500000013988299e+00 1.0941703320565305e-01
3.4226568828130547e+13 1.7835492699165418e-09 1.8356277334147198e+03 7.6387230879933159e+03 1.8270413371322848e+03 2.5759188847306788e+01 1.7874612101807034e+34 1.1316851932923802e+00 1.4500000009893266e+00 9.8925331629248076e-02
3.4380878198981699e+13 1.6080338137052930e-09 1.5408740297186889e+03 7.1154698693377959e+03 1.5344094216864348e+03 1.9393824096762927e+01 1.7878479962126288e+34 1.1217678528988204e+00 1.4500000006986122e+00 8.8808339862515642e-02
3.4535883268605699e+13 1.4389929964347282e-09 1.2772152327722249e+03 6.5938460745671418e+03 1.2724478164282721e+03 1.4302249031858999e+01 1.7882001906889976e+34 1.1119180225197569e+00 1.4500000004925513e+00 7.9080708679529280e-02
3.4691587173537805e+13 1.2765969221088077e-09 1.0432628984520304e+03 6.0738809973828429e+03 1.0398305373101937e+03 1.0297083425509909e+01 1.7885183196215991e+34 1.1021357534758995e+00 1.4500000003467228e+00 6.9757885386954807e-02
3.4847993064454242e+13 1.1210413799472809e-09 8.3761199826815312e+02 5.5556044213710975e+03 8.3520955510956946e+02 7.2073294757511199e+00 1.7888029939482873e+34 1.0924211306510054e+00 1.4500000002436835e+00 6.0856024427109759e-02
3.5005104106235961e+13 9.7255392754534200e-10 6.5883661956258800e+02 5.0390466915408924e+03 6.5721061637833566e+02 4.8780095527571214e+00 1.7890549201170952e+34 1.0827742764815138e+00 1.4500000001709932e+00 5.2391510635471823e-02
3.5162923478032672e+13 8.3140212870476650e-10 5.0548455181267894e+02 4.5242387760670426e+03 5.0442795345270810e+02 3.1697950799123631e+00 1.7892749129381066e+34 1.0731953559111356e+00 1.4500000001197950e+00 4.4379322832617321e-02
3.5321454373327172e+13 6.9790504996862741e-10 3.7607035696068914e+02 4.0112123623793359e+03 3.7541748129445637e+02 1.9586269986984226e+00 1.7894639115864588e+34 1.0636845827148536e+00 1.4500000000837918e+00 3.6827799722482457e-02
3.5480700000000000e+13 5.7244986360604282e-10 2.6906627281530689e+02 3.4999999990414326e+03 2.6868783019697150e+02 1.1353278550062420e+00 1.7896229999979940e+34 1.0542422277553398e+00 1.4500000000585145e+00 2.9721440968966489e-02
