# Composite modified Lane-Emden RSG profile (cgs)
# Ptot=Pgas+Erad/3; gravity is positive inward and fixed in the pgen
# columns: r_cm rho_g_cm3 ptot_dyn_cm2 T_K pgas_dyn_cm2 erad_erg_cm3 menv_g grav_cm_s2 n_poly kappa_eq_cm2_g
# Mstar_Msun=1.0000000000000000e+01 Rstar_Rsun=5.1000000000000000e+02 mu=6.2000000000000000e-01
# Mcore_g=1.9884700000000002e+33 hsoft_cm=1.7740350000000000e+12
# n_inner=3.0000000000000000e+00 n_outer=3.0000000000000000e+00 transition=6.9999999999999996e-01 transition_width=2.5000000000000001e-02
# luminosity_Lsun=1.0000000000000000e+04 heat_radius_fraction=2.0000000000000001e-01
3.5480700000000000e+05 8.9927910260503225e-05 8.9171191447192860e+09 6.9157781169603975e+05 8.3402303997074966e+09 1.7306662350353711e+09 1.6825177287248225e+13 9.8882335341492401e-05 3.0000000000000000e+00 6.3404370503906684e+01
3.5640663580394251e+05 8.9927910260503225e-05 8.9171191447192860e+09 6.9157781169603975e+05 8.3402303997074966e+09 1.7306662350353711e+09 1.7053772100318381e+13 9.9328143129922907e-05 3.0000000000000000e+00 6.3404370503906392e+01
3.5801348351380939e+05 8.9927910260503063e-05 8.9171191447192535e+09 6.9157781169603858e+05 8.3402303997074680e+09 1.7306662350353594e+09 1.7285472710591785e+13 9.9775960828248276e-05 3.0000000000000000e+00 6.3404370503905973e+01
3.5962757564424345e+05 8.9927910260503063e-05 8.9171191447192535e+09 6.9157781169603858e+05 8.3402303997074680e+09 1.7306662350353594e+09 1.7520321314897549e+13 1.0022579749808172e-04 3.0000000000000000e+00 6.3404370503906058e+01
3.6124894485647889e+05 8.9927910260502900e-05 8.9171191447192211e+09 6.9157781169603742e+05 8.3402303997074375e+09 1.7306662350353477e+09 1.7758360683370875e+13 1.0067766224189058e-04 3.0000000000000000e+00 6.3404370503906037e+01
3.6287762395900209e+05 8.9927910260502737e-05 8.9171191447192211e+09 6.9157781169603858e+05 8.3402303997074375e+09 1.7306662350353594e+09 1.7999634167242262e+13 1.0113156420318036e-04 3.0000000000000000e+00 6.3404370503906215e+01
3.6451364590821520e+05 8.9927910260502737e-05 8.9171191447191906e+09 6.9157781169603649e+05 8.3402303997074108e+09 1.7306662350353382e+09 1.8244185706732469e+13 1.0158751256667963e-04 3.0000000000000000e+00 6.3404370503905724e+01
3.6615704380910343e+05 8.9927910260502588e-05 8.9171191447191906e+09 6.9157781169603742e+05 8.3402303997074099e+09 1.7306662350353477e+09 1.8492059839054918e+13 1.0204551655852614e-04 3.0000000000000000e+00 6.3404370503905838e+01
3.6780785091590468e+05 8.9927910260502426e-05 8.9171191447191582e+09 6.9157781169603625e+05 8.3402303997073803e+09 1.7306662350353360e+09 1.8743301706526645e+13 1.0250558544645337e-04 3.0000000000000000e+00 6.3404370503905625e+01
3.6946610063278256e+05 8.9927910260502263e-05 8.9171191447191582e+09 6.9157781169603718e+05 8.3402303997073755e+09 1.7306662350353453e+09 1.8997957064789566e+13 1.0296772853997801e-04 3.0000000000000000e+00 6.3404370503905945e+01
3.7113182651450211e+05 8.9927910260502263e-05 8.9171191447191257e+09 6.9157781169603509e+05 8.3402303997073517e+09 1.7306662350353243e+09 1.9256072291143352e+13 1.0343195519058848e-04 3.0000000000000000e+00 6.3404370503904978e+01
3.7280506226710911e+05 8.9927910260502100e-05 8.9171191447191257e+09 6.9157781169603602e+05 8.3402303997073469e+09 1.7306662350353336e+09 1.9517694392991621e+13 1.0389827479193401e-04 3.0000000000000000e+00 6.3404370503905376e+01
3.7448584174861183e+05 8.9927910260501938e-05 8.9171191447190952e+09 6.9157781169603509e+05 8.3402303997073212e+09 1.7306662350353243e+09 1.9782871016402781e+13 1.0436669678001487e-04 3.0000000000000000e+00 6.3404370503905298e+01
3.7617419896966632e+05 8.9927910260501789e-05 8.9171191447190952e+09 6.9157781169603602e+05 8.3402303997073174e+09 1.7306662350353336e+09 2.0051650454787262e+13 1.0483723063337314e-04 3.0000000000000000e+00 6.3404370503905433e+01
3.7787016809426458e+05 8.9927910260501789e-05 8.9171191447190628e+09 6.9157781169603392e+05 8.3402303997072935e+09 1.7306662350353127e+09 2.0324081657692598e+13 1.0530988587328467e-04 3.0000000000000000e+00 6.3404370503904779e+01
3.7957378344042576e+05 8.9927910260501626e-05 8.9171191447190628e+09 6.9157781169603486e+05 8.3402303997072887e+09 1.7306662350353220e+09 2.0600214239718004e+13 1.0578467206395160e-04 3.0000000000000000e+00 6.3404370503905184e+01
3.8128507948089082e+05 8.9927910260501463e-05 8.9171191447190323e+09 6.9157781169603392e+05 8.3402303997072639e+09 1.7306662350353127e+09 2.0880098489550121e+13 1.0626159881269608e-04 3.0000000000000000e+00 6.3404370503904815e+01
3.8300409084381984e+05 8.9927910260501301e-05 8.9171191447190323e+09 6.9157781169603486e+05 8.3402303997072592e+09 1.7306662350353220e+09 2.1163785379121441e+13 1.0674067577015443e-04 3.0000000000000000e+00 6.3404370503905120e+01
3.8473085231349285e+05 8.9927910260501301e-05 8.9171191447189999e+09 6.9157781169603276e+05 8.3402303997072353e+09 1.7306662350353010e+09 2.1451326572893234e+13 1.0722191263047265e-04 3.0000000000000000e+00 6.3404370503904339e+01
3.8646539883101376e+05 8.9927910260501138e-05 8.9171191447189999e+09 6.9157781169603369e+05 8.3402303997072306e+09 1.7306662350353103e+09 2.1742774437264578e+13 1.0770531913150239e-04 3.0000000000000000e+00 6.3404370503904829e+01
3.8820776549501717e+05 8.9927910260500989e-05 8.9171191447189674e+09 6.9157781169603253e+05 8.3402303997072029e+09 1.7306662350352986e+09 2.2038182050109180e+13 1.0819090505499816e-04 3.0000000000000000e+00 6.3404370503904254e+01
3.8995798756237887e+05 8.9927910260500826e-05 8.9171191447189674e+09 6.9157781169603346e+05 8.3402303997071981e+09 1.7306662350353079e+09 2.2337603210441867e+13 1.0867868022681517e-04 3.0000000000000000e+00 6.3404370503904694e+01
3.9171610044892906e+05 8.9927910260500664e-05 8.9171191447189369e+09 6.9157781169603253e+05 8.3402303997071724e+09 1.7306662350352986e+09 2.2641092448216297e+13 1.0916865451710819e-04 3.0000000000000000e+00 6.3404370503904453e+01
3.9348213973016897e+05 8.9927910260500664e-05 8.9171191447189369e+09 6.9157781169603253e+05 8.3402303997071724e+09 1.7306662350352986e+09 2.2948705034255844e+13 1.0966083784053122e-04 3.0000000000000000e+00 6.3404370503904701e+01
3.9525614114199101e+05 8.9927910260500501e-05 8.9171191447189045e+09 6.9157781169603136e+05 8.3402303997071428e+09 1.7306662350352869e+09 2.3260496990319449e+13 1.1015524015643816e-04 3.0000000000000000e+00 6.3404370503904182e+01
3.9703814058140159e+05 8.9927910260500352e-05 8.9171191447189045e+09 6.9157781169603230e+05 8.3402303997071419e+09 1.7306662350352964e+09 2.3576525099304148e+13 1.1065187146908442e-04 3.0000000000000000e+00 6.3404370503904417e+01
3.9882817410724756e+05 8.9927910260500189e-05 8.9171191447188740e+09 6.9157781169603136e+05 8.3402303997071142e+09 1.7306662350352869e+09 2.3896846915586238e+13 1.1115074182782919e-04 3.0000000000000000e+00 6.3404370503904062e+01
4.0062627794094593e+05 8.9927910260500027e-05 8.9171191447188416e+09 6.9157781169603020e+05 8.3402303997070847e+09 1.7306662350352752e+09 2.4221520775503004e+13 1.1165186132733884e-04 3.0000000000000000e+00 6.3404370503904097e+01
4.0243248846721690e+05 8.9927910260499864e-05 8.9171191447188416e+09 6.9157781169603113e+05 8.3402303997070818e+09 1.7306662350352848e+09 2.4550605807976789e+13 1.1215524010779129e-04 3.0000000000000000e+00 6.3404370503904126e+01
4.0424684223481984e+05 8.9927910260499864e-05 8.9171191447188091e+09 6.9157781169602904e+05 8.3402303997070560e+09 1.7306662350352635e+09 2.4884161945283422e+13 1.1266088835508109e-04 3.0000000000000000e+00 6.3404370503903564e+01
4.0606937595729309e+05 8.9927910260499702e-05 8.9171191447188091e+09 6.9157781169602997e+05 8.3402303997070522e+09 1.7306662350352731e+09 2.5222249933966961e+13 1.1316881630102550e-04 3.0000000000000000e+00 6.3404370503903685e+01
4.0790012651369680e+05 8.9927910260499552e-05 8.9171191447187786e+09 6.9157781169602904e+05 8.3402303997070265e+09 1.7306662350352635e+09 2.5564931345902746e+13 1.1367903422357172e-04 3.0000000000000000e+00 6.3404370503903593e+01
4.0973913094935915e+05 8.9927910260499390e-05 8.9171191447187786e+09 6.9157781169602997e+05 8.3402303997070217e+09 1.7306662350352731e+09 2.5912268589510723e+13 1.1419155244700472e-04 3.0000000000000000e+00 6.3404370503903827e+01
4.1158642647662596e+05 8.9927910260499227e-05 8.9171191447187462e+09 6.9157781169602880e+05 8.3402303997069931e+09 1.7306662350352614e+09 2.6264324921121121e+13 1.1470638134215605e-04 3.0000000000000000e+00 6.3404370503903678e+01
4.1344205047561362e+05 8.9927910260499065e-05 8.9171191447187157e+09 6.9157781169602787e+05 8.3402303997069664e+09 1.7306662350352521e+09 2.6621164456494582e+13 1.1522353132661394e-04 3.0000000000000000e+00 6.3404370503903039e+01
4.1530604049496568e+05 8.9927910260498902e-05 8.9171191447187157e+09 6.9157781169602880e+05 8.3402303997069635e+09 1.7306662350352614e+09 2.6982852182498789e+13 1.1574301286493388e-04 3.0000000000000000e+00 6.3404370503903344e+01
4.1717843425261253e+05 8.9927910260498753e-05 8.9171191447186832e+09 6.9157781169602764e+05 8.3402303997069359e+09 1.7306662350352497e+09 2.7349453968943742e+13 1.1626483646885059e-04 3.0000000000000000e+00 6.3404370503903237e+01
4.1905926963653456e+05 8.9927910260498590e-05 8.9171191447186508e+09 6.9157781169602647e+05 8.3402303997069073e+09 1.7306662350352380e+09 2.7721036580577812e+13 1.1678901269749050e-04 3.0000000000000000e+00 6.3404370503902648e+01
4.2094858470552886e+05 8.9927910260498590e-05 8.9171191447186508e+09 6.9157781169602647e+05 8.3402303997069073e+09 1.7306662350352380e+09 2.8097667689246789e+13 1.1731555215758556e-04 3.0000000000000000e+00 6.3404370503902506e+01
4.2284641768997943e+05 8.9927910260498428e-05 8.9171191447186203e+09 6.9157781169602554e+05 8.3402303997068806e+09 1.7306662350352287e+09 2.8479415886218180e+13 1.1784446550368783e-04 3.0000000000000000e+00 6.3404370503902349e+01
4.2475280699263065e+05 8.9927910260498265e-05 8.9171191447186203e+09 6.9157781169602647e+05 8.3402303997068768e+09 1.7306662350352380e+09 2.8866350694672867e+13 1.1837576343838502e-04 3.0000000000000000e+00 6.3404370503902584e+01
4.2666779118936451e+05 8.9927910260498116e-05 8.9171191447185879e+09 6.9157781169602531e+05 8.3402303997068491e+09 1.7306662350352266e+09 2.9258542582366535e+13 1.1890945671251718e-04 3.0000000000000000e+00 6.3404370503902236e+01
4.2859140902998106e+05 8.9927910260497953e-05 8.9171191447185574e+09 6.9157781169602415e+05 8.3402303997068195e+09 1.7306662350352149e+09 2.9656062974463125e+13 1.1944555612539414e-04 3.0000000000000000e+00 6.3404370503902243e+01
4.3052369943898253e+05 8.9927910260497791e-05 8.9171191447185574e+09 6.9157781169602508e+05 8.3402303997068167e+09 1.7306662350352240e+09 3.0058984266542609e+13 1.1998407252501407e-04 3.0000000000000000e+00 6.3404370503902442e+01
4.3246470151636109e+05 8.9927910260497628e-05 8.9171191447185249e+09 6.9157781169602415e+05 8.3402303997067890e+09 1.7306662350352149e+09 3.0467379837785555e+13 1.2052501680828298e-04 3.0000000000000000e+00 6.3404370503902115e+01
4.3441445453838981e+05 8.9927910260497465e-05 8.9171191447184925e+09 6.9157781169602298e+05 8.3402303997067595e+09 1.7306662350352032e+09 3.0881324064336723e+13 1.2106839992123522e-04 3.0000000000000000e+00 6.3404370503901703e+01
4.3637299795841763e+05 8.9927910260497316e-05 8.9171191447184925e+09 6.9157781169602391e+05 8.3402303997067585e+09 1.7306662350352125e+09 3.1300892332850383e+13 1.2161423285925497e-04 3.0000000000000000e+00 6.3404370503901795e+01
4.3834037140766776e+05 8.9927910260497154e-05 8.9171191447184620e+09 6.9157781169602298e+05 8.3402303997067308e+09 1.7306662350352032e+09 3.1726161054219539e+13 1.2216252666729879e-04 3.0000000000000000e+00 6.3404370503901788e+01
4.4031661469603924e+05 8.9927910260496991e-05 8.9171191447184296e+09 6.9157781169602182e+05 8.3402303997067013e+09 1.7306662350351915e+09 3.2157207677491664e+13 1.2271329244011901e-04 3.0000000000000000e+00 6.3404370503901475e+01
4.4230176781291293e+05 8.9927910260496828e-05 8.9171191447183971e+09 6.9157781169602065e+05 8.3402303997066727e+09 1.7306662350351799e+09 3.2594110703973648e+13 1.2326654132248838e-04 3.0000000000000000e+00 6.3404370503901298e+01
4.4429587092796044e+05 8.9927910260496666e-05 8.9171191447183971e+09 6.9157781169602158e+05 8.3402303997066698e+09 1.7306662350351892e+09 3.3036949701528219e+13 1.2382228450942535e-04 3.0000000000000000e+00 6.3404370503901191e+01
4.4629896439195710e+05 8.9927910260496517e-05 8.9171191447183666e+09 6.9157781169602042e+05 8.3402303997066422e+09 1.7306662350351775e+09 3.3485805319064750e+13 1.2438053324642084e-04 3.0000000000000000e+00 6.3404370503900843e+01
4.4831108873759821e+05 8.9927910260496354e-05 8.9171191447183342e+09 6.9157781169601949e+05 8.3402303997066154e+09 1.7306662350351682e+09 3.3940759301226758e+13 1.2494129882966573e-04 3.0000000000000000e+00 6.3404370503900871e+01
4.5033228468031972e+05 8.9927910260496029e-05 8.9171191447183342e+09 6.9157781169602135e+05 8.3402303997066078e+09 1.7306662350351870e+09 3.4401894503279199e+13 1.2550459260627934e-04 3.0000000000000000e+00 6.3404370503901148e+01
4.5236259311912145e+05 8.9927910260495880e-05 8.9171191447183037e+09 6.9157781169602019e+05 8.3402303997065792e+09 1.7306662350351753e+09 3.4869294906197781e+13 1.2607042597453911e-04 3.0000000000000000e+00 6.3404370503900850e+01
4.5440205513739528e+05 8.9927910260495717e-05 8.9171191447182713e+09 6.9157781169601926e+05 8.3402303997065535e+09 1.7306662350351658e+09 3.5343045631963492e+13 1.2663881038411131e-04 3.0000000000000000e+00 6.3404370503900935e+01
4.5645071200375614e+05 8.9927910260495554e-05 8.9171191447182388e+09 6.9157781169601809e+05 8.3402303997065239e+09 1.7306662350351541e+09 3.5823232959064766e+13 1.2720975733628262e-04 3.0000000000000000e+00 6.3404370503900537e+01
4.5850860517287720e+05 8.9927910260495392e-05 8.9171191447182388e+09 6.9157781169601902e+05 8.3402303997065191e+09 1.7306662350351636e+09 3.6309944338210391e+13 1.2778327838419283e-04 3.0000000000000000e+00 6.3404370503900672e+01
4.6057577628632856e+05 8.9927910260495229e-05 8.9171191447182083e+09 6.9157781169601809e+05 8.3402303997064934e+09 1.7306662350351541e+09 3.6803268408255812e+13 1.2835938513306878e-04 3.0000000000000000e+00 6.3404370503900438e+01
4.6265226717342011e+05 8.9927910260495080e-05 8.9171191447181759e+09 6.9157781169601670e+05 8.3402303997064638e+09 1.7306662350351403e+09 3.7303295012345891e+13 1.2893808924045909e-04 3.0000000000000000e+00 6.3404370503900189e+01
4.6473811985204776e+05 8.9927910260494918e-05 8.9171191447181454e+09 6.9157781169601576e+05 8.3402303997064362e+09 1.7306662350351307e+09 3.7810115214276891e+13 1.2951940241646994e-04 3.0000000000000000e+00 6.3404370503899763e+01
4.6683337652954378e+05 8.9927910260494592e-05 8.9171191447181454e+09 6.9157781169601763e+05 8.3402303997064285e+09 1.7306662350351496e+09 3.8323821315080922e+13 1.3010333642400238e-04 3.0000000000000000e+00 6.3404370503900175e+01
4.6893807960353076e+05 8.9927910260494430e-05 8.9171191447181129e+09 6.9157781169601646e+05 8.3402303997063999e+09 1.7306662350351379e+09 3.8844506869835508e+13 1.3068990307898981e-04 3.0000000000000000e+00 6.3404370503900090e+01
4.7105227166277968e+05 8.9927910260494281e-05 8.9171191447180805e+09 6.9157781169601530e+05 8.3402303997063723e+09 1.7306662350351262e+09 3.9372266704701711e+13 1.3127911425063764e-04 3.0000000000000000e+00 6.3404370503899749e+01
4.7317599548807141e+05 8.9927910260494118e-05 8.9171191447180500e+09 6.9157781169601437e+05 8.3402303997063465e+09 1.7306662350351169e+09 3.9907196934193602e+13 1.3187098186166302e-04 3.0000000000000000e+00 6.3404370503899280e+01
4.7530929405306291e+05 8.9927910260493955e-05 8.9171191447180500e+09 6.9157781169601530e+05 8.3402303997063427e+09 1.7306662350351262e+09 4.0449394978682570e+13 1.3246551788853651e-04 3.0000000000000000e+00 6.3404370503899685e+01
4.7745221052515612e+05 8.9927910260493793e-05 8.9171191447180176e+09 6.9157781169601413e+05 8.3402303997063141e+09 1.7306662350351145e+09 4.0998959582139125e+13 1.3306273436172389e-04 3.0000000000000000e+00 6.3404370503899372e+01
4.7960478826637304e+05 8.9927910260493481e-05 8.9171191447179871e+09 6.9157781169601413e+05 8.3402303997062836e+09 1.7306662350351145e+09 4.1555990830116367e+13 1.3366264336593043e-04 3.0000000000000000e+00 6.3404370503899543e+01
4.8176707083422889e+05 8.9927910260493318e-05 8.9171191447179546e+09 6.9157781169601297e+05 8.3402303997062540e+09 1.7306662350351028e+09 4.2120590167976258e+13 1.3426525704034404e-04 3.0000000000000000e+00 6.3404370503898846e+01
4.8393910198261944e+05 8.9927910260493156e-05 8.9171191447179222e+09 6.9157781169601181e+05 8.3402303997062254e+09 1.7306662350350912e+09 4.2692860419366164e+13 1.3487058757888240e-04 3.0000000000000000e+00 6.3404370503898569e+01
4.8612092566270259e+05 8.9927910260492993e-05 8.9171191447178917e+09 6.9157781169601087e+05 8.3402303997061987e+09 1.7306662350350819e+09 4.3272905804943883e+13 1.3547864723043902e-04 3.0000000000000000e+00 6.3404370503898221e+01
4.8831258602378849e+05 8.9927910260492681e-05 8.9171191447178917e+09 6.9157781169601274e+05 8.3402303997061930e+09 1.7306662350351007e+09 4.3860831961358344e+13 1.3608944829913107e-04 3.0000000000000000e+00 6.3404370503898939e+01
4.9051412741423305e+05 8.9927910260492519e-05 8.9171191447178593e+09 6.9157781169601157e+05 8.3402303997061634e+09 1.7306662350350890e+09 4.4456745960487906e+13 1.3670300314454835e-04 3.0000000000000000e+00 6.3404370503898669e+01
4.9272559438233543e+05 8.9927910260492356e-05 8.9171191447178288e+09 6.9157781169601064e+05 8.3402303997061377e+09 1.7306662350350795e+09 4.5060756328940156e+13 1.3731932418200365e-04 3.0000000000000000e+00 6.3404370503898406e+01
4.9494703167723917e+05 8.9927910260492044e-05 8.9171191447177963e+09 6.9157781169601041e+05 8.3402303997061052e+09 1.7306662350350773e+09 4.5672973067816406e+13 1.3793842388278355e-04 3.0000000000000000e+00 6.3404370503898249e+01
4.9717848424983793e+05 8.9927910260491882e-05 8.9171191447177639e+09 6.9157781169600924e+05 8.3402303997060766e+09 1.7306662350350657e+09 4.6293507672744977e+13 1.3856031477440126e-04 3.0000000000000000e+00 6.3404370503898022e+01
4.9941999725368503e+05 8.9927910260491719e-05 8.9171191447177334e+09 6.9157781169600831e+05 8.3402303997060499e+09 1.7306662350350561e+09 4.6922473154186484e+13 1.3918500944084972e-04 3.0000000000000000e+00 6.3404370503897596e+01
5.0167161604590708e+05 8.9927910260491394e-05 8.9171191447177010e+09 6.9157781169600808e+05 8.3402303997060184e+09 1.7306662350350540e+09 4.7559984058015109e+13 1.3981252052285641e-04 3.0000000000000000e+00 6.3404370503897653e+01
5.0393338618812192e+05 8.9927910260491245e-05 8.9171191447176685e+09 6.9157781169600692e+05 8.3402303997059889e+09 1.7306662350350423e+09 4.8206156486379453e+13 1.4044286071813924e-04 3.0000000000000000e+00 6.3404370503897098e+01
5.0620535344736022e+05 8.9927910260491082e-05 8.9171191447176685e+09 6.9157781169600785e+05 8.3402303997059860e+09 1.7306662350350516e+09 4.8861108118846711e+13 1.4107604278166318e-04 3.0000000000000000e+00 6.3404370503897333e+01
5.0848756379699212e+05 8.9927910260490757e-05 8.9171191447176380e+09 6.9157781169600785e+05 8.3402303997059555e+09 1.7306662350350516e+09 4.9524958233834430e+13 1.4171207952589867e-04 3.0000000000000000e+00 6.3404370503897511e+01
5.1078006341765699e+05 8.9927910260490608e-05 8.9171191447176056e+09 6.9157781169600668e+05 8.3402303997059278e+09 1.7306662350350399e+09 5.0197827730333031e+13 1.4235098382108077e-04 3.0000000000000000e+00 6.3404370503897269e+01
5.1308289869819820e+05 8.9927910260490445e-05 8.9171191447175751e+09 6.9157781169600552e+05 8.3402303997058983e+09 1.7306662350350282e+09 5.0879839149923844e+13 1.4299276859546946e-04 3.0000000000000000e+00 6.3404370503896700e+01
5.1539611623660167e+05 8.9927910260490120e-05 8.9171191447175426e+09 6.9157781169600552e+05 8.3402303997058678e+09 1.7306662350350282e+09 5.1571116699096016e+13 1.4363744683561146e-04 3.0000000000000000e+00 6.3404370503896871e+01
5.1771976284093881e+05 8.9927910260489957e-05 8.9171191447175102e+09 6.9157781169600436e+05 8.3402303997058392e+09 1.7306662350350165e+09 5.2271786271866789e+13 1.4428503158660293e-04 3.0000000000000000e+00 6.3404370503896558e+01
5.2005388553031383e+05 8.9927910260489646e-05 8.9171191447174797e+09 6.9157781169600436e+05 8.3402303997058096e+09 1.7306662350350165e+09 5.2981975472709078e+13 1.4493553595235325e-04 3.0000000000000000e+00 6.3404370503896715e+01
5.2239853153581475e+05 8.9927910260489483e-05 8.9171191447174473e+09 6.9157781169600319e+05 8.3402303997057810e+09 1.7306662350350049e+09 5.3701813639790398e+13 1.4558897309585063e-04 3.0000000000000000e+00 6.3404370503896146e+01
5.2475374830146972e+05 8.9927910260489158e-05 8.9171191447174168e+09 6.9157781169600319e+05 8.3402303997057505e+09 1.7306662350350049e+09 5.4431431868527867e+13 1.4624535623942791e-04 3.0000000000000000e+00 6.3404370503896097e+01
5.2711958348520671e+05 8.9927910260489009e-05 8.9171191447173843e+09 6.9157781169600179e+05 8.3402303997057209e+09 1.7306662350349910e+09 5.5170963035462875e+13 1.4690469866503053e-04 3.0000000000000000e+00 6.3404370503895983e+01
5.2949608495981758e+05 8.9927910260488683e-05 8.9171191447173519e+09 6.9157781169600179e+05 8.3402303997056904e+09 1.7306662350349910e+09 5.5920541822460281e+13 1.4756701371448517e-04 3.0000000000000000e+00 6.3404370503896004e+01
5.3188330081392755e+05 8.9927910260488521e-05 8.9171191447173214e+09 6.9157781169600063e+05 8.3402303997056608e+09 1.7306662350349793e+09 5.6680304741236484e+13 1.4823231478976960e-04 3.0000000000000000e+00 6.3404370503895528e+01
5.3428127935296751e+05 8.9927910260488209e-05 8.9171191447172890e+09 6.9157781169600063e+05 8.3402303997056322e+09 1.7306662350349793e+09 5.7450390158220594e+13 1.4890061535328405e-04 3.0000000000000000e+00 6.3404370503895585e+01
5.3669006910015200e+05 8.9927910260488046e-05 8.9171191447172585e+09 6.9157781169599947e+05 8.3402303997056026e+09 1.7306662350349679e+09 5.8230938319753414e+13 1.4957192892812348e-04 3.0000000000000000e+00 6.3404370503895095e+01
5.3910971879746090e+05 8.9927910260487721e-05 8.9171191447172260e+09 6.9157781169599947e+05 8.3402303997055740e+09 1.7306662350349679e+09 5.9022091377628906e+13 1.5024626909835136e-04 3.0000000000000000e+00 6.3404370503894974e+01
5.4154027740662545e+05 8.9927910260487572e-05 8.9171191447171936e+09 6.9157781169599807e+05 8.3402303997055435e+09 1.7306662350349536e+09 5.9823993414982398e+13 1.5092364950927440e-04 3.0000000000000000e+00 6.3404370503894782e+01
5.4398179411011969e+05 8.9927910260487247e-05 8.9171191447171631e+09 6.9157781169599807e+05 8.3402303997055120e+09 1.7306662350349536e+09 6.0636790472530938e+13 1.5160408386771871e-04 3.0000000000000000e+00 6.3404370503894825e+01
5.4643431831215497e+05 8.9927910260487084e-05 8.9171191447171307e+09 6.9157781169599690e+05 8.3402303997054834e+09 1.7306662350349422e+09 6.1460630575169719e+13 1.5228758594230740e-04 3.0000000000000000e+00 6.3404370503894590e+01
5.4889789963967982e+05 8.9927910260486772e-05 8.9171191447170982e+09 6.9157781169599690e+05 8.3402303997054539e+09 1.7306662350349422e+09 6.2295663758930141e+13 1.5297416956373865e-04 3.0000000000000000e+00 6.3404370503894526e+01
5.5137258794338454e+05 8.9927910260486447e-05 8.9171191447170677e+09 6.9157781169599667e+05 8.3402303997054224e+09 1.7306662350349398e+09 6.3142042098304094e+13 1.5366384862506603e-04 3.0000000000000000e+00 6.3404370503894199e+01
5.5385843329870934e+05 8.9927910260486285e-05 8.9171191447170353e+09 6.9157781169599574e+05 8.3402303997053947e+09 1.7306662350349305e+09 6.3999919733939344e+13 1.5435663708197953e-04 3.0000000000000000e+00 6.3404370503894086e+01
5.5635548600685829e+05 8.9927910260485973e-05 8.9171191447169724e+09 6.9157781169599341e+05 8.3402303997053375e+09 1.7306662350349071e+09 6.4869452900711547e+13 1.5505254895308791e-04 3.0000000000000000e+00 6.3404370503893510e+01
5.5886379659581650e+05 8.9927910260485648e-05 8.9171191447169399e+09 6.9157781169599318e+05 8.3402303997053041e+09 1.7306662350349050e+09 6.5750799956177039e+13 1.5575159832020234e-04 3.0000000000000000e+00 6.3404370503893283e+01
5.6138341582137288e+05 8.9927910260485485e-05 8.9171191447169094e+09 6.9157781169599225e+05 8.3402303997052784e+09 1.7306662350348954e+09 6.6644121409412844e+13 1.5645379932862128e-04 3.0000000000000000e+00 6.3404370503893027e+01
5.6391439466814732e+05 8.9927910260485173e-05 8.9171191447168770e+09 6.9157781169599202e+05 8.3402303997052469e+09 1.7306662350348933e+09 6.7549579950248266e+13 1.5715916618741710e-04 3.0000000000000000e+00 6.3404370503893169e+01
5.6645678435062210e+05 8.9927910260484848e-05 8.9171191447168465e+09 6.9157781169599202e+05 8.3402303997052164e+09 1.7306662350348933e+09 6.8467340478893469e+13 1.5786771316972294e-04 3.0000000000000000e+00 6.3404370503893048e+01
5.6901063631417823e+05 8.9927910260484685e-05 8.9171191447168140e+09 6.9157781169599085e+05 8.3402303997051878e+09 1.7306662350348816e+09 6.9397570135970797e+13 1.5857945461302211e-04 3.0000000000000000e+00 6.3404370503892729e+01
5.7157600223613682e+05 8.9927910260484374e-05 8.9171191447167816e+09 6.9157781169599062e+05 8.3402303997051554e+09 1.7306662350348792e+09 7.0340438332954250e+13 1.5929440491943802e-04 3.0000000000000000e+00 6.3404370503892487e+01
5.7415293402680417e+05 8.9927910260484048e-05 8.9171191447167187e+09 6.9157781169598852e+05 8.3402303997051001e+09 1.7306662350348582e+09 7.1296116783022047e+13 1.6001257855602547e-04 3.0000000000000000e+00 6.3404370503892153e+01
5.7674148383052286e+05 8.9927910260483737e-05 8.9171191447166882e+09 6.9157781169598852e+05 8.3402303997050714e+09 1.7306662350348582e+09 7.2264779532329000e+13 1.6073399005506363e-04 3.0000000000000000e+00 6.3404370503892004e+01
5.7934170402672619e+05 8.9927910260483574e-05 8.9171191447166557e+09 6.9157781169598736e+05 8.3402303997050419e+09 1.7306662350348465e+09 7.3246602991703062e+13 1.6145865401434980e-04 3.0000000000000000e+00 6.3404370503891627e+01
5.8195364723099861e+05 8.9927910260483249e-05 8.9171191447166233e+09 6.9157781169598713e+05 8.3402303997050095e+09 1.7306662350348442e+09 7.4241765968773219e+13 1.6218658509749515e-04 3.0000000000000000e+00 6.3404370503891791e+01
5.8457736629614036e+05 8.9927910260482937e-05 8.9171191447165928e+09 6.9157781169598713e+05 8.3402303997049809e+09 1.7306662350348442e+09 7.5250449700533484e+13 1.6291779803422120e-04 3.0000000000000000e+00 6.3404370503891528e+01
5.8721291431323637e+05 8.9927910260482612e-05 8.9171191447165298e+09 6.9157781169598503e+05 8.3402303997049255e+09 1.7306662350348232e+09 7.6272837886349188e+13 1.6365230762065789e-04 3.0000000000000000e+00 6.3404370503890910e+01
5.8986034461273148e+05 8.9927910260482300e-05 8.9171191447164974e+09 6.9157781169598480e+05 8.3402303997048931e+09 1.7306662350348208e+09 7.7309116721412250e+13 1.6439012871964309e-04 3.0000000000000000e+00 6.3404370503891123e+01
5.9251971076550882e+05 8.9927910260482137e-05 8.9171191447164650e+09 6.9157781169598363e+05 8.3402303997048645e+09 1.7306662350348091e+09 7.8359474930650438e+13 1.6513127626102326e-04 3.0000000000000000e+00 6.3404370503890654e+01
5.9519106658397429e+05 8.9927910260481812e-05 8.9171191447164345e+09 6.9157781169598363e+05 8.3402303997048340e+09 1.7306662350348091e+09 7.9424103803097625e+13 1.6587576524195564e-04 3.0000000000000000e+00 6.3404370503890590e+01
5.9787446612314496e+05 8.9927910260481501e-05 8.9171191447163696e+09 6.9157781169598131e+05 8.3402303997047768e+09 1.7306662350347857e+09 8.0503197226730844e+13 1.6662361072721161e-04 3.0000000000000000e+00 6.3404370503890100e+01
6.0056996368174348e+05 8.9927910260481175e-05 8.9171191447163391e+09 6.9157781169598131e+05 8.3402303997047462e+09 1.7306662350347857e+09 8.1596951723780953e+13 1.6737482784948157e-04 3.0000000000000000e+00 6.3404370503889979e+01
6.0327761380329647e+05 8.9927910260480864e-05 8.9171191447163067e+09 6.9157781169598107e+05 8.3402303997047138e+09 1.7306662350347836e+09 8.2705566486522719e+13 1.6812943180968118e-04 3.0000000000000000e+00 6.3404370503889716e+01
6.0599747127723822e+05 8.9927910260480538e-05 8.9171191447162762e+09 6.9157781169598107e+05 8.3402303997046852e+09 1.7306662350347836e+09 8.3829243413551344e+13 1.6888743787725905e-04 3.0000000000000000e+00 6.3404370503889957e+01
6.0872959114001936e+05 8.9927910260480213e-05 8.9171191447162113e+09 6.9157781169597874e+05 8.3402303997046270e+09 1.7306662350347602e+09 8.4968187146551750e+13 1.6964886139050534e-04 3.0000000000000000e+00 6.3404370503889190e+01
6.1147402867622057e+05 8.9927910260479901e-05 8.9171191447161808e+09 6.9157781169597851e+05 8.3402303997045946e+09 1.7306662350347579e+09 8.6122605107567562e+13 1.7041371775686266e-04 3.0000000000000000e+00 6.3404370503889318e+01
6.1423083941967133e+05 8.9927910260479576e-05 8.9171191447161484e+09 6.9157781169597851e+05 8.3402303997045650e+09 1.7306662350347579e+09 8.7292707536776344e+13 1.7118202245323740e-04 3.0000000000000000e+00 6.3404370503889147e+01
6.1700007915457361e+05 8.9927910260479264e-05 8.9171191447160854e+09 6.9157781169597618e+05 8.3402303997045088e+09 1.7306662350347345e+09 8.8478707530778188e+13 1.7195379102631311e-04 3.0000000000000000e+00 6.3404370503888586e+01
6.1978180391663045e+05 8.9927910260478939e-05 8.9171191447160530e+09 6.9157781169597618e+05 8.3402303997044783e+09 1.7306662350347345e+09 8.9680821081404172e+13 1.7272903909286517e-04 3.0000000000000000e+00 6.3404370503888401e+01
6.2257606999418023e+05 8.9927910260478627e-05 8.9171191447160225e+09 6.9157781169597595e+05 8.3402303997044458e+09 1.7306662350347323e+09 9.0899267115052672e+13 1.7350778234007656e-04 3.0000000000000000e+00 6.3404370503888302e+01
6.2538293392933533e+05 8.9927910260478302e-05 8.9171191447159595e+09 6.9157781169597385e+05 8.3402303997043905e+09 1.7306662350347114e+09 9.2134267532559469e+13 1.7429003652585541e-04 3.0000000000000000e+00 6.3404370503887812e+01
6.2820245251912659e+05 8.9927910260477977e-05 8.9171191447159271e+09 6.9157781169597362e+05 8.3402303997043571e+09 1.7306662350347090e+09 9.3386047249610172e+13 1.7507581747915391e-04 3.0000000000000000e+00 6.3404370503887741e+01
6.3103468281665223e+05 8.9927910260477665e-05 8.9171191447158642e+09 6.9157781169597153e+05 8.3402303997043037e+09 1.7306662350346880e+09 9.4654834237701094e+13 1.7586514110028861e-04 3.0000000000000000e+00 6.3404370503887037e+01
6.3387968213223258e+05 8.9927910260477177e-05 8.9171191447158318e+09 6.9157781169597222e+05 8.3402303997042665e+09 1.7306662350346949e+09 9.5940859565657188e+13 1.7665802336126204e-04 3.0000000000000000e+00 6.3404370503887364e+01
6.3673750803456968e+05 8.9927910260476866e-05 8.9171191447158012e+09 6.9157781169597222e+05 8.3402303997042379e+09 1.7306662350346949e+09 9.7244357441713547e+13 1.7745448030608601e-04 3.0000000000000000e+00 6.3404370503887435e+01
6.3960821835191210e+05 8.9927910260476540e-05 8.9171191447157364e+09 6.9157781169596990e+05 8.3402303997041788e+09 1.7306662350346718e+09 9.8565565256169188e+13 1.7825452805110632e-04 3.0000000000000000e+00 6.3404370503886845e+01
6.4249187117322534e+05 8.9927910260476229e-05 8.9171191447157059e+09 6.9157781169596990e+05 8.3402303997041502e+09 1.7306662350346718e+09 9.9904723624619938e+13 1.7905818278532852e-04 3.0000000000000000e+00 6.3404370503886703e+01
6.4538852484936698e+05 8.9927910260475903e-05 8.9171191447156410e+09 6.9157781169596757e+05 8.3402303997040920e+09 1.7306662350346484e+09 1.0126207643177888e+14 1.7986546077074610e-04 3.0000000000000000e+00 6.3404370503886014e+01
6.4829823799426772e+05 8.9927910260475429e-05 8.9171191447156105e+09 6.9157781169596850e+05 8.3402303997040596e+09 1.7306662350346580e+09 1.0263787087589216e+14 1.8067637834266907e-04 3.0000000000000000e+00 6.3404370503886476e+01
6.5122106948611699e+05 8.9927910260475104e-05 8.9171191447155476e+09 6.9157781169596640e+05 8.3402303997040043e+09 1.7306662350346367e+09 1.0403235751375794e+14 1.8149095191005458e-04 3.0000000000000000e+00 6.3404370503885836e+01
6.5415707846855477e+05 8.9927910260474792e-05 8.9171191447155151e+09 6.9157781169596617e+05 8.3402303997039728e+09 1.7306662350346346e+09 1.0544579030635778e+14 1.8230919795583913e-04 3.0000000000000000e+00 6.3404370503885524e+01
6.5710632435186836e+05 8.9927910260474467e-05 8.9171191447154522e+09 6.9157781169596408e+05 8.3402303997039175e+09 1.7306662350346134e+09 1.0687842666510711e+14 1.8313113303727204e-04 3.0000000000000000e+00 6.3404370503884962e+01
6.6006886681419413e+05 8.9927910260473992e-05 8.9171191447154198e+09 6.9157781169596477e+05 8.3402303997038822e+09 1.7306662350346205e+09 1.0833052749873444e+14 1.8395677378625028e-04 3.0000000000000000e+00 6.3404370503885353e+01
6.6304476580272545e+05 8.9927910260473667e-05 8.9171191447153568e+09 6.9157781169596268e+05 8.3402303997038250e+09 1.7306662350345995e+09 1.0980235726079762e+14 1.8478613690965531e-04 3.0000000000000000e+00 6.3404370503884572e+01
6.6603408153492573e+05 8.9927910260473355e-05 8.9171191447152939e+09 6.9157781169596035e+05 8.3402303997037687e+09 1.7306662350345762e+09 1.1129418399784572e+14 1.8561923918969107e-04 3.0000000000000000e+00 6.3404370503883889e+01
6.6903687449974695e+05 8.9927910260472868e-05 8.9171191447152615e+09 6.9157781169596128e+05 8.3402303997037344e+09 1.7306662350345855e+09 1.1280627939823491e+14 1.8645609748422340e-04 3.0000000000000000e+00 6.3404370503884230e+01
6.7205320545885339e+05 8.9927910260472556e-05 8.9171191447151985e+09 6.9157781169595895e+05 8.3402303997036781e+09 1.7306662350345621e+09 1.1433891884160770e+14 1.8729672872712139e-04 3.0000000000000000e+00 6.3404370503883520e+01
6.7508313544785138e+05 8.9927910260472068e-05 8.9171191447151661e+09 6.9157781169595988e+05 8.3402303997036448e+09 1.7306662350345716e+09 1.1589238144904466e+14 1.8814114992859974e-04 3.0000000000000000e+00 6.3404370503883868e+01
6.7812672577752429e+05 8.9927910260471756e-05 8.9171191447151031e+09 6.9157781169595756e+05 8.3402303997035875e+09 1.7306662350345483e+09 1.1746695013389742e+14 1.8898937817556335e-04 3.0000000000000000e+00 6.3404370503883200e+01
6.8118403803507320e+05 8.9927910260471431e-05 8.9171191447150402e+09 6.9157781169595546e+05 8.3402303997035313e+09 1.7306662350345271e+09 1.1906291165331209e+14 1.8984143063195287e-04 3.0000000000000000e+00 6.3404370503882497e+01
6.8425513408536289e+05 8.9927910260470957e-05 8.9171191447150078e+09 6.9157781169595639e+05 8.3402303997034988e+09 1.7306662350345366e+09 1.2068055666045277e+14 1.9069732453909184e-04 3.0000000000000000e+00 6.3404370503882753e+01
6.8734007607217412e+05 8.9927910260470631e-05 8.9171191447149448e+09 6.9157781169595406e+05 8.3402303997034407e+09 1.7306662350345132e+09 1.2232017975743516e+14 1.9155707721603592e-04 3.0000000000000000e+00 6.3404370503882312e+01
6.9043892641946068e+05 8.9927910260470157e-05 8.9171191447148819e+09 6.9157781169595290e+05 8.3402303997033825e+09 1.7306662350345016e+09 1.2398207954897834e+14 1.9242070605992302e-04 3.0000000000000000e+00 6.3404370503881964e+01
6.9355174783261283e+05 8.9927910260469669e-05 8.9171191447148495e+09 6.9157781169595383e+05 8.3402303997033491e+09 1.7306662350345109e+09 1.2566655869678645e+14 1.9328822854632559e-04 3.0000000000000000e+00 6.3404370503882141e+01
6.9667860329972615e+05 8.9927910260469357e-05 8.9171191447147865e+09 6.9157781169595150e+05 8.3402303997032919e+09 1.7306662350344875e+09 1.2737392397466861e+14 1.9415966222960420e-04 3.0000000000000000e+00 6.3404370503881374e+01
6.9981955609287566e+05 8.9927910260468883e-05 8.9171191447147236e+09 6.9157781169595034e+05 8.3402303997032337e+09 1.7306662350344758e+09 1.2910448632440773e+14 1.9503502474326248e-04 3.0000000000000000e+00 6.3404370503881204e+01
7.0297466976939677e+05 8.9927910260468558e-05 8.9171191447146606e+09 6.9157781169594824e+05 8.3402303997031784e+09 1.7306662350344551e+09 1.3085856091238909e+14 1.9591433380030431e-04 3.0000000000000000e+00 6.3404370503880450e+01
7.0614400817317085e+05 8.9927910260468084e-05 8.9171191447146282e+09 6.9157781169594894e+05 8.3402303997031431e+09 1.7306662350344620e+09 1.3263646718699723e+14 1.9679760719359192e-04 3.0000000000000000e+00 6.3404370503880713e+01
7.0932763543591765e+05 8.9927910260467596e-05 8.9171191447145653e+09 6.9157781169594778e+05 8.3402303997030840e+09 1.7306662350344503e+09 1.3443852893679372e+14 1.9768486279620617e-04 3.0000000000000000e+00 6.3404370503880344e+01
7.1252561597849219e+05 8.9927910260467284e-05 8.9171191447145023e+09 6.9157781169594568e+05 8.3402303997030287e+09 1.7306662350344293e+09 1.3626507434948423e+14 1.9857611856180819e-04 3.0000000000000000e+00 6.3404370503879754e+01
7.1573801451218943e+05 8.9927910260466796e-05 8.9171191447144375e+09 6.9157781169594429e+05 8.3402303997029667e+09 1.7306662350344155e+09 1.3811643607168827e+14 1.9947139252500247e-04 3.0000000000000000e+00 6.3404370503879235e+01
7.1896489604005252e+05 8.9927910260466322e-05 8.9171191447143745e+09 6.9157781169594312e+05 8.3402303997029085e+09 1.7306662350344038e+09 1.3999295126951905e+14 2.0037070280170199e-04 3.0000000000000000e+00 6.3404370503879129e+01
7.2220632585818903e+05 8.9927910260465847e-05 8.9171191447143421e+09 6.9157781169594382e+05 8.3402303997028723e+09 1.7306662350344107e+09 1.4189496168998844e+14 2.0127406758949478e-04 3.0000000000000000e+00 6.3404370503879228e+01
7.2546236955709185e+05 8.9927910260465522e-05 8.9171191447142792e+09 6.9157781169594172e+05 8.3402303997028189e+09 1.7306662350343897e+09 1.4382281372324447e+14 2.0218150516801195e-04 3.0000000000000000e+00 6.3404370503878624e+01
7.2873309302296664e+05 8.9927910260465048e-05 8.9171191447142162e+09 6.9157781169594056e+05 8.3402303997027597e+09 1.7306662350343781e+09 1.4577685846565581e+14 2.0309303389929800e-04 3.0000000000000000e+00 6.3404370503878120e+01
7.3201856243906438e+05 8.9927910260464560e-05 8.9171191447141533e+09 6.9157781169593940e+05 8.3402303997027006e+09 1.7306662350343664e+09 1.4775745178375188e+14 2.0400867222818177e-04 3.0000000000000000e+00 6.3404370503878063e+01
7.3531884428702155e+05 8.9927910260464086e-05 8.9171191447140903e+09 6.9157781169593800e+05 8.3402303997026396e+09 1.7306662350343525e+09 1.4976495437903350e+14 2.0492843868265029e-04 3.0000000000000000e+00 6.3404370503877658e+01
7.3863400534820487e+05 8.9927910260463611e-05 8.9171191447140255e+09 6.9157781169593683e+05 8.3402303997025805e+09 1.7306662350343409e+09 1.5179973185366238e+14 2.0585235187422330e-04 3.0000000000000000e+00 6.3404370503877203e+01
7.4196411270506238e+05 8.9927910260463123e-05 8.9171191447139626e+09 6.9157781169593567e+05 8.3402303997025213e+09 1.7306662350343292e+09 1.5386215477704412e+14 2.0678043049832999e-04 3.0000000000000000e+00 6.3404370503877018e+01
7.4530923374248156e+05 8.9927910260462649e-05 8.9171191447138996e+09 6.9157781169593427e+05 8.3402303997024612e+09 1.7306662350343151e+09 1.5595259875331544e+14 2.0771269333468722e-04 3.0000000000000000e+00 6.3404370503876443e+01
7.4866943614915200e+05 8.9927910260462161e-05 8.9171191447138367e+09 6.9157781169593311e+05 8.3402303997024012e+09 1.7306662350343034e+09 1.5807144448974834e+14 2.0864915924767967e-04 3.0000000000000000e+00 6.3404370503876365e+01
7.5204478791893600e+05 8.9927910260461687e-05 8.9171191447137718e+09 6.9157781169593171e+05 8.3402303997023420e+09 1.7306662350342896e+09 1.6021907786608394e+14 2.0958984718674146e-04 3.0000000000000000e+00 6.3404370503875846e+01
7.5543535735224362e+05 8.9927910260461212e-05 8.9171191447137089e+09 6.9157781169593055e+05 8.3402303997022839e+09 1.7306662350342779e+09 1.6239589000480788e+14 2.1053477618673971e-04 3.0000000000000000e+00 6.3404370503875626e+01
7.5884121305741533e+05 8.9927910260460725e-05 8.9171191447136459e+09 6.9157781169592938e+05 8.3402303997022238e+09 1.7306662350342662e+09 1.6460227734238088e+14 2.1148396536835938e-04 3.0000000000000000e+00 6.3404370503875242e+01
7.6226242395211000e+05 8.9927910260460250e-05 8.9171191447135830e+09 6.9157781169592822e+05 8.3402303997021656e+09 1.7306662350342546e+09 1.6683864170143669e+14 2.1243743393849066e-04 3.0000000000000000e+00 6.3404370503874816e+01
7.6569905926469935e+05 8.9927910260459776e-05 8.9171191447135201e+09 6.9157781169592706e+05 8.3402303997021074e+09 1.7306662350342429e+09 1.6910539036396144e+14 2.1339520119061721e-04 3.0000000000000000e+00 6.3404370503874325e+01
7.6915118853566924e+05 8.9927910260459288e-05 8.9171191447134552e+09 6.9157781169592566e+05 8.3402303997020464e+09 1.7306662350342288e+09 1.7140293614546691e+14 2.1435728650520688e-04 3.0000000000000000e+00 6.3404370503874198e+01
7.7261888161902642e+05 8.9927910260458814e-05 8.9171191447133923e+09 6.9157781169592449e+05 8.3402303997019882e+09 1.7306662350342171e+09 1.7373169747017156e+14 2.1532370935010362e-04 3.0000000000000000e+00 6.3404370503873700e+01
7.7610220868371206e+05 8.9927910260458177e-05 8.9171191447133293e+09 6.9157781169592426e+05 8.3402303997019262e+09 1.7306662350342150e+09 1.7609209844720294e+14 2.1629448928092154e-04 3.0000000000000000e+00 6.3404370503873601e+01
7.7960124021502188e+05 8.9927910260457689e-05 8.9171191447132339e+09 6.9157781169592100e+05 8.3402303997018423e+09 1.7306662350341823e+09 1.7848456894783609e+14 2.1726964594144058e-04 3.0000000000000000e+00 6.3404370503872812e+01
7.8311604701603216e+05 8.9927910260457214e-05 8.9171191447131710e+09 6.9157781169591960e+05 8.3402303997017813e+09 1.7306662350341685e+09 1.8090954468377997e+14 2.1824919906400419e-04 3.0000000000000000e+00 6.3404370503872343e+01
7.8664670020903251e+05 8.9927910260456740e-05 8.9171191447131081e+09 6.9157781169591844e+05 8.3402303997017231e+09 1.7306662350341568e+09 1.8336746728652906e+14 2.1923316846991813e-04 3.0000000000000000e+00 6.3404370503872016e+01
7.9019327123696520e+05 8.9927910260456103e-05 8.9171191447130432e+09 6.9157781169591821e+05 8.3402303997016602e+09 1.7306662350341542e+09 1.8585878438779212e+14 2.2022157406985217e-04 3.0000000000000000e+00 6.3404370503871839e+01
7.9375583186487050e+05 8.9927910260455615e-05 8.9171191447129803e+09 6.9157781169591704e+05 8.3402303997016020e+09 1.7306662350341427e+09 1.8838394970101384e+14 2.2121443586424250e-04 3.0000000000000000e+00 6.3404370503871448e+01
7.9733445418133936e+05 8.9927910260455141e-05 8.9171191447128849e+09 6.9157781169591378e+05 8.3402303997015171e+09 1.7306662350341101e+09 1.9094342310400456e+14 2.2221177394369677e-04 3.0000000000000000e+00 6.3404370503870609e+01
8.0092921059997124e+05 8.9927910260454504e-05 8.9171191447128220e+09 6.9157781169591332e+05 8.3402303997014542e+09 1.7306662350341055e+09 1.9353767072269122e+14 2.2321360848940035e-04 3.0000000000000000e+00 6.3404370503870460e+01
8.0454017386084050e+05 8.9927910260454016e-05 8.9171191447127590e+09 6.9157781169591215e+05 8.3402303997013950e+09 1.7306662350340939e+09 1.9616716501600906e+14 2.2421995977352490e-04 3.0000000000000000e+00 6.3404370503870318e+01
8.0816741703196743e+05 8.9927910260453379e-05 8.9171191447126961e+09 6.9157781169591192e+05 8.3402303997013321e+09 1.7306662350340915e+09 1.9883238486194275e+14 2.2523084815963845e-04 3.0000000000000000e+00 6.3404370503870027e+01
8.1181101351079741e+05 8.9927910260452905e-05 8.9171191447126007e+09 6.9157781169590866e+05 8.3402303997012491e+09 1.7306662350340588e+09 2.0153381564474050e+14 2.2624629410311763e-04 3.0000000000000000e+00 6.3404370503869217e+01
8.1547103702568531e+05 8.9927910260452268e-05 8.9171191447125378e+09 6.9157781169590843e+05 8.3402303997011862e+09 1.7306662350340564e+09 2.0427194934330975e+14 2.2726631815156128e-04 3.0000000000000000e+00 6.3404370503869231e+01
8.1914756163738831e+05 8.9927910260451780e-05 8.9171191447124424e+09 6.9157781169590517e+05 8.3402303997011032e+09 1.7306662350340238e+09 2.0704728462081612e+14 2.2829094094520662e-04 3.0000000000000000e+00 6.3404370503868279e+01
8.2284066174056416e+05 8.9927910260451143e-05 8.9171191447123795e+09 6.9157781169590494e+05 8.3402303997010412e+09 1.7306662350340214e+09 2.0986032691549919e+14 2.2932018321734660e-04 3.0000000000000000e+00 6.3404370503868122e+01
8.2655041206527781e+05 8.9927910260450669e-05 8.9171191447123146e+09 6.9157781169590354e+05 8.3402303997009792e+09 1.7306662350340075e+09 2.1271158853272216e+14 2.3035406579475002e-04 3.0000000000000000e+00 6.3404370503867675e+01
8.3027688767850737e+05 8.9927910260450032e-05 8.9171191447122211e+09 6.9157781169590144e+05 8.3402303997008953e+09 1.7306662350339863e+09 2.1560158873826741e+14 2.3139260959808113e-04 3.0000000000000000e+00 6.3404370503867035e+01
8.3402016398567334e+05 8.9927910260449381e-05 8.9171191447121563e+09 6.9157781169590098e+05 8.3402303997008295e+09 1.7306662350339818e+09 2.1853085385291181e+14 2.3243583564232559e-04 3.0000000000000000e+00 6.3404370503867099e+01
8.3778031673215691e+05 8.9927910260448744e-05 8.9171191447120628e+09 6.9157781169589888e+05 8.3402303997007446e+09 1.7306662350339608e+09 2.2149991734827347e+14 2.3348376503721418e-04 3.0000000000000000e+00 6.3404370503866375e+01
8.4155742200483521e+05 8.9927910260448270e-05 8.9171191447119980e+09 6.9157781169589749e+05 8.3402303997006836e+09 1.7306662350339468e+09 2.2450931994396834e+14 2.3453641898764995e-04 3.0000000000000000e+00 6.3404370503865849e+01
8.4535155623362050e+05 8.9927910260447633e-05 8.9171191447119045e+09 6.9157781169589516e+05 8.3402303997005968e+09 1.7306662350339236e+09 2.2755960970608488e+14 2.3559381879413783e-04 3.0000000000000000e+00 6.3404370503865387e+01
8.4916279619300668e+05 8.9927910260446996e-05 8.9171191447118397e+09 6.9157781169589492e+05 8.3402303997005348e+09 1.7306662350339212e+09 2.3065134214699616e+14 2.3665598585321531e-04 3.0000000000000000e+00 6.3404370503865259e+01
8.5299121900362312e+05 8.9927910260446359e-05 8.9171191447117443e+09 6.9157781169589236e+05 8.3402303997004442e+09 1.7306662350338955e+09 2.3378508032652916e+14 2.3772294165788524e-04 3.0000000000000000e+00 6.3404370503864676e+01
8.5683690213379497e+05 8.9927910260445708e-05 8.9171191447116814e+09 6.9157781169589236e+05 8.3402303997003851e+09 1.7306662350338955e+09 2.3696139495450788e+14 2.3879470779805139e-04 3.0000000000000000e+00 6.3404370503864612e+01
8.6069992340111081e+05 8.9927910260445071e-05 8.9171191447115860e+09 6.9157781169589004e+05 8.3402303997002974e+09 1.7306662350338724e+09 2.4018086449468981e+14 2.3987130596095450e-04 3.0000000000000000e+00 6.3404370503863987e+01
8.6458036097399727e+05 8.9927910260444434e-05 8.9171191447114925e+09 6.9157781169588771e+05 8.3402303997002115e+09 1.7306662350338490e+09 2.4344407527011456e+14 2.4095275793161179e-04 3.0000000000000000e+00 6.3404370503863269e+01
8.6847829337330069e+05 8.9927910260443797e-05 8.9171191447114277e+09 6.9157781169588724e+05 8.3402303997001457e+09 1.7306662350338442e+09 2.4675162156988350e+14 2.4203908559325741e-04 3.0000000000000000e+00 6.3404370503863035e+01
8.7239379947387637e+05 8.9927910260443160e-05 8.9171191447113342e+09 6.9157781169588515e+05 8.3402303997000618e+09 1.7306662350338235e+09 2.5010410575739116e+14 2.4313031092778535e-04 3.0000000000000000e+00 6.3404370503862530e+01
8.7632695850618393e+05 8.9927910260442523e-05 8.9171191447112389e+09 6.9157781169588282e+05 8.3402303996999741e+09 1.7306662350338001e+09 2.5350213838002534e+14 2.4422645601619437e-04 3.0000000000000000e+00 6.3404370503861685e+01
8.8027785005789145e+05 8.9927910260441886e-05 8.9171191447111435e+09 6.9157781169588049e+05 8.3402303996998873e+09 1.7306662350337768e+09 2.5694633828036012e+14 2.4532754303903463e-04 3.0000000000000000e+00 6.3404370503861138e+01
8.8424655407548486e+05 8.9927910260441236e-05 8.9171191447110806e+09 6.9157781169588026e+05 8.3402303996998243e+09 1.7306662350337744e+09 2.6043733270885641e+14 2.4643359427685646e-04 3.0000000000000000e+00 6.3404370503860925e+01
8.8823315086588648e+05 8.9927910260440599e-05 8.9171191447109852e+09 6.9157781169587793e+05 8.3402303996997366e+09 1.7306662350337510e+09 2.6397575743809684e+14 2.4754463211066144e-04 3.0000000000000000e+00 6.3404370503860427e+01
8.9223772109808004e+05 8.9927910260439962e-05 8.9171191447108898e+09 6.9157781169587560e+05 8.3402303996996489e+09 1.7306662350337276e+09 2.6756225687857144e+14 2.4866067902235526e-04 3.0000000000000000e+00 6.3404370503859639e+01
8.9626034580474219e+05 8.9927910260439162e-05 8.9171191447107944e+09 6.9157781169587420e+05 8.3402303996995592e+09 1.7306662350337138e+09 2.7119748419603481e+14 2.4978175759520231e-04 3.0000000000000000e+00 6.3404370503859234e+01
9.0030110638388316e+05 8.9927910260438525e-05 8.9171191447106991e+09 6.9157781169587187e+05 8.3402303996994715e+09 1.7306662350336907e+09 2.7488210143046112e+14 2.5090789051428311e-04 3.0000000000000000e+00 6.3404370503858594e+01
9.0436008460049343e+05 8.9927910260437888e-05 8.9171191447106056e+09 6.9157781169586955e+05 8.3402303996993837e+09 1.7306662350336673e+09 2.7861677961661225e+14 2.5203910056695300e-04 3.0000000000000000e+00 6.3404370503858075e+01
9.0843736258819816e+05 8.9927910260437089e-05 8.9171191447105103e+09 6.9157781169586815e+05 8.3402303996992941e+09 1.7306662350336533e+09 2.8240219890624562e+14 2.5317541064330345e-04 3.0000000000000000e+00 6.3404370503857535e+01
9.1253302285091940e+05 8.9927910260436452e-05 8.9171191447104473e+09 6.9157781169586792e+05 8.3402303996992311e+09 1.7306662350336509e+09 2.8623904869198212e+14 2.5431684373662509e-04 3.0000000000000000e+00 6.3404370503857557e+01
9.1664714826454525e+05 8.9927910260435652e-05 8.9171191447103519e+09 6.9157781169586652e+05 8.3402303996991405e+09 1.7306662350336368e+09 2.9012802773285662e+14 2.5546342294387316e-04 3.0000000000000000e+00 6.3404370503857052e+01
9.2077982207860728e+05 8.9927910260435015e-05 8.9171191447102566e+09 6.9157781169586419e+05 8.3402303996990528e+09 1.7306662350336137e+09 2.9406984428157450e+14 2.5661517146613450e-04 3.0000000000000000e+00 6.3404370503856263e+01
9.2493112791796459e+05 8.9927910260434216e-05 8.9171191447101612e+09 6.9157781169586279e+05 8.3402303996989632e+09 1.7306662350335996e+09 2.9806521621349731e+14 2.5777211260909769e-04 3.0000000000000000e+00 6.3404370503856107e+01
9.2910114978449675e+05 8.9927910260433579e-05 8.9171191447100353e+09 6.9157781169585860e+05 8.3402303996988525e+09 1.7306662350335577e+09 3.0211487115738088e+14 2.5893426978352408e-04 3.0000000000000000e+00 6.3404370503854793e+01
9.3328997205880238e+05 8.9927910260432779e-05 8.9171191447099400e+09 6.9157781169585697e+05 8.3402303996987591e+09 1.7306662350335414e+09 3.0621954662788881e+14 2.6010166650572132e-04 3.0000000000000000e+00 6.3404370503854338e+01
9.3749767950190778e+05 8.9927910260431980e-05 8.9171191447098446e+09 6.9157781169585581e+05 8.3402303996986713e+09 1.7306662350335298e+09 3.1037999015990812e+14 2.6127432639802030e-04 3.0000000000000000e+00 6.3404370503854068e+01
9.4172435725698143e+05 8.9927910260431343e-05 8.9171191447097492e+09 6.9157781169585325e+05 8.3402303996985807e+09 1.7306662350335040e+09 3.1459695944468794e+14 2.6245227318925175e-04 3.0000000000000000e+00 6.3404370503853229e+01
9.4597009085105686e+05 8.9927910260430543e-05 8.9171191447096539e+09 6.9157781169585185e+05 8.3402303996984892e+09 1.7306662350334902e+09 3.1887122246782888e+14 2.6363553071522737e-04 3.0000000000000000e+00 6.3404370503852803e+01
9.5023496619676379e+05 8.9927910260429743e-05 8.9171191447095585e+09 6.9157781169585045e+05 8.3402303996983986e+09 1.7306662350334761e+09 3.2320355764914719e+14 2.6482412291922188e-04 3.0000000000000000e+00 6.3404370503852540e+01
9.5451906959406589e+05 8.9927910260428944e-05 8.9171191447094650e+09 6.9157781169584929e+05 8.3402303996983099e+09 1.7306662350334644e+09 3.2759475398443869e+14 2.6601807385245733e-04 3.0000000000000000e+00 6.3404370503852235e+01
9.5882248773200763e+05 8.9927910260428144e-05 8.9171191447093372e+09 6.9157781169584580e+05 8.3402303996981945e+09 1.7306662350334294e+09 3.3204561118916900e+14 2.6721740767458987e-04 3.0000000000000000e+00 6.3404370503851204e+01
9.6314530769046815e+05 8.9927910260427507e-05 8.9171191447092419e+09 6.9157781169584347e+05 8.3402303996981077e+09 1.7306662350334063e+09 3.3655693984411619e+14 2.6842214865419891e-04 3.0000000000000000e+00 6.3404370503850451e+01
9.6748761694192328e+05 8.9927910260426708e-05 8.9171191447091484e+09 6.9157781169584231e+05 8.3402303996980190e+09 1.7306662350333946e+09 3.4112956154299219e+14 2.6963232116927776e-04 3.0000000000000000e+00 6.3404370503849997e+01
9.7184950335321575e+05 8.9927910260425908e-05 8.9171191447090206e+09 6.9157781169583881e+05 8.3402303996979036e+09 1.7306662350333595e+09 3.4576430904206906e+14 2.7084794970772734e-04 3.0000000000000000e+00 6.3404370503849265e+01
9.7623105518733314e+05 8.9927910260424946e-05 8.9171191447089252e+09 6.9157781169583835e+05 8.3402303996978073e+09 1.7306662350333550e+09 3.5046202641183981e+14 2.7206905886785102e-04 3.0000000000000000e+00 6.3404370503849023e+01
9.8063236110519373e+05 8.9927910260424146e-05 8.9171191447088299e+09 6.9157781169583695e+05 8.3402303996977167e+09 1.7306662350333409e+09 3.5522356919073781e+14 2.7329567335885344e-04 3.0000000000000000e+00 6.3404370503848675e+01
9.8505351016744075e+05 8.9927910260423347e-05 8.9171191447087040e+09 6.9157781169583369e+05 8.3402303996976032e+09 1.7306662350333083e+09 3.6004980454094644e+14 2.7452781800133935e-04 3.0000000000000000e+00 6.3404370503847758e+01
9.8949459183624445e+05 8.9927910260422547e-05 8.9171191447086086e+09 6.9157781169583229e+05 8.3402303996975117e+09 1.7306662350332944e+09 3.6494161140632400e+14 2.7576551772781675e-04 3.0000000000000000e+00 6.3404370503847232e+01
9.9395569597711228e+05 8.9927910260421747e-05 8.9171191447084827e+09 6.9157781169582880e+05 8.3402303996973963e+09 1.7306662350332594e+09 3.6989988067247619e+14 2.7700879758320074e-04 3.0000000000000000e+00 6.3404370503846316e+01
9.9843691286070738e+05 8.9927910260420799e-05 8.9171191447083874e+09 6.9157781169582834e+05 8.3402303996973028e+09 1.7306662350332549e+09 3.7492551532900100e+14 2.7825768272532090e-04 3.0000000000000000e+00 6.3404370503846124e+01
1.0029383331646753e+06 8.9927910260419999e-05 8.9171191447082596e+09 6.9157781169582484e+05 8.3402303996971865e+09 1.7306662350332198e+09 3.8001943063394044e+14 2.7951219842542983e-04 3.0000000000000000e+00 6.3404370503845286e+01
1.0074600479754789e+06 8.9927910260419200e-05 8.9171191447081337e+09 6.9157781169582158e+05 8.3402303996970730e+09 1.7306662350331872e+09 3.8518255428046544e+14 2.8077237006871492e-04 3.0000000000000000e+00 6.3404370503844113e+01
1.0120021487902411e+06 8.9927910260418237e-05 8.9171191447080383e+09 6.9157781169582112e+05 8.3402303996969786e+09 1.7306662350331824e+09 3.9041582656582362e+14 2.8203822315481171e-04 3.0000000000000000e+00 6.3404370503844120e+01
1.0165647275185970e+06 8.9927910260417438e-05 8.9171191447079124e+09 6.9157781169581786e+05 8.3402303996968651e+09 1.7306662350331500e+09 3.9572020056258706e+14 2.8330978329832018e-04 3.0000000000000000e+00 6.3404370503843147e+01
1.0211478764845531e+06 8.9927910260416476e-05 8.9171191447077847e+09 6.9157781169581530e+05 8.3402303996967440e+09 1.7306662350331242e+09 4.0109664229222150e+14 2.8458707622932265e-04 3.0000000000000000e+00 6.3404370503842536e+01
1.0257516884283555e+06 8.9927910260415676e-05 8.9171191447076893e+09 6.9157781169581390e+05 8.3402303996966534e+09 1.7306662350331104e+09 4.0654613090101688e+14 2.8587012779390482e-04 3.0000000000000000e+00 6.3404370503841982e+01
1.0303762565083669e+06 8.9927910260414727e-05 8.9171191447075634e+09 6.9157781169581157e+05 8.3402303996965380e+09 1.7306662350330870e+09 4.1206965883840844e+14 2.8715896395467886e-04 3.0000000000000000e+00 6.3404370503841371e+01
1.0350216743029515e+06 8.9927910260413765e-05 8.9171191447074375e+09 6.9157781169580901e+05 8.3402303996964169e+09 1.7306662350330613e+09 4.1766823203771750e+14 2.8845361079130798e-04 3.0000000000000000e+00 6.3404370503840696e+01
1.0396880358123684e+06 8.9927910260412965e-05 8.9171191447073097e+09 6.9157781169580552e+05 8.3402303996963005e+09 1.7306662350330262e+09 4.2334287009935231e+14 2.8975409450103534e-04 3.0000000000000000e+00 6.3404370503839708e+01
1.0443754354606738e+06 8.9927910260412003e-05 8.9171191447072144e+09 6.9157781169580529e+05 8.3402303996962090e+09 1.7306662350330241e+09 4.2909460647649281e+14 2.9106044139921302e-04 3.0000000000000000e+00 6.3404370503839480e+01
1.0490839680976316e+06 8.9927910260411054e-05 8.9171191447070885e+09 6.9157781169580272e+05 8.3402303996960907e+09 1.7306662350329983e+09 4.3492448866330431e+14 2.9237267791983528e-04 3.0000000000000000e+00 6.3404370503838869e+01
1.0538137290006329e+06 8.9927910260410092e-05 8.9171191447069607e+09 6.9157781169580016e+05 8.3402303996959696e+09 1.7306662350329728e+09 4.4083357838570094e+14 2.9369083061607298e-04 3.0000000000000000e+00 6.3404370503838003e+01
1.0585648138766240e+06 8.9927910260409130e-05 8.9171191447068348e+09 6.9157781169579783e+05 8.3402303996958523e+09 1.7306662350329494e+09 4.4682295179470912e+14 2.9501492616081142e-04 3.0000000000000000e+00 6.3404370503837441e+01
1.0633373188640422e+06 8.9927910260408168e-05 8.9171191447067089e+09 6.9157781169579551e+05 8.3402303996957350e+09 1.7306662350329261e+09 4.5289369966244981e+14 2.9634499134718916e-04 3.0000000000000000e+00 6.3404370503836738e+01
1.0681313405347627e+06 8.9927910260407219e-05 8.9171191447065811e+09 6.9157781169579295e+05 8.3402303996956177e+09 1.7306662350329003e+09 4.5904692758079188e+14 2.9768105308914148e-04 3.0000000000000000e+00 6.3404370503836056e+01
1.0729469758960512e+06 8.9927910260406257e-05 8.9171191447064552e+09 6.9157781169579062e+05 8.3402303996954975e+09 1.7306662350328770e+09 4.6528375616269625e+14 2.9902313842194360e-04 3.0000000000000000e+00 6.3404370503835267e+01
1.0777843223925275e+06 8.9927910260405295e-05 8.9171191447062969e+09 6.9157781169578596e+05 8.3402303996953535e+09 1.7306662350328305e+09 4.7160532124630212e+14 3.0037127450275886e-04 3.0000000000000000e+00 6.3404370503834009e+01
1.0826434779081380e+06 8.9927910260404183e-05 8.9171191447061691e+09 6.9157781169578456e+05 8.3402303996952343e+09 1.7306662350328166e+09 4.7801277410178275e+14 3.0172548861118762e-04 3.0000000000000000e+00 6.3404370503833611e+01
1.0875245407681346e+06 8.9927910260403221e-05 8.9171191447060432e+09 6.9157781169578200e+05 8.3402303996951132e+09 1.7306662350327909e+09 4.8450728164101175e+14 3.0308580814981928e-04 3.0000000000000000e+00 6.3404370503832844e+01
1.0924276097410663e+06 8.9927910260402259e-05 8.9171191447059155e+09 6.9157781169577967e+05 8.3402303996949968e+09 1.7306662350327675e+09 4.9109002663007950e+14 3.0445226064478720e-04 3.0000000000000000e+00 6.3404370503832240e+01
1.0973527840407765e+06 8.9927910260401148e-05 8.9171191447057896e+09 6.9157781169577804e+05 8.3402303996948738e+09 1.7306662350327513e+09 4.9776220790469538e+14 3.0582487374632524e-04 3.0000000000000000e+00 6.3404370503831871e+01
1.1023001633284113e+06 8.9927910260400185e-05 8.9171191447056313e+09 6.9157781169577362e+05 8.3402303996947298e+09 1.7306662350327070e+09 5.0452504058851825e+14 3.0720367522932740e-04 3.0000000000000000e+00 6.3404370503830386e+01
1.1072698477144351e+06 8.9927910260399223e-05 8.9171191447055035e+09 6.9157781169577106e+05 8.3402303996946106e+09 1.7306662350326812e+09 5.1137975631445025e+14 3.0858869299391008e-04 3.0000000000000000e+00 6.3404370503829789e+01
1.1122619377606579e+06 8.9927910260398112e-05 8.9171191447053776e+09 6.9157781169576966e+05 8.3402303996944914e+09 1.7306662350326674e+09 5.1832760344894150e+14 3.0997995506597633e-04 3.0000000000000000e+00 6.3404370503829234e+01
1.1172765344822686e+06 8.9927910260396987e-05 8.9171191447052193e+09 6.9157781169576594e+05 8.3402303996943426e+09 1.7306662350326300e+09 5.2536984731933812e+14 3.1137748959778289e-04 3.0000000000000000e+00 6.3404370503828297e+01
1.1223137393498805e+06 8.9927910260396038e-05 8.9171191447050934e+09 6.9157781169576361e+05 8.3402303996942263e+09 1.7306662350326068e+09 5.3250777044432188e+14 3.1278132486851044e-04 3.0000000000000000e+00 6.3404370503827515e+01
1.1273736542915837e+06 8.9927910260394913e-05 8.9171191447049332e+09 6.9157781169575988e+05 8.3402303996940775e+09 1.7306662350325696e+09 5.3974267276748088e+14 3.1419148928483510e-04 3.0000000000000000e+00 6.3404370503826591e+01
1.1324563816950072e+06 8.9927910260393802e-05 8.9171191447048073e+09 6.9157781169575849e+05 8.3402303996939564e+09 1.7306662350325556e+09 5.4707587189404975e+14 3.1560801138150364e-04 3.0000000000000000e+00 6.3404370503826186e+01
1.1375620244093919e+06 8.9927910260392677e-05 8.9171191447046490e+09 6.9157781169575499e+05 8.3402303996938095e+09 1.7306662350325205e+09 5.5450870333087138e+14 3.1703091982191090e-04 3.0000000000000000e+00 6.3404370503825263e+01
1.1426906857476707e+06 8.9927910260391566e-05 8.9171191447044907e+09 6.9157781169575150e+05 8.3402303996936646e+09 1.7306662350324855e+09 5.6204252072961594e+14 3.1846024339867942e-04 3.0000000000000000e+00 6.3404370503824154e+01
1.1478424694885602e+06 8.9927910260390441e-05 8.9171191447043629e+09 6.9157781169574987e+05 8.3402303996935406e+09 1.7306662350324693e+09 5.6967869613330588e+14 3.1989601103424292e-04 3.0000000000000000e+00 6.3404370503823749e+01
1.1530174798786591e+06 8.9927910260389330e-05 8.9171191447042046e+09 6.9157781169574638e+05 8.3402303996933956e+09 1.7306662350324342e+09 5.7741862022618762e+14 3.2133825178143024e-04 3.0000000000000000e+00 6.3404370503822754e+01
1.1582158216345592e+06 8.9927910260388205e-05 8.9171191447040462e+09 6.9157781169574289e+05 8.3402303996932497e+09 1.7306662350323992e+09 5.8526370258700200e+14 3.2278699482405461e-04 3.0000000000000000e+00 6.3404370503821596e+01
1.1634375999449631e+06 8.9927910260387094e-05 8.9171191447039204e+09 6.9157781169574126e+05 8.3402303996931267e+09 1.7306662350323830e+09 5.9321537194569325e+14 3.2424226947750306e-04 3.0000000000000000e+00 6.3404370503821234e+01
1.1686829204728138e+06 8.9927910260385969e-05 8.9171191447037621e+09 6.9157781169573776e+05 8.3402303996929798e+09 1.7306662350323479e+09 6.0127507644360550e+14 3.2570410518933029e-04 3.0000000000000000e+00 6.3404370503820161e+01
1.1739518893574316e+06 8.9927910260384695e-05 8.9171191447036037e+09 6.9157781169573520e+05 8.3402303996928310e+09 1.7306662350323224e+09 6.0944428389721588e+14 3.2717253153985437e-04 3.0000000000000000e+00 6.3404370503819415e+01
1.1792446132166628e+06 8.9927910260383570e-05 8.9171191447034454e+09 6.9157781169573171e+05 8.3402303996926842e+09 1.7306662350322876e+09 6.1772448206544988e+14 3.2864757824275511e-04 3.0000000000000000e+00 6.3404370503818491e+01
1.1845611991490370e+06 8.9927910260382296e-05 8.9171191447032871e+09 6.9157781169572915e+05 8.3402303996925354e+09 1.7306662350322618e+09 6.2611717892063025e+14 3.3012927514567564e-04 3.0000000000000000e+00 6.3404370503817688e+01
1.1899017547359336e+06 8.9927910260381171e-05 8.9171191447031288e+09 6.9157781169572566e+05 8.3402303996923904e+09 1.7306662350322268e+09 6.3462390292310338e+14 3.3161765223082629e-04 3.0000000000000000e+00 6.3404370503816665e+01
1.1952663880437596e+06 8.9927910260379897e-05 8.9171191447029705e+09 6.9157781169572286e+05 8.3402303996922379e+09 1.7306662350321989e+09 6.4324620329960150e+14 3.3311273961559088e-04 3.0000000000000000e+00 6.3404370503816054e+01
1.2006552076261353e+06 8.9927910260378786e-05 8.9171191447028122e+09 6.9157781169571937e+05 8.3402303996920929e+09 1.7306662350321639e+09 6.5198565032538262e+14 3.3461456755313676e-04 3.0000000000000000e+00 6.3404370503814853e+01
1.2060683225260922e+06 8.9927910260377498e-05 8.9171191447026539e+09 6.9157781169571681e+05 8.3402303996919422e+09 1.7306662350321383e+09 6.6084383561020775e+14 3.3612316643302662e-04 3.0000000000000000e+00 6.3404370503814214e+01
1.2115058422782780e+06 8.9927910260376224e-05 8.9171191447024632e+09 6.9157781169571215e+05 8.3402303996917677e+09 1.7306662350320919e+09 6.6982237238820000e+14 3.3763856678183340e-04 3.0000000000000000e+00 6.3404370503812913e+01
1.2169678769111743e+06 8.9927910260374951e-05 8.9171191447023048e+09 6.9157781169570959e+05 8.3402303996916189e+09 1.7306662350320661e+09 6.7892289581164438e+14 3.3916079926375839e-04 3.0000000000000000e+00 6.3404370503812167e+01
1.2224545369493223e+06 8.9927910260373663e-05 8.9171191447021465e+09 6.9157781169570703e+05 8.3402303996914692e+09 1.7306662350320406e+09 6.8814706324877750e+14 3.4068989468125110e-04 3.0000000000000000e+00 6.3404370503811442e+01
1.2279659334155596e+06 8.9927910260372389e-05 8.9171191447019882e+09 6.9157781169570447e+05 8.3402303996913185e+09 1.7306662350320148e+09 6.9749655458562462e+14 3.4222588397563313e-04 3.0000000000000000e+00 6.3404370503810604e+01
1.2335021778332666e+06 8.9927910260371115e-05 8.9171191447017975e+09 6.9157781169569958e+05 8.3402303996911430e+09 1.7306662350319660e+09 7.0697307253193650e+14 3.4376879822772371e-04 3.0000000000000000e+00 6.3404370503809254e+01
1.2390633822286234e+06 8.9927910260369841e-05 8.9171191447016392e+09 6.9157781169569702e+05 8.3402303996909924e+09 1.7306662350319402e+09 7.1657834293128438e+14 3.4531866865846942e-04 3.0000000000000000e+00 6.3404370503808607e+01
1.2446496591328760e+06 8.9927910260368554e-05 8.9171191447014484e+09 6.9157781169569236e+05 8.3402303996908178e+09 1.7306662350318935e+09 7.2631411507536462e+14 3.4687552662957476e-04 3.0000000000000000e+00 6.3404370503807279e+01
1.2502611215846145e+06 8.9927910260367280e-05 8.9171191447012901e+09 6.9157781169568980e+05 8.3402303996906691e+09 1.7306662350318680e+09 7.3618216202257950e+14 3.4843940364413827e-04 3.0000000000000000e+00 6.3404370503806483e+01
1.2558978831320594e+06 8.9927910260365843e-05 8.9171191447011013e+09 6.9157781169568608e+05 8.3402303996904898e+09 1.7306662350318305e+09 7.4618428092093912e+14 3.5001033134728868e-04 3.0000000000000000e+00 6.3404370503805431e+01
1.2615600578353594e+06 8.9927910260364569e-05 8.9171191447009106e+09 6.9157781169568142e+05 8.3402303996903152e+09 1.7306662350317841e+09 7.5632229333535700e+14 3.5158834152682571e-04 3.0000000000000000e+00 6.3404370503804067e+01
1.2672477602689005e+06 8.9927910260363133e-05 8.9171191447007523e+09 6.9157781169567979e+05 8.3402303996901636e+09 1.7306662350317678e+09 7.6659804557938988e+14 3.5317346611386357e-04 3.0000000000000000e+00 6.3404370503803634e+01
1.2729611055236228e+06 8.9927910260361845e-05 8.9171191447005615e+09 6.9157781169567513e+05 8.3402303996899872e+09 1.7306662350317211e+09 7.7701340905148088e+14 3.5476573718347680e-04 3.0000000000000000e+00 6.3404370503802269e+01
1.2787002092093506e+06 8.9927910260360409e-05 8.9171191447003727e+09 6.9157781169567164e+05 8.3402303996898127e+09 1.7306662350316861e+09 7.8757028057577912e+14 3.5636518695534929e-04 3.0000000000000000e+00 6.3404370503801260e+01
1.2844651874571310e+06 8.9927910260358972e-05 8.9171191447001820e+09 6.9157781169566792e+05 8.3402303996896343e+09 1.7306662350316489e+09 7.9827058274758250e+14 3.5797184779442646e-04 3.0000000000000000e+00 6.3404370503800202e+01
1.2902561569215846e+06 8.9927910260357536e-05 8.9171191446999912e+09 6.9157781169566419e+05 8.3402303996894550e+09 1.7306662350316114e+09 8.0911626428347825e+14 3.5958575221156988e-04 3.0000000000000000e+00 6.3404370503799150e+01
1.2960732347832648e+06 8.9927910260356099e-05 8.9171191446998329e+09 6.9157781169566256e+05 8.3402303996893034e+09 1.7306662350315952e+09 8.2010930037623712e+14 3.6120693286421522e-04 3.0000000000000000e+00 6.3404370503798752e+01
1.3019165387510306e+06 8.9927910260354662e-05 8.9171191446996441e+09 6.9157781169565907e+05 8.3402303996891270e+09 1.7306662350315602e+09 8.3125169305453400e+14 3.6283542255703346e-04 3.0000000000000000e+00 6.3404370503797672e+01
1.3077861870644270e+06 8.9927910260353226e-05 8.9171191446994209e+09 6.9157781169565301e+05 8.3402303996889210e+09 1.7306662350314999e+09 8.4254547154755162e+14 3.6447125424259410e-04 3.0000000000000000e+00 6.3404370503796017e+01
1.3136822984960785e+06 8.9927910260351789e-05 8.9171191446992321e+09 6.9157781169564952e+05 8.3402303996887455e+09 1.7306662350314648e+09 8.5399269265453950e+14 3.6611446102203236e-04 3.0000000000000000e+00 6.3404370503794972e+01
1.3196049923540913e+06 8.9927910260350353e-05 8.9171191446990414e+09 6.9157781169564580e+05 8.3402303996885681e+09 1.7306662350314274e+09 8.6559544111939325e+14 3.6776507614571862e-04 3.0000000000000000e+00 6.3404370503793892e+01
1.3255543884844694e+06 8.9927910260348754e-05 8.9171191446988506e+09 6.9157781169564300e+05 8.3402303996883860e+09 1.7306662350313995e+09 8.7735583001032650e+14 3.6942313301393181e-04 3.0000000000000000e+00 6.3404370503793132e+01
1.3315306072735381e+06 8.9927910260347317e-05 8.9171191446986618e+09 6.9157781169563928e+05 8.3402303996882076e+09 1.7306662350313623e+09 8.8927600110469575e+14 3.7108866517753485e-04 3.0000000000000000e+00 6.3404370503792052e+01
1.3375337696503804e+06 8.9927910260345880e-05 8.9171191446984406e+09 6.9157781169563369e+05 8.3402303996880074e+09 1.7306662350313063e+09 9.0135812527905662e+14 3.7276170633865325e-04 3.0000000000000000e+00 6.3404370503790375e+01
1.3435639970892840e+06 8.9927910260344281e-05 8.9171191446982498e+09 6.9157781169563089e+05 8.3402303996878252e+09 1.7306662350312784e+09 9.1360440290452038e+14 3.7444229035135787e-04 3.0000000000000000e+00 6.3404370503789508e+01
1.3496214116122003e+06 8.9927910260342682e-05 8.9171191446980591e+09 6.9157781169562810e+05 8.3402303996876421e+09 1.7306662350312502e+09 9.2601706424748138e+14 3.7613045122234960e-04 3.0000000000000000e+00 6.3404370503788805e+01
1.3557061357912116e+06 8.9927910260341245e-05 8.9171191446978378e+09 6.9157781169562251e+05 8.3402303996874418e+09 1.7306662350311944e+09 9.3859836987578588e+14 3.7782622311164699e-04 3.0000000000000000e+00 6.3404370503787192e+01
1.3618182927510133e+06 8.9927910260339646e-05 8.9171191446976166e+09 6.9157781169561762e+05 8.3402303996872349e+09 1.7306662350311453e+09 9.5135061107042525e+14 3.7952964033327835e-04 3.0000000000000000e+00 6.3404370503785891e+01
1.3679580061714042e+06 8.9927910260338047e-05 8.9171191446974258e+09 6.9157781169561506e+05 8.3402303996870556e+09 1.7306662350311198e+09 9.6427611024281712e+14 3.8124073735597546e-04 3.0000000000000000e+00 6.3404370503785060e+01
1.3741254002897888e+06 8.9927910260336448e-05 8.9171191446972046e+09 6.9157781169561017e+05 8.3402303996868486e+09 1.7306662350310707e+09 9.7737722135775762e+14 3.8295954880387132e-04 3.0000000000000000e+00 6.3404370503783618e+01
1.3803205999036934e+06 8.9927910260334849e-05 8.9171191446969833e+09 6.9157781169560552e+05 8.3402303996866446e+09 1.7306662350310242e+09 9.9065633036212350e+14 3.8468610945720076e-04 3.0000000000000000e+00 6.3404370503782282e+01
1.3865437303732883e+06 8.9927910260333100e-05 8.9171191446967926e+09 6.9157781169560365e+05 8.3402303996864595e+09 1.7306662350310056e+09 1.0041158556193915e+15 3.8642045425300398e-04 3.0000000000000000e+00 6.3404370503781905e+01
1.3927949176239267e+06 8.9927910260331501e-05 8.9171191446965714e+09 6.9157781169559876e+05 8.3402303996862526e+09 1.7306662350309567e+09 1.0177582483500692e+15 3.8816261828583377e-04 3.0000000000000000e+00 6.3404370503780370e+01
1.3990742881486926e+06 8.9927910260329902e-05 8.9171191446963482e+09 6.9157781169559387e+05 8.3402303996860437e+09 1.7306662350309079e+09 1.0315859930781056e+15 3.8991263680846584e-04 3.0000000000000000e+00 6.3404370503778978e+01
1.4053819690109591e+06 8.9927910260328140e-05 8.9171191446961269e+09 6.9157781169559015e+05 8.3402303996858358e+09 1.7306662350308704e+09 1.0456016080833649e+15 3.9167054523261133e-04 3.0000000000000000e+00 6.3404370503777919e+01
1.4117180878469611e+06 8.9927910260326541e-05 8.9171191446959057e+09 6.9157781169558549e+05 8.3402303996856318e+09 1.7306662350308237e+09 1.0598076458602530e+15 3.9343637912963447e-04 3.0000000000000000e+00 6.3404370503776569e+01
1.4180827728683769e+06 8.9927910260324793e-05 8.9171191446956844e+09 6.9157781169558177e+05 8.3402303996854248e+09 1.7306662350307865e+09 1.0742066935825721e+15 3.9521017423127156e-04 3.0000000000000000e+00 6.3404370503775446e+01
1.4244761528649230e+06 8.9927910260323031e-05 8.9171191446954308e+09 6.9157781169557595e+05 8.3402303996851921e+09 1.7306662350307283e+09 1.0888013735746895e+15 3.9699196643035422e-04 3.0000000000000000e+00 6.3404370503773848e+01
1.4308983572069602e+06 8.9927910260321269e-05 8.9171191446952076e+09 6.9157781169557199e+05 8.3402303996849804e+09 1.7306662350306888e+09 1.1035943437891116e+15 3.9878179178153602e-04 3.0000000000000000e+00 6.3404370503772697e+01
1.4373495158481116e+06 8.9927910260319521e-05 8.9171191446949863e+09 6.9157781169556803e+05 8.3402303996847706e+09 1.7306662350306492e+09 1.1185882982905456e+15 4.0057968650202144e-04 3.0000000000000000e+00 6.3404370503771581e+01
1.4438297593278915e+06 8.9927910260317759e-05 8.9171191446947327e+09 6.9157781169556221e+05 8.3402303996845379e+09 1.7306662350305908e+09 1.1337859677465330e+15 4.0238568697229920e-04 3.0000000000000000e+00 6.3404370503769904e+01
1.4503392187743478e+06 8.9927910260315997e-05 8.9171191446945114e+09 6.9157781169555848e+05 8.3402303996843281e+09 1.7306662350305533e+09 1.1491901199247575e+15 4.0419982973687827e-04 3.0000000000000000e+00 6.3404370503768817e+01
1.4568780259067146e+06 8.9927910260314249e-05 8.9171191446942577e+09 6.9157781169555243e+05 8.3402303996840935e+09 1.7306662350304930e+09 1.1648035601971022e+15 4.0602215150502713e-04 3.0000000000000000e+00 6.3404370503767112e+01
1.4634463130380779e+06 8.9927910260312324e-05 8.9171191446940365e+09 6.9157781169554964e+05 8.3402303996838818e+09 1.7306662350304651e+09 1.1806291320505582e+15 4.0785268915151726e-04 3.0000000000000000e+00 6.3404370503766373e+01
1.4700442130780534e+06 8.9927910260310576e-05 8.9171191446937828e+09 6.9157781169554382e+05 8.3402303996836491e+09 1.7306662350304067e+09 1.1966697176050772e+15 4.0969147971736848e-04 3.0000000000000000e+00 6.3404370503764682e+01
1.4766718595354750e+06 8.9927910260308652e-05 8.9171191446935291e+09 6.9157781169553893e+05 8.3402303996834116e+09 1.7306662350303576e+09 1.2129282381384535e+15 4.1153856041059903e-04 3.0000000000000000e+00 6.3404370503763310e+01
1.4833293865210968e+06 8.9927910260306890e-05 8.9171191446933079e+09 6.9157781169553520e+05 8.3402303996832027e+09 1.7306662350303204e+09 1.2294076546183428e+15 4.1339396860697790e-04 3.0000000000000000e+00 6.3404370503762195e+01
1.4900169287503071e+06 8.9927910260304979e-05 8.9171191446930542e+09 6.9157781169553031e+05 8.3402303996829672e+09 1.7306662350302715e+09 1.2461109682415075e+15 4.1525774185078218e-04 3.0000000000000000e+00 6.3404370503760745e+01
1.4967346215458543e+06 8.9927910260303068e-05 8.9171191446928005e+09 6.9157781169552519e+05 8.3402303996827278e+09 1.7306662350302203e+09 1.2630412209803890e+15 4.1712991785555558e-04 3.0000000000000000e+00 6.3404370503759260e+01
1.5034826008405844e+06 8.9927910260301143e-05 8.9171191446925468e+09 6.9157781169552030e+05 8.3402303996824903e+09 1.7306662350301714e+09 1.2802014961371022e+15 4.1901053450487226e-04 3.0000000000000000e+00 6.3404370503757988e+01
1.5102610031801926e+06 8.9927910260299233e-05 8.9171191446922932e+09 6.9157781169551541e+05 8.3402303996822538e+09 1.7306662350301223e+09 1.2975949189049638e+15 4.2089962985310318e-04 3.0000000000000000e+00 6.3404370503756567e+01
1.5170699657259863e+06 8.9927910260297145e-05 8.9171191446920395e+09 6.9157781169551145e+05 8.3402303996820126e+09 1.7306662350300827e+09 1.3152246569376450e+15 4.2279724212618649e-04 3.0000000000000000e+00 6.3404370503755473e+01
1.5239096262576594e+06 8.9927910260295235e-05 8.9171191446917553e+09 6.9157781169550447e+05 8.3402303996817513e+09 1.7306662350300126e+09 1.3330939209260558e+15 4.2470340972240023e-04 3.0000000000000000e+00 6.3404370503753498e+01
1.5307801231760816e+06 8.9927910260293324e-05 8.9171191446915016e+09 6.9157781169549958e+05 8.3402303996815157e+09 1.7306662350299640e+09 1.3512059651830712e+15 4.2661817121314026e-04 3.0000000000000000e+00 6.3404370503752020e+01
1.5376815955060981e+06 8.9927910260291237e-05 8.9171191446912479e+09 6.9157781169549562e+05 8.3402303996812735e+09 1.7306662350299244e+09 1.3695640882362005e+15 4.2854156534370002e-04 3.0000000000000000e+00 6.3404370503750911e+01
1.5446141828993435e+06 8.9927910260289163e-05 8.9171191446909637e+09 6.9157781169548980e+05 8.3402303996810112e+09 1.7306662350298660e+09 1.3881716334283070e+15 4.3047363103405515e-04 3.0000000000000000e+00 6.3404370503749234e+01
1.5515780256370669e+06 8.9927910260287252e-05 8.9171191446907101e+09 6.9157781169548468e+05 8.3402303996807728e+09 1.7306662350298147e+09 1.4070319895264885e+15 4.3241440737965046e-04 3.0000000000000000e+00 6.3404370503747749e+01
1.5585732646329741e+06 8.9927910260285165e-05 8.9171191446904240e+09 6.9157781169547862e+05 8.3402303996805058e+09 1.7306662350297539e+09 1.4261485913392462e+15 4.3436393365219245e-04 3.0000000000000000e+00 6.3404370503746115e+01
1.5656000414360662e+06 8.9927910260283092e-05 8.9171191446901398e+09 6.9157781169547280e+05 8.3402303996802435e+09 1.7306662350296957e+09 1.4455249203419865e+15 4.3632224930043972e-04 3.0000000000000000e+00 6.3404370503744346e+01
1.5726584982335228e+06 8.9927910260281018e-05 8.9171191446898861e+09 6.9157781169546861e+05 8.3402303996800003e+09 1.7306662350296540e+09 1.4651645053111118e+15 4.3828939395100752e-04 3.0000000000000000e+00 6.3404370503743145e+01
1.5797487778535672e+06 8.9927910260278782e-05 8.9171191446896019e+09 6.9157781169546372e+05 8.3402303996797333e+09 1.7306662350296049e+09 1.4850709229666418e+15 4.4026540740916507e-04 3.0000000000000000e+00 6.3404370503741774e+01
1.5868710237683579e+06 8.9927910260276708e-05 8.9171191446893158e+09 6.9157781169545767e+05 8.3402303996794682e+09 1.7306662350295444e+09 1.5052477986236035e+15 4.4225032965964267e-04 3.0000000000000000e+00 6.3404370503740054e+01
1.5940253800968942e+06 8.9927910260274472e-05 8.9171191446890316e+09 6.9157781169545278e+05 8.3402303996792030e+09 1.7306662350294952e+09 1.5256988068522700e+15 4.4424420086744035e-04 3.0000000000000000e+00 6.3404370503738562e+01
1.6012119916079307e+06 8.9927910260272385e-05 8.9171191446887455e+09 6.9157781169544673e+05 8.3402303996789351e+09 1.7306662350294349e+09 1.5464276721473618e+15 4.4624706137864071e-04 3.0000000000000000e+00 6.3404370503736793e+01
1.6084310037229068e+06 8.9927910260270149e-05 8.9171191446884613e+09 6.9157781169544160e+05 8.3402303996786671e+09 1.7306662350293837e+09 1.5674381696063455e+15 4.4825895172122526e-04 3.0000000000000000e+00 6.3404370503735343e+01
1.6156825625188905e+06 8.9927910260267913e-05 8.9171191446881428e+09 6.9157781169543439e+05 8.3402303996783724e+09 1.7306662350293112e+09 1.5887341256169485e+15 4.5027991260589498e-04 3.0000000000000000e+00 6.3404370503733396e+01
1.6229668147315329e+06 8.9927910260265677e-05 8.9171191446878586e+09 6.9157781169542950e+05 8.3402303996781063e+09 1.7306662350292623e+09 1.6103194185540058e+15 4.5230998492689316e-04 3.0000000000000000e+00 6.3404370503731919e+01
1.6302839077580385e+06 8.9927910260263440e-05 8.9171191446875744e+09 6.9157781169542437e+05 8.3402303996778374e+09 1.7306662350292110e+09 1.6321979794857960e+15 4.5434920976283384e-04 3.0000000000000000e+00 6.3404370503730526e+01
1.6376339896601466e+06 8.9927910260261204e-05 8.9171191446872559e+09 6.9157781169541716e+05 8.3402303996775417e+09 1.7306662350291388e+09 1.6543737928899392e+15 4.5639762837753256e-04 3.0000000000000000e+00 6.3404370503728430e+01
1.6450172091671289e+06 8.9927910260258819e-05 8.9171191446869717e+09 6.9157781169541320e+05 8.3402303996772738e+09 1.7306662350290992e+09 1.6768508973790595e+15 4.5845528222084145e-04 3.0000000000000000e+00 6.3404370503727208e+01
1.6524337156787973e+06 8.9927910260256583e-05 8.9171191446866550e+09 6.9157781169540598e+05 8.3402303996769781e+09 1.7306662350290270e+09 1.6996333864362775e+15 4.6052221292948778e-04 3.0000000000000000e+00 6.3404370503725218e+01
1.6598836592685287e+06 8.9927910260254184e-05 8.9171191446863384e+09 6.9157781169539993e+05 8.3402303996766834e+09 1.7306662350289662e+09 1.7227254091607120e+15 4.6259846232791699e-04 3.0000000000000000e+00 6.3404370503723534e+01
1.6673671906863002e+06 8.9927910260251785e-05 8.9171191446860218e+09 6.9157781169539387e+05 8.3402303996763878e+09 1.7306662350289059e+09 1.7461311710231040e+15 4.6468407242913830e-04 3.0000000000000000e+00 6.3404370503721807e+01
1.6748844613617409e+06 8.9927910260249549e-05 8.9171191446857052e+09 6.9157781169538666e+05 8.3402303996760941e+09 1.7306662350288334e+09 1.7698549346317110e+15 4.6677908543557562e-04 3.0000000000000000e+00 6.3404370503719640e+01
1.6824356234071951e+06 8.9927910260247150e-05 8.9171191446853867e+09 6.9157781169538060e+05 8.3402303996757984e+09 1.7306662350287728e+09 1.7939010205085965e+15 4.6888354373992051e-04 3.0000000000000000e+00 6.3404370503717885e+01
1.6900208296208004e+06 8.9927910260244602e-05 8.9171191446850700e+09 6.9157781169537525e+05 8.3402303996754980e+09 1.7306662350287192e+09 1.8182738078764800e+15 4.7099748992599123e-04 3.0000000000000000e+00 6.3404370503716450e+01
1.6976402334895807e+06 8.9927910260242204e-05 8.9171191446847534e+09 6.9157781169536919e+05 8.3402303996752024e+09 1.7306662350286589e+09 1.8429777354562770e+15 4.7312096676959352e-04 3.0000000000000000e+00 6.3404370503714667e+01
1.7052939891925503e+06 8.9927910260239805e-05 8.9171191446844368e+09 6.9157781169536314e+05 8.3402303996749058e+09 1.7306662350285981e+09 1.8680173022754555e+15 4.7525401723938639e-04 3.0000000000000000e+00 6.3404370503712840e+01
1.7129822516038346e+06 8.9927910260237243e-05 8.9171191446840878e+09 6.9157781169535569e+05 8.3402303996745796e+09 1.7306662350285234e+09 1.8933970684874065e+15 4.7739668449775155e-04 3.0000000000000000e+00 6.3404370503710858e+01
1.7207051762958046e+06 8.9927910260234695e-05 8.9171191446837711e+09 6.9157781169535057e+05 8.3402303996742811e+09 1.7306662350284722e+09 1.9191216562019142e+15 4.7954901190166749e-04 3.0000000000000000e+00 6.3404370503709437e+01
1.7284629195422237e+06 8.9927910260232134e-05 8.9171191446834240e+09 6.9157781169534358e+05 8.3402303996739588e+09 1.7306662350284023e+09 1.9451957503269340e+15 4.8171104300358535e-04 3.0000000000000000e+00 6.3404370503707405e+01
1.7362556383214106e+06 8.9927910260229586e-05 8.9171191446831074e+09 6.9157781169533823e+05 8.3402303996736584e+09 1.7306662350283487e+09 1.9716240994217945e+15 4.8388282155231190e-04 3.0000000000000000e+00 6.3404370503705714e+01
1.7440834903194159e+06 8.9927910260227025e-05 8.9171191446827583e+09 6.9157781169533101e+05 8.3402303996733341e+09 1.7306662350282764e+09 1.9984115165619985e+15 4.8606439149389354e-04 3.0000000000000000e+00 6.3404370503703703e+01
1.7519466339332121e+06 8.9927910260224463e-05 8.9171191446824093e+09 6.9157781169532379e+05 8.3402303996730089e+09 1.7306662350282042e+09 2.0255628802157655e+15 4.8825579697250572e-04 3.0000000000000000e+00 6.3404370503701621e+01
1.7598452282738998e+06 8.9927910260221753e-05 8.9171191446820602e+09 6.9157781169531750e+05 8.3402303996726809e+09 1.7306662350281413e+09 2.0530831351324935e+15 4.9045708233134728e-04 3.0000000000000000e+00 6.3404370503699937e+01
1.7677794331699265e+06 8.9927910260219191e-05 8.9171191446817131e+09 6.9157781169531029e+05 8.3402303996723576e+09 1.7306662350280690e+09 2.0809772932432800e+15 4.9266829211353619e-04 3.0000000000000000e+00 6.3404370503697784e+01
1.7757494091703214e+06 8.9927910260216481e-05 8.9171191446813641e+09 6.9157781169530400e+05 8.3402303996720295e+09 1.7306662350280061e+09 2.1092504345736910e+15 4.9488947106301193e-04 3.0000000000000000e+00 6.3404370503695958e+01
1.7837553175479432e+06 8.9927910260213770e-05 8.9171191446809845e+09 6.9157781169529562e+05 8.3402303996716776e+09 1.7306662350279222e+09 2.1379077081689198e+15 4.9712066412544050e-04 3.0000000000000000e+00 6.3404370503693649e+01
1.7917973203027444e+06 8.9927910260211046e-05 8.9171191446806355e+09 6.9157781169528957e+05 8.3402303996713524e+09 1.7306662350278616e+09 2.1669543330315225e+15 4.9936191644912419e-04 3.0000000000000000e+00 6.3404370503691858e+01
1.7998755801650491e+06 8.9927910260208336e-05 8.9171191446802864e+09 6.9157781169528305e+05 8.3402303996710215e+09 1.7306662350277965e+09 2.1963955990718910e+15 5.0161327338591431e-04 3.0000000000000000e+00 6.3404370503689890e+01
1.8079902605988458e+06 8.9927910260205612e-05 8.9171191446799068e+09 6.9157781169527490e+05 8.3402303996706705e+09 1.7306662350277147e+09 2.2262368680716440e+15 5.0387478049213064e-04 3.0000000000000000e+00 6.3404370503687566e+01
1.8161415258050945e+06 8.9927910260202739e-05 8.9171191446795273e+09 6.9157781169526745e+05 8.3402303996703148e+09 1.7306662350276403e+09 2.2564835746600985e+15 5.0614648352948096e-04 3.0000000000000000e+00 6.3404370503685477e+01
1.8243295407250507e+06 8.9927910260199865e-05 8.9171191446791782e+09 6.9157781169526209e+05 8.3402303996699839e+09 1.7306662350275865e+09 2.2871412273040030e+15 5.0842842846598871e-04 3.0000000000000000e+00 6.3404370503684035e+01
1.8325544710436014e+06 8.9927910260196992e-05 8.9171191446787987e+09 6.9157781169525487e+05 8.3402303996696301e+09 1.7306662350275145e+09 2.3182154093107595e+15 5.1072066147692281e-04 3.0000000000000000e+00 6.3404370503681818e+01
1.8408164831926192e+06 8.9927910260194119e-05 8.9171191446784172e+09 6.9157781169524742e+05 8.3402303996692743e+09 1.7306662350274398e+09 2.3497117798452130e+15 5.1302322894573188e-04 3.0000000000000000e+00 6.3404370503679758e+01
1.8491157443543288e+06 8.9927910260191246e-05 8.9171191446780376e+09 6.9157781169523997e+05 8.3402303996689177e+09 1.7306662350273652e+09 2.3816360749602995e+15 5.1533617746498230e-04 3.0000000000000000e+00 6.3404370503677590e+01
1.8574524224646909e+06 8.9927910260188359e-05 8.9171191446776257e+09 6.9157781169523066e+05 8.3402303996685371e+09 1.7306662350272720e+09 2.4139941086416750e+15 5.1765955383730215e-04 3.0000000000000000e+00 6.3404370503675032e+01
1.8658266862168000e+06 8.9927910260185337e-05 8.9171191446772461e+09 6.9157781169522414e+05 8.3402303996681786e+09 1.7306662350272067e+09 2.4467917738665690e+15 5.1999340507632747e-04 3.0000000000000000e+00 6.3404370503673192e+01
1.8742387050642974e+06 8.9927910260182450e-05 8.9171191446768665e+09 6.9157781169521692e+05 8.3402303996678228e+09 1.7306662350271344e+09 2.4800350436769730e+15 5.2233777840765344e-04 3.0000000000000000e+00 6.3404370503671004e+01
1.8826886492248015e+06 8.9927910260179415e-05 8.9171191446764545e+09 6.9157781169520831e+05 8.3402303996674385e+09 1.7306662350270483e+09 2.5137299722674465e+15 5.2469272126979031e-04 3.0000000000000000e+00 6.3404370503668630e+01
1.8911766896833505e+06 8.9927910260176379e-05 8.9171191446760426e+09 6.9157781169519993e+05 8.3402303996670551e+09 1.7306662350269642e+09 2.5478826960877210e+15 5.2705828131512404e-04 3.0000000000000000e+00 6.3404370503666229e+01
1.8997029981958638e+06 8.9927910260173357e-05 8.9171191446756611e+09 6.9157781169519341e+05 8.3402303996666965e+09 1.7306662350268991e+09 2.5824994349602130e+15 5.2943450641087890e-04 3.0000000000000000e+00 6.3404370503664317e+01
1.9082677472926157e+06 8.9927910260170158e-05 8.9171191446752491e+09 6.9157781169518572e+05 8.3402303996663074e+09 1.7306662350268221e+09 2.6175864932127910e+15 5.3182144464008737e-04 3.0000000000000000e+00 6.3404370503662165e+01
1.9168711102817289e+06 8.9927910260167123e-05 8.9171191446748390e+09 6.9157781169517757e+05 8.3402303996659279e+09 1.7306662350267406e+09 2.6531502608269110e+15 5.3421914430256279e-04 3.0000000000000000e+00 6.3404370503659777e+01
1.9255132612526792e+06 8.9927910260163924e-05 8.9171191446743946e+09 6.9157781169516803e+05 8.3402303996655149e+09 1.7306662350266449e+09 2.6891972146013290e+15 5.3662765391587655e-04 3.0000000000000000e+00 6.3404370503656992e+01
1.9341943750798195e+06 8.9927910260160726e-05 8.9171191446739826e+09 6.9157781169516034e+05 8.3402303996651258e+09 1.7306662350265679e+09 2.7257339193316610e+15 5.3904702221634017e-04 3.0000000000000000e+00 6.3404370503654917e+01
1.9429146274259179e+06 8.9927910260157541e-05 8.9171191446735706e+09 6.9157781169515289e+05 8.3402303996647415e+09 1.7306662350264935e+09 2.7627670290059295e+15 5.4147729815999057e-04 3.0000000000000000e+00 6.3404370503652693e+01
1.9516741947457127e+06 8.9927910260154343e-05 8.9171191446731281e+09 6.9157781169514335e+05 8.3402303996643305e+09 1.7306662350263979e+09 2.8003032880163900e+15 5.4391853092358234e-04 3.0000000000000000e+00 6.3404370503650064e+01
1.9604732542894820e+06 8.9927910260151144e-05 8.9171191446727161e+09 6.9157781169513590e+05 8.3402303996639433e+09 1.7306662350263236e+09 2.8383495323877950e+15 5.4637076990558071e-04 3.0000000000000000e+00 6.3404370503647755e+01
1.9693119841066317e+06 8.9927910260147797e-05 8.9171191446722717e+09 6.9157781169512728e+05 8.3402303996635294e+09 1.7306662350262372e+09 2.8769126910223690e+15 5.4883406472716340e-04 3.0000000000000000e+00 6.3404370503645389e+01
1.9781905630492971e+06 8.9927910260144436e-05 8.9171191446718292e+09 6.9157781169511867e+05 8.3402303996631136e+09 1.7306662350261509e+09 2.9159997869616625e+15 5.5130846523322274e-04 3.0000000000000000e+00 6.3404370503642994e+01
1.9871091707759630e+06 8.9927910260141088e-05 8.9171191446713848e+09 6.9157781169511005e+05 8.3402303996626997e+09 1.7306662350260646e+09 2.9556179386656115e+15 5.5379402149337569e-04 3.0000000000000000e+00 6.3404370503640479e+01
1.9960679877550981e+06 8.9927910260137727e-05 8.9171191446709423e+09 6.9157781169510144e+05 8.3402303996622829e+09 1.7306662350259786e+09 2.9957743613089020e+15 5.5629078380297617e-04 3.0000000000000000e+00 6.3404370503638042e+01
2.0050671952688079e+06 8.9927910260134366e-05 8.9171191446704979e+09 6.9157781169509282e+05 8.3402303996618681e+09 1.7306662350258923e+09 3.0364763680949855e+15 5.5879880268413346e-04 3.0000000000000000e+00 6.3404370503635477e+01
2.0141069754165020e+06 8.9927910260130856e-05 8.9171191446700230e+09 6.9157781169508328e+05 8.3402303996614265e+09 1.7306662350257969e+09 3.0777313715879720e+15 5.6131812888673342e-04 3.0000000000000000e+00 6.3404370503632791e+01
2.0231875111185790e+06 8.9927910260127346e-05 8.9171191446695786e+09 6.9157781169507536e+05 8.3402303996610069e+09 1.7306662350257175e+09 3.1195468850625510e+15 5.6384881338946650e-04 3.0000000000000000e+00 6.3404370503630524e+01
2.0323089861201290e+06 8.9927910260123836e-05 8.9171191446691036e+09 6.9157781169506558e+05 8.3402303996605625e+09 1.7306662350256195e+09 3.1619305238723325e+15 5.6639090740085926e-04 3.0000000000000000e+00 6.3404370503627817e+01
2.0414715849946497e+06 8.9927910260120312e-05 8.9171191446686611e+09 6.9157781169505813e+05 8.3402303996601458e+09 1.7306662350255449e+09 3.2048900068367110e+15 5.6894446236030959e-04 3.0000000000000000e+00 6.3404370503625614e+01
2.0506754931477839e+06 8.9927910260116802e-05 8.9171191446681862e+09 6.9157781169504859e+05 8.3402303996597061e+09 1.7306662350254495e+09 3.2484331576466170e+15 5.7150952993912881e-04 3.0000000000000000e+00 6.3404370503622800e+01
2.0599208968210679e+06 8.9927910260113129e-05 8.9171191446677094e+09 6.9157781169503974e+05 8.3402303996592579e+09 1.7306662350253608e+09 3.2925679062893330e+15 5.7408616204158601e-04 3.0000000000000000e+00 6.3404370503620299e+01
2.0692079830957036e+06 8.9927910260109606e-05 8.9171191446672039e+09 6.9157781169502810e+05 8.3402303996587906e+09 1.7306662350252445e+09 3.3373022904927130e+15 5.7667441080595989e-04 3.0000000000000000e+00 6.3404370503616953e+01
2.0785369398963412e+06 8.9927910260105933e-05 8.9171191446667271e+09 6.9157781169501925e+05 8.3402303996583433e+09 1.7306662350251558e+09 3.3826444571889650e+15 5.7927432860559159e-04 3.0000000000000000e+00 6.3404370503614359e+01
2.0879079559948838e+06 8.9927910260102098e-05 8.9171191446662521e+09 6.9157781169501157e+05 8.3402303996578960e+09 1.7306662350250788e+09 3.4286026639983890e+15 5.8188596804994736e-04 3.0000000000000000e+00 6.3404370503612206e+01
2.0973212210143059e+06 8.9927910260098425e-05 8.9171191446657467e+09 6.9157781169500086e+05 8.3402303996574249e+09 1.7306662350249717e+09 3.4751852807331980e+15 5.8450938198568016e-04 3.0000000000000000e+00 6.3404370503609137e+01
2.1067769254324916e+06 8.9927910260094752e-05 8.9171191446652393e+09 6.9157781169498991e+05 8.3402303996569538e+09 1.7306662350248621e+09 3.5224007909218520e+15 5.8714462349770101e-04 3.0000000000000000e+00 6.3404370503605961e+01
2.1162752605860881e+06 8.9927910260090917e-05 8.9171191446647320e+09 6.9157781169498013e+05 8.3402303996564798e+09 1.7306662350247643e+09 3.5702577933540220e+15 5.8979174591025261e-04 3.0000000000000000e+00 6.3404370503603154e+01
2.1258164186743773e+06 8.9927910260087095e-05 8.9171191446642246e+09 6.9157781169497012e+05 8.3402303996560030e+09 1.7306662350246639e+09 3.6187650036466070e+15 5.9245080278798768e-04 3.0000000000000000e+00 6.3404370503600333e+01
2.1354005927631650e+06 8.9927910260083097e-05 8.9171191446637192e+09 6.9157781169496151e+05 8.3402303996555281e+09 1.7306662350245776e+09 3.6679312558309900e+15 5.9512184793705368e-04 3.0000000000000000e+00 6.3404370503597924e+01
2.1450279767886898e+06 8.9927910260079262e-05 8.9171191446632118e+09 6.9157781169495173e+05 8.3402303996550550e+09 1.7306662350244801e+09 3.7177655039619050e+15 5.9780493540618226e-04 3.0000000000000000e+00 6.3404370503594961e+01
2.1546987655615434e+06 8.9927910260075264e-05 8.9171191446627045e+09 6.9157781169494265e+05 8.3402303996545753e+09 1.7306662350243890e+09 3.7682768237480740e+15 6.0050011948778047e-04 3.0000000000000000e+00 6.3404370503592496e+01
2.1644131547706155e+06 8.9927910260071279e-05 8.9171191446621666e+09 6.9157781169493170e+05 8.3402303996540737e+09 1.7306662350242794e+09 3.8194744142051160e+15 6.0320745471903177e-04 3.0000000000000000e+00 6.3404370503589334e+01
2.1741713409870532e+06 8.9927910260067281e-05 8.9171191446616268e+09 6.9157781169492076e+05 8.3402303996535711e+09 1.7306662350241699e+09 3.8713675993308170e+15 6.0592699588299902e-04 3.0000000000000000e+00 6.3404370503586243e+01
2.1839735216682372e+06 8.9927910260063283e-05 8.9171191446610889e+09 6.9157781169491005e+05 8.3402303996530704e+09 1.7306662350240626e+09 3.9239658298031830e+15 6.0865879800973206e-04 3.0000000000000000e+00 6.3404370503583102e+01
2.1938198951617796e+06 8.9927910260059136e-05 8.9171191446605511e+09 6.9157781169490004e+05 8.3402303996525660e+09 1.7306662350239627e+09 3.9772786847016290e+15 6.1140291637738200e-04 3.0000000000000000e+00 6.3404370503580253e+01
2.2037106607095352e+06 8.9927910260055138e-05 8.9171191446600113e+09 6.9157781169488910e+05 8.3402303996520634e+09 1.7306662350238531e+09 4.0313158732514760e+15 6.1415940651332037e-04 3.0000000000000000e+00 6.3404370503577049e+01
2.2136460184516343e+06 8.9927910260050991e-05 8.9171191446594734e+09 6.9157781169487908e+05 8.3402303996515579e+09 1.7306662350237527e+09 4.0860872365921320e+15 6.1692832419526090e-04 3.0000000000000000e+00 6.3404370503574206e+01
2.2236261694305339e+06 8.9927910260046668e-05 8.9171191446589031e+09 6.9157781169486814e+05 8.3402303996510258e+09 1.7306662350236433e+09 4.1416027495694050e+15 6.1970972545239041e-04 3.0000000000000000e+00 6.3404370503571059e+01
2.2336513155950825e+06 8.9927910260042521e-05 8.9171191446583652e+09 6.9157781169485813e+05 8.3402303996505184e+09 1.7306662350235429e+09 4.1978725225520910e+15 6.2250366656650148e-04 3.0000000000000000e+00 6.3404370503568188e+01
2.2437216598046087e+06 8.9927910260038211e-05 8.9171191446577950e+09 6.9157781169484695e+05 8.3402303996499853e+09 1.7306662350234311e+09 4.2549068032731780e+15 6.2531020407312972e-04 3.0000000000000000e+00 6.3404370503565062e+01
2.2538374058330273e+06 8.9927910260033888e-05 8.9171191446572247e+09 6.9157781169483601e+05 8.3402303996494522e+09 1.7306662350233216e+09 4.3127159786962760e+15 6.2812939476270164e-04 3.0000000000000000e+00 6.3404370503561893e+01
2.2639987583729597e+06 8.9927910260029578e-05 8.9171191446566544e+09 6.9157781169482484e+05 8.3402303996489172e+09 1.7306662350232096e+09 4.3713105769071330e+15 6.3096129568168029e-04 3.0000000000000000e+00 6.3404370503558646e+01
2.2742059230398773e+06 8.9927910260025106e-05 8.9171191446560516e+09 6.9157781169481273e+05 8.3402303996483564e+09 1.7306662350230885e+09 4.4307012690310640e+15 6.3380596413372032e-04 3.0000000000000000e+00 6.3404370503555292e+01
2.2844591063762633e+06 8.9927910260020796e-05 8.9171191446554813e+09 6.9157781169480155e+05 8.3402303996478233e+09 1.7306662350229766e+09 4.4908988711763560e+15 6.3666345768082942e-04 3.0000000000000000e+00 6.3404370503552023e+01
2.2947585158557897e+06 8.9927910260016324e-05 8.9171191446548805e+09 6.9157781169478968e+05 8.3402303996472635e+09 1.7306662350228579e+09 4.5519143464040330e+15 6.3953383414453065e-04 3.0000000000000000e+00 6.3404370503548577e+01
2.3051043598875171e+06 8.9927910260011689e-05 8.9171191446542778e+09 6.9157781169477827e+05 8.3402303996466970e+09 1.7306662350227435e+09 4.6137588067244530e+15 6.4241715160703373e-04 3.0000000000000000e+00 6.3404370503545444e+01
2.3154968478201125e+06 8.9927910260007216e-05 8.9171191446536751e+09 6.9157781169476616e+05 8.3402303996461353e+09 1.7306662350226226e+09 4.6764435151210120e+15 6.4531346841241065e-04 3.0000000000000000e+00 6.3404370503541962e+01
2.3259361899460838e+06 8.9927910260002581e-05 8.9171191446530743e+09 6.9157781169475499e+05 8.3402303996455717e+09 1.7306662350225105e+09 4.7399798876013290e+15 6.4822284316777546e-04 3.0000000000000000e+00 6.3404370503538694e+01
2.3364225975060351e+06 8.9927910259997946e-05 8.9171191446524715e+09 6.9157781169474381e+05 8.3402303996450062e+09 1.7306662350223985e+09 4.8043794952762680e+15 6.5114533474446999e-04 3.0000000000000000e+00 6.3404370503535553e+01
2.3469562826929432e+06 8.9927910259993325e-05 8.9171191446518383e+09 6.9157781169473054e+05 8.3402303996444178e+09 1.7306662350222659e+09 4.8696540664673050e+15 6.5408100227925636e-04 3.0000000000000000e+00 6.3404370503531730e+01
2.3575374586564498e+06 8.9927910259988527e-05 8.9171191446512356e+09 6.9157781169472029e+05 8.3402303996438494e+09 1.7306662350221632e+09 4.9358154888424280e+15 6.5702990517551240e-04 3.0000000000000000e+00 6.3404370503528725e+01
2.3681663395071737e+06 8.9927910259983730e-05 8.9171191446506023e+09 6.9157781169470819e+05 8.3402303996432581e+09 1.7306662350220420e+09 5.0028758115810890e+15 6.5999210310443382e-04 3.0000000000000000e+00 6.3404370503525364e+01
2.3788431403210456e+06 8.9927910259978946e-05 8.9171191446499691e+09 6.9157781169469561e+05 8.3402303996426630e+09 1.7306662350219162e+09 5.0708472475686170e+15 6.6296765600624280e-04 3.0000000000000000e+00 6.3404370503521690e+01
2.3895680771436589e+06 8.9927910259974148e-05 8.9171191446493034e+09 6.9157781169468141e+05 8.3402303996420469e+09 1.7306662350217741e+09 5.1397421756203400e+15 6.6595662409139975e-04 3.0000000000000000e+00 6.3404370503517690e+01
2.4003413669946408e+06 8.9927910259969201e-05 8.9171191446486702e+09 6.9157781169467000e+05 8.3402303996414509e+09 1.7306662350216599e+09 5.2095731427360580e+15 6.6895906784182157e-04 3.0000000000000000e+00 6.3404370503514478e+01
2.4111632278720457e+06 8.9927910259964404e-05 8.9171191446480045e+09 6.9157781169465580e+05 8.3402303996408348e+09 1.7306662350215178e+09 5.2803528663850280e+15 6.7197504801210655e-04 3.0000000000000000e+00 6.3404370503510272e+01
2.4220338787567634e+06 8.9927910259959295e-05 8.9171191446473713e+09 6.9157781169464532e+05 8.3402303996402340e+09 1.7306662350214128e+09 5.3520942368220420e+15 6.7500462563076236e-04 3.0000000000000000e+00 6.3404370503507366e+01
2.4329535396169531e+06 8.9927910259954334e-05 8.9171191446467056e+09 6.9157781169463205e+05 8.3402303996396132e+09 1.7306662350212801e+09 5.4248103194349970e+15 6.7804786200144232e-04 3.0000000000000000e+00 6.3404370503503507e+01
2.4439224314124938e+06 8.9927910259949225e-05 8.9171191446460094e+09 6.9157781169461762e+05 8.3402303996389656e+09 1.7306662350211353e+09 5.4985143571243440e+15 6.8110481870418537e-04 3.0000000000000000e+00 6.3404370503499379e+01
2.4549407760994532e+06 8.9927910259944116e-05 8.9171191446453438e+09 6.9157781169460504e+05 8.3402303996383400e+09 1.7306662350210097e+09 5.5732197727148190e+15 6.8417555759666120e-04 3.0000000000000000e+00 6.3404370503495805e+01
2.4660087966345819e+06 8.9927910259939006e-05 8.9171191446446781e+09 6.9157781169459270e+05 8.3402303996377182e+09 1.7306662350208859e+09 5.6489401714000040e+15 6.8726014081542364e-04 3.0000000000000000e+00 6.3404370503492139e+01
2.4771267169798235e+06 8.9927910259933734e-05 8.9171191446439819e+09 6.9157781169457920e+05 8.3402303996370668e+09 1.7306662350207510e+09 5.7256893432200980e+15 6.9035863077716679e-04 3.0000000000000000e+00 6.3404370503488387e+01
2.4882947621068470e+06 8.9927910259928463e-05 8.9171191446432858e+09 6.9157781169456569e+05 8.3402303996364136e+09 1.7306662350206156e+09 5.8034812655732650e+15 6.9347109017998867e-04 3.0000000000000000e+00 6.3404370503484550e+01
2.4995131580015984e+06 8.9927910259923191e-05 8.9171191446425877e+09 6.9157781169455219e+05 8.3402303996357622e+09 1.7306662350204806e+09 5.8823301057612320e+15 6.9659758200465917e-04 3.0000000000000000e+00 6.3404370503480621e+01
2.5107821316688745e+06 8.9927910259917919e-05 8.9171191446418591e+09 6.9157781169453659e+05 8.3402303996350870e+09 1.7306662350203245e+09 5.9622502235693760e+15 6.9973816951589523e-04 3.0000000000000000e+00 6.3404370503476137e+01
2.5221019111369150e+06 8.9927910259912484e-05 8.9171191446411629e+09 6.9157781169452402e+05 8.3402303996344309e+09 1.7306662350201986e+09 6.0432561738819460e+15 7.0289291626364101e-04 3.0000000000000000e+00 6.3404370503472549e+01
2.5334727254620176e+06 8.9927910259907063e-05 8.9171191446404343e+09 6.9157781169450958e+05 8.3402303996337519e+09 1.7306662350200541e+09 6.1253627093326580e+15 7.0606188608435228e-04 3.0000000000000000e+00 6.3404370503468385e+01
2.5448948047331744e+06 8.9927910259901466e-05 8.9171191446397057e+09 6.9157781169449585e+05 8.3402303996330681e+09 1.7306662350199165e+09 6.2085847829915310e+15 7.0924514310229103e-04 3.0000000000000000e+00 6.3404370503464548e+01
2.5563683800767236e+06 8.9927910259896031e-05 8.9171191446389771e+09 6.9157781169448118e+05 8.3402303996323881e+09 1.7306662350197699e+09 6.2929375510880660e+15 7.1244275173082037e-04 3.0000000000000000e+00 6.3404370503460306e+01
2.5678936836610371e+06 8.9927910259890448e-05 8.9171191446382484e+09 6.9157781169446767e+05 8.3402303996317072e+09 1.7306662350196345e+09 6.3784363757714980e+15 7.1565477667371083e-04 3.0000000000000000e+00 6.3404370503456320e+01
2.5794709487011926e+06 8.9927910259884688e-05 8.9171191446374874e+09 6.9157781169445277e+05 8.3402303996309919e+09 1.7306662350194852e+09 6.4650968279083240e+15 7.1888128292644301e-04 3.0000000000000000e+00 6.3404370503452228e+01
2.5911004094637264e+06 8.9927910259878942e-05 8.9171191446367264e+09 6.9157781169443810e+05 8.3402303996302824e+09 1.7306662350193386e+09 6.5529346899183920e+15 7.2212233577753236e-04 3.0000000000000000e+00 6.3404370503447936e+01
2.6027823012713534e+06 8.9927910259873195e-05 8.9171191446359673e+09 6.9157781169442344e+05 8.3402303996295729e+09 1.7306662350191917e+09 6.6419659586488540e+15 7.2537800080984378e-04 3.0000000000000000e+00 6.3404370503443793e+01
2.6145168605077323e+06 8.9927910259867436e-05 8.9171191446352062e+09 6.9157781169440853e+05 8.3402303996288586e+09 1.7306662350190425e+09 6.7322068482876300e+15 7.2864834390192021e-04 3.0000000000000000e+00 6.3404370503439488e+01
2.6263043246222506e+06 8.9927910259861689e-05 8.9171191446344452e+09 6.9157781169439363e+05 8.3402303996281462e+09 1.7306662350188935e+09 6.8236737933162460e+15 7.3193343122931629e-04 3.0000000000000000e+00 6.3404370503435210e+01
2.6381449321348281e+06 8.9927910259855780e-05 8.9171191446336536e+09 6.9157781169437803e+05 8.3402303996274109e+09 1.7306662350187371e+09 6.9163834515028920e+15 7.3523332926593652e-04 3.0000000000000000e+00 6.3404370503430670e+01
2.6500389226407446e+06 8.9927910259849709e-05 8.9171191446328621e+09 6.9157781169436313e+05 8.3402303996266689e+09 1.7306662350185881e+09 7.0103527069360250e+15 7.3854810478538133e-04 3.0000000000000000e+00 6.3404370503426485e+01
2.6619865368154868e+06 8.9927910259843800e-05 8.9171191446320705e+09 6.9157781169434730e+05 8.3402303996259289e+09 1.7306662350184298e+09 7.1055986730993500e+15 7.4187782486229733e-04 3.0000000000000000e+00 6.3404370503421852e+01
2.6739880164196193e+06 8.9927910259837728e-05 8.9171191446312790e+09 6.9157781169433263e+05 8.3402303996251888e+09 1.7306662350182827e+09 7.2021386959884400e+15 7.4522255687373530e-04 3.0000000000000000e+00 6.3404370503417631e+01
2.6860436043036757e+06 8.9927910259831494e-05 8.9171191446304550e+09 6.9157781169431657e+05 8.3402303996244164e+09 1.7306662350181220e+09 7.2999903572697620e+15 7.4858236850051300e-04 3.0000000000000000e+00 6.3404370503413148e+01
2.6981535444130739e+06 8.9927910259825423e-05 8.9171191446296310e+09 6.9157781169429957e+05 8.3402303996236486e+09 1.7306662350179520e+09 7.3991714774826070e+15 7.5195732772858476e-04 3.0000000000000000e+00 6.3404370503408224e+01
2.7103180817930521e+06 8.9927910259819039e-05 8.9171191446288071e+09 6.9157781169428444e+05 8.3402303996228743e+09 1.7306662350178003e+09 7.4997001192845490e+15 7.5534750285041817e-04 3.0000000000000000e+00 6.3404370503403968e+01
2.7225374625936262e+06 8.9927910259812805e-05 8.9171191446279831e+09 6.9157781169426860e+05 8.3402303996221056e+09 1.7306662350176420e+09 7.6015945907409880e+15 7.5875296246637452e-04 3.0000000000000000e+00 6.3404370503399356e+01
2.7348119340745723e+06 8.9927910259806422e-05 8.9171191446271591e+09 6.9157781169425347e+05 8.3402303996213312e+09 1.7306662350174904e+09 7.7048734486592970e+15 7.6217377548609742e-04 3.0000000000000000e+00 6.3404370503395079e+01
2.7471417446104279e+06 8.9927910259800025e-05 8.9171191446263046e+09 6.9157781169423647e+05 8.3402303996205330e+09 1.7306662350173204e+09 7.8095555019684680e+15 7.6561001112990820e-04 3.0000000000000000e+00 6.3404370503390219e+01
2.7595271436955202e+06 8.9927910259793642e-05 8.9171191446254482e+09 6.9157781169421924e+05 8.3402303996197329e+09 1.7306662350171478e+09 7.9156598151444760e+15 7.6906173893020514e-04 3.0000000000000000e+00 6.3404370503385266e+01
2.7719683819490126e+06 8.9927910259787083e-05 8.9171191446245937e+09 6.9157781169420341e+05 8.3402303996189327e+09 1.7306662350169892e+09 8.0232057116822550e+15 7.7252902873287089e-04 3.0000000000000000e+00 6.3404370503380711e+01
2.7844657111199778e+06 8.9927910259780537e-05 8.9171191446237068e+09 6.9157781169418525e+05 8.3402303996181068e+09 1.7306662350168076e+09 8.1322127776148940e+15 7.7601195069868650e-04 3.0000000000000000e+00 6.3404370503375524e+01
2.7970193840924902e+06 8.9927910259773828e-05 8.9171191446228199e+09 6.9157781169416802e+05 8.3402303996172781e+09 1.7306662350166352e+09 8.2427008650806130e+15 7.7951057530475053e-04 3.0000000000000000e+00 6.3404370503370600e+01
2.8096296548907435e+06 8.9927910259767120e-05 8.9171191446219635e+09 6.9157781169415265e+05 8.3402303996164684e+09 1.7306662350164814e+09 8.3546900959381220e+15 7.8302497334590475e-04 3.0000000000000000e+00 6.3404370503366223e+01
2.8222967786841928e+06 8.9927910259760411e-05 8.9171191446210461e+09 6.9157781169413356e+05 8.3402303996156187e+09 1.7306662350162902e+09 8.4682008654312440e+15 7.8655521593616780e-04 3.0000000000000000e+00 6.3404370503360710e+01
2.8350210117927142e+06 8.9927910259753540e-05 8.9171191446201591e+09 6.9157781169411726e+05 8.3402303996147833e+09 1.7306662350161269e+09 8.5832538459032290e+15 7.9010137451017361e-04 3.0000000000000000e+00 6.3404370503356063e+01
2.8478026116917958e+06 8.9927910259746669e-05 8.9171191446192398e+09 6.9157781169409910e+05 8.3402303996139278e+09 1.7306662350159452e+09 8.6998699905615380e+15 7.9366352082461576e-04 3.0000000000000000e+00 6.3404370503350826e+01
2.8606418370177438e+06 8.9927910259739811e-05 8.9171191446183205e+09 6.9157781169408048e+05 8.3402303996130667e+09 1.7306662350157588e+09 8.8180705372938220e+15 7.9724172695970182e-04 3.0000000000000000e+00 6.3404370503345518e+01
2.8735389475729181e+06 8.9927910259732778e-05 8.9171191446174030e+09 6.9157781169406348e+05 8.3402303996122103e+09 1.7306662350155885e+09 8.9378770125357120e+15 8.0083606532060990e-04 3.0000000000000000e+00 6.3404370503340544e+01
2.8864942043309906e+06 8.9927910259725581e-05 8.9171191446164513e+09 6.9157781169404509e+05 8.3402303996113195e+09 1.7306662350154045e+09 9.0593112351911900e+15 8.0444660863895499e-04 3.0000000000000000e+00 6.3404370503335358e+01
2.8995078694422222e+06 8.9927910259718561e-05 8.9171191446155338e+09 6.9157781169402762e+05 8.3402303996104584e+09 1.7306662350152297e+09 9.1823953206061580e+15 8.0807342997425940e-04 3.0000000000000000e+00 6.3404370503330306e+01
2.9125802062387718e+06 8.9927910259711365e-05 8.9171191446145821e+09 6.9157781169400923e+05 8.3402303996095695e+09 1.7306662350150454e+09 9.3071516845960820e+15 8.1171660271543320e-04 3.0000000000000000e+00 6.3404370503325040e+01
2.9257114792400207e+06 8.9927910259704019e-05 8.9171191446135998e+09 6.9157781169398967e+05 8.3402303996086521e+09 1.7306662350148497e+09 9.4336030475282740e+15 8.1537620058225624e-04 3.0000000000000000e+00 6.3404370503319484e+01
2.9389019541579294e+06 8.9927910259696674e-05 8.9171191446126499e+09 6.9157781169397221e+05 8.3402303996077595e+09 1.7306662350146751e+09 9.5617724384597220e+15 8.1905229762687336e-04 3.0000000000000000e+00 6.3404370503314439e+01
2.9521518979024100e+06 8.9927910259689328e-05 8.9171191446116676e+09 6.9157781169395265e+05 8.3402303996068430e+09 1.7306662350144792e+09 9.6916831993310260e+15 8.2274496823528972e-04 3.0000000000000000e+00 6.3404370503308868e+01
2.9654615785867316e+06 8.9927910259681820e-05 8.9171191446106853e+09 6.9157781169393403e+05 8.3402303996059227e+09 1.7306662350142927e+09 9.8233589892175020e+15 8.2645428712887841e-04 3.0000000000000000e+00 6.3404370503303539e+01
2.9788312655329406e+06 8.9927910259674312e-05 8.9171191446096725e+09 6.9157781169391354e+05 8.3402303996049786e+09 1.7306662350140877e+09 9.9568237886377580e+15 8.3018032936589049e-04 3.0000000000000000e+00 6.3404370503297642e+01
2.9922612292773151e+06 8.9927910259666804e-05 8.9171191446086578e+09 6.9157781169389281e+05 8.3402303996040325e+09 1.7306662350138803e+09 1.0092101903921140e+16 8.3392317034297527e-04 3.0000000000000000e+00 6.3404370503291695e+01
3.0057517415758362e+06 8.9927910259659133e-05 8.9171191446076450e+09 6.9157781169387326e+05 8.3402303996030846e+09 1.7306662350136845e+09 1.0229217971634244e+16 8.3768288579670527e-04 3.0000000000000000e+00 6.3404370503286131e+01
3.0193030754096890e+06 8.9927910259651300e-05 8.9171191446066303e+09 6.9157781169385463e+05 8.3402303996021338e+09 1.7306662350134978e+09 1.0368196963067696e+16 8.4145955180510890e-04 3.0000000000000000e+00 6.3404370503280795e+01
3.0329155049907835e+06 8.9927910259643480e-05 8.9171191446056175e+09 6.9157781169383577e+05 8.3402303996011810e+09 1.7306662350133092e+09 1.0509064188783894e+16 8.4525324478920954e-04 3.0000000000000000e+00 6.3404370503275416e+01
3.0465893057673075e+06 8.9927910259635647e-05 8.9171191446045723e+09 6.9157781169381505e+05 8.3402303996002045e+09 1.7306662350131018e+09 1.0651845303226522e+16 8.4906404151457310e-04 3.0000000000000000e+00 6.3404370503269483e+01
3.0603247544292961e+06 8.9927910259627664e-05 8.9171191446034946e+09 6.9157781169379316e+05 8.3402303995992012e+09 1.7306662350128827e+09 1.0796566309392640e+16 8.5289201909285973e-04 3.0000000000000000e+00 6.3404370503263166e+01
3.0741221289142333e+06 8.9927910259619682e-05 8.9171191446024494e+09 6.9157781169377337e+05 8.3402303995982218e+09 1.7306662350126846e+09 1.0943253563568320e+16 8.5673725498338509e-04 3.0000000000000000e+00 6.3404370503257553e+01
3.0879817084126747e+06 8.9927910259611537e-05 8.9171191446013718e+09 6.9157781169375242e+05 8.3402303995972137e+09 1.7306662350124748e+09 1.1091933780128610e+16 8.6059982699468788e-04 3.0000000000000000e+00 6.3404370503251521e+01
3.1019037733738986e+06 8.9927910259603378e-05 8.9171191446002960e+09 6.9157781169373170e+05 8.3402303995962067e+09 1.7306662350122674e+09 1.1242634036402688e+16 8.6447981328610429e-04 3.0000000000000000e+00 6.3404370503245595e+01
3.1158886055115783e+06 8.9927910259595070e-05 8.9171191445992184e+09 6.9157781169371167e+05 8.3402303995951948e+09 1.7306662350120668e+09 1.1395381777605104e+16 8.6837729236934871e-04 3.0000000000000000e+00 6.3404370503239903e+01
3.1299364878094848e+06 8.9927910259586776e-05 8.9171191445981083e+09 6.9157781169368979e+05 8.3402303995941620e+09 1.7306662350118477e+09 1.1550204821834086e+16 8.7229234311010347e-04 3.0000000000000000e+00 6.3404370503233565e+01
3.1440477045272114e+06 8.9927910259578469e-05 8.9171191445970001e+09 6.9157781169366767e+05 8.3402303995931244e+09 1.7306662350116265e+09 1.1707131365137690e+16 8.7622504472961401e-04 3.0000000000000000e+00 6.3404370503227248e+01
3.1582225412059282e+06 8.9927910259569998e-05 8.9171191445958920e+09 6.9157781169364671e+05 8.3402303995920858e+09 1.7306662350114167e+09 1.1866189986648848e+16 8.8017547680629288e-04 3.0000000000000000e+00 6.3404370503221237e+01
3.1724612846741569e+06 8.9927910259561365e-05 8.9171191445947514e+09 6.9157781169362459e+05 8.3402303995910196e+09 1.7306662350111954e+09 1.2027409653790032e+16 8.8414371927732812e-04 3.0000000000000000e+00 6.3404370503215006e+01
3.1867642230535764e+06 8.9927910259552746e-05 8.9171191445936108e+09 6.9157781169360247e+05 8.3402303995899525e+09 1.7306662350109739e+09 1.2190819727548880e+16 8.8812985244030290e-04 3.0000000000000000e+00 6.3404370503208661e+01
3.2011316457648529e+06 8.9927910259544113e-05 8.9171191445924702e+09 6.9157781169358036e+05 8.3402303995888863e+09 1.7306662350107527e+09 1.2356449967825216e+16 8.9213395695481870e-04 3.0000000000000000e+00 6.3404370503202244e+01
3.2155638435334973e+06 8.9927910259535331e-05 8.9171191445912971e+09 6.9157781169355731e+05 8.3402303995877934e+09 1.7306662350105219e+09 1.2524330538851038e+16 8.9615611384412960e-04 3.0000000000000000e+00 6.3404370503195636e+01
3.2300611083957450e+06 8.9927910259526549e-05 8.9171191445901260e+09 6.9157781169353402e+05 8.3402303995866976e+09 1.7306662350102887e+09 1.2694492014683726e+16 9.0019640449677833e-04 3.0000000000000000e+00 6.3404370503188993e+01
3.2446237337044696e+06 8.9927910259517604e-05 8.9171191445889530e+09 6.9157781169351167e+05 8.3402303995855989e+09 1.7306662350100648e+09 1.2866965384774388e+16 9.0425491066824725e-04 3.0000000000000000e+00 6.3404370503182570e+01
3.2592520141351144e+06 8.9927910259508497e-05 8.9171191445877495e+09 6.9157781169348839e+05 8.3402303995844727e+09 1.7306662350098319e+09 1.3041782059611388e+16 9.0833171448260867e-04 3.0000000000000000e+00 6.3404370503175919e+01
3.2739462456916585e+06 8.9927910259499390e-05 8.9171191445865459e+09 6.9157781169346510e+05 8.3402303995833473e+09 1.7306662350095987e+09 1.3218973876440872e+16 9.1242689843419079e-04 3.0000000000000000e+00 6.3404370503169275e+01
3.2887067257126048e+06 8.9927910259490282e-05 8.9171191445853424e+09 6.9157781169344182e+05 8.3402303995822229e+09 1.7306662350093658e+09 1.3398573105064788e+16 9.1654054538924242e-04 3.0000000000000000e+00 6.3404370503162490e+01
3.3035337528769979e+06 8.9927910259481026e-05 8.9171191445841064e+09 6.9157781169341714e+05 8.3402303995810661e+09 1.7306662350091188e+09 1.3580612453717980e+16 9.2067273858761423e-04 3.0000000000000000e+00 6.3404370503155469e+01
3.3184276272104671e+06 8.9927910259471593e-05 8.9171191445828705e+09 6.9157781169339386e+05 8.3402303995799103e+09 1.7306662350088856e+09 1.3765125075024788e+16 9.2482356164444012e-04 3.0000000000000000e+00 6.3404370503148790e+01
3.3333886500912961e+06 8.9927910259462174e-05 8.9171191445816364e+09 6.9157781169337034e+05 8.3402303995787535e+09 1.7306662350086503e+09 1.3952144572036744e+16 9.2899309855182970e-04 3.0000000000000000e+00 6.3404370503142047e+01
3.3484171242565243e+06 8.9927910259452742e-05 8.9171191445803680e+09 6.9157781169334473e+05 8.3402303995775700e+09 1.7306662350083940e+09 1.4141705004352352e+16 9.3318143368056904e-04 3.0000000000000000e+00 6.3404370503134743e+01
3.3635133538080705e+06 8.9927910259442997e-05 8.9171191445791016e+09 6.9157781169332121e+05 8.3402303995763826e+09 1.7306662350081587e+09 1.4333840894319950e+16 9.3738865178182691e-04 3.0000000000000000e+00 6.3404370503128014e+01
3.3786776442188872e+06 8.9927910259433416e-05 8.9171191445778332e+09 6.9157781169329653e+05 8.3402303995751963e+09 1.7306662350079114e+09 1.4528587233324788e+16 9.4161483798886982e-04 3.0000000000000000e+00 6.3404370503120930e+01
3.3939103023391417e+06 8.9927910259423672e-05 8.9171191445765343e+09 6.9157781169327092e+05 8.3402303995739841e+09 1.7306662350076551e+09 1.4725979488161626e+16 9.4586007781878481e-04 3.0000000000000000e+00 6.3404370503113512e+01
3.4092116364024254e+06 8.9927910259413765e-05 8.9171191445752354e+09 6.9157781169324624e+05 8.3402303995727673e+09 1.7306662350074079e+09 1.4926053607493852e+16 9.5012445717421005e-04 3.0000000000000000e+00 6.3404370503106506e+01
3.4245819560319907e+06 8.9927910259403858e-05 8.9171191445739059e+09 6.9157781169321947e+05 8.3402303995715246e+09 1.7306662350071402e+09 1.5128846028400436e+16 9.5440806234507302e-04 3.0000000000000000e+00 6.3404370503098846e+01
3.4400215722470167e+06 8.9927910259393802e-05 8.9171191445725746e+09 6.9157781169319362e+05 8.3402303995702820e+09 1.7306662350068815e+09 1.5334393683011702e+16 9.5871098001033654e-04 3.0000000000000000e+00 6.3404370503091521e+01
3.4555307974689021e+06 8.9927910259383570e-05 8.9171191445712452e+09 6.9157781169316894e+05 8.3402303995690346e+09 1.7306662350066342e+09 1.5542734005235310e+16 9.6303329723975242e-04 3.0000000000000000e+00 6.3404370503084373e+01
3.4711099455275866e+06 8.9927910259373351e-05 8.9171191445698814e+09 6.9157781169314194e+05 8.3402303995677614e+09 1.7306662350063639e+09 1.5753904937573784e+16 9.6737510149562400e-04 3.0000000000000000e+00 6.3404370503076699e+01
3.4867593316679033e+06 8.9927910259363132e-05 8.9171191445685196e+09 6.9157781169311493e+05 8.3402303995664873e+09 1.7306662350060935e+09 1.5967944938034334e+16 9.7173648063457506e-04 3.0000000000000000e+00 6.3404370503068883e+01
3.5024792725559557e+06 8.9927910259352589e-05 8.9171191445671577e+09 6.9157781169309001e+05 8.3402303995652094e+09 1.7306662350058441e+09 1.6184892987132898e+16 9.7611752290932877e-04 3.0000000000000000e+00 6.3404370503061806e+01
3.5182700862855255e+06 8.9927910259342207e-05 8.9171191445657635e+09 6.9157781169306207e+05 8.3402303995639095e+09 1.7306662350055645e+09 1.6404788594993070e+16 9.8051831697049227e-04 3.0000000000000000e+00 6.3404370503053720e+01
3.5341320923845111e+06 8.9927910259331501e-05 8.9171191445643692e+09 6.9157781169303600e+05 8.3402303995626030e+09 1.7306662350053034e+09 1.6627671808541802e+16 9.8493895186835159e-04 3.0000000000000000e+00 6.3404370503046302e+01
3.5500656118213907e+06 8.9927910259320794e-05 8.9171191445629444e+09 6.9157781169300806e+05 8.3402303995612726e+09 1.7306662350050240e+09 1.6853583218802298e+16 9.8937951705467195e-04 3.0000000000000000e+00 6.3404370503038251e+01
3.5660709670117199e+06 8.9927910259310088e-05 8.9171191445615196e+09 6.9157781169297989e+05 8.3402303995599394e+09 1.7306662350047419e+09 1.7082563968286838e+16 9.9384010238451055e-04 3.0000000000000000e+00 6.3404370503030187e+01
3.5821484818246528e+06 8.9927910259299070e-05 8.9171191445600624e+09 6.9157781169295171e+05 8.3402303995585785e+09 1.7306662350044599e+09 1.7314655758489138e+16 9.9832079811803219e-04 3.0000000000000000e+00 6.3404370503022200e+01
3.5982984815894985e+06 8.9927910259288214e-05 8.9171191445586357e+09 6.9157781169292424e+05 8.3402303995572405e+09 1.7306662350041850e+09 1.7549900857479244e+16 1.0028216949223368e-03 3.0000000000000000e+00 6.3404370503014285e+01
3.6145212931023012e+06 8.9927910259277020e-05 8.9171191445571461e+09 6.9157781169289513e+05 8.3402303995558510e+09 1.7306662350038936e+09 1.7788342107601082e+16 1.0073428838732943e-03 3.0000000000000000e+00 6.3404370503005993e+01
3.6308172446324560e+06 8.9927910259265839e-05 8.9171191445556889e+09 6.9157781169286766e+05 8.3402303995544825e+09 1.7306662350036185e+09 1.8030022933275052e+16 1.0118844564573869e-03 3.0000000000000000e+00 6.3404370502998106e+01
3.6471866659293482e+06 8.9927910259254658e-05 8.9171191445541687e+09 6.9157781169283623e+05 8.3402303995530663e+09 1.7306662350033038e+09 1.8274987348906120e+16 1.0164465045735599e-03 3.0000000000000000e+00 6.3404370502989110e+01
3.6636298882290288e+06 8.9927910259243165e-05 8.9171191445526810e+09 6.9157781169280899e+05 8.3402303995516720e+09 1.7306662350030310e+09 1.8523279966899812e+16 1.0210291205350838e-03 3.0000000000000000e+00 6.3404370502981244e+01
3.6801472442609156e+06 8.9927910259231659e-05 8.9171191445511589e+09 6.9157781169277942e+05 8.3402303995502481e+09 1.7306662350027351e+09 1.8774946005786972e+16 1.0256323970714190e-03 3.0000000000000000e+00 6.3404370502972803e+01
3.6967390682545248e+06 8.9927910259220153e-05 8.9171191445496063e+09 6.9157781169274799e+05 8.3402303995488033e+09 1.7306662350024207e+09 1.9030031298458656e+16 1.0302564273300945e-03 3.0000000000000000e+00 6.3404370502963744e+01
3.7134056959462380e+06 8.9927910259208335e-05 8.9171191445480862e+09 6.9157781169272028e+05 8.3402303995473719e+09 1.7306662350021431e+09 1.9288582300513320e+16 1.0349013048785913e-03 3.0000000000000000e+00 6.3404370502955871e+01
3.7301474645860903e+06 8.9927910259196518e-05 8.9171191445465031e+09 6.9157781169268885e+05 8.3402303995458975e+09 1.7306662350018287e+09 1.9550646098717116e+16 1.0395671237062366e-03 3.0000000000000000e+00 6.3404370502946840e+01
3.7469647129446003e+06 8.9927910259184700e-05 8.9171191445449505e+09 6.9157781169265904e+05 8.3402303995444412e+09 1.7306662350015304e+09 1.9816270419579284e+16 1.0442539782261051e-03 3.0000000000000000e+00 6.3404370502938278e+01
3.7638577813196206e+06 8.9927910259172557e-05 8.9171191445433350e+09 6.9157781169262738e+05 8.3402303995429335e+09 1.7306662350012133e+09 2.0085503638043964e+16 1.0489619632769304e-03 3.0000000000000000e+00 6.3404370502929240e+01
3.7808270115432269e+06 8.9927910259160576e-05 8.9171191445417500e+09 6.9157781169259641e+05 8.3402303995414486e+09 1.7306662350009034e+09 2.0358394786300168e+16 1.0536911741250233e-03 3.0000000000000000e+00 6.3404370502920315e+01
3.7978727469886327e+06 8.9927910259148271e-05 8.9171191445401344e+09 6.9157781169256568e+05 8.3402303995399380e+09 1.7306662350005956e+09 2.0634993562711404e+16 1.0584417064661992e-03 3.0000000000000000e+00 6.3404370502911561e+01
3.8149953325771387e+06 8.9927910259135979e-05 8.9171191445384884e+09 6.9157781169253285e+05 8.3402303995384007e+09 1.7306662350002670e+09 2.0915350340866592e+16 1.0632136564277146e-03 3.0000000000000000e+00 6.3404370502902083e+01
3.8321951147851120e+06 8.9927910259123348e-05 8.9171191445368404e+09 6.9157781169250188e+05 8.3402303995368557e+09 1.7306662349999571e+09 2.1199516178754164e+16 1.0680071205702141e-03 3.0000000000000000e+00 6.3404370502893357e+01
3.8494724416509978e+06 8.9927910259110893e-05 8.9171191445351925e+09 6.9157781169246999e+05 8.3402303995353174e+09 1.7306662349996378e+09 2.1487542828060464e+16 1.0728221958896818e-03 3.0000000000000000e+00 6.3404370502884092e+01
3.8668276627823608e+06 8.9927910259098113e-05 8.9171191445335140e+09 6.9157781169243786e+05 8.3402303995337439e+09 1.7306662349993162e+09 2.1779482743594640e+16 1.0776589798194049e-03 3.0000000000000000e+00 6.3404370502874990e+01
3.8842611293629599e+06 8.9927910259085333e-05 8.9171191445318031e+09 6.9157781169240363e+05 8.3402303995321465e+09 1.7306662349989736e+09 2.2075389092841772e+16 1.0825175702319459e-03 3.0000000000000000e+00 6.3404370502865170e+01
3.9017731941598542e+06 8.9927910259072390e-05 8.9171191445300922e+09 6.9157781169237057e+05 8.3402303995305471e+09 1.7306662349986427e+09 2.2375315765645484e+16 1.0873980654411226e-03 3.0000000000000000e+00 6.3404370502855649e+01
3.9193642115305425e+06 8.9927910259059461e-05 8.9171191445283813e+09 6.9157781169233727e+05 8.3402303995289469e+09 1.7306662349983094e+09 2.2679317384022312e+16 1.0923005642039967e-03 3.0000000000000000e+00 6.3404370502846085e+01
3.9370345374301323e+06 8.9927910259046193e-05 8.9171191445266399e+09 6.9157781169230398e+05 8.3402303995273132e+09 1.7306662349979761e+09 2.2987449312109328e+16 1.0972251657228732e-03 3.0000000000000000e+00 6.3404370502836628e+01
3.9547845294185430e+06 8.9927910259032939e-05 8.9171191445248642e+09 6.9157781169226859e+05 8.3402303995256586e+09 1.7306662349976218e+09 2.3299767666246968e+16 1.1021719696473085e-03 3.0000000000000000e+00 6.3404370502826460e+01
3.9726145466677416e+06 8.9927910259019522e-05 8.9171191445231228e+09 6.9157781169223622e+05 8.3402303995240231e+09 1.7306662349972980e+09 2.3616329325198708e+16 1.1071410760761244e-03 3.0000000000000000e+00 6.3404370502817180e+01
3.9905249499690100e+06 8.9927910259006105e-05 8.9171191445213165e+09 6.9157781169219990e+05 8.3402303995223417e+09 1.7306662349969344e+09 2.3937191940509916e+16 1.1121325855594356e-03 3.0000000000000000e+00 6.3404370502806735e+01
4.0085161017402457e+06 8.9927910258992362e-05 8.9171191445195103e+09 6.9157781169216521e+05 8.3402303995206490e+09 1.7306662349965870e+09 2.4262413947007052e+16 1.1171465991006836e-03 3.0000000000000000e+00 6.3404370502796880e+01
4.0265883660332961e+06 8.9927910258978620e-05 8.9171191445177059e+09 6.9157781169213098e+05 8.3402303995189610e+09 1.7306662349962444e+09 2.4592054573439700e+16 1.1221832181586805e-03 3.0000000000000000e+00 6.3404370502786939e+01
4.0447421085413238e+06 8.9927910258964729e-05 8.9171191445158672e+09 6.9157781169209513e+05 8.3402303995172405e+09 1.7306662349958854e+09 2.4926173853267392e+16 1.1272425446496629e-03 3.0000000000000000e+00 6.3404370502776764e+01
4.0629776966062076e+06 8.9927910258950675e-05 8.9171191445139980e+09 6.9157781169205834e+05 8.3402303995154934e+09 1.7306662349955173e+09 2.5264832635592424e+16 1.1323246809493519e-03 3.0000000000000000e+00 6.3404370502766334e+01
4.0812954992259745e+06 8.9927910258936607e-05 8.9171191445121288e+09 6.9157781169202179e+05 8.3402303995137482e+09 1.7306662349951513e+09 2.5608092596241944e+16 1.1374297298950280e-03 3.0000000000000000e+00 6.3404370502755796e+01
4.0996958870622683e+06 8.9927910258922391e-05 8.9171191445102615e+09 6.9157781169198593e+05 8.3402303995119963e+09 1.7306662349947925e+09 2.5956016248999932e+16 1.1425577947876088e-03 3.0000000000000000e+00 6.3404370502745515e+01
4.1181792324478477e+06 8.9927910258907862e-05 8.9171191445083599e+09 6.9157781169195008e+05 8.3402303995102167e+09 1.7306662349944336e+09 2.6308666956992208e+16 1.1477089793937411e-03 3.0000000000000000e+00 6.3404370502735205e+01
4.1367459093941217e+06 8.9927910258893321e-05 8.9171191445064278e+09 6.9157781169191212e+05 8.3402303995084105e+09 1.7306662349940536e+09 2.6666108944226060e+16 1.1528833879479014e-03 3.0000000000000000e+00 6.3404370502724454e+01
4.1553962935987180e+06 8.9927910258878779e-05 8.9171191445044956e+09 6.9157781169187417e+05 8.3402303995066032e+09 1.7306662349936738e+09 2.7028407307286380e+16 1.1580811251545023e-03 3.0000000000000000e+00 6.3404370502713505e+01
4.1741307624530839e+06 8.9927910258863925e-05 8.9171191445025311e+09 6.9157781169183622e+05 8.3402303995047693e+09 1.7306662349932938e+09 2.7395628027191132e+16 1.1633022961900134e-03 3.0000000000000000e+00 6.3404370502702619e+01
4.1929496950501255e+06 8.9927910258849072e-05 8.9171191445005665e+09 6.9157781169179804e+05 8.3402303995029306e+09 1.7306662349929116e+09 2.7767837981407532e+16 1.1685470067050896e-03 3.0000000000000000e+00 6.3404370502691656e+01
4.2118534721918749e+06 8.9927910258833893e-05 8.9171191444985714e+09 6.9157781169175985e+05 8.3402303995010624e+09 1.7306662349925294e+09 2.8145104956031708e+16 1.1738153628267076e-03 3.0000000000000000e+00 6.3404370502680784e+01
4.2308424763971986e+06 8.9927910258818714e-05 8.9171191444965744e+09 6.9157781169172167e+05 8.3402303994991941e+09 1.7306662349921470e+09 2.8527497658133648e+16 1.1791074711603137e-03 3.0000000000000000e+00 6.3404370502669728e+01
4.2499170919095371e+06 8.9927910258803386e-05 8.9171191444945469e+09 6.9157781169168232e+05 8.3402303994972982e+09 1.7306662349917533e+09 2.8915085728270292e+16 1.1844234387919832e-03 3.0000000000000000e+00 6.3404370502658516e+01
4.2690777047046795e+06 8.9927910258787895e-05 8.9171191444924889e+09 6.9157781169164181e+05 8.3402303994953737e+09 1.7306662349913478e+09 2.9307939753167888e+16 1.1897633732905835e-03 3.0000000000000000e+00 6.3404370502647041e+01
4.2883247024985757e+06 8.9927910258772391e-05 8.9171191444904289e+09 6.9157781169160153e+05 8.3402303994934492e+09 1.7306662349909444e+09 2.9706131278577436e+16 1.1951273827099538e-03 3.0000000000000000e+00 6.3404370502635388e+01
4.3076584747551791e+06 8.9927910258756576e-05 8.9171191444883385e+09 6.9157781169156102e+05 8.3402303994914932e+09 1.7306662349905391e+09 3.0109732822304276e+16 1.2005155755910905e-03 3.0000000000000000e+00 6.3404370502623820e+01
4.3270794126943275e+06 8.9927910258740760e-05 8.9171191444862480e+09 6.9157781169152050e+05 8.3402303994895391e+09 1.7306662349901333e+09 3.0518817887415004e+16 1.2059280609643429e-03 3.0000000000000000e+00 6.3404370502612124e+01
4.3465879092996614e+06 8.9927910258724632e-05 8.9171191444841251e+09 6.9157781169147976e+05 8.3402303994875517e+09 1.7306662349897256e+09 3.0933460975623500e+16 1.2113649483516205e-03 3.0000000000000000e+00 6.3404370502600479e+01
4.3661843593265777e+06 8.9927910258708491e-05 8.9171191444819698e+09 6.9157781169143692e+05 8.3402303994855385e+09 1.7306662349892969e+09 3.1353737600859336e+16 1.2168263477686091e-03 3.0000000000000000e+00 6.3404370502588286e+01
4.3858691593102114e+06 8.9927910258692201e-05 8.9171191444798164e+09 6.9157781169139524e+05 8.3402303994835243e+09 1.7306662349888794e+09 3.1779724303019880e+16 1.2223123697269963e-03 3.0000000000000000e+00 6.3404370502576285e+01
4.4056427075734660e+06 8.9927910258675748e-05 8.9171191444776611e+09 6.9157781169135426e+05 8.3402303994815044e+09 1.7306662349884694e+09 3.2211498661909824e+16 1.2278231252367076e-03 3.0000000000000000e+00 6.3404370502564532e+01
4.4255054042350687e+06 8.9927910258658970e-05 8.9171191444754448e+09 6.9157781169131142e+05 8.3402303994794312e+09 1.7306662349880404e+09 3.2649139311369700e+16 1.2333587258081538e-03 3.0000000000000000e+00 6.3404370502552332e+01
4.4454576512176711e+06 8.9927910258642206e-05 8.9171191444732265e+09 6.9157781169126835e+05 8.3402303994773569e+09 1.7306662349876094e+09 3.3092725953596548e+16 1.2389192834544864e-03 3.0000000000000000e+00 6.3404370502539983e+01
4.4654998522559777e+06 8.9927910258625428e-05 8.9171191444709778e+09 6.9157781169122341e+05 8.3402303994752598e+09 1.7306662349871597e+09 3.3542339373659260e+16 1.2445049106938652e-03 3.0000000000000000e+00 6.3404370502527080e+01
4.4856324129049201e+06 8.9927910258608338e-05 8.9171191444687290e+09 6.9157781169118034e+05 8.3402303994731560e+09 1.7306662349867284e+09 3.3998061454210764e+16 1.2501157205517333e-03 3.0000000000000000e+00 6.3404370502514702e+01
4.5058557405478600e+06 8.9927910258591086e-05 8.9171191444664478e+09 6.9157781169113610e+05 8.3402303994710217e+09 1.7306662349862857e+09 3.4459975190400488e+16 1.2557518265631062e-03 3.0000000000000000e+00 6.3404370502502005e+01
4.5261702444048328e+06 8.9927910258573671e-05 8.9171191444641666e+09 6.9157781169109279e+05 8.3402303994688854e+09 1.7306662349858522e+09 3.4928164704989116e+16 1.2614133427748682e-03 3.0000000000000000e+00 6.3404370502489598e+01
4.5465763355408302e+06 8.9927910258556107e-05 8.9171191444618225e+09 6.9157781169104646e+05 8.3402303994666967e+09 1.7306662349853885e+09 3.5402715263668972e+16 1.2671003837480799e-03 3.0000000000000000e+00 6.3404370502476347e+01
4.5670744268741170e+06 8.9927910258538366e-05 8.9171191444595089e+09 6.9157781169100292e+05 8.3402303994645271e+09 1.7306662349849524e+09 3.5883713290592444e+16 1.2728130645602970e-03 3.0000000000000000e+00 6.3404370502463912e+01
4.5876649331845865e+06 8.9927910258520477e-05 8.9171191444571342e+09 6.9157781169095635e+05 8.3402303994623051e+09 1.7306662349844863e+09 3.6371246384111216e+16 1.2785515008078986e-03 3.0000000000000000e+00 6.3404370502450618e+01
4.6083482711221529e+06 8.9927910258502425e-05 8.9171191444547577e+09 6.9157781169091072e+05 8.3402303994600811e+09 1.7306662349840295e+09 3.6865403332729648e+16 1.2843158086084259e-03 3.0000000000000000e+00 6.3404370502437523e+01
4.6291248592151841e+06 8.9927910258484373e-05 8.9171191444523487e+09 6.9157781169086299e+05 8.3402303994578314e+09 1.7306662349835517e+09 3.7366274131274640e+16 1.2901061046029332e-03 3.0000000000000000e+00 6.3404370502423781e+01
4.6499951178789698e+06 8.9927910258466009e-05 8.9171191444499111e+09 6.9157781169081549e+05 8.3402303994555559e+09 1.7306662349830763e+09 3.7873949997285512e+16 1.2959225059583465e-03 3.0000000000000000e+00 6.3404370502410138e+01
4.6709594694242254e+06 8.9927910258447469e-05 8.9171191444474716e+09 6.9157781169076869e+05 8.3402303994532709e+09 1.7306662349826078e+09 3.8388523387625928e+16 1.3017651303698350e-03 3.0000000000000000e+00 6.3404370502396759e+01
4.6920183380656447e+06 8.9927910258428781e-05 8.9171191444449997e+09 6.9157781169072073e+05 8.3402303994509583e+09 1.7306662349821279e+09 3.8910088015322552e+16 1.3076340960631930e-03 3.0000000000000000e+00 6.3404370502383031e+01
4.7131721499304762e+06 8.9927910258409929e-05 8.9171191444424973e+09 6.9157781169067160e+05 8.3402303994486198e+09 1.7306662349816360e+09 3.9438738866631248e+16 1.3135295217972316e-03 3.0000000000000000e+00 6.3404370502369005e+01
4.7344213330671508e+06 8.9927910258390928e-05 8.9171191444399948e+09 6.9157781169062364e+05 8.3402303994462786e+09 1.7306662349811561e+09 3.9974572218336120e+16 1.3194515268661825e-03 3.0000000000000000e+00 6.3404370502355157e+01
4.7557663174539423e+06 8.9927910258371602e-05 8.9171191444374599e+09 6.9157781169057544e+05 8.3402303994439049e+09 1.7306662349806736e+09 4.0517685655283360e+16 1.3254002311021121e-03 3.0000000000000000e+00 6.3404370502341450e+01
4.7772075350076649e+06 8.9927910258352263e-05 8.9171191444348946e+09 6.9157781169052515e+05 8.3402303994415045e+09 1.7306662349801700e+09 4.1068178088152744e+16 1.3313757548773443e-03 3.0000000000000000e+00 6.3404370502327076e+01
4.7987454195924187e+06 8.9927910258332774e-05 8.9171191444322968e+09 6.9157781169047393e+05 8.3402303994390783e+09 1.7306662349796572e+09 4.1626149771471504e+16 1.3373782191068988e-03 3.0000000000000000e+00 6.3404370502312354e+01
4.8203804070283659e+06 8.9927910258312974e-05 8.9171191444296989e+09 6.9157781169042434e+05 8.3402303994366455e+09 1.7306662349791610e+09 4.2191702321872208e+16 1.3434077452509365e-03 3.0000000000000000e+00 6.3404370502298157e+01
4.8421129351005461e+06 8.9927910258293160e-05 8.9171191444270687e+09 6.9157781169037288e+05 8.3402303994341869e+09 1.7306662349786458e+09 4.2764938736599056e+16 1.3494644553172172e-03 3.0000000000000000e+00 6.3404370502283420e+01
4.8639434435677426e+06 8.9927910258273035e-05 8.9171191444244080e+09 6.9157781169032142e+05 8.3402303994316998e+09 1.7306662349781308e+09 4.3345963412265392e+16 1.3555484718635693e-03 3.0000000000000000e+00 6.3404370502268641e+01
4.8858723741713753e+06 8.9927910258252747e-05 8.9171191444217472e+09 6.9157781169027090e+05 8.3402303994292097e+09 1.7306662349776251e+09 4.3934882163866520e+16 1.3616599180003683e-03 3.0000000000000000e+00 6.3404370502254146e+01
4.9079001706444407e+06 8.9927910258232296e-05 8.9171191444190216e+09 6.9157781169021688e+05 8.3402303994266615e+09 1.7306662349770844e+09 4.4531802244050088e+16 1.3677989173930297e-03 3.0000000000000000e+00 6.3404370502238713e+01
4.9300272787204906e+06 8.9927910258211696e-05 8.9171191444162979e+09 6.9157781169016403e+05 8.3402303994241123e+09 1.7306662349765553e+09 4.5136832362649072e+16 1.3739655942645106e-03 3.0000000000000000e+00 6.3404370502223621e+01
4.9522541461426532e+06 8.9927910258190920e-05 8.9171191444135418e+09 6.9157781169011025e+05 8.3402303994215364e+09 1.7306662349760168e+09 4.5750082706479432e+16 1.3801600733978220e-03 3.0000000000000000e+00 6.3404370502208195e+01
4.9745812226726916e+06 8.9927910258169846e-05 8.9171191444107857e+09 6.9157781169005809e+05 8.3402303994189548e+09 1.7306662349754949e+09 4.6371664959407592e+16 1.3863824801385559e-03 3.0000000000000000e+00 6.3404370502193260e+01
4.9970089601001041e+06 8.9927910258148596e-05 8.9171191444079666e+09 6.9157781169000315e+05 8.3402303994163198e+09 1.7306662349749448e+09 4.7001692322689600e+16 1.3926329403974209e-03 3.0000000000000000e+00 6.3404370502177557e+01
5.0195378122512689e+06 8.9927910258127183e-05 8.9171191444051456e+09 6.9157781168994890e+05 8.3402303994136801e+09 1.7306662349744017e+09 4.7640279535587216e+16 1.3989115806527900e-03 3.0000000000000000e+00 6.3404370502162003e+01
5.0421682349986248e+06 8.9927910258105621e-05 8.9171191444022961e+09 6.9157781168989372e+05 8.3402303994110146e+09 1.7306662349738493e+09 4.8287542896264272e+16 1.4052185279532594e-03 3.0000000000000000e+00 6.3404370502146200e+01
5.0649006862698970e+06 8.9927910258083896e-05 8.9171191443994122e+09 6.9157781168983714e+05 8.3402303994083176e+09 1.7306662349732831e+09 4.8943600282966272e+16 1.4115539099202195e-03 3.0000000000000000e+00 6.3404370502130028e+01
5.0877356260573622e+06 8.9927910258062009e-05 8.9171191443964977e+09 6.9157781168977986e+05 8.3402303994055958e+09 1.7306662349727097e+09 4.9608571175488392e+16 1.4179178547504389e-03 3.0000000000000000e+00 6.3404370502113515e+01
5.1106735164271677e+06 8.9927910258039809e-05 8.9171191443935833e+09 6.9157781168972421e+05 8.3402303994028683e+09 1.7306662349721527e+09 5.0282576676934936e+16 1.4243104912186587e-03 3.0000000000000000e+00 6.3404370502097542e+01
5.1337148215286406e+06 8.9927910258017448e-05 8.9171191443906059e+09 6.9157781168966554e+05 8.3402303994000864e+09 1.7306662349715652e+09 5.0965739535773536e+16 1.4307319486801880e-03 3.0000000000000000e+00 6.3404370502080781e+01
5.1568600076037413e+06 8.9927910257994761e-05 8.9171191443876266e+09 6.9157781168960873e+05 8.3402303993972960e+09 1.7306662349709966e+09 5.1658184168191296e+16 1.4371823570735406e-03 3.0000000000000000e+00 6.3404370502064538e+01
5.1801095429964559e+06 8.9927910257972074e-05 8.9171191443846188e+09 6.9157781168955006e+05 8.3402303993944855e+09 1.7306662349704094e+09 5.2360036680752264e+16 1.4436618469230486e-03 3.0000000000000000e+00 6.3404370502047684e+01
5.2034638981622849e+06 8.9927910257949075e-05 8.9171191443815765e+09 6.9157781168949092e+05 8.3402303993916378e+09 1.7306662349698174e+09 5.3071424893363744e+16 1.4501705493415102e-03 3.0000000000000000e+00 6.3404370502030730e+01
5.2269235456777606e+06 8.9927910257925914e-05 8.9171191443785038e+09 6.9157781168943085e+05 8.3402303993887663e+09 1.7306662349692161e+09 5.3792478362554880e+16 1.4567085960328408e-03 3.0000000000000000e+00 6.3404370502013556e+01
5.2504889602500126e+06 8.9927910257902428e-05 8.9171191443754311e+09 6.9157781168937287e+05 8.3402303993858881e+09 1.7306662349686358e+09 5.4523328405071016e+16 1.4632761192947398e-03 3.0000000000000000e+00 6.3404370501996894e+01
5.2741606187263718e+06 8.9927910257878792e-05 8.9171191443722935e+09 6.9157781168931117e+05 8.3402303993829536e+09 1.7306662349680181e+09 5.5264108121788800e+16 1.4698732520213643e-03 3.0000000000000000e+00 6.3404370501979386e+01
5.2979390001040194e+06 8.9927910257854980e-05 8.9171191443691578e+09 6.9157781168925110e+05 8.3402303993800211e+09 1.7306662349674170e+09 5.6014952421956456e+16 1.4765001277060224e-03 3.0000000000000000e+00 6.3404370501962134e+01
5.3218245855396800e+06 8.9927910257831019e-05 8.9171191443659592e+09 6.9157781168918777e+05 8.3402303993770342e+09 1.7306662349667828e+09 5.6775998047762904e+16 1.4831568804438713e-03 3.0000000000000000e+00 6.3404370501943895e+01
5.3458178583593583e+06 8.9927910257806747e-05 8.9171191443627586e+09 6.9157781168912607e+05 8.3402303993740396e+09 1.7306662349661655e+09 5.7547383599241200e+16 1.4898436449346318e-03 3.0000000000000000e+00 6.3404370501926216e+01
5.3699193040681174e+06 8.9927910257782298e-05 8.9171191443595276e+09 6.9157781168906344e+05 8.3402303993710155e+09 1.7306662349655385e+09 5.8329249559509928e+16 1.4965605564853154e-03 3.0000000000000000e+00 6.3404370501908311e+01
5.3941294103599042e+06 8.9927910257757537e-05 8.9171191443562641e+09 6.9157781168900058e+05 8.3402303993679619e+09 1.7306662349649091e+09 5.9121738320357736e+16 1.5033077510129592e-03 3.0000000000000000e+00 6.3404370501890327e+01
5.4184486671274193e+06 8.9927910257732614e-05 8.9171191443529701e+09 6.9157781168893678e+05 8.3402303993648796e+09 1.7306662349642706e+09 5.9924994208175408e+16 1.5100853650473784e-03 3.0000000000000000e+00 6.3404370501872066e+01
5.4428775664720275e+06 8.9927910257707542e-05 8.9171191443496437e+09 6.9157781168887182e+05 8.3402303993617725e+09 1.7306662349636202e+09 6.0739163510240320e+16 1.5168935357339284e-03 3.0000000000000000e+00 6.3404370501853386e+01
5.4674166027137162e+06 8.9927910257682145e-05 8.9171191443462849e+09 6.9157781168880663e+05 8.3402303993586302e+09 1.7306662349629679e+09 6.1564394501357992e+16 1.5237324008362807e-03 3.0000000000000000e+00 6.3404370501834741e+01
5.4920662724011000e+06 8.9927910257656422e-05 8.9171191443428955e+09 6.9157781168874144e+05 8.3402303993554583e+09 1.7306662349623151e+09 6.2400837470865600e+16 1.5306020987392089e-03 3.0000000000000000e+00 6.3404370501816132e+01
5.5168270743214637e+06 8.9927910257630699e-05 8.9171191443394737e+09 6.9157781168867415e+05 8.3402303993522615e+09 1.7306662349616416e+09 6.3248644750002104e+16 1.5375027684513896e-03 3.0000000000000000e+00 6.3404370501796791e+01
5.5416995095108617e+06 8.9927910257604502e-05 8.9171191443360519e+09 6.9157781168860965e+05 8.3402303993490543e+09 1.7306662349609959e+09 6.4107970739650880e+16 1.5444345496082167e-03 3.0000000000000000e+00 6.3404370501778359e+01
5.5666840812642518e+06 8.9927910257578305e-05 8.9171191443325672e+09 6.9157781168854120e+05 8.3402303993457994e+09 1.7306662349603109e+09 6.4978971938458704e+16 1.5513975824746249e-03 3.0000000000000000e+00 6.3404370501758621e+01
5.5917812951456802e+06 8.9927910257551797e-05 8.9171191443290520e+09 6.9157781168847252e+05 8.3402303993425121e+09 1.7306662349596233e+09 6.5861806971336832e+16 1.5583920079479286e-03 3.0000000000000000e+00 6.3404370501738981e+01
5.6169916589985127e+06 8.9927910257524949e-05 8.9171191443255024e+09 6.9157781168840360e+05 8.3402303993391914e+09 1.7306662349589334e+09 6.6756636618349616e+16 1.5654179675606737e-03 3.0000000000000000e+00 6.3404370501719335e+01
5.6423156829557093e+06 8.9927910257497952e-05 8.9171191443219223e+09 6.9157781168833375e+05 8.3402303993358440e+09 1.7306662349582343e+09 6.7663623843995392e+16 1.5724756034835008e-03 3.0000000000000000e+00 6.3404370501699312e+01
5.6677538794501508e+06 8.9927910257470644e-05 8.9171191443183441e+09 6.9157781168826600e+05 8.3402303993324957e+09 1.7306662349575560e+09 6.8582933826885264e+16 1.5795650585280227e-03 3.0000000000000000e+00 6.3404370501679821e+01
5.6933067632250013e+06 8.9927910257443159e-05 8.9171191443147011e+09 6.9157781168819475e+05 8.3402303993290863e+09 1.7306662349568429e+09 6.9514733989824912e+16 1.5866864761497122e-03 3.0000000000000000e+00 6.3404370501659471e+01
5.7189748513441291e+06 8.9927910257415363e-05 8.9171191443110256e+09 6.9157781168812350e+05 8.3402303993256493e+09 1.7306662349561298e+09 7.0459194030305472e+16 1.5938400004508078e-03 3.0000000000000000e+00 6.3404370501639072e+01
5.7447586632025698e+06 8.9927910257387418e-05 8.9171191443073196e+09 6.9157781168805109e+05 8.3402303993221836e+09 1.7306662349554050e+09 7.1416485951408480e+16 1.6010257761832278e-03 3.0000000000000000e+00 6.3404370501618295e+01
5.7706587205370320e+06 8.9927910257359134e-05 8.9171191443035812e+09 6.9157781168797868e+05 8.3402303993186884e+09 1.7306662349546800e+09 7.2386784093130544e+16 1.6082439487515002e-03 3.0000000000000000e+00 6.3404370501597576e+01
5.7966755474364590e+06 8.9927910257330552e-05 8.9171191442998104e+09 6.9157781168790604e+05 8.3402303993151608e+09 1.7306662349539528e+09 7.3370265164133968e+16 1.6154946642157038e-03 3.0000000000000000e+00 6.3404370501576786e+01
5.8228096703526303e+06 8.9927910257301793e-05 8.9171191442960091e+09 6.9157781168783223e+05 8.3402303993116035e+09 1.7306662349532142e+09 7.4367108273928400e+16 1.6227780692944246e-03 3.0000000000000000e+00 6.3404370501555633e+01
5.8490616181108188e+06 8.9927910257272723e-05 8.9171191442921753e+09 6.9157781168775843e+05 8.3402303993080177e+09 1.7306662349524751e+09 7.5377494965490144e+16 1.6300943113677256e-03 3.0000000000000000e+00 6.3404370501534451e+01
5.8754319219204867e+06 8.9927910257243490e-05 8.9171191442882786e+09 6.9157781168768136e+05 8.3402303993043766e+09 1.7306662349517038e+09 7.6401609248324048e+16 1.6374435384801274e-03 3.0000000000000000e+00 6.3404370501512453e+01
5.9019211153860372e+06 8.9927910257213932e-05 8.9171191442843819e+09 6.9157781168760639e+05 8.3402303993007326e+09 1.7306662349509532e+09 7.7439637631975088e+16 1.6448258993436041e-03 3.0000000000000000e+00 6.3404370501490945e+01
5.9285297345176125e+06 8.9927910257184062e-05 8.9171191442804222e+09 6.9157781168752909e+05 8.3402303992970285e+09 1.7306662349501796e+09 7.8491769159995088e+16 1.6522415433405926e-03 3.0000000000000000e+00 6.3404370501468890e+01
5.9552583177419370e+06 8.9927910257153867e-05 8.9171191442764626e+09 6.9157781168745388e+05 8.3402303992933235e+09 1.7306662349494267e+09 7.9558195444371104e+16 1.6596906205270173e-03 3.0000000000000000e+00 6.3404370501447218e+01
5.9821074059132170e+06 8.9927910257123523e-05 8.9171191442724400e+09 6.9157781168737542e+05 8.3402303992895613e+09 1.7306662349486413e+09 8.0639110700421040e+16 1.6671732816353232e-03 3.0000000000000000e+00 6.3404370501424793e+01
6.0090775423240811e+06 8.9927910257092840e-05 8.9171191442683849e+09 6.9157781168729672e+05 8.3402303992857685e+09 1.7306662349478536e+09 8.1734711782164048e+16 1.6746896780775286e-03 3.0000000000000000e+00 6.3404370501402340e+01
6.0361692727165734e+06 8.9927910257062022e-05 8.9171191442642975e+09 6.9157781168721686e+05 8.3402303992819462e+09 1.7306662349470541e+09 8.2845198218170928e+16 1.6822399619482870e-03 3.0000000000000000e+00 6.3404370501379390e+01
6.0633831452932023e+06 8.9927910257030702e-05 8.9171191442601795e+09 6.9157781168713816e+05 8.3402303992780924e+09 1.7306662349462664e+09 8.3970772247902128e+16 1.6898242860279664e-03 3.0000000000000000e+00 6.3404370501356823e+01
6.0907197107280260e+06 8.9927910256999233e-05 8.9171191442559967e+09 6.9157781168705598e+05 8.3402303992741823e+09 1.7306662349454436e+09 8.5111638858538960e+16 1.6974428037857406e-03 3.0000000000000000e+00 6.3404370501333361e+01
6.1181795221777996e+06 8.9927910256967452e-05 8.9171191442518158e+09 6.9157781168697588e+05 8.3402303992702684e+09 1.7306662349446418e+09 8.6268005822315440e+16 1.7050956693826929e-03 3.0000000000000000e+00 6.3404370501310360e+01
6.1457631352931671e+06 8.9927910256935495e-05 8.9171191442475700e+09 6.9157781168689276e+05 8.3402303992663031e+09 1.7306662349438100e+09 8.7440083734357408e+16 1.7127830376749372e-03 3.0000000000000000e+00 6.3404370501286436e+01
6.1734711082299072e+06 8.9927910256903064e-05 8.9171191442432938e+09 6.9157781168681034e+05 8.3402303992623014e+09 1.7306662349429851e+09 8.8628086051035760e+16 1.7205050642167528e-03 3.0000000000000000e+00 6.3404370501262939e+01
6.2013040016602231e+06 8.9927910256870484e-05 8.9171191442389851e+09 6.9157781168672675e+05 8.3402303992582712e+09 1.7306662349421482e+09 8.9832229128840304e+16 1.7282619052637271e-03 3.0000000000000000e+00 6.3404370501238908e+01
6.2292623787840921e+06 8.9927910256837416e-05 8.9171191442346134e+09 6.9157781168664200e+05 8.3402303992541828e+09 1.7306662349412999e+09 9.1052732263782672e+16 1.7360537177759240e-03 3.0000000000000000e+00 6.3404370501214729e+01
6.2573468053406589e+06 8.9927910256804185e-05 8.9171191442302418e+09 6.9157781168655818e+05 8.3402303992500896e+09 1.7306662349404609e+09 9.2289817731333616e+16 1.7438806594210546e-03 3.0000000000000000e+00 6.3404370501190662e+01
6.2855578496196875e+06 8.9927910256770642e-05 8.9171191442258053e+09 6.9157781168647204e+05 8.3402303992459393e+09 1.7306662349395983e+09 9.3543710826903728e+16 1.7517428885776712e-03 3.0000000000000000e+00 6.3404370501166056e+01
6.3138960824730536e+06 8.9927910256736937e-05 8.9171191442213078e+09 6.9157781168638309e+05 8.3402303992417402e+09 1.7306662349387081e+09 9.4814639906873200e+16 1.7596405643383695e-03 3.0000000000000000e+00 6.3404370501140455e+01
6.3423620773263043e+06 8.9927910256702744e-05 8.9171191442168083e+09 6.9157781168629671e+05 8.3402303992375298e+09 1.7306662349378436e+09 9.6102836430180336e+16 1.7675738465130091e-03 3.0000000000000000e+00 6.3404370501115721e+01
6.3709564101902535e+06 8.9927910256668240e-05 8.9171191442122478e+09 6.9157781168620847e+05 8.3402303992332649e+09 1.7306662349369602e+09 9.7408535000473776e+16 1.7755428956319486e-03 3.0000000000000000e+00 6.3404370501090462e+01
6.3996796596726431e+06 8.9927910256633423e-05 8.9171191442076530e+09 6.9157781168611976e+05 8.3402303992289658e+09 1.7306662349360723e+09 9.8731973408838400e+16 1.7835478729492905e-03 3.0000000000000000e+00 6.3404370501065110e+01
6.4285324069898492e+06 8.9927910256598444e-05 8.9171191442030277e+09 6.9157781168602989e+05 8.3402303992246370e+09 1.7306662349351726e+09 1.0007339267710096e+17 1.7915889404461469e-03 3.0000000000000000e+00 6.3404370501039303e+01
6.4575152359786415e+06 8.9927910256562977e-05 8.9171191441983395e+09 6.9157781168593909e+05 8.3402303992202539e+09 1.7306662349342637e+09 1.0143303710172488e+17 1.7996662608339166e-03 3.0000000000000000e+00 6.3404370501013332e+01
6.4866287331080008e+06 8.9927910256527347e-05 8.9171191441936188e+09 6.9157781168584712e+05 8.3402303992158384e+09 1.7306662349333432e+09 1.0281115429830088e+17 1.8077799975575785e-03 3.0000000000000000e+00 6.3404370500986936e+01
6.5158734874909837e+06 8.9927910256491244e-05 8.9171191441888351e+09 6.9157781168575399e+05 8.3402303992113667e+09 1.7306662349324107e+09 1.0420799524664206e+17 1.8159303147989958e-03 3.0000000000000000e+00 6.3404370500960269e+01
6.5452500908966409e+06 8.9927910256454828e-05 8.9171191441840515e+09 6.9157781168566248e+05 8.3402303992068882e+09 1.7306662349314950e+09 1.0562381433649179e+17 1.8241173774802412e-03 3.0000000000000000e+00 6.3404370500934085e+01
6.5747591377619989e+06 8.9927910256418250e-05 8.9171191441791725e+09 6.9157781168556586e+05 8.3402303992023287e+09 1.7306662349305277e+09 1.0705886941385301e+17 1.8323413512669339e-03 3.0000000000000000e+00 6.3404370500906445e+01
6.6044012252040822e+06 8.9927910256381183e-05 8.9171191441742954e+09 6.9157781168547249e+05 8.3402303991977654e+09 1.7306662349295931e+09 1.0851342182794621e+17 1.8406024025715902e-03 3.0000000000000000e+00 6.3404370500879658e+01
6.6341769530319981e+06 8.9927910256343806e-05 8.9171191441693516e+09 6.9157781168537657e+05 8.3402303991931419e+09 1.7306662349286327e+09 1.0998773647880595e+17 1.8489006985569921e-03 3.0000000000000000e+00 6.3404370500852139e+01
6.6640869237590721e+06 8.9927910256306102e-05 8.9171191441643791e+09 6.9157781168528064e+05 8.3402303991884890e+09 1.7306662349276726e+09 1.1148208186552398e+17 1.8572364071395698e-03 3.0000000000000000e+00 6.3404370500824697e+01
6.6941317426150450e+06 8.9927910256268088e-05 8.9171191441593418e+09 6.9157781168518262e+05 8.3402303991837816e+09 1.7306662349266915e+09 1.1299673013514758e+17 1.8656096969927988e-03 3.0000000000000000e+00 6.3404370500796560e+01
6.7243120175583130e+06 8.9927910256229747e-05 8.9171191441542721e+09 6.9157781168508413e+05 8.3402303991790371e+09 1.7306662349257059e+09 1.1453195713224248e+17 1.8740207375506140e-03 3.0000000000000000e+00 6.3404370500768358e+01
6.7546283592882343e+06 8.9927910256190933e-05 8.9171191441491413e+09 6.9157781168498471e+05 8.3402303991742382e+09 1.7306662349247105e+09 1.1608804244912917e+17 1.8824696990108372e-03 3.0000000000000000e+00 6.3404370500739930e+01
6.7850813812574847e+06 8.9927910256151793e-05 8.9171191441439762e+09 6.9157781168488506e+05 8.3402303991694069e+09 1.7306662349237130e+09 1.1766526947680141e+17 1.8909567523386216e-03 3.0000000000000000e+00 6.3404370500711451e+01
6.8156716996844718e+06 8.9927910256112491e-05 8.9171191441387501e+09 6.9157781168478238e+05 8.3402303991645241e+09 1.7306662349226851e+09 1.1926392545653710e+17 1.8994820692699115e-03 3.0000000000000000e+00 6.3404370500681921e+01
6.8463999335658047e+06 8.9927910256072565e-05 8.9171191441334915e+09 6.9157781168468134e+05 8.3402303991596022e+09 1.7306662349216738e+09 1.2088430153221006e+17 1.9080458223149173e-03 3.0000000000000000e+00 6.3404370500653101e+01
6.8772667046888163e+06 8.9927910256032463e-05 8.9171191441282005e+09 6.9157781168457912e+05 8.3402303991546507e+09 1.7306662349206507e+09 1.2252669280331214e+17 1.9166481847616046e-03 3.0000000000000000e+00 6.3404370500623799e+01
6.9082726376441494e+06 8.9927910255992050e-05 8.9171191441228466e+09 6.9157781168447505e+05 8.3402303991496468e+09 1.7306662349196088e+09 1.2419139837869662e+17 1.9252893306792040e-03 3.0000000000000000e+00 6.3404370500593849e+01
6.9394183598383935e+06 8.9927910255951148e-05 8.9171191441174297e+09 6.9157781168436958e+05 8.3402303991445827e+09 1.7306662349185529e+09 1.2587872143105110e+17 1.9339694349217319e-03 3.0000000000000000e+00 6.3404370500563658e+01
6.9707045015067775e+06 8.9927910255909786e-05 8.9171191441119804e+09 6.9157781168426457e+05 8.3402303991394796e+09 1.7306662349175019e+09 1.2758896925211037e+17 1.9426886731315251e-03 3.0000000000000000e+00 6.3404370500533631e+01
7.0021316957259290e+06 8.9927910255868247e-05 8.9171191441064682e+09 6.9157781168415677e+05 8.3402303991343269e+09 1.7306662349164228e+09 1.2932245330862032e+17 1.9514472217428021e-03 3.0000000000000000e+00 6.3404370500502807e+01
7.0337005784266787e+06 8.9927910255826235e-05 8.9171191441009235e+09 6.9157781168404967e+05 8.3402303991291380e+09 1.7306662349153507e+09 1.3107948929906109e+17 1.9602452579852267e-03 3.0000000000000000e+00 6.3404370500472155e+01
7.0654117884069309e+06 8.9927910255783896e-05 8.9171191440953159e+09 6.9157781168394070e+05 8.3402303991238985e+09 1.7306662349142599e+09 1.3286039721114184e+17 1.9690829598874976e-03 3.0000000000000000e+00 6.3404370500440841e+01
7.0972659673445905e+06 8.9927910255741098e-05 8.9171191440896778e+09 6.9157781168383220e+05 8.3402303991186209e+09 1.7306662349131739e+09 1.3466550138007570e+17 1.9779605062809503e-03 3.0000000000000000e+00 6.3404370500409719e+01
7.1292637598105455e+06 8.9927910255697960e-05 8.9171191440839748e+09 6.9157781168372161e+05 8.3402303991132870e+09 1.7306662349120667e+09 1.3649513054764765e+17 1.9868780768031759e-03 3.0000000000000000e+00 6.3404370500378079e+01
7.1614058132817112e+06 8.9927910255654348e-05 8.9171191440782089e+09 6.9157781168360985e+05 8.3402303991078939e+09 1.7306662349109483e+09 1.3834961792208384e+17 1.9958358519016547e-03 3.0000000000000000e+00 6.3404370500346076e+01
7.1936927781541301e+06 8.9927910255610424e-05 8.9171191440724125e+09 6.9157781168349809e+05 8.3402303991024723e+09 1.7306662349098294e+09 1.4022930123873498e+17 2.0048340128374100e-03 3.0000000000000000e+00 6.3404370500314066e+01
7.2261253077561371e+06 8.9927910255566175e-05 8.9171191440665512e+09 6.9157781168338377e+05 8.3402303990969906e+09 1.7306662349086850e+09 1.4213452282158382e+17 2.0138727416886726e-03 3.0000000000000000e+00 6.3404370500281338e+01
7.2587040583615722e+06 8.9927910255521438e-05 8.9171191440606270e+09 6.9157781168326852e+05 8.3402303990914507e+09 1.7306662349075315e+09 1.4406562964558853e+17 2.0229522213545681e-03 3.0000000000000000e+00 6.3404370500248312e+01
7.2914296892030695e+06 8.9927910255476241e-05 8.9171191440546703e+09 6.9157781168315397e+05 8.3402303990858784e+09 1.7306662349063847e+09 1.4602297339987334e+17 2.0320726355588180e-03 3.0000000000000000e+00 6.3404370500215457e+01
7.3243028624853883e+06 8.9927910255430704e-05 8.9171191440486526e+09 6.9157781168303732e+05 8.3402303990802469e+09 1.7306662349052169e+09 1.4800691055177706e+17 2.0412341688534541e-03 3.0000000000000000e+00 6.3404370500182068e+01
7.3573242433988182e+06 8.9927910255384856e-05 8.9171191440425701e+09 6.9157781168291857e+05 8.3402303990745630e+09 1.7306662349040284e+09 1.5001780241177229e+17 2.0504370066225567e-03 3.0000000000000000e+00 6.3404370500147976e+01
7.3904945001326362e+06 8.9927910255338371e-05 8.9171191440364227e+09 6.9157781168279937e+05 8.3402303990688143e+09 1.7306662349028354e+09 1.5205601519926643e+17 2.0596813350860031e-03 3.0000000000000000e+00 6.3404370500113892e+01
7.4238143038886320e+06 8.9927910255291736e-05 8.9171191440302448e+09 6.9157781168267899e+05 8.3402303990630388e+09 1.7306662349016302e+09 1.5412192010929706e+17 2.0689673413032371e-03 3.0000000000000000e+00 6.3404370500079345e+01
7.4572843288946822e+06 8.9927910255244452e-05 8.9171191440240040e+09 6.9157781168255839e+05 8.3402303990571985e+09 1.7306662349004230e+09 1.5621589338013299e+17 2.0782952131770541e-03 3.0000000000000000e+00 6.3404370500044841e+01
7.4909052524184026e+06 8.9927910255196842e-05 8.9171191440177002e+09 6.9157781168243568e+05 8.3402303990513029e+09 1.7306662348991950e+09 1.5833831636179398e+17 2.0876651394574047e-03 3.0000000000000000e+00 6.3404370500009755e+01
7.5246777547808429e+06 8.9927910255148757e-05 8.9171191440113640e+09 6.9157781168231391e+05 8.3402303990453758e+09 1.7306662348979759e+09 1.6048957558550128e+17 2.0970773097452079e-03 3.0000000000000000e+00 6.3404370499974753e+01
7.5586025193702625e+06 8.9927910255100199e-05 8.9171191440049343e+09 6.9157781168218865e+05 8.3402303990393610e+09 1.7306662348967221e+09 1.6267006283407245e+17 2.1065319144961971e-03 3.0000000000000000e+00 6.3404370499939006e+01
7.5926802326559527e+06 8.9927910255051315e-05 8.9171191439984703e+09 6.9157781168206339e+05 8.3402303990333166e+09 1.7306662348954682e+09 1.6488017521327126e+17 2.1160291450247675e-03 3.0000000000000000e+00 6.3404370499903045e+01
7.6269115842021285e+06 8.9927910255001956e-05 8.9171191439919453e+09 6.9157781168193696e+05 8.3402303990272141e+09 1.7306662348942027e+09 1.6712031522412835e+17 2.1255691935078481e-03 3.0000000000000000e+00 6.3404370499866786e+01
7.6612972666818844e+06 8.9927910254952110e-05 8.9171191439853554e+09 6.9157781168180914e+05 8.3402303990210505e+09 1.7306662348929231e+09 1.6939089083624362e+17 2.1351522529887935e-03 3.0000000000000000e+00 6.3404370499830250e+01
7.6958379758912073e+06 8.9927910254901790e-05 8.9171191439787025e+09 6.9157781168168015e+05 8.3402303990148277e+09 1.7306662348916318e+09 1.7169231556208464e+17 2.1447785173812840e-03 3.0000000000000000e+00 6.3404370499793330e+01
7.7305344107630597e+06 8.9927910254851157e-05 8.9171191439720173e+09 6.9157781168155093e+05 8.3402303990085735e+09 1.7306662348903384e+09 1.7402500853229514e+17 2.1544481814732585e-03 3.0000000000000000e+00 6.3404370499756247e+01
7.7653872733815182e+06 8.9927910254799875e-05 8.9171191439652386e+09 6.9157781168141961e+05 8.3402303990022335e+09 1.7306662348890238e+09 1.7638939457202573e+17 2.1641614409308469e-03 3.0000000000000000e+00 6.3404370499718681e+01
7.8003972689959835e+06 8.9927910254748280e-05 8.9171191439583950e+09 6.9157781168128573e+05 8.3402303989958344e+09 1.7306662348876839e+09 1.7878590427830243e+17 2.1739184923023356e-03 3.0000000000000000e+00 6.3404370499680368e+01
7.8355651060354672e+06 8.9927910254696211e-05 8.9171191439515209e+09 6.9157781168115302e+05 8.3402303989894037e+09 1.7306662348863554e+09 1.8121497409844714e+17 2.1837195330221462e-03 3.0000000000000000e+00 6.3404370499642297e+01
7.8708914961228613e+06 8.9927910254643492e-05 8.9171191439445515e+09 6.9157781168101775e+05 8.3402303989828835e+09 1.7306662348850012e+09 1.8367704640955811e+17 2.1935647614148130e-03 3.0000000000000000e+00 6.3404370499603658e+01
7.9063771540894341e+06 8.9927910254590461e-05 8.9171191439375496e+09 6.9157781168088247e+05 8.3402303989763336e+09 1.7306662348836474e+09 1.8617256959908122e+17 2.2034543766990254e-03 3.0000000000000000e+00 6.3404370499564862e+01
7.9420227979892325e+06 8.9927910254536942e-05 8.9171191439304543e+09 6.9157781168074417e+05 8.3402303989697027e+09 1.7306662348822627e+09 1.8870199814646515e+17 2.2133885789916382e-03 3.0000000000000000e+00 6.3404370499525236e+01
7.9778291491136253e+06 8.9927910254482949e-05 8.9171191439233265e+09 6.9157781168060633e+05 8.3402303989630318e+09 1.7306662348808830e+09 1.9126579270593133e+17 2.2233675693117249e-03 3.0000000000000000e+00 6.3404370499485708e+01
8.0137969320059000e+06 8.9927910254428318e-05 8.9171191439161034e+09 6.9157781168046640e+05 8.3402303989562778e+09 1.7306662348794825e+09 1.9386442019036682e+17 2.2333915495846494e-03 3.0000000000000000e+00 6.3404370499445669e+01
8.0499268744759262e+06 8.9927910254373363e-05 8.9171191439088478e+09 6.9157781168032624e+05 8.3402303989494905e+09 1.7306662348780794e+09 1.9649835385635853e+17 2.2434607226461487e-03 3.0000000000000000e+00 6.3404370499405445e+01
8.0862197076148773e+06 8.9927910254317933e-05 8.9171191439014988e+09 6.9157781168018258e+05 8.3402303989426174e+09 1.7306662348766413e+09 1.9916807339038054e+17 2.2535752922464383e-03 3.0000000000000000e+00 6.3404370499364354e+01
8.1226761658100300e+06 8.9927910254261866e-05 8.9171191438941174e+09 6.9157781168004102e+05 8.3402303989357109e+09 1.7306662348752244e+09 2.0187406499615446e+17 2.2637354630543338e-03 3.0000000000000000e+00 6.3404370499323726e+01
8.1592969867596198e+06 8.9927910254205312e-05 8.9171191438866405e+09 6.9157781167989597e+05 8.3402303989287167e+09 1.7306662348737724e+09 2.0461682148319533e+17 2.2739414406613943e-03 3.0000000000000000e+00 6.3404370499282265e+01
8.1960829114877740e+06 8.9927910254148283e-05 8.9171191438791008e+09 6.9157781167974998e+05 8.3402303989216671e+09 1.7306662348723111e+09 2.0739684235656157e+17 2.2841934315860819e-03 3.0000000000000000e+00 6.3404370499240336e+01
8.2330346843594993e+06 8.9927910254090779e-05 8.9171191438714981e+09 6.9157781167960237e+05 8.3402303989145536e+09 1.7306662348708334e+09 2.1021463390782301e+17 2.2944916432779397e-03 3.0000000000000000e+00 6.3404370499198109e+01
8.2701530530957505e+06 8.9927910254032788e-05 8.9171191438638000e+09 6.9157781167945173e+05 8.3402303989073591e+09 1.7306662348693254e+09 2.1307070930726646e+17 2.3048362841217923e-03 3.0000000000000000e+00 6.3404370499154943e+01
8.3074387687885575e+06 8.9927910253974160e-05 8.9171191438560696e+09 6.9157781167930295e+05 8.3402303989001274e+09 1.7306662348678362e+09 2.1596558869735286e+17 2.3152275634419580e-03 3.0000000000000000e+00 6.3404370499112311e+01
8.3448925859162221e+06 8.9927910253915057e-05 8.9171191438482437e+09 6.9157781167915044e+05 8.3402303988928070e+09 1.7306662348663099e+09 2.1889979928744422e+17 2.3256656915064877e-03 3.0000000000000000e+00 6.3404370499068662e+01
8.3825152623585900e+06 8.9927910253855318e-05 8.9171191438403568e+09 6.9157781167899817e+05 8.3402303988854294e+09 1.7306662348647857e+09 2.2187387544981850e+17 2.3361508795314203e-03 3.0000000000000000e+00 6.3404370499025035e+01
8.4203075594123807e+06 8.9927910253795253e-05 8.9171191438324051e+09 6.9157781167884357e+05 8.3402303988779955e+09 1.7306662348632381e+09 2.2488835881698784e+17 2.3466833396850531e-03 3.0000000000000000e+00 6.3404370498980704e+01
8.4582702418065984e+06 8.9927910253734388e-05 8.9171191438243580e+09 6.9157781167868758e+05 8.3402303988704691e+09 1.7306662348616765e+09 2.2794379838034013e+17 2.3572632850922398e-03 3.0000000000000000e+00 6.3404370498936082e+01
8.4964040777179990e+06 8.9927910253673199e-05 8.9171191438162785e+09 6.9157781167853135e+05 8.3402303988629103e+09 1.7306662348601124e+09 2.3104075059011933e+17 2.3678909298386988e-03 3.0000000000000000e+00 6.3404370498891261e+01
8.5347098387866430e+06 8.9927910253611386e-05 8.9171191438081055e+09 6.9157781167837279e+05 8.3402303988552647e+09 1.7306662348585253e+09 2.3417977945676573e+17 2.3785664889753467e-03 3.0000000000000000e+00 6.3404370498845843e+01
8.5731883001314998e+06 8.9927910253548922e-05 8.9171191437998371e+09 6.9157781167821214e+05 8.3402303988475342e+09 1.7306662348569174e+09 2.3736145665363210e+17 2.3892901785226516e-03 3.0000000000000000e+00 6.3404370498799850e+01
8.6118402403661422e+06 8.9927910253485984e-05 8.9171191437915363e+09 6.9157781167805195e+05 8.3402303988397655e+09 1.7306662348553138e+09 2.4058636162109562e+17 2.4000622154750017e-03 3.0000000000000000e+00 6.3404370498753941e+01
8.6506664416144937e+06 8.9927910253422409e-05 8.9171191437831097e+09 6.9157781167788757e+05 8.3402303988318863e+09 1.7306662348536685e+09 2.4385508167208435e+17 2.4108828178050976e-03 3.0000000000000000e+00 6.3404370498706946e+01
8.6896676895266585e+06 8.9927910253358346e-05 8.9171191437746525e+09 6.9157781167772412e+05 8.3402303988239746e+09 1.7306662348520322e+09 2.4716821209903744e+17 2.4217522044683634e-03 3.0000000000000000e+00 6.3404370498660150e+01
8.7288447732948214e+06 8.9927910253293647e-05 8.9171191437660980e+09 6.9157781167755835e+05 8.3402303988159733e+09 1.7306662348503728e+09 2.5052635628231882e+17 2.4326705954073754e-03 3.0000000000000000e+00 6.3404370498612593e+01
8.7681984856692106e+06 8.9927910253228473e-05 8.9171191437574806e+09 6.9157781167739118e+05 8.3402303988079147e+09 1.7306662348486996e+09 2.5393012580010285e+17 2.4436382115563143e-03 3.0000000000000000e+00 6.3404370498564646e+01
8.8077296229741462e+06 8.9927910253162499e-05 8.9171191437487698e+09 6.9157781167722284e+05 8.3402303987997646e+09 1.7306662348470144e+09 2.5738014053975446e+17 2.4546552748454372e-03 3.0000000000000000e+00 6.3404370498516485e+01
8.8474389851241484e+06 8.9927910253096051e-05 8.9171191437399940e+09 6.9157781167705311e+05 8.3402303987915554e+09 1.7306662348453152e+09 2.6087702881072115e+17 2.4657220082055626e-03 3.0000000000000000e+00 6.3404370498467856e+01
8.8873273756401259e+06 8.9927910253029115e-05 8.9171191437311230e+09 6.9157781167688011e+05 8.3402303987832613e+09 1.7306662348435838e+09 2.6442142745895984e+17 2.4768386355725892e-03 3.0000000000000000e+00 6.3404370498418253e+01
8.9273956016656384e+06 8.9927910252961379e-05 8.9171191437221584e+09 6.9157781167670595e+05 8.3402303987748795e+09 1.7306662348418405e+09 2.6801398198291760e+17 2.4880053818920212e-03 3.0000000000000000e+00 6.3404370498368401e+01
8.9676444739832208e+06 8.9927910252893170e-05 8.9171191437131290e+09 6.9157781167653040e+05 8.3402303987664366e+09 1.7306662348400831e+09 2.7165534665108845e+17 2.4992224731235232e-03 3.0000000000000000e+00 6.3404370498318116e+01
9.0080748070307989e+06 8.9927910252824323e-05 8.9171191437040367e+09 6.9157781167635461e+05 8.3402303987579317e+09 1.7306662348383234e+09 2.7534618462116762e+17 2.5104901362454904e-03 3.0000000000000000e+00 6.3404370498267681e+01
9.0486874189181626e+06 8.9927910252754839e-05 8.9171191436948490e+09 6.9157781167617650e+05 8.3402303987493391e+09 1.7306662348365405e+09 2.7908716806082419e+17 2.5218085992596436e-03 3.0000000000000000e+00 6.3404370498216615e+01
9.0894831314435285e+06 8.9927910252684542e-05 8.9171191436855679e+09 6.9157781167599699e+05 8.3402303987406549e+09 1.7306662348347437e+09 2.8287897827011555e+17 2.5331780911956431e-03 3.0000000000000000e+00 6.3404370498165292e+01
9.1304627701101545e+06 8.9927910252613784e-05 8.9171191436762218e+09 6.9157781167581608e+05 8.3402303987319107e+09 1.7306662348329329e+09 2.8672230580556262e+17 2.5445988421157200e-03 3.0000000000000000e+00 6.3404370498113515e+01
9.1716271641430613e+06 8.9927910252542376e-05 8.9171191436667805e+09 6.9157781167563307e+05 8.3402303987230806e+09 1.7306662348311009e+09 2.9061785060591469e+17 2.5560710831193339e-03 3.0000000000000000e+00 6.3404370498061056e+01
9.2129771465058010e+06 8.9927910252470331e-05 8.9171191436572456e+09 6.9157781167544774e+05 8.3402303987141647e+09 1.7306662348292458e+09 2.9456632211961958e+17 2.5675950463478498e-03 3.0000000000000000e+00 6.3404370498007985e+01
9.2545135539173111e+06 8.9927910252397648e-05 8.9171191436476460e+09 6.9157781167526217e+05 8.3402303987051859e+09 1.7306662348273883e+09 2.9856843943402669e+17 2.5791709649892330e-03 3.0000000000000000e+00 6.3404370497954751e+01
9.2962372268688567e+06 8.9927910252324329e-05 8.9171191436379528e+09 6.9157781167507428e+05 8.3402303986961193e+09 1.7306662348255074e+09 3.0262493140634662e+17 2.5907990732827704e-03 3.0000000000000000e+00 6.3404370497900864e+01
9.3381490096410215e+06 8.9927910252250360e-05 8.9171191436281643e+09 6.9157781167488405e+05 8.3402303986869650e+09 1.7306662348236032e+09 3.0673653679638842e+17 2.6024796065238077e-03 3.0000000000000000e+00 6.3404370497846394e+01
9.3802497503208090e+06 8.9927910252175604e-05 8.9171191436182785e+09 6.9157781167469220e+05 8.3402303986777182e+09 1.7306662348216829e+09 3.1090400440110118e+17 2.6142128010685143e-03 3.0000000000000000e+00 6.3404370497791525e+01
9.4225403008187916e+06 8.9927910252100211e-05 8.9171191436082993e+09 6.9157781167449825e+05 8.3402303986683865e+09 1.7306662348197415e+09 3.1512809319094336e+17 2.6259988943386622e-03 3.0000000000000000e+00 6.3404370497735940e+01
9.4650215168863498e+06 8.9927910252024168e-05 8.9171191435982571e+09 6.9157781167430407e+05 8.3402303986589928e+09 1.7306662348177977e+09 3.1940957244810477e+17 2.6378381248264300e-03 3.0000000000000000e+00 6.3404370497680340e+01
9.5076942581329960e+06 8.9927910251947488e-05 8.9171191435881195e+09 6.9157781167410756e+05 8.3402303986495113e+09 1.7306662348158307e+09 3.2374922190660691e+17 2.6497307320992340e-03 3.0000000000000000e+00 6.3404370497624029e+01
9.5505593880437631e+06 8.9927910251870008e-05 8.9171191435778866e+09 6.9157781167390943e+05 8.3402303986399364e+09 1.7306662348138473e+09 3.2814783189430630e+17 2.6616769568045704e-03 3.0000000000000000e+00 6.3404370497567307e+01
9.5936177739966772e+06 8.9927910251791905e-05 8.9171191435675602e+09 6.9157781167370942e+05 8.3402303986302805e+09 1.7306662348118453e+09 3.3260620347682726e+17 2.6736770406748868e-03 3.0000000000000000e+00 6.3404370497509944e+01
9.6368702872803099e+06 8.9927910251712988e-05 8.9171191435571365e+09 6.9157781167350779e+05 8.3402303986205292e+09 1.7306662348098271e+09 3.3712514860345062e+17 2.6857312265324740e-03 3.0000000000000000e+00 6.3404370497452227e+01
9.6803178031114079e+06 8.9927910251633435e-05 8.9171191435466194e+09 6.9157781167330383e+05 8.3402303986106930e+09 1.7306662348077853e+09 3.4170549025498342e+17 2.6978397582943787e-03 3.0000000000000000e+00 6.3404370497393842e+01
9.7239612006526086e+06 8.9927910251553245e-05 8.9171191435360069e+09 6.9157781167309755e+05 8.3402303986007671e+09 1.7306662348057203e+09 3.4634806259363994e+17 2.7100028809773414e-03 3.0000000000000000e+00 6.3404370497334696e+01
9.7678013630302195e+06 8.9927910251472255e-05 8.9171191435252991e+09 6.9157781167288986e+05 8.3402303985907526e+09 1.7306662348036416e+09 3.5105371111495584e+17 2.7222208407027505e-03 3.0000000000000000e+00 6.3404370497275288e+01
9.8118391773520987e+06 8.9927910251390465e-05 8.9171191435144958e+09 6.9157781167268101e+05 8.3402303985806475e+09 1.7306662348015509e+09 3.5582329280176934e+17 2.7344938847016242e-03 3.0000000000000000e+00 6.3404370497215389e+01
9.8560755347255990e+06 8.9927910251308039e-05 8.9171191435035667e+09 6.9157781167246751e+05 8.3402303985704288e+09 1.7306662347994139e+09 3.6065767628029229e+17 2.7468222613196169e-03 3.0000000000000000e+00 6.3404370497154318e+01
9.9005113302756026e+06 8.9927910251224813e-05 8.9171191434925728e+09 6.9157781167225493e+05 8.3402303985601463e+09 1.7306662347972860e+09 3.6555774197830342e+17 2.7592062200220389e-03 3.0000000000000000e+00 6.3404370497093360e+01
9.9451474631626345e+06 8.9927910251140936e-05 8.9171191434814854e+09 6.9157781167204003e+05 8.3402303985497761e+09 1.7306662347951348e+09 3.7052438228548928e+17 2.7716460113989061e-03 3.0000000000000000e+00 6.3404370497031714e+01
9.9899848366010506e+06 8.9927910251056111e-05 8.9171191434702702e+09 6.9157781167182256e+05 8.3402303985392857e+09 1.7306662347929580e+09 3.7555850171596416e+17 2.7841418871700132e-03 3.0000000000000000e+00 6.3404370496969506e+01
1.0035024357877325e+07 8.9927910250970649e-05 8.9171191434589615e+09 6.9157781167160277e+05 8.3402303985287094e+09 1.7306662347907579e+09 3.8066101707299930e+17 2.7966941001900253e-03 3.0000000000000000e+00 6.3404370496906587e+01
1.0080266938368402e+07 8.9927910250884387e-05 8.9171191434475555e+09 6.9157781167138158e+05 8.3402303985180416e+09 1.7306662347885437e+09 3.8583285761598842e+17 2.8093029044535924e-03 3.0000000000000000e+00 6.3404370496843256e+01
1.0125713493560135e+07 8.9927910250797339e-05 8.9171191434360561e+09 6.9157781167115900e+05 8.3402303985072842e+09 1.7306662347863157e+09 3.9107496522968237e+17 2.8219685551004923e-03 3.0000000000000000e+00 6.3404370496779450e+01
1.0171364943065822e+07 8.9927910250709627e-05 8.9171191434244614e+09 6.9157781167093432e+05 8.3402303984964399e+09 1.7306662347840667e+09 3.9638829459572435e+17 2.8346913084207935e-03 3.0000000000000000e+00 6.3404370496715018e+01
1.0217222210644802e+07 8.9927910250620980e-05 8.9171191434127388e+09 6.9157781167070684e+05 8.3402303984854755e+09 1.7306662347817895e+09 4.0177381336651270e+17 2.8474714218600381e-03 3.0000000000000000e+00 6.3404370496649932e+01
1.0263286224221157e+07 8.9927910250531520e-05 8.9171191434009228e+09 6.9157781167047843e+05 8.3402303984744234e+09 1.7306662347795031e+09 4.0723250234142938e+17 2.8603091540244530e-03 3.0000000000000000e+00 6.3404370496584399e+01
1.0309557915902480e+07 8.9927910250441260e-05 8.9171191433889790e+09 6.9157781167024630e+05 8.3402303984632530e+09 1.7306662347771795e+09 4.1276535564546035e+17 2.8732047646861858e-03 3.0000000000000000e+00 6.3404370496518013e+01
1.0356038221998747e+07 8.9927910250350214e-05 8.9171191433769417e+09 6.9157781167001300e+05 8.3402303984519958e+09 1.7306662347748444e+09 4.1837338091024346e+17 2.8861585147885536e-03 3.0000000000000000e+00 6.3404370496451122e+01
1.0402728083041251e+07 8.9927910250258355e-05 8.9171191433648071e+09 6.9157781166977808e+05 8.3402303984406433e+09 1.7306662347724926e+09 4.2405759945757626e+17 2.8991706664513316e-03 3.0000000000000000e+00 6.3404370496383869e+01
1.0449628443801643e+07 8.9927910250165710e-05 8.9171191433525486e+09 6.9157781166954013e+05 8.3402303984291821e+09 1.7306662347701108e+09 4.2981904648541747e+17 2.9122414829760527e-03 3.0000000000000000e+00 6.3404370496315586e+01
1.0496740253311045e+07 8.9927910250072252e-05 8.9171191433401928e+09 6.9157781166930054e+05 8.3402303984176235e+09 1.7306662347677126e+09 4.3565877125641440e+17 2.9253712288513341e-03 3.0000000000000000e+00 6.3404370496246955e+01
1.0544064464879258e+07 8.9927910249977845e-05 8.9171191433277111e+09 6.9157781166905840e+05 8.3402303984059477e+09 1.7306662347652886e+09 4.4157783728899315e+17 2.9385601697582350e-03 3.0000000000000000e+00 6.3404370496177634e+01
1.0591602036114043e+07 8.9927910249882638e-05 8.9171191433151016e+09 6.9157781166881300e+05 8.3402303983941593e+09 1.7306662347628322e+09 4.4757732255104320e+17 2.9518085725756260e-03 3.0000000000000000e+00 6.3404370496107333e+01
1.0639353928940509e+07 8.9927910249786470e-05 8.9171191433023987e+09 6.9157781166856713e+05 8.3402303983822746e+09 1.7306662347603710e+09 4.5365831965623590e+17 2.9651167053855922e-03 3.0000000000000000e+00 6.3404370496036954e+01
1.0687321109620571e+07 8.9927910249689501e-05 8.9171191432896004e+09 6.9157781166832009e+05 8.3402303983703032e+09 1.7306662347578983e+09 4.5982193606300845e+17 2.9784848374788614e-03 3.0000000000000000e+00 6.3404370495966091e+01
1.0735504548772508e+07 8.9927910249591747e-05 8.9171191432766418e+09 6.9157781166806724e+05 8.3402303983581877e+09 1.7306662347553673e+09 4.6606929427625216e+17 2.9919132393602466e-03 3.0000000000000000e+00 6.3404370495893701e+01
1.0783905221390596e+07 8.9927910249493017e-05 8.9171191432635899e+09 6.9157781166781415e+05 8.3402303983459787e+09 1.7306662347528338e+09 4.7240153205173997e+17 3.0054021827541247e-03 3.0000000000000000e+00 6.3404370495821219e+01
1.0832524106864840e+07 8.9927910249393338e-05 8.9171191432504425e+09 6.9157781166756083e+05 8.3402303983336792e+09 1.7306662347502983e+09 4.7881980260333286e+17 3.0189519406099308e-03 3.0000000000000000e+00 6.3404370495748601e+01
1.0881362189000798e+07 8.9927910249292859e-05 8.9171191432371368e+09 6.9157781166730192e+05 8.3402303983212385e+09 1.7306662347477067e+09 4.8532527481300096e+17 3.0325627871076867e-03 3.0000000000000000e+00 6.3404370495674463e+01
1.0930420456039481e+07 8.9927910249191419e-05 8.9171191432237377e+09 6.9157781166704255e+05 8.3402303983087015e+09 1.7306662347451100e+09 4.9191913344369677e+17 3.0462349976635439e-03 3.0000000000000000e+00 6.3404370495600169e+01
1.0979699900677348e+07 8.9927910249089029e-05 8.9171191432102089e+09 6.9157781166678062e+05 8.3402303982960472e+09 1.7306662347424881e+09 4.9860257935512269e+17 3.0599688489353597e-03 3.0000000000000000e+00 6.3404370495525193e+01
1.1029201520086404e+07 8.9927910248985840e-05 8.9171191431965561e+09 6.9157781166651542e+05 8.3402303982832794e+09 1.7306662347398336e+09 5.0537682972242886e+17 3.0737646188282921e-03 3.0000000000000000e+00 6.3404370495449164e+01
1.1078926315934369e+07 8.9927910248881676e-05 8.9171191431827755e+09 6.9157781166624790e+05 8.3402303982703915e+09 1.7306662347371559e+09 5.1224311825788230e+17 3.0876225865004293e-03 3.0000000000000000e+00 6.3404370495372511e+01
1.1128875294404950e+07 8.9927910248776413e-05 8.9171191431688671e+09 6.9157781166597852e+05 8.3402303982573824e+09 1.7306662347344594e+09 5.1920269543554829e+17 3.1015430323684313e-03 3.0000000000000000e+00 6.3404370495295396e+01
1.1179049466218196e+07 8.9927910248670338e-05 8.9171191431548653e+09 6.9157781166570820e+05 8.3402303982442827e+09 1.7306662347317533e+09 5.2625682871902355e+17 3.1155262381132088e-03 3.0000000000000000e+00 6.3404370495217904e+01
1.1229449846650964e+07 8.9927910248563313e-05 8.9171191431407032e+09 6.9157781166543299e+05 8.3402303982310371e+09 1.7306662347289987e+09 5.3340680279226515e+17 3.1295724866856217e-03 3.0000000000000000e+00 6.3404370495139098e+01
1.1280077455557443e+07 8.9927910248455327e-05 8.9171191431264153e+09 6.9157781166515546e+05 8.3402303982176771e+09 1.7306662347262204e+09 5.4065391979355322e+17 3.1436820623122032e-03 3.0000000000000000e+00 6.3404370495059617e+01
1.1330933317389809e+07 8.9927910248346378e-05 8.9171191431120014e+09 6.9157781166487560e+05 8.3402303982041979e+09 1.7306662347234190e+09 5.4799949955263424e+17 3.1578552505009162e-03 3.0000000000000000e+00 6.3404370494979432e+01
1.1382018461218942e+07 8.9927910248236318e-05 8.9171191430974598e+09 6.9157781166459410e+05 8.3402303981905947e+09 1.7306662347206013e+09 5.5544487983108557e+17 3.1720923380469230e-03 3.0000000000000000e+00 6.3404370494898821e+01
1.1433333920755258e+07 8.9927910248125458e-05 8.9171191430827923e+09 6.9157781166430912e+05 8.3402303981768770e+09 1.7306662347177489e+09 5.6299141656594586e+17 3.1863936130383940e-03 3.0000000000000000e+00 6.3404370494817158e+01
1.1484880734369624e+07 8.9927910248013474e-05 8.9171191430679989e+09 6.9157781166402297e+05 8.3402303981630392e+09 1.7306662347148845e+09 5.7064048411665606e+17 3.2007593648623375e-03 3.0000000000000000e+00 6.3404370494735133e+01
1.1536659945114363e+07 8.9927910247900527e-05 8.9171191430530453e+09 6.9157781166373193e+05 8.3402303981490555e+09 1.7306662347119710e+09 5.7839347551535270e+17 3.2151898842104499e-03 3.0000000000000000e+00 6.3404370494651829e+01
1.1588672600744370e+07 8.9927910247786482e-05 8.9171191430379982e+09 6.9157781166344159e+05 8.3402303981349764e+09 1.7306662347090647e+09 5.8625180272056717e+17 3.2296854630850047e-03 3.0000000000000000e+00 6.3404370494568681e+01
1.1640919753738308e+07 8.9927910247671462e-05 8.9171191430227585e+09 6.9157781166314473e+05 8.3402303981207294e+09 1.7306662347060931e+09 5.9421689687436582e+17 3.2442463948047580e-03 3.0000000000000000e+00 6.3404370494483622e+01
1.1693402461319903e+07 8.9927910247555331e-05 8.9171191430074253e+09 6.9157781166284834e+05 8.3402303981063843e+09 1.7306662347031262e+09 6.0229020856298816e+17 3.2588729740108810e-03 3.0000000000000000e+00 6.3404370494398712e+01
1.1746121785479344e+07 8.9927910247438237e-05 8.9171191429919338e+09 6.9157781166254752e+05 8.3402303980918980e+09 1.7306662347001152e+09 6.1047320808102477e+17 3.2735654966729298e-03 3.0000000000000000e+00 6.3404370494312545e+01
1.1799078792994764e+07 8.9927910247320018e-05 8.9171191429763165e+09 6.9157781166224531e+05 8.3402303980772886e+09 1.7306662346970899e+09 6.1876738569918195e+17 3.2883242600948250e-03 3.0000000000000000e+00 6.3404370494225944e+01
1.1852274555453833e+07 8.9927910247200851e-05 8.9171191429605389e+09 6.9157781166193821e+05 8.3402303980625324e+09 1.7306662346940160e+09 6.2717425193569011e+17 3.3031495629208749e-03 3.0000000000000000e+00 6.3404370494138021e+01
1.1905710149275439e+07 8.9927910247080409e-05 8.9171191429446373e+09 6.9157781166163110e+05 8.3402303980476589e+09 1.7306662346909418e+09 6.3569533783139328e+17 3.3180417051418155e-03 3.0000000000000000e+00 6.3404370494050021e+01
1.1959386655731468e+07 8.9927910246959006e-05 8.9171191429286060e+09 6.9157781166132120e+05 8.3402303980326614e+09 1.7306662346878397e+09 6.4433219522858138e+17 3.3330009881008802e-03 3.0000000000000000e+00 6.3404370493961210e+01
1.2013305160968687e+07 8.9927910246836477e-05 8.9171191429123859e+09 6.9157781166100572e+05 8.3402303980174932e+09 1.7306662346846819e+09 6.5308639705360563e+17 3.3480277144998997e-03 3.0000000000000000e+00 6.3404370493870921e+01
1.2067466756030720e+07 8.9927910246713000e-05 8.9171191428960400e+09 6.9157781166068790e+05 8.3402303980022087e+09 1.7306662346815004e+09 6.6195953760334054e+17 3.3631221884054254e-03 3.0000000000000000e+00 6.3404370493779780e+01
1.2121872536880122e+07 8.9927910246588236e-05 8.9171191428795662e+09 6.9157781166036939e+05 8.3402303979867983e+09 1.7306662346783123e+09 6.7095323283552922e+17 3.3782847152548836e-03 3.0000000000000000e+00 6.3404370493688539e+01
1.2176523604420567e+07 8.9927910246462360e-05 8.9171191428629341e+09 6.9157781166004739e+05 8.3402303979712391e+09 1.7306662346750889e+09 6.8006912066308250e+17 3.3935156018627538e-03 3.0000000000000000e+00 6.3404370493596282e+01
1.2231421064519111e+07 8.9927910246335359e-05 8.9171191428461113e+09 6.9157781165971979e+05 8.3402303979555120e+09 1.7306662346718097e+09 6.8930886125237043e+17 3.4088151564267812e-03 3.0000000000000000e+00 6.3404370493502526e+01
1.2286566028028578e+07 8.9927910246207247e-05 8.9171191428291950e+09 6.9157781165939267e+05 8.3402303979396849e+09 1.7306662346685352e+09 6.9867413732556710e+17 3.4241836885342070e-03 3.0000000000000000e+00 6.3404370493408756e+01
1.2341959610810032e+07 8.9927910246077848e-05 8.9171191428120880e+09 6.9157781165906112e+05 8.3402303979236841e+09 1.7306662346652164e+09 7.0816665446710502e+17 3.4396215091680388e-03 3.0000000000000000e+00 6.3404370493313785e+01
1.2397602933755370e+07 8.9927910245947337e-05 8.9171191427948532e+09 6.9157781165872794e+05 8.3402303979075623e+09 1.7306662346618812e+09 7.1778814143429555e+17 3.4551289307133415e-03 3.0000000000000000e+00 6.3404370493218323e+01
1.2453497122809980e+07 8.9927910245815715e-05 8.9171191427774296e+09 6.9157781165838894e+05 8.3402303978912678e+09 1.7306662346584878e+09 7.2754035047216115e+17 3.4707062669635546e-03 3.0000000000000000e+00 6.3404370493121313e+01
1.2509643308995550e+07 8.9927910245682968e-05 8.9171191427598782e+09 6.9157781165804854e+05 8.3402303978748503e+09 1.7306662346550806e+09 7.3742505763255744e+17 3.4863538331268485e-03 3.0000000000000000e+00 6.3404370493023706e+01
1.2566042628432937e+07 8.9927910245548784e-05 8.9171191427421379e+09 6.9157781165770465e+05 8.3402303978582582e+09 1.7306662346516380e+09 7.4744406309761754e+17 3.5020719458324981e-03 3.0000000000000000e+00 6.3404370492925288e+01
1.2622696222365163e+07 8.9927910245413638e-05 8.9171191427242699e+09 6.9157781165735843e+05 8.3402303978415499e+09 1.7306662346481726e+09 7.5759919150759859e+17 3.5178609231372913e-03 3.0000000000000000e+00 6.3404370492825983e+01
1.2679605237180505e+07 8.9927910245277056e-05 8.9171191427062130e+09 6.9157781165700825e+05 8.3402303978246593e+09 1.7306662346446674e+09 7.6789229229318682e+17 3.5337210845319631e-03 3.0000000000000000e+00 6.3404370492725782e+01
1.2736770824435696e+07 8.9927910245139362e-05 8.9171191426880283e+09 6.9157781165665644e+05 8.3402303978076458e+09 1.7306662346411457e+09 7.7832524001230438e+17 3.5496527509476642e-03 3.0000000000000000e+00 6.3404370492625020e+01
1.2794194140879225e+07 8.9927910245000381e-05 8.9171191426696548e+09 6.9157781165630044e+05 8.3402303977904644e+09 1.7306662346375823e+09 7.8889993469150733e+17 3.5656562447624516e-03 3.0000000000000000e+00 6.3404370492522965e+01
1.2851876348474747e+07 8.9927910244860289e-05 8.9171191426510906e+09 6.9157781165593839e+05 8.3402303977731047e+09 1.7306662346339581e+09 7.9961830217200691e+17 3.5817318898078146e-03 3.0000000000000000e+00 6.3404370492419304e+01
1.2909818614424583e+07 8.9927910244718746e-05 8.9171191426323986e+09 6.9157781165557704e+05 8.3402303977556200e+09 1.7306662346303408e+09 8.1048229446040781e+17 3.5978800113752245e-03 3.0000000000000000e+00 6.3404370492315778e+01
1.2968022111193359e+07 8.9927910244575943e-05 8.9171191426135178e+09 6.9157781165521080e+05 8.3402303977379589e+09 1.7306662346266747e+09 8.2149389008419405e+17 3.6141009362227199e-03 3.0000000000000000e+00 6.3404370492210909e+01
1.3026488016531711e+07 8.9927910244432015e-05 8.9171191425944786e+09 6.9157781165484129e+05 8.3402303977201548e+09 1.7306662346229763e+09 8.3265509445206426e+17 3.6303949925815169e-03 3.0000000000000000e+00 6.3404370492104952e+01
1.3085217513500132e+07 8.9927910244286637e-05 8.9171191425752487e+09 6.9157781165446807e+05 8.3402303977021694e+09 1.7306662346192400e+09 8.4396794021914547e+17 3.6467625101626504e-03 3.0000000000000000e+00 6.3404370491998087e+01
1.3144211790492896e+07 8.9927910244139999e-05 8.9171191425558605e+09 6.9157781165409205e+05 8.3402303976840363e+09 1.7306662346154761e+09 8.5543448765717606e+17 3.6632038201636482e-03 3.0000000000000000e+00 6.3404370491890390e+01
1.3203472041262126e+07 8.9927910243991910e-05 8.9171191425363140e+09 6.9157781165371463e+05 8.3402303976657505e+09 1.7306662346116982e+09 8.6705682502972698e+17 3.6797192552752316e-03 3.0000000000000000e+00 6.3404370491782238e+01
1.3262999464941924e+07 8.9927910243842561e-05 8.9171191425165768e+09 6.9157781165333232e+05 8.3402303976472893e+09 1.7306662346078713e+09 8.7883706897249741e+17 3.6963091496880467e-03 3.0000000000000000e+00 6.3404370491672744e+01
1.3322795266072661e+07 8.9927910243691912e-05 8.9171191424966507e+09 6.9157781165294559e+05 8.3402303976286526e+09 1.7306662346040003e+09 8.9077736487880550e+17 3.7129738390994237e-03 3.0000000000000000e+00 6.3404370491561956e+01
1.3382860654625332e+07 8.9927910243539839e-05 8.9171191424765339e+09 6.9157781165255490e+05 8.3402303976098375e+09 1.7306662346000896e+09 9.0287988729029555e+17 3.7297136607201808e-03 3.0000000000000000e+00 6.3404370491450152e+01
1.3443196846026048e+07 8.9927910243386492e-05 8.9171191424562588e+09 6.9157781165216188e+05 8.3402303975908766e+09 1.7306662345961554e+09 9.1514684029296115e+17 3.7465289532814332e-03 3.0000000000000000e+00 6.3404370491337446e+01
1.3503805061180633e+07 8.9927910243231695e-05 8.9171191424357929e+09 6.9157781165176490e+05 8.3402303975717325e+09 1.7306662345921817e+09 9.2758045791855142e+17 3.7634200570414575e-03 3.0000000000000000e+00 6.3404370491223794e+01
1.3564686526499316e+07 8.9927910243075461e-05 8.9171191424151382e+09 6.9157781165136467e+05 8.3402303975524158e+09 1.7306662345881753e+09 9.4018300455142694e+17 3.7803873137925723e-03 3.0000000000000000e+00 6.3404370491109056e+01
1.3625842473921569e+07 8.9927910242917954e-05 8.9171191423942928e+09 6.9157781165095954e+05 8.3402303975329227e+09 1.7306662345841200e+09 9.5295677534094746e+17 3.7974310668680579e-03 3.0000000000000000e+00 6.3404370490992996e+01
1.3687274140941011e+07 8.9927910242758847e-05 8.9171191423732891e+09 6.9157781165055372e+05 8.3402303975132723e+09 1.7306662345800576e+09 9.6590409661944998e+17 3.8145516611490988e-03 3.0000000000000000e+00 6.3404370490876779e+01
1.3748982770630470e+07 8.9927910242598467e-05 8.9171191423520622e+09 6.9157781165014114e+05 8.3402303974934225e+09 1.7306662345759277e+09 9.7902732632592870e+17 3.8317494430717674e-03 3.0000000000000000e+00 6.3404370490758531e+01
1.3810969611667121e+07 8.9927910242436487e-05 8.9171191423306465e+09 6.9157781164972577e+05 8.3402303974733915e+09 1.7306662345717702e+09 9.9232885443545190e+17 3.8490247606340310e-03 3.0000000000000000e+00 6.3404370490639607e+01
1.3873235918357763e+07 8.9927910242273070e-05 8.9171191423090420e+09 6.9157781164930691e+05 8.3402303974531832e+09 1.7306662345675774e+09 1.0058111033944150e+18 3.8663779634027940e-03 3.0000000000000000e+00 6.3404370490519696e+01
1.3935782950664194e+07 8.9927910242108217e-05 8.9171191422872448e+09 6.9157781164888432e+05 8.3402303974327984e+09 1.7306662345633471e+09 1.0194765285617169e+18 3.8838094025209695e-03 3.0000000000000000e+00 6.3404370490398570e+01
1.3998611974228714e+07 8.9927910241941914e-05 8.9171191422652588e+09 6.9157781164845801e+05 8.3402303974122343e+09 1.7306662345590796e+09 1.0333276186559240e+18 3.9013194307145932e-03 3.0000000000000000e+00 6.3404370490276449e+01
1.4061724260399722e+07 8.9927910241774026e-05 8.9171191422430840e+09 6.9157781164802914e+05 8.3402303973914909e+09 1.7306662345547867e+09 1.0473668962085117e+18 3.9189084022999482e-03 3.0000000000000000e+00 6.3404370490153546e+01
1.4125121086257452e+07 8.9927910241604700e-05 8.9171191422206860e+09 6.9157781164759421e+05 8.3402303973705416e+09 1.7306662345504332e+09 1.0615969180232563e+18 3.9365766731907451e-03 3.0000000000000000e+00 6.3404370490029038e+01
1.4188803734639822e+07 8.9927910241433776e-05 8.9171191421980972e+09 6.9157781164715672e+05 8.3402303973494139e+09 1.7306662345460539e+09 1.0760202756418826e+18 3.9543246009053181e-03 3.0000000000000000e+00 6.3404370489903684e+01
1.4252773494168367e+07 8.9927910241261252e-05 8.9171191421752892e+09 6.9157781164671457e+05 8.3402303973280802e+09 1.7306662345416279e+09 1.0906395958160225e+18 3.9721525445738605e-03 3.0000000000000000e+00 6.3404370489777058e+01
1.4317031659274345e+07 8.9927910241087292e-05 8.9171191421522884e+09 6.9157781164626847e+05 8.3402303973065681e+09 1.7306662345371625e+09 1.1054575409856013e+18 3.9900608649456933e-03 3.0000000000000000e+00 6.3404370489649232e+01
1.4381579530224906e+07 8.9927910240911733e-05 8.9171191421290665e+09 6.9157781164581794e+05 8.3402303972848511e+09 1.7306662345326529e+09 1.1204768097637133e+18 4.0080499243965676e-03 3.0000000000000000e+00 6.3404370489520147e+01
1.4446418413149416e+07 8.9927910240734574e-05 8.9171191421056557e+09 6.9157781164536439e+05 8.3402303972629528e+09 1.7306662345281129e+09 1.1357001374280782e+18 4.0261200869359855e-03 3.0000000000000000e+00 6.3404370489390253e+01
1.4511549620065881e+07 8.9927910240555816e-05 8.9171191420820217e+09 6.9157781164490618e+05 8.3402303972408485e+09 1.7306662345235260e+09 1.1511302964191982e+18 4.0442717182145810e-03 3.0000000000000000e+00 6.3404370489258959e+01
1.4576974468907498e+07 8.9927910240375473e-05 8.9171191420581684e+09 6.9157781164444331e+05 8.3402303972185402e+09 1.7306662345188928e+09 1.1667700968452639e+18 4.0625051855315087e-03 3.0000000000000000e+00 6.3404370489126357e+01
1.4642694283549324e+07 8.9927910240193367e-05 8.9171191420340900e+09 6.9157781164397625e+05 8.3402303971960173e+09 1.7306662345142176e+09 1.1826223869939195e+18 4.0808208578418824e-03 3.0000000000000000e+00 6.3404370488992662e+01
1.4708710393835062e+07 8.9927910240009812e-05 8.9171191420098248e+09 6.9157781164350593e+05 8.3402303971733217e+09 1.7306662345095098e+09 1.1986900538509988e+18 4.0992191057642353e-03 3.0000000000000000e+00 6.3404370488857843e+01
1.4775024135603974e+07 8.9927910239824508e-05 8.9171191419853039e+09 6.9157781164302956e+05 8.3402303971503916e+09 1.7306662345047412e+09 1.2149760236262802e+18 4.1177003015880238e-03 3.0000000000000000e+00 6.3404370488721469e+01
1.4841636850717906e+07 8.9927910239637456e-05 8.9171191419605923e+09 6.9157781164255133e+05 8.3402303971272774e+09 1.7306662344999540e+09 1.2314832622864187e+18 4.1362648192811565e-03 3.0000000000000000e+00 6.3404370488584384e+01
1.4908549887088448e+07 8.9927910239448792e-05 8.9171191419356613e+09 6.9157781164206844e+05 8.3402303971039562e+09 1.7306662344951203e+09 1.2482147760950902e+18 4.1549130344975668e-03 3.0000000000000000e+00 6.3404370488446048e+01
1.4975764598704204e+07 8.9927910239258379e-05 8.9171191419104748e+09 6.9157781164157949e+05 8.3402303970803995e+09 1.7306662344902260e+09 1.2651736121604977e+18 4.1736453245848123e-03 3.0000000000000000e+00 6.3404370488306064e+01
1.5043282345658194e+07 8.9927910239066366e-05 8.9171191418850689e+09 6.9157781164108613e+05 8.3402303970566416e+09 1.7306662344852874e+09 1.2823628589902879e+18 4.1924620685917071e-03 3.0000000000000000e+00 6.3404370488164702e+01
1.5111104494175369e+07 8.9927910238872443e-05 8.9171191418594398e+09 6.9157781164058950e+05 8.3402303970326681e+09 1.7306662344803162e+09 1.2997856470540362e+18 4.2113636472759950e-03 3.0000000000000000e+00 6.3404370488022494e+01
1.5179232416640263e+07 8.9927910238676907e-05 8.9171191418335876e+09 6.9157781164008845e+05 8.3402303970084906e+09 1.7306662344753008e+09 1.3174451493533599e+18 4.2303504431120539e-03 3.0000000000000000e+00 6.3404370487878815e+01
1.5247667491624761e+07 8.9927910238479474e-05 8.9171191418074837e+09 6.9157781163958227e+05 8.3402303969840765e+09 1.7306662344702339e+09 1.3353445819997711e+18 4.2494228402986389e-03 3.0000000000000000e+00 6.3404370487733921e+01
1.5316411103915993e+07 8.9927910238280428e-05 8.9171191417811584e+09 6.9157781163907121e+05 8.3402303969594517e+09 1.7306662344651182e+09 1.3534872048004032e+18 4.2685812247666467e-03 3.0000000000000000e+00 6.3404370487587499e+01
1.5385464644544359e+07 8.9927910238079471e-05 8.9171191417546101e+09 6.9157781163855758e+05 8.3402303969346209e+09 1.7306662344599767e+09 1.3718763218516526e+18 4.2878259841869328e-03 3.0000000000000000e+00 6.3404370487440310e+01
1.5454829510811673e+07 8.9927910237876590e-05 8.9171191417278080e+09 6.9157781163803884e+05 8.3402303969095488e+09 1.7306662344547844e+09 1.3905152821409531e+18 4.3071575079781559e-03 3.0000000000000000e+00 6.3404370487291779e+01
1.5524507106319441e+07 8.9927910237672123e-05 8.9171191417007542e+09 6.9157781163751334e+05 8.3402303968842478e+09 1.7306662344495239e+09 1.4094074801566469e+18 4.3265761873146529e-03 3.0000000000000000e+00 6.3404370487141207e+01
1.5594498840997253e+07 8.9927910237465569e-05 8.9171191416734467e+09 6.9157781163698388e+05 8.3402303968587074e+09 1.7306662344442241e+09 1.4285563565062098e+18 4.3460824151343620e-03 3.0000000000000000e+00 6.3404370486989620e+01
1.5664806131131329e+07 8.9927910237257267e-05 8.9171191416459160e+09 6.9157781163645047e+05 8.3402303968329544e+09 1.7306662344388847e+09 1.4479653985428372e+18 4.3656765861467654e-03 3.0000000000000000e+00 6.3404370486836818e+01
1.5735430399393167e+07 8.9927910237047202e-05 8.9171191416181335e+09 6.9157781163591146e+05 8.3402303968069725e+09 1.7306662344334893e+09 1.4676381410005471e+18 4.3853590968408809e-03 3.0000000000000000e+00 6.3404370486682303e+01
1.5806373074868333e+07 8.9927910236835065e-05 8.9171191415900955e+09 6.9157781163536804e+05 8.3402303967807446e+09 1.7306662344280498e+09 1.4875781666379320e+18 4.4051303454932834e-03 3.0000000000000000e+00 6.3404370486526723e+01
1.5877635593085377e+07 8.9927910236621003e-05 8.9171191415617733e+09 6.9157781163481809e+05 8.3402303967542591e+09 1.7306662344225447e+09 1.5077891068906340e+18 4.4249907321761680e-03 3.0000000000000000e+00 6.3404370486369238e+01
1.5949219396044882e+07 8.9927910236405029e-05 8.9171191415332298e+09 6.9157781163426512e+05 8.3402303967275610e+09 1.7306662344170096e+09 1.5282746425326876e+18 4.4449406587654377e-03 3.0000000000000000e+00 6.3404370486210837e+01
1.6021125932248650e+07 8.9927910236187145e-05 8.9171191415044327e+09 6.9157781163370726e+05 8.3402303967006264e+09 1.7306662344114254e+09 1.5490385043468831e+18 4.4649805289488434e-03 3.0000000000000000e+00 6.3404370486050951e+01
1.6093356656728998e+07 8.9927910235967337e-05 8.9171191414753513e+09 6.9157781163314241e+05 8.3402303966734285e+09 1.7306662344057713e+09 1.5700844738041743e+18 4.4851107482341487e-03 3.0000000000000000e+00 6.3404370485889181e+01
1.6165913031078247e+07 8.9927910235745455e-05 8.9171191414460468e+09 6.9157781163257570e+05 8.3402303966460171e+09 1.7306662344000983e+09 1.5914163837523766e+18 4.5053317239573424e-03 3.0000000000000000e+00 6.3404370485726794e+01
1.6238796523478162e+07 8.9927910235521649e-05 8.9171191414164257e+09 6.9157781163199991e+05 8.3402303966183147e+09 1.7306662343943348e+09 1.6130381191141740e+18 4.5256438652908513e-03 3.0000000000000000e+00 6.3404370485561891e+01
1.6312008608729847e+07 8.9927910235295769e-05 8.9171191413865833e+09 6.9157781163142226e+05 8.3402303965903997e+09 1.7306662343885524e+09 1.6349536175946542e+18 4.5460475832518627e-03 3.0000000000000000e+00 6.3404370485396377e+01
1.6385550768283477e+07 8.9927910235067815e-05 8.9171191413564568e+09 6.9157781163083878e+05 8.3402303965622215e+09 1.7306662343827121e+09 1.6571668703984353e+18 4.5665432907106224e-03 3.0000000000000000e+00 6.3404370485229187e+01
1.6459424490268294e+07 8.9927910234837937e-05 8.9171191413260441e+09 6.9157781163024809e+05 8.3402303965337791e+09 1.7306662343767991e+09 1.6796819229565207e+18 4.5871314023987805e-03 3.0000000000000000e+00 6.3404370485060028e+01
1.6533631269522715e+07 8.9927910234605837e-05 8.9171191412953453e+09 6.9157781162965228e+05 8.3402303965050669e+09 1.7306662343708351e+09 1.7025028756630454e+18 4.6078123349177907e-03 3.0000000000000000e+00 6.3404370484889370e+01
1.6608172607624596e+07 8.9927910234371649e-05 8.9171191412643948e+09 6.9157781162905274e+05 8.3402303964761171e+09 1.7306662343648338e+09 1.7256338846220521e+18 4.6285865067473468e-03 3.0000000000000000e+00 6.3404370484717639e+01
1.6683050012921605e+07 8.9927910234135388e-05 8.9171191412331581e+09 6.9157781162844715e+05 8.3402303964469023e+09 1.7306662343587718e+09 1.7490791624043776e+18 4.6494543382538424e-03 3.0000000000000000e+00 6.3404370484544188e+01
1.6758265000561746e+07 8.9927910233897053e-05 8.9171191412016354e+09 6.9157781162783527e+05 8.3402303964174194e+09 1.7306662343526468e+09 1.7728429788148188e+18 4.6704162516988754e-03 3.0000000000000000e+00 6.3404370484368833e+01
1.6833819092524018e+07 8.9927910233656482e-05 8.9171191411698303e+09 6.9157781162721873e+05 8.3402303963876743e+09 1.7306662343464756e+09 1.7969296616697825e+18 4.6914726712478016e-03 3.0000000000000000e+00 6.3404370484192228e+01
1.6909713817649212e+07 8.9927910233413661e-05 8.9171191411377373e+09 6.9157781162659684e+05 8.3402303963576536e+09 1.7306662343402503e+09 1.8213435975854113e+18 4.7126240229783088e-03 3.0000000000000000e+00 6.3404370484014180e+01
1.6985950711670849e+07 8.9927910233168781e-05 8.9171191411053600e+09 6.9157781162596913e+05 8.3402303963273726e+09 1.7306662343339670e+09 1.8460892327765158e+18 4.7338707348890431e-03 3.0000000000000000e+00 6.3404370483834320e+01
1.7062531317246258e+07 8.9927910232921651e-05 8.9171191410726986e+09 6.9157781162533630e+05 8.3402303962968206e+09 1.7306662343276322e+09 1.8711710738662561e+18 4.7552132369082685e-03 3.0000000000000000e+00 6.3404370483653004e+01
1.7139457183987781e+07 8.9927910232672298e-05 8.9171191410397205e+09 6.9157781162469648e+05 8.3402303962659788e+09 1.7306662343212278e+09 1.8965936887069240e+18 4.7766519609025691e-03 3.0000000000000000e+00 6.3404370483469741e+01
1.7216729868494146e+07 8.9927910232420695e-05 8.9171191410064564e+09 6.9157781162405154e+05 8.3402303962348671e+09 1.7306662343147719e+09 1.9223617072118067e+18 4.7981873406855819e-03 3.0000000000000000e+00 6.3404370483284985e+01
1.7294350934381943e+07 8.9927910232166707e-05 8.9171191409728756e+09 6.9157781162340031e+05 8.3402303962034569e+09 1.7306662343082530e+09 1.9484798221983798e+18 4.8198198120267804e-03 3.0000000000000000e+00 6.3404370483098546e+01
1.7372321952317290e+07 8.9927910231910632e-05 8.9171191409390087e+09 6.9157781162274326e+05 8.3402303961717844e+09 1.7306662343016760e+09 1.9749527902429524e+18 4.8415498126602886e-03 3.0000000000000000e+00 6.3404370482910203e+01
1.7450644500047594e+07 8.9927910231652009e-05 8.9171191409048271e+09 6.9157781162208109e+05 8.3402303961398144e+09 1.7306662342950480e+09 2.0017854325469386e+18 4.8633777822937423e-03 3.0000000000000000e+00 6.3404370482720573e+01
1.7529320162433483e+07 8.9927910231391150e-05 8.9171191408703594e+09 6.9157781162141380e+05 8.3402303961075726e+09 1.7306662342883685e+09 2.0289826358148690e+18 4.8853041626171845e-03 3.0000000000000000e+00 6.3404370482529345e+01
1.7608350531480890e+07 8.9927910231128041e-05 8.9171191408355427e+09 6.9157781162073719e+05 8.3402303960750113e+09 1.7306662342815955e+09 2.0565493531443482e+18 4.9073293973120047e-03 3.0000000000000000e+00 6.3404370482335537e+01
1.7687737206373237e+07 8.9927910230862398e-05 8.9171191408004417e+09 6.9157781162005756e+05 8.3402303960421791e+09 1.7306662342747924e+09 2.0844906049281172e+18 4.9294539320599131e-03 3.0000000000000000e+00 6.3404370482140884e+01
1.7767481793503828e+07 8.9927910230594505e-05 8.9171191407649918e+09 6.9157781161936885e+05 8.3402303960090275e+09 1.7306662342678983e+09 2.1128114797683272e+18 4.9516782145519606e-03 3.0000000000000000e+00 6.3404370481943594e+01
1.7847585906508327e+07 8.9927910230324051e-05 8.9171191407292557e+09 6.9157781161867687e+05 8.3402303959756002e+09 1.7306662342609718e+09 2.1415171354033011e+18 4.9740026944976026e-03 3.0000000000000000e+00 6.3404370481745374e+01
1.7928051166297432e+07 8.9927910230051212e-05 8.9171191406931725e+09 6.9157781161797675e+05 8.3402303959418526e+09 1.7306662342539637e+09 2.1706127996468270e+18 4.9964278236337908e-03 3.0000000000000000e+00 6.3404370481544824e+01
1.8008879201089658e+07 8.9927910229775973e-05 8.9171191406567726e+09 6.9157781161727058e+05 8.3402303959078102e+09 1.7306662342468948e+09 2.2001037713402445e+18 5.0189540557341213e-03 3.0000000000000000e+00 6.3404370481342490e+01
1.8090071646444291e+07 8.9927910229498174e-05 8.9171191406200562e+09 6.9157781161655928e+05 8.3402303958734674e+09 1.7306662342397747e+09 2.2299954213174589e+18 5.0415818466180108e-03 3.0000000000000000e+00 6.3404370481138656e+01
1.8171630145294484e+07 8.9927910229217826e-05 8.9171191405829887e+09 6.9157781161584030e+05 8.3402303958387957e+09 1.7306662342325778e+09 2.2602931933830589e+18 5.0643116541599260e-03 3.0000000000000000e+00 6.3404370480932798e+01
1.8253556347980499e+07 8.9927910228934917e-05 8.9171191405456066e+09 6.9157781161511643e+05 8.3402303958038292e+09 1.7306662342253320e+09 2.2910026053037315e+18 5.0871439382986442e-03 3.0000000000000000e+00 6.3404370480725468e+01
1.8335851912283104e+07 8.9927910228649623e-05 8.9171191405078773e+09 6.9157781161438464e+05 8.3402303957685452e+09 1.7306662342180066e+09 2.3221292498131589e+18 5.1100791610465572e-03 3.0000000000000000e+00 6.3404370480515716e+01
1.8418518503457118e+07 8.9927910228361605e-05 8.9171191404697971e+09 6.9157781161364610e+05 8.3402303957329254e+09 1.7306662342106140e+09 2.3536787956305495e+18 5.1331177864990347e-03 3.0000000000000000e+00 6.3404370480304223e+01
1.8501557794265106e+07 8.9927910228071025e-05 8.9171191404313698e+09 6.9157781161290058e+05 8.3402303956969862e+09 1.7306662342031515e+09 2.3856569884929951e+18 5.1562602808437946e-03 3.0000000000000000e+00 6.3404370480090734e+01
1.8584971465011232e+07 8.9927910227777735e-05 8.9171191403926239e+09 6.9157781161215086e+05 8.3402303956607437e+09 1.7306662341956468e+09 2.4180696522019195e+18 5.1795071123703568e-03 3.0000000000000000e+00 6.3404370479875887e+01
1.8668761203575253e+07 8.9927910227481883e-05 8.9171191403535004e+09 6.9157781161139184e+05 8.3402303956241512e+09 1.7306662341880488e+09 2.4509226896836234e+18 5.2028587514794996e-03 3.0000000000000000e+00 6.3404370479658532e+01
1.8752928705446675e+07 8.9927910227183321e-05 8.9171191403140259e+09 6.9157781161062652e+05 8.3402303955872326e+09 1.7306662341803880e+09 2.4842220840643948e+18 5.2263156706927952e-03 3.0000000000000000e+00 6.3404370479439287e+01
1.8837475673759073e+07 8.9927910226882211e-05 8.9171191402742043e+09 6.9157781160985376e+05 8.3402303955499868e+09 1.7306662341726530e+09 2.5179738997600748e+18 5.2498783446621603e-03 3.0000000000000000e+00 6.3404370479217853e+01
1.8922403819324531e+07 8.9927910226578214e-05 8.9171191402340031e+09 6.9157781160907401e+05 8.3402303955123911e+09 1.7306662341648476e+09 2.5521842835805409e+18 5.2735472501794630e-03 3.0000000000000000e+00 6.3404370478994473e+01
1.9007714860668283e+07 8.9927910226271507e-05 8.9171191401934528e+09 6.9157781160828774e+05 8.3402303954744625e+09 1.7306662341569772e+09 2.5868594658491254e+18 5.2973228661861759e-03 3.0000000000000000e+00 6.3404370478769273e+01
1.9093410524063475e+07 8.9927910225962089e-05 8.9171191401525536e+09 6.9157781160749518e+05 8.3402303954362078e+09 1.7306662341490436e+09 2.6220057615373030e+18 5.3212056737830648e-03 3.0000000000000000e+00 6.3404370478542205e+01
1.9179492543566100e+07 8.9927910225649785e-05 8.9171191401112747e+09 6.9157781160669518e+05 8.3402303953975954e+09 1.7306662341410356e+09 2.6576295714146939e+18 5.3451961562399142e-03 3.0000000000000000e+00 6.3404370478313062e+01
1.9265962661050081e+07 8.9927910225334607e-05 8.9171191400696163e+09 6.9157781160588819e+05 8.3402303953586340e+09 1.7306662341329577e+09 2.6937373832148362e+18 5.3692947990053204e-03 3.0000000000000000e+00 6.3404370478081873e+01
1.9352822626242533e+07 8.9927910225016719e-05 8.9171191400275764e+09 6.9157781160507258e+05 8.3402303953193159e+09 1.7306662341247933e+09 2.7303357728166774e+18 5.3935020897165117e-03 3.0000000000000000e+00 6.3404370477848239e+01
1.9440074196759149e+07 8.9927910224695958e-05 8.9171191399851570e+09 6.9157781160424952e+05 8.3402303952796402e+09 1.7306662341165545e+09 2.7674314054421443e+18 5.4178185182092078e-03 3.0000000000000000e+00 6.3404370477612481e+01
1.9527719138139781e+07 8.9927910224372147e-05 8.9171191399423580e+09 6.9157781160342018e+05 8.3402303952396078e+09 1.7306662341082530e+09 2.8050310368700508e+18 5.4422445765275381e-03 3.0000000000000000e+00 6.3404370477374997e+01
1.9615759223884154e+07 8.9927910224045640e-05 8.9171191398991776e+09 6.9157781160258246e+05 8.3402303951992245e+09 1.7306662340998673e+09 2.8431415146663849e+18 5.4667807589339973e-03 3.0000000000000000e+00 6.3404370477134925e+01
1.9704196235487770e+07 8.9927910223716083e-05 8.9171191398555851e+09 6.9157781160173612e+05 8.3402303951584530e+09 1.7306662340913954e+09 2.8817697794314245e+18 5.4914275619194469e-03 3.0000000000000000e+00 6.3404370476892538e+01
1.9793031962477930e+07 8.9927910223383490e-05 8.9171191398116131e+09 6.9157781160088372e+05 8.3402303951173267e+09 1.7306662340828631e+09 2.9209228660637204e+18 5.5161854842131599e-03 3.0000000000000000e+00 6.3404370476648310e+01
1.9882268202449974e+07 8.9927910223047876e-05 8.9171191397672615e+09 6.9157781160002458e+05 8.3402303950758400e+09 1.7306662340742631e+09 2.9606079050412744e+18 5.5410550267929138e-03 3.0000000000000000e+00 6.3404370476402256e+01
1.9971906761103638e+07 8.9927910222709211e-05 8.9171191397224979e+09 6.9157781159915728e+05 8.3402303950339727e+09 1.7306662340655813e+09 3.0008321237201382e+18 5.5660366928951344e-03 3.0000000000000000e+00 6.3404370476153801e+01
2.0061949452279586e+07 8.9927910222367525e-05 8.9171191396773224e+09 6.9157781159828138e+05 8.3402303949917202e+09 1.7306662340568137e+09 3.0416028476506373e+18 5.5911309880250590e-03 3.0000000000000000e+00 6.3404370475902915e+01
2.0152398097996142e+07 8.9927910222022789e-05 8.9171191396317348e+09 6.9157781159739685e+05 8.3402303949490805e+09 1.7306662340479598e+09 3.0829275019114936e+18 5.6163384199669937e-03 3.0000000000000000e+00 6.3404370475649571e+01
2.0243254528486129e+07 8.9927910221675032e-05 8.9171191395857353e+09 6.9157781159650395e+05 8.3402303949060602e+09 1.7306662340390217e+09 3.1248136124620411e+18 5.6416594987945623e-03 3.0000000000000000e+00 6.3404370475393748e+01
2.0334520582233917e+07 8.9927910221323913e-05 8.9171191395393562e+09 6.9157781159560685e+05 8.3402303948626776e+09 1.7306662340300419e+09 3.1672688075128858e+18 5.6670947368810468e-03 3.0000000000000000e+00 6.3404370475136780e+01
2.0426198106012616e+07 8.9927910220969758e-05 8.9171191394925022e+09 6.9157781159469695e+05 8.3402303948188601e+09 1.7306662340209339e+09 3.2103008189150730e+18 5.6926446489097386e-03 3.0000000000000000e+00 6.3404370474876160e+01
2.0518288954921469e+07 8.9927910220612419e-05 8.9171191394452667e+09 6.9157781159378146e+05 8.3402303947746773e+09 1.7306662340117695e+09 3.2539174835682662e+18 5.7183097518843729e-03 3.0000000000000000e+00 6.3404370474613785e+01
2.0610794992423363e+07 8.9927910220251867e-05 8.9171191393975887e+09 6.9157781159285665e+05 8.3402303947300854e+09 1.7306662340025125e+09 3.2981267448479258e+18 5.7440905651395709e-03 3.0000000000000000e+00 6.3404370474348902e+01
2.0703718090382539e+07 8.9927910219887982e-05 8.9171191393494663e+09 6.9157781159192300e+05 8.3402303946850786e+09 1.7306662339931667e+09 3.3429366540519752e+18 5.7699876103513579e-03 3.0000000000000000e+00 6.3404370474081496e+01
2.0797060129102495e+07 8.9927910219520722e-05 8.9171191393009338e+09 6.9157781159098307e+05 8.3402303946396809e+09 1.7306662339837580e+09 3.3883553718670940e+18 5.7960014115477241e-03 3.0000000000000000e+00 6.3404370473812250e+01
2.0890822997364003e+07 8.9927910219150277e-05 8.9171191392519550e+09 6.9157781159003335e+05 8.3402303945938711e+09 1.7306662339742513e+09 3.4343911698548854e+18 5.8221324951192172e-03 3.0000000000000000e+00 6.3404370473540169e+01
2.0985008592463344e+07 8.9927910218776471e-05 8.9171191392025356e+09 6.9157781158907525e+05 8.3402303945476494e+09 1.7306662339646609e+09 3.4810524319582986e+18 5.8483813898295997e-03 3.0000000000000000e+00 6.3404370473265701e+01
2.1079618820250701e+07 8.9927910218399318e-05 8.9171191391526699e+09 6.9157781158810831e+05 8.3402303945010099e+09 1.7306662339549818e+09 3.5283476560285148e+18 5.8747486268265498e-03 3.0000000000000000e+00 6.3404370472988681e+01
2.1174655595168717e+07 8.9927910218018655e-05 8.9171191391023312e+09 6.9157781158713182e+05 8.3402303944539299e+09 1.7306662339452071e+09 3.5762854553725317e+18 5.9012347396524105e-03 3.0000000000000000e+00 6.3404370472709019e+01
2.1270120840291239e+07 8.9927910217634630e-05 8.9171191390515804e+09 6.9157781158614880e+05 8.3402303944064589e+09 1.7306662339353671e+09 3.6248745603218028e+18 5.9278402642549775e-03 3.0000000000000000e+00 6.3404370472427338e+01
2.1366016487362228e+07 8.9927910217247082e-05 8.9171191390003223e+09 6.9157781158515415e+05 8.3402303943585205e+09 1.7306662339254107e+09 3.6741238198221952e+18 5.9545657389983532e-03 3.0000000000000000e+00 6.3404370472142439e+01
2.1462344476834852e+07 8.9927910216856038e-05 8.9171191389486198e+09 6.9157781158415158e+05 8.3402303943101635e+09 1.7306662339153752e+09 3.7240422030455235e+18 5.9814117046738356e-03 3.0000000000000000e+00 6.3404370471855245e+01
2.1559106757910751e+07 8.9927910216461469e-05 8.9171191388964748e+09 6.9157781158314156e+05 8.3402303942613897e+09 1.7306662339052649e+09 3.7746388010230605e+18 6.0083787045108654e-03 3.0000000000000000e+00 6.3404370471565926e+01
2.1656305288579468e+07 8.9927910216063377e-05 8.9171191388438225e+09 6.9157781158211967e+05 8.3402303942121458e+09 1.7306662338950357e+09 3.8259228283010463e+18 6.0354672841880083e-03 3.0000000000000000e+00 6.3404370471273225e+01
2.1753942035658088e+07 8.9927910215661626e-05 8.9171191387907276e+09 6.9157781158109102e+05 8.3402303941624804e+09 1.7306662338847389e+09 3.8779036246189798e+18 6.0626779918440104e-03 3.0000000000000000e+00 6.3404370470978549e+01
2.1852018974831026e+07 8.9927910215256202e-05 8.9171191387371254e+09 6.9157781158005190e+05 8.3402303941123476e+09 1.7306662338743374e+09 3.9305906566104289e+18 6.0900113780888851e-03 3.0000000000000000e+00 6.3404370470680938e+01
2.1950538090689994e+07 8.9927910214847255e-05 8.9171191386830463e+09 6.9157781157900277e+05 8.3402303940617704e+09 1.7306662338638356e+09 3.9839935195271404e+18 6.1174679960150436e-03 3.0000000000000000e+00 6.3404370470380329e+01
2.2049501376774188e+07 8.9927910214434472e-05 8.9171191386284943e+09 6.9157781157794618e+05 8.3402303940107441e+09 1.7306662338532593e+09 4.0381219389864806e+18 6.1450484012085093e-03 3.0000000000000000e+00 6.3404370470077716e+01
2.2148910835610602e+07 8.9927910214018016e-05 8.9171191385734348e+09 6.9157781157687865e+05 8.3402303939592466e+09 1.7306662338425734e+09 4.0929857727426627e+18 6.1727531517601335e-03 3.0000000000000000e+00 6.3404370469771884e+01
2.2248768478754554e+07 8.9927910213597888e-05 8.9171191385178680e+09 6.9157781157580018e+05 8.3402303939072762e+09 1.7306662338317778e+09 4.1485950124819958e+18 6.2005828082769129e-03 3.0000000000000000e+00 6.3404370469462954e+01
2.2349076326830398e+07 8.9927910213173938e-05 8.9171191384617939e+09 6.9157781157471193e+05 8.3402303938548326e+09 1.7306662338208847e+09 4.2049597856425559e+18 6.2285379338933135e-03 3.0000000000000000e+00 6.3404370469151182e+01
2.2449836409572411e+07 8.9927910212745976e-05 8.9171191384052448e+09 6.9157781157361693e+05 8.3402303938019361e+09 1.7306662338099236e+09 4.2620903572586004e+18 6.2566190942826838e-03 3.0000000000000000e+00 6.3404370468837605e+01
2.2551050765865851e+07 8.9927910212314355e-05 8.9171191383481579e+09 6.9157781157250912e+05 8.3402303937485476e+09 1.7306662337988346e+09 4.3199971318299945e+18 6.2848268576686846e-03 3.0000000000000000e+00 6.3404370468520170e+01
2.2652721443788238e+07 8.9927910211878723e-05 8.9171191382905636e+09 6.9157781157139246e+05 8.3402303936946783e+09 1.7306662337876568e+09 4.3786906552170399e+18 6.3131617948367991e-03 3.0000000000000000e+00 6.3404370468200341e+01
2.2754850500650767e+07 8.9927910211439269e-05 8.9171191382324619e+09 6.9157781157026603e+05 8.3402303936403389e+09 1.7306662337763813e+09 4.4381816165610926e+18 6.3416244791458729e-03 3.0000000000000000e+00 6.3404370467877598e+01
2.2857440003039960e+07 8.9927910210995667e-05 8.9171191381738224e+09 6.9157781156912935e+05 8.3402303935854883e+09 1.7306662337650032e+09 4.4984808502312192e+18 6.3702154865397254e-03 3.0000000000000000e+00 6.3404370467552056e+01
2.2960492026859485e+07 8.9927910210548217e-05 8.9171191381146450e+09 6.9157781156798103e+05 8.3402303935301418e+09 1.7306662337535083e+09 4.5595993377973965e+18 6.3989353955588016e-03 3.0000000000000000e+00 6.3404370467223096e+01
2.3064008657372143e+07 8.9927910210096620e-05 8.9171191380549603e+09 6.9157781156682479e+05 8.3402303934743166e+09 1.7306662337419345e+09 4.6215482100303432e+18 6.4277847873518753e-03 3.0000000000000000e+00 6.3404370466891898e+01
2.3167991989242077e+07 8.9927910209640875e-05 8.9171191379947052e+09 6.9157781156565668e+05 8.3402303934179611e+09 1.7306662337302420e+09 4.6843387489287188e+18 6.4567642456878046e-03 3.0000000000000000e+00 6.3404370466557282e+01
2.3272444126577158e+07 8.9927910209181133e-05 8.9171191379339428e+09 6.9157781156447949e+05 8.3402303933611269e+09 1.7306662337184584e+09 4.7479823897737605e+18 6.4858743569673619e-03 3.0000000000000000e+00 6.3404370466220016e+01
2.3377367182971556e+07 8.9927910208717230e-05 8.9171191378725777e+09 6.9157781156328809e+05 8.3402303933037348e+09 1.7306662337065325e+09 4.8124907232118057e+18 6.5151157102350749e-03 3.0000000000000000e+00 6.3404370465878792e+01
2.3482763281548515e+07 8.9927910208249180e-05 8.9171191378107071e+09 6.9157781156208902e+05 8.3402303932458658e+09 1.7306662336945298e+09 4.8778754973652449e+18 6.5444888971911757e-03 3.0000000000000000e+00 6.3404370465535280e+01
2.3588634555003311e+07 8.9927910207776820e-05 8.9171191377482662e+09 6.9157781156087876e+05 8.3402303931874609e+09 1.7306662336824152e+09 4.9441486199719660e+18 6.5739945122035397e-03 3.0000000000000000e+00 6.3404370465188535e+01
2.3694983145646397e+07 8.9927910207300137e-05 8.9171191376852551e+09 6.9157781155965757e+05 8.3402303931285257e+09 1.7306662336701910e+09 5.0113221605540393e+18 6.6036331523197439e-03 3.0000000000000000e+00 6.3404370464838784e+01
2.3801811205446780e+07 8.9927910206819321e-05 8.9171191376216736e+09 6.9157781155842426e+05 8.3402303930690594e+09 1.7306662336578455e+09 5.0794083526157558e+18 6.6334054172791307e-03 3.0000000000000000e+00 6.3404370464485432e+01
2.3909120896075532e+07 8.9927910206334005e-05 8.9171191375574894e+09 6.9157781155717885e+05 8.3402303930090303e+09 1.7306662336453791e+09 5.1484195958715884e+18 6.6633119095249414e-03 3.0000000000000000e+00 6.3404370464128704e+01
2.4016914388949562e+07 8.9927910205844392e-05 8.9171191374927673e+09 6.9157781155592459e+05 8.3402303929484959e+09 1.7306662336328242e+09 5.2183684585043917e+18 6.6933532342165238e-03 3.0000000000000000e+00 6.3404370463769396e+01
2.4125193865275532e+07 8.9927910205350308e-05 8.9171191374274426e+09 6.9157781155465776e+05 8.3402303928873959e+09 1.7306662336201432e+09 5.2892676794542776e+18 6.7235299992415565e-03 3.0000000000000000e+00 6.3404370463406536e+01
2.4233961516094014e+07 8.9927910204851751e-05 8.9171191373615170e+09 6.9157781155337906e+05 8.3402303928257351e+09 1.7306662336073434e+09 5.3611301707386604e+18 6.7538428152283721e-03 3.0000000000000000e+00 6.3404370463040294e+01
2.4343219542323802e+07 8.9927910204348708e-05 8.9171191372950211e+09 6.9157781155209034e+05 8.3402303927635403e+09 1.7306662335944433e+09 5.4339690198036808e+18 6.7842922955582870e-03 3.0000000000000000e+00 6.3404370462671068e+01
2.4452970154806469e+07 8.9927910203841044e-05 8.9171191372279224e+09 6.9157781155079021e+05 8.3402303927007790e+09 1.7306662335814290e+09 5.5077974919077263e+18 6.8148790563780353e-03 3.0000000000000000e+00 6.3404370462298665e+01
2.4563215574351091e+07 8.9927910203328908e-05 8.9171191371601906e+09 6.9157781154947612e+05 8.3402303926374340e+09 1.7306662335682752e+09 5.5826290325372641e+18 6.8456037166122283e-03 3.0000000000000000e+00 6.3404370461922163e+01
2.4673958031779196e+07 8.9927910202812136e-05 8.9171191370918560e+09 6.9157781154815061e+05 8.3402303925735216e+09 1.7306662335550067e+09 5.6584772698555167e+18 6.8764668979758780e-03 3.0000000000000000e+00 6.3404370461542513e+01
2.4785199767969944e+07 8.9927910202290567e-05 8.9171191370229206e+09 6.9157781154681509e+05 8.3402303925090446e+09 1.7306662335416384e+09 5.7353560171843461e+18 6.9074692249869903e-03 3.0000000000000000e+00 6.3404370461159949e+01
2.4896943033905271e+07 8.9927910201764377e-05 8.9171191369533520e+09 6.9157781154546607e+05 8.3402303924439735e+09 1.7306662335281346e+09 5.8132792755199048e+18 6.9386113249791503e-03 3.0000000000000000e+00 6.3404370460773556e+01
2.5009190090715751e+07 8.9927910201233538e-05 8.9171191368831501e+09 6.9157781154410425e+05 8.3402303923783197e+09 1.7306662335145030e+09 5.8922612360825508e+18 6.9698938281142963e-03 3.0000000000000000e+00 6.3404370460383291e+01
2.5121943209726132e+07 8.9927910200697766e-05 8.9171191368123131e+09 6.9157781154273055e+05 8.3402303923120632e+09 1.7306662335007522e+09 5.9723162829012654e+18 7.0013173673954196e-03 3.0000000000000000e+00 6.3404370459989863e+01
2.5235204672501367e+07 8.9927910200157183e-05 8.9171191367408428e+09 6.9157781154134497e+05 8.3402303922452173e+09 1.7306662334868827e+09 6.0534589954332262e+18 7.0328825786793829e-03 3.0000000000000000e+00 6.3404370459592954e+01
2.5348976770892758e+07 8.9927910199611667e-05 8.9171191366687393e+09 6.9157781153994775e+05 8.3402303921777754e+09 1.7306662334728966e+09 6.1357041512190167e+18 7.0645901006897846e-03 3.0000000000000000e+00 6.3404370459192727e+01
2.5463261807084348e+07 8.9927910199061339e-05 8.9171191365959702e+09 6.9157781153853633e+05 8.3402303921097145e+09 1.7306662334587684e+09 6.2190667285738803e+18 7.0964405750298960e-03 3.0000000000000000e+00 6.3404370458788406e+01
2.5578062093639512e+07 8.9927910198505916e-05 8.9171191365225353e+09 6.9157781153711258e+05 8.3402303920410318e+09 1.7306662334445167e+09 6.3035619093155267e+18 7.1284346461956312e-03 3.0000000000000000e+00 6.3404370458380534e+01
2.5693379953547727e+07 8.9927910197945532e-05 8.9171191364484367e+09 6.9157781153567531e+05 8.3402303919717283e+09 1.7306662334301298e+09 6.3892050815290132e+18 7.1605729615885931e-03 3.0000000000000000e+00 6.3404370457968938e+01
2.5809217720271602e+07 8.9927910197380040e-05 8.9171191363736725e+09 6.9157781153422571e+05 8.3402303919017992e+09 1.7306662334156191e+09 6.4760118423692134e+18 7.1928561715291729e-03 3.0000000000000000e+00 6.3404370457553668e+01
2.5925577737794079e+07 8.9927910196809438e-05 8.9171191362982426e+09 6.9157781153276376e+05 8.3402303918312492e+09 1.7306662334009852e+09 6.5639980009012869e+18 7.2252849292697117e-03 3.0000000000000000e+00 6.3404370457134831e+01
2.6042462360665876e+07 8.9927910196233713e-05 8.9171191362221470e+09 6.9157781153128925e+05 8.3402303917600727e+09 1.7306662333862255e+09 6.6531795809798779e+18 7.2578598910077192e-03 3.0000000000000000e+00 6.3404370456712456e+01
2.6159873954053126e+07 8.9927910195652878e-05 8.9171191361453228e+09 6.9157781152979843e+05 8.3402303916882238e+09 1.7306662333713024e+09 6.7435728241672325e+18 7.2905817158991429e-03 3.0000000000000000e+00 6.3404370456285321e+01
2.6277814893785235e+07 8.9927910195066623e-05 8.9171191360678329e+09 6.9157781152829668e+05 8.3402303916157417e+09 1.7306662333562698e+09 6.8351941926911877e+18 7.3234510660717201e-03 3.0000000000000000e+00 6.3404370455855215e+01
2.6396287566402957e+07 8.9927910194475245e-05 8.9171191359896164e+09 6.9157781152677885e+05 8.3402303915425911e+09 1.7306662333410764e+09 6.9280603724431688e+18 7.3564686066383668e-03 3.0000000000000000e+00 6.3404370455420398e+01
2.6515294369206689e+07 8.9927910193878283e-05 8.9171191359107323e+09 6.9157781152525125e+05 8.3402303914688053e+09 1.7306662333257852e+09 7.0221882760170148e+18 7.3896350057106397e-03 3.0000000000000000e+00 6.3404370454982811e+01
2.6634837710304983e+07 8.9927910193276212e-05 8.9171191358310890e+09 6.9157781152370502e+05 8.3402303913943195e+09 1.7306662333103075e+09 7.1175950457890775e+18 7.4229509344122552e-03 3.0000000000000000e+00 6.3404370454539922e+01
2.6754920008663263e+07 8.9927910192668544e-05 8.9171191357507477e+09 6.9157781152214739e+05 8.3402303913191786e+09 1.7306662332947156e+09 7.2142980570400983e+18 7.4564170668926632e-03 3.0000000000000000e+00 6.3404370454093673e+01
2.6875543694152780e+07 8.9927910192055292e-05 8.9171191356697121e+09 6.9157781152057811e+05 8.3402303912433786e+09 1.7306662332790072e+09 7.3123149211196355e+18 7.4900340803407050e-03 3.0000000000000000e+00 6.3404370453644098e+01
2.6996711207599785e+07 8.9927910191436606e-05 8.9171191355879135e+09 6.9157781151899206e+05 8.3402303911668720e+09 1.7306662332631311e+09 7.4116634886533437e+18 7.5238026549982930e-03 3.0000000000000000e+00 6.3404370453189813e+01
2.7118425000834916e+07 8.9927910190812322e-05 8.9171191355053558e+09 6.9157781151739042e+05 8.3402303910896568e+09 1.7306662332470987e+09 7.5123618527939297e+18 7.5577234741742022e-03 3.0000000000000000e+00 6.3404370452731008e+01
2.7240687536742803e+07 8.9927910190182455e-05 8.9171191354220695e+09 6.9157781151577504e+05 8.3402303910117607e+09 1.7306662332309289e+09 7.6144283525162168e+18 7.5917972242578692e-03 3.0000000000000000e+00 6.3404370452268289e+01
2.7363501289311912e+07 8.9927910189546828e-05 8.9171191353380527e+09 6.9157781151414709e+05 8.3402303909331770e+09 1.7306662332146332e+09 7.7178815759570391e+18 7.6260245947333037e-03 3.0000000000000000e+00 6.3404370451801888e+01
2.7486868743684612e+07 8.9927910188905455e-05 8.9171191352532463e+09 6.9157781151250214e+05 8.3402303908538570e+09 1.7306662331981671e+09 7.8227403638004019e+18 7.6604062781930257e-03 3.0000000000000000e+00 6.3404370451330784e+01
2.7610792396207448e+07 8.9927910188258335e-05 8.9171191351676788e+09 6.9157781151084276e+05 8.3402303907738285e+09 1.7306662331815569e+09 7.9290238127087616e+18 7.6949429703520918e-03 3.0000000000000000e+00 6.3404370450855346e+01
2.7735274754481666e+07 8.9927910187605293e-05 8.9171191350813503e+09 6.9157781150916941e+05 8.3402303906930838e+09 1.7306662331648066e+09 8.0367512788008858e+18 7.7296353700621609e-03 3.0000000000000000e+00 6.3404370450376085e+01
2.7860318337413952e+07 8.9927910186946356e-05 8.9171191349942303e+09 6.9157781150748022e+05 8.3402303906116009e+09 1.7306662331478980e+09 8.1459423811768893e+18 7.7644841793256475e-03 3.0000000000000000e+00 6.3404370449892170e+01
2.7985925675267398e+07 8.9927910186281496e-05 8.9171191349063187e+09 6.9157781150577520e+05 8.3402303905293770e+09 1.7306662331308308e+09 8.2566170054912881e+18 7.7994901033099188e-03 3.0000000000000000e+00 6.3404370449403771e+01
2.8112099309712704e+07 8.9927910185610740e-05 8.9171191348176460e+09 6.9157781150405621e+05 8.3402303904464388e+09 1.7306662331136236e+09 8.3687953075744799e+18 7.8346538503615629e-03 3.0000000000000000e+00 6.3404370448911322e+01
2.8238841793879610e+07 8.9927910184933737e-05 8.9171191347281513e+09 6.9157781150232162e+05 8.3402303903627310e+09 1.7306662330962605e+09 8.4824977171034870e+18 7.8699761320207284e-03 3.0000000000000000e+00 6.3404370448414447e+01
2.8366155692408562e+07 8.9927910184250677e-05 8.9171191346378307e+09 6.9157781150056981e+05 8.3402303902782564e+09 1.7306662330787249e+09 8.5977449413226138e+18 7.9054576630355200e-03 3.0000000000000000e+00 6.3404370447912648e+01
2.8494043581502602e+07 8.9927910183561381e-05 8.9171191345467205e+09 6.9157781149880425e+05 8.3402303901930370e+09 1.7306662330610518e+09 8.7145579688145736e+18 7.9410991613764609e-03 3.0000000000000000e+00 6.3404370447406905e+01
2.8622508048979495e+07 8.9927910182866015e-05 8.9171191344547520e+09 6.9157781149701960e+05 8.3402303901070223e+09 1.7306662330431876e+09 8.8329580733228616e+18 7.9769013482510163e-03 3.0000000000000000e+00 6.3404370446895648e+01
2.8751551694324102e+07 8.9927910182164251e-05 8.9171191343619938e+09 6.9157781149522215e+05 8.3402303900202627e+09 1.7306662330251951e+09 8.9529668176261489e+18 8.0128649481182000e-03 3.0000000000000000e+00 6.3404370446380739e+01
2.8881177128740981e+07 8.9927910181456105e-05 8.9171191342683792e+09 6.9157781149340747e+05 8.3402303899327021e+09 1.7306662330070302e+09 9.0746060574651607e+18 8.0489906887032149e-03 3.0000000000000000e+00 6.3404370445860998e+01
2.9011386975207210e+07 8.9927910180741738e-05 8.9171191341739101e+09 6.9157781149157486e+05 8.3402303898443480e+09 1.7306662329886858e+09 9.1978979455230771e+18 8.0852793010121951e-03 3.0000000000000000e+00 6.3404370445335971e+01
2.9142183868525483e+07 8.9927910180020811e-05 8.9171191340785847e+09 6.9157781148972618e+05 8.3402303897551928e+09 1.7306662329701807e+09 9.3228649354598973e+18 8.1217315193469943e-03 3.0000000000000000e+00 6.3404370444806361e+01
2.9273570455377415e+07 8.9927910179293338e-05 8.9171191339824047e+09 6.9157781148786144e+05 8.3402303896652355e+09 1.7306662329515147e+09 9.4495297860016742e+18 8.1583480813200385e-03 3.0000000000000000e+00 6.3404370444272217e+01
2.9405549394377097e+07 8.9927910178559306e-05 8.9171191338853683e+09 6.9157781148598040e+05 8.3402303895744734e+09 1.7306662329326856e+09 9.5779155650852639e+18 8.1951297278692551e-03 3.0000000000000000e+00 6.3404370443733420e+01
2.9538123356124889e+07 8.9927910177818579e-05 8.9171191337874451e+09 6.9157781148408214e+05 8.3402303894828835e+09 1.7306662329136841e+09 9.7080456540594196e+18 8.2320772032730659e-03 3.0000000000000000e+00 6.3404370443189684e+01
2.9671295023261480e+07 8.9927910177071293e-05 8.9171191336886368e+09 6.9157781148216594e+05 8.3402303893904696e+09 1.7306662328945031e+09 9.8399437519429243e+18 8.2691912551654499e-03 3.0000000000000000e+00 6.3404370442640719e+01
2.9805067090522144e+07 8.9927910176317149e-05 8.9171191335889397e+09 6.9157781148023345e+05 8.3402303892972221e+09 1.7306662328751590e+09 9.9736338797406781e+18 8.3064726345510650e-03 3.0000000000000000e+00 6.3404370442087078e+01
2.9939442264791287e+07 8.9927910175556283e-05 8.9171191334883232e+09 6.9157781147828163e+05 8.3402303892031183e+09 1.7306662328556213e+09 1.0109140384818297e+19 8.3439220958204541e-03 3.0000000000000000e+00 6.3404370441528037e+01
3.0074423265157215e+07 8.9927910174788397e-05 8.9171191333868217e+09 6.9157781147631467e+05 8.3402303891081810e+09 1.7306662328359320e+09 1.0246487945336170e+19 8.3815403967653010e-03 3.0000000000000000e+00 6.3404370440964570e+01
3.0210012822967157e+07 8.9927910174013789e-05 8.9171191332843990e+09 6.9157781147432816e+05 8.3402303890123835e+09 1.7306662328160474e+09 1.0385701574743927e+19 8.4193282985937715e-03 3.0000000000000000e+00 6.3404370440395439e+01
3.0346213681882523e+07 8.9927910173232011e-05 8.9171191331810284e+09 6.9157781147232349e+05 8.3402303889157038e+09 1.7306662327959805e+09 1.0526806626335681e+19 8.4572865659459130e-03 3.0000000000000000e+00 6.3404370439821285e+01
3.0483028597934444e+07 8.9927910172443186e-05 8.9171191330767365e+09 6.9157781147030136e+05 8.3402303888181591e+09 1.7306662327757390e+09 1.0669828797867379e+19 8.4954159669091214e-03 3.0000000000000000e+00 6.3404370439242044e+01
3.0620460339579519e+07 8.9927910171647192e-05 8.9171191329715290e+09 6.9157781146826292e+05 8.3402303887197523e+09 1.7306662327553346e+09 1.0814794136236888e+19 8.5337172730336995e-03 3.0000000000000000e+00 6.3404370438658084e+01
3.0758511687755845e+07 8.9927910170844151e-05 8.9171191328653374e+09 6.9157781146620307e+05 8.3402303886204348e+09 1.7306662327347155e+09 1.0961729042227515e+19 8.5721912593484540e-03 3.0000000000000000e+00 6.3404370438068014e+01
3.0897185435939286e+07 8.9927910170033777e-05 8.9171191327581959e+09 6.9157781146412552e+05 8.3402303885202227e+09 1.7306662327139194e+09 1.1110660275316046e+19 8.6108387043763827e-03 3.0000000000000000e+00 6.3404370437472927e+01
3.1036484390200008e+07 8.9927910169216045e-05 8.9171191326500721e+09 6.9157781146202865e+05 8.3402303884190960e+09 1.7306662326929297e+09 1.1261614958546229e+19 8.6496603901504258e-03 3.0000000000000000e+00 6.3404370436872298e+01
3.1176411369259246e+07 8.9927910168390967e-05 8.9171191325409966e+09 6.9157781145991432e+05 8.3402303883170767e+09 1.7306662326717651e+09 1.1414620583468280e+19 8.6886571022293038e-03 3.0000000000000000e+00 6.3404370436266532e+01
3.1316969204546351e+07 8.9927910167558381e-05 8.9171191324309101e+09 6.9157781145777926e+05 8.3402303882141123e+09 1.7306662326503935e+09 1.1569705015145650e+19 8.7278296297133937e-03 3.0000000000000000e+00 6.3404370435655068e+01
3.1458160740256082e+07 8.9927910166718287e-05 8.9171191323198395e+09 6.9157781145562581e+05 8.3402303881102276e+09 1.7306662326288376e+09 1.1726896497229631e+19 8.7671787652607112e-03 3.0000000000000000e+00 6.3404370435038153e+01
3.1599988833406150e+07 8.9927910165870685e-05 8.9171191322077866e+09 6.9157781145345373e+05 8.3402303880054245e+09 1.7306662326070952e+09 1.1886223657103196e+19 8.8067053051029392e-03 3.0000000000000000e+00 6.3404370434415860e+01
3.1742456353895050e+07 8.9927910165015250e-05 8.9171191320946903e+09 6.9157781145126093e+05 8.3402303878996429e+09 1.7306662325851452e+09 1.2047715511094436e+19 8.8464100490615455e-03 3.0000000000000000e+00 6.3404370433787790e+01
3.1885566184560105e+07 8.9927910164152319e-05 8.9171191319805794e+09 6.9157781144904741e+05 8.3402303877929182e+09 1.7306662325629880e+09 1.2211401469760991e+19 8.8862938005639710e-03 3.0000000000000000e+00 6.3404370433153701e+01
3.2029321221235834e+07 8.9927910163281393e-05 8.9171191318654537e+09 6.9157781144681619e+05 8.3402303876852379e+09 1.7306662325406537e+09 1.2377311343246289e+19 8.9263573666598876e-03 3.0000000000000000e+00 6.3404370432514646e+01
3.2173724372812521e+07 8.9927910162402634e-05 8.9171191317492828e+09 6.9157781144456426e+05 8.3402303875765800e+09 1.7306662325181117e+09 1.2545475346708382e+19 8.9666015580375045e-03 3.0000000000000000e+00 6.3404370431869417e+01
3.2318778561295085e+07 8.9927910161516055e-05 8.9171191316320362e+09 6.9157781144228950e+05 8.3402303874669237e+09 1.7306662324953415e+09 1.2715924105822806e+19 9.0070271890400153e-03 3.0000000000000000e+00 6.3404370431217870e+01
3.2464486721862216e+07 8.9927910160621330e-05 8.9171191315137749e+09 6.9157781143999798e+05 8.3402303873563089e+09 1.7306662324724038e+09 1.2888688662359964e+19 9.0476350776820379e-03 3.0000000000000000e+00 6.3404370430561386e+01
3.2610851802925758e+07 8.9927910159718624e-05 8.9171191313944035e+09 6.9157781143768248e+05 8.3402303872446642e+09 1.7306662324492254e+09 1.3063800479838458e+19 9.0884260456661897e-03 3.0000000000000000e+00 6.3404370429898066e+01
3.2757876766190369e+07 8.9927910158807596e-05 8.9171191312739563e+09 6.9157781143534719e+05 8.3402303871320086e+09 1.7306662324258494e+09 1.3241291449255102e+19 9.1294009183997028e-03 3.0000000000000000e+00 6.3404370429229125e+01
3.2905564586713471e+07 8.9927910157888436e-05 8.9171191311524639e+09 6.9157781143299281e+05 8.3402303870183687e+09 1.7306662324022820e+09 1.3421193894892902e+19 9.1705605250111347e-03 3.0000000000000000e+00 6.3404370428554813e+01
3.3053918252965417e+07 8.9927910156960956e-05 8.9171191310298309e+09 6.9157781143061467e+05 8.3402303869036722e+09 1.7306662323784771e+09 1.3603540580207806e+19 9.2119056983671378e-03 3.0000000000000000e+00 6.3404370427873573e+01
3.3202940766889993e+07 8.9927910156025181e-05 8.9171191309060898e+09 6.9157781142821466e+05 8.3402303867879419e+09 1.7306662323544528e+09 1.3788364713795598e+19 9.2534372750893174e-03 3.0000000000000000e+00 6.3404370427185995e+01
3.3352635143965147e+07 8.9927910155080935e-05 8.9171191307812386e+09 6.9157781142579322e+05 8.3402303866711664e+09 1.7306662323302145e+09 1.3975699955439716e+19 9.2951560955711644e-03 3.0000000000000000e+00 6.3404370426492378e+01
3.3503004413264010e+07 8.9927910154128057e-05 8.9171191306552792e+09 6.9157781142335199e+05 8.3402303865533524e+09 1.7306662323057778e+09 1.4165580422241366e+19 9.3370630039950470e-03 3.0000000000000000e+00 6.3404370425793076e+01
3.3654051617516197e+07 8.9927910153166560e-05 8.9171191305281467e+09 6.9157781142088654e+05 8.3402303864344473e+09 1.7306662322810988e+09 1.4358040694832820e+19 9.3791588483493130e-03 3.0000000000000000e+00 6.3404370425086853e+01
3.3805779813169368e+07 8.9927910152196429e-05 8.9171191303999062e+09 6.9157781141840108e+05 8.3402303863144999e+09 1.7306662322562194e+09 1.4553115823675120e+19 9.4214444804454310e-03 3.0000000000000000e+00 6.3404370424374846e+01
3.3958192070451066e+07 8.9927910151217516e-05 8.9171191302704620e+09 6.9157781141589023e+05 8.3402303861934328e+09 1.7306662322310860e+09 1.4750841335441480e+19 9.4639207559352300e-03 3.0000000000000000e+00 6.3404370423655664e+01
3.4111291473430865e+07 8.9927910150229822e-05 8.9171191301398773e+09 6.9157781141335843e+05 8.3402303860712986e+09 1.7306662322057426e+09 1.4951253239487240e+19 9.5065885343282256e-03 3.0000000000000000e+00 6.3404370422930384e+01
3.4265081120082773e+07 8.9927910149233020e-05 8.9171191300081196e+09 6.9157781141080521e+05 8.3402303859480591e+09 1.7306662321801851e+09 1.5154388034407954e+19 9.5494486790090004e-03 3.0000000000000000e+00 6.3404370422198966e+01
3.4419564122347906e+07 8.9927910148227436e-05 8.9171191298751602e+09 6.9157781140822684e+05 8.3402303858237047e+09 1.7306662321543758e+09 1.5360282714686284e+19 9.5925020572546812e-03 3.0000000000000000e+00 6.3404370421460314e+01
3.4574743606197454e+07 8.9927910147212582e-05 8.9171191297409954e+09 6.9157781140562589e+05 8.3402303856982164e+09 1.7306662321283405e+09 1.5568974777429445e+19 9.6357495402524720e-03 3.0000000000000000e+00 6.3404370420715324e+01
3.4730622711695969e+07 8.9927910146188621e-05 8.9171191296055946e+09 6.9157781140299980e+05 8.3402303855715809e+09 1.7306662321020532e+09 1.5780502229198064e+19 9.6791920031173116e-03 3.0000000000000000e+00 6.3404370419963058e+01
3.4887204593064860e+07 8.9927910145155552e-05 8.9171191294689903e+09 6.9157781140034995e+05 8.3402303854438133e+09 1.7306662320755284e+09 1.5994903592927896e+19 9.7228303249095645e-03 3.0000000000000000e+00 6.3404370419203985e+01
3.5044492418746255e+07 8.9927910144112902e-05 8.9171191293311825e+09 6.9157781139768008e+05 8.3402303853149166e+09 1.7306662320488031e+09 1.6212217914945427e+19 9.7666653886527947e-03 3.0000000000000000e+00 6.3404370418439214e+01
3.5202489371467099e+07 8.9927910143060982e-05 8.9171191291920757e+09 6.9157781139498134e+05 8.3402303851848125e+09 1.7306662320217888e+09 1.6432484772079118e+19 9.8106980813516646e-03 3.0000000000000000e+00 6.3404370417666193e+01
3.5361198648303546e+07 8.9927910141999494e-05 8.9171191290517330e+09 6.9157781139226025e+05 8.3402303850535507e+09 1.7306662319945509e+09 1.6655744278866866e+19 9.8549292940098600e-03 3.0000000000000000e+00 6.3404370416886700e+01
3.5520623460745677e+07 8.9927910140928411e-05 8.9171191289101562e+09 6.9157781138951657e+05 8.3402303849211264e+09 1.7306662319670868e+09 1.6882037094861623e+19 9.8993599216481327e-03 3.0000000000000000e+00 6.3404370416100726e+01
3.5680767034762464e+07 8.9927910139847732e-05 8.9171191287672482e+09 6.9157781138674449e+05 8.3402303847874689e+09 1.7306662319393384e+09 1.7111404432036266e+19 9.9439908633224029e-03 3.0000000000000000e+00 6.3404370415306666e+01
3.5841632610867053e+07 8.9927910138757160e-05 8.9171191286230717e+09 6.9157781138394936e+05 8.3402303846526184e+09 1.7306662319113591e+09 1.7343888062289060e+19 9.9888230221419523e-03 3.0000000000000000e+00 6.3404370414506033e+01
3.6003223444182359e+07 8.9927910137656844e-05 8.9171191284775982e+09 6.9157781138112885e+05 8.3402303845165558e+09 1.7306662318831260e+09 1.7579530325050978e+19 1.0033857305287710e-02 3.0000000000000000e+00 6.3404370413698018e+01
3.6165542804506876e+07 8.9927910136546621e-05 8.9171191283307934e+09 6.9157781137828156e+05 8.3402303843792524e+09 1.7306662318546247e+09 1.7818374134996525e+19 1.0079094624030590e-02 3.0000000000000000e+00 6.3404370412882393e+01
3.6328593976380907e+07 8.9927910135426180e-05 8.9171191281826878e+09 6.9157781137541123e+05 8.3402303842407236e+09 1.7306662318258929e+09 1.8060462989859271e+19 1.0124535893749943e-02 3.0000000000000000e+00 6.3404370412060210e+01
3.6492380259152986e+07 8.9927910134295831e-05 8.9171191280332222e+09 6.9157781137251249e+05 8.3402303841009340e+09 1.7306662317968767e+09 1.8305840978353517e+19 1.0170182033952084e-02 3.0000000000000000e+00 6.3404370411229763e+01
3.6656904967046663e+07 8.9927910133155101e-05 8.9171191278824253e+09 6.9157781136958953e+05 8.3402303839598875e+09 1.7306662317676179e+09 1.8554552788203803e+19 1.0216033968288889e-02 3.0000000000000000e+00 6.3404370410392467e+01
3.6822171429227546e+07 8.9927910132004139e-05 8.9171191277302361e+09 6.9157781136663794e+05 8.3402303838175488e+09 1.7306662317380726e+09 1.8806643714283082e+19 1.0262092624576488e-02 3.0000000000000000e+00 6.3404370409546971e+01
3.6988182989870675e+07 8.9927910130842647e-05 8.9171191275766830e+09 6.9157781136366096e+05 8.3402303836739264e+09 1.7306662317082732e+09 1.9062159666861896e+19 1.0308358934814035e-02 3.0000000000000000e+00 6.3404370408694291e+01
3.7154943008228198e+07 8.9927910129670760e-05 8.9171191274217682e+09 6.9157781136065838e+05 8.3402303835290318e+09 1.7306662316782174e+09 1.9321147179969454e+19 1.0354833835202573e-02 3.0000000000000000e+00 6.3404370407834080e+01
3.7322454858697362e+07 8.9927910128488329e-05 8.9171191272654266e+09 6.9157781135762646e+05 8.3402303833828039e+09 1.7306662316478682e+09 1.9583653419868295e+19 1.0401518266163989e-02 3.0000000000000000e+00 6.3404370406965640e+01
3.7490721930888735e+07 8.9927910127295205e-05 8.9171191271076603e+09 6.9157781135456660e+05 8.3402303832352476e+09 1.7306662316172390e+09 1.9849726193644040e+19 1.0448413172360005e-02 3.0000000000000000e+00 6.3404370406089107e+01
3.7659747629694872e+07 8.9927910126091212e-05 8.9171191269484997e+09 6.9157781135148159e+05 8.3402303830863819e+09 1.7306662315863581e+09 2.0119413957912097e+19 1.0495519502711353e-02 3.0000000000000000e+00 6.3404370405205377e+01
3.7829535375359140e+07 8.9927910124876364e-05 8.9171191267878838e+09 6.9157781134836748e+05 8.3402303829361572e+09 1.7306662315551860e+09 2.0392765827642147e+19 1.0542838210416908e-02 3.0000000000000000e+00 6.3404370404313291e+01
3.8000088603545003e+07 8.9927910123650646e-05 8.9171191266258087e+09 6.9157781134522404e+05 8.3402303827845707e+09 1.7306662315237203e+09 2.0669831585103299e+19 1.0590370252973044e-02 3.0000000000000000e+00 6.3404370403412834e+01
3.8171410765405461e+07 8.9927910122413748e-05 8.9171191264622765e+09 6.9157781134205312e+05 8.3402303826316156e+09 1.7306662314919796e+09 2.0950661688929923e+19 1.0638116592192942e-02 3.0000000000000000e+00 6.3404370402504604e+01
3.8343505327652946e+07 8.9927910121165668e-05 8.9171191262972870e+09 6.9157781133885519e+05 8.3402303824772987e+09 1.7306662314599686e+09 2.1235307283311407e+19 1.0686078194226119e-02 3.0000000000000000e+00 6.3404370401588487e+01
3.8516375772629455e+07 8.9927910119906246e-05 8.9171191261307774e+09 6.9157781133562676e+05 8.3402303823215609e+09 1.7306662314276521e+09 2.1523820207306121e+19 1.0734256029577921e-02 3.0000000000000000e+00 6.3404370400663723e+01
3.8690025598376997e+07 8.9927910118635642e-05 8.9171191259627781e+09 6.9157781133236876e+05 8.3402303821644316e+09 1.7306662313950396e+09 2.1816253004282466e+19 1.0782651073129198e-02 3.0000000000000000e+00 6.3404370399730453e+01
3.8864458318708390e+07 8.9927910117353370e-05 8.9171191257932587e+09 6.9157781132908259e+05 8.3402303820058784e+09 1.7306662313621449e+09 2.2112658931487932e+19 1.0831264304156010e-02 3.0000000000000000e+00 6.3404370398789069e+01
3.9039677463278376e+07 8.9927910116059605e-05 8.9171191256221867e+09 6.9157781132576475e+05 8.3402303818458767e+09 1.7306662313289337e+09 2.2413091969747997e+19 1.0880096706349457e-02 3.0000000000000000e+00 6.3404370397838711e+01
3.9215686577655017e+07 8.9927910114754185e-05 8.9171191254495945e+09 6.9157781132241827e+05 8.3402303816844501e+09 1.7306662312954357e+09 2.2717606833297359e+19 1.0929149267835579e-02 3.0000000000000000e+00 6.3404370396880040e+01
3.9392489223391458e+07 8.9927910113436771e-05 8.9171191252754498e+09 6.9157781131904316e+05 8.3402303815215654e+09 1.7306662312616510e+09 2.3026258979743998e+19 1.0978422981195342e-02 3.0000000000000000e+00 6.3404370395913219e+01
3.9570088978097998e+07 8.9927910112107701e-05 8.9171191250996895e+09 6.9157781131563359e+05 8.3402303813571854e+09 1.7306662312275212e+09 2.3339104620169236e+19 1.1027918843484742e-02 3.0000000000000000e+00 6.3404370394936521e+01
3.9748489435514458e+07 8.9927910110766489e-05 8.9171191249223766e+09 6.9157781131219608e+05 8.3402303811913414e+09 1.7306662311931119e+09 2.3656200729364746e+19 1.1077637856254950e-02 3.0000000000000000e+00 6.3404370393951829e+01
3.9927694205582932e+07 8.9927910109413134e-05 8.9171191247434483e+09 6.9157781130872690e+05 8.3402303810239887e+09 1.7306662311583858e+09 2.3977605056208638e+19 1.1127581025572623e-02 3.0000000000000000e+00 6.3404370392958107e+01
4.0107706914520815e+07 8.9927910108047649e-05 8.9171191245629044e+09 6.9157781130522583e+05 8.3402303808551264e+09 1.7306662311233399e+09 2.4303376134182515e+19 1.1177749362040214e-02 3.0000000000000000e+00 6.3404370391955162e+01
4.0288531204894193e+07 8.9927910106669696e-05 8.9171191243807430e+09 6.9157781130169472e+05 8.3402303806847458e+09 1.7306662310879936e+09 2.4633573292031697e+19 1.1228143880816464e-02 3.0000000000000000e+00 6.3404370390943654e+01
4.0470170735691525e+07 8.9927910105279288e-05 8.9171191241969357e+09 6.9157781129813171e+05 8.3402303805128269e+09 1.7306662310523281e+09 2.4968256664569676e+19 1.1278765601636898e-02 3.0000000000000000e+00 6.3404370389923081e+01
4.0652629182397716e+07 8.9927910103876411e-05 8.9171191240114498e+09 6.9157781129453494e+05 8.3402303803393431e+09 1.7306662310163245e+09 2.5307487203630047e+19 1.1329615548834509e-02 3.0000000000000000e+00 6.3404370388892730e+01
4.0835910237068474e+07 8.9927910102460918e-05 8.9171191238242855e+09 6.9157781129090511e+05 8.3402303801642895e+09 1.7306662309799902e+09 2.5651326689166868e+19 1.1380694751360446e-02 3.0000000000000000e+00 6.3404370387852914e+01
4.1020017608405009e+07 8.9927910101032481e-05 8.9171191236354408e+09 6.9157781128724408e+05 8.3402303799876614e+09 1.7306662309433434e+09 2.5999837740505817e+19 1.1432004242804860e-02 3.0000000000000000e+00 6.3404370386804167e+01
4.1204955021829106e+07 8.9927910099591116e-05 8.9171191234448853e+09 6.9157781128354976e+05 8.3402303798094311e+09 1.7306662309063635e+09 2.6353083827748336e+19 1.1483545061417810e-02 3.0000000000000000e+00 6.3404370385746056e+01
4.1390726219558477e+07 8.9927910098136808e-05 8.9171191232526207e+09 6.9157781127982261e+05 8.3402303796296043e+09 1.7306662308690548e+09 2.6711129283330671e+19 1.1535318250130260e-02 3.0000000000000000e+00 6.3404370384678330e+01
4.1577334960682504e+07 8.9927910096669394e-05 8.9171191230585804e+09 6.9157781127605890e+05 8.3402303794481230e+09 1.7306662308313801e+09 2.7074039313739882e+19 1.1587324856575196e-02 3.0000000000000000e+00 6.3404370383600209e+01
4.1764785021238312e+07 8.9927910095188726e-05 8.9171191228628292e+09 6.9157781127226376e+05 8.3402303792650318e+09 1.7306662307933912e+09 2.7441880011389354e+19 1.1639565933108834e-02 3.0000000000000000e+00 6.3404370382513058e+01
4.1953080194287159e+07 8.9927910093694642e-05 8.9171191226653042e+09 6.9157781126843439e+05 8.3402303790802841e+09 1.7306662307550592e+09 2.7814718366655128e+19 1.1692042536831898e-02 3.0000000000000000e+00 6.3404370381416101e+01
4.2142224289991185e+07 8.9927910092186977e-05 8.9171191224659748e+09 6.9157781126456964e+05 8.3402303788938494e+09 1.7306662307163732e+09 2.8192622280076161e+19 1.1744755729611008e-02 3.0000000000000000e+00 6.3404370380309089e+01
4.2332221135690540e+07 8.9927910090665733e-05 8.9171191222648392e+09 6.9157781126066949e+05 8.3402303787057314e+09 1.7306662306773329e+09 2.8575660574720242e+19 1.1797706578100186e-02 3.0000000000000000e+00 6.3404370379191846e+01
4.2523074575980805e+07 8.9927910089130760e-05 8.9171191220618973e+09 6.9157781125673465e+05 8.3402303785159187e+09 1.7306662306379454e+09 2.8963903008717971e+19 1.1850896153762419e-02 3.0000000000000000e+00 6.3404370378064662e+01
4.2714788472790800e+07 8.9927910087581869e-05 8.9171191218571167e+09 6.9157781125276396e+05 8.3402303783243837e+09 1.7306662305981989e+09 2.9357420287966724e+19 1.1904325532891349e-02 3.0000000000000000e+00 6.3404370376927339e+01
4.2907366705460705e+07 8.9927910086019100e-05 8.9171191216505013e+09 6.9157781124875788e+05 8.3402303781311340e+09 1.7306662305580983e+09 2.9756284079007822e+19 1.1957995796633071e-02 3.0000000000000000e+00 6.3404370375779742e+01
4.3100813170820616e+07 8.9927910084442101e-05 8.9171191214420147e+09 6.9157781124471617e+05 8.3402303779361362e+09 1.7306662305176408e+09 3.0160567022077899e+19 1.2011908031007964e-02 3.0000000000000000e+00 6.3404370374621919e+01
4.3295131783269316e+07 8.9927910082850899e-05 8.9171191212316284e+09 6.9157781124063651e+05 8.3402303777393637e+09 1.7306662304768035e+09 3.0570342744338276e+19 1.2066063326932708e-02 3.0000000000000000e+00 6.3404370373453261e+01
4.3490326474853568e+07 8.9927910081245304e-05 8.9171191210193405e+09 6.9157781123652006e+05 8.3402303775408115e+09 1.7306662304355981e+09 3.0985685873283760e+19 1.2120462780242354e-02 3.0000000000000000e+00 6.3404370372274116e+01
4.3686401195347615e+07 8.9927910079625180e-05 8.9171191208051529e+09 6.9157781123236753e+05 8.3402303773404760e+09 1.7306662303940315e+09 3.1406672050333516e+19 1.2175107491712467e-02 3.0000000000000000e+00 6.3404370371084617e+01
4.3883359912333131e+07 8.9927910077990529e-05 8.9171191205890312e+09 6.9157781122817704e+05 8.3402303771383381e+09 1.7306662303520846e+09 3.1833377944606695e+19 1.2229998567081440e-02 3.0000000000000000e+00 6.3404370369884212e+01
4.4081206611279517e+07 8.9927910076341010e-05 8.9171191203709469e+09 6.9157781122394861e+05 8.3402303769343615e+09 1.7306662303097584e+09 3.2265881266885517e+19 1.2285137117072843e-02 3.0000000000000000e+00 6.3404370368672950e+01
4.4279945295624517e+07 8.9927910074676475e-05 8.9171191201508656e+09 6.9157781121968105e+05 8.3402303767285213e+09 1.7306662302670405e+09 3.2704260783767511e+19 1.2340524257417912e-02 3.0000000000000000e+00 6.3404370367450561e+01
4.4479579986855254e+07 8.9927910072997087e-05 8.9171191199288216e+09 6.9157781121537532e+05 8.3402303765208435e+09 1.7306662302239401e+09 3.3148596332010451e+19 1.2396161108878112e-02 3.0000000000000000e+00 6.3404370366217101e+01
4.4680114724589579e+07 8.9927910071302357e-05 8.9171191197047806e+09 6.9157781121103233e+05 8.3402303763112936e+09 1.7306662301804669e+09 3.3598968833072013e+19 1.2452048797267834e-02 3.0000000000000000e+00 6.3404370364973097e+01
4.4881553566657856e+07 8.9927910069592461e-05 8.9171191194787121e+09 6.9157781120664906e+05 8.3402303760998507e+09 1.7306662301365905e+09 3.4055460307847184e+19 1.2508188453477159e-02 3.0000000000000000e+00 6.3404370363717426e+01
4.5083900589185022e+07 8.9927910067867062e-05 8.9171191192505836e+09 6.9157781120222551e+05 8.3402303758864841e+09 1.7306662300923111e+09 3.4518153891605467e+19 1.2564581213494748e-02 3.0000000000000000e+00 6.3404370362450258e+01
4.5287159886673100e+07 8.9927910066126010e-05 8.9171191190203972e+09 6.9157781119776238e+05 8.3402303756711884e+09 1.7306662300476353e+09 3.4987133849131475e+19 1.2621228218430836e-02 3.0000000000000000e+00 6.3404370361171807e+01
4.5491335572084032e+07 8.9927910064369304e-05 8.9171191187881508e+09 6.9157781119325967e+05 8.3402303754539633e+09 1.7306662300025635e+09 3.5462485590071017e+19 1.2678130614540305e-02 3.0000000000000000e+00 6.3404370359881959e+01
4.5696431776922934e+07 8.9927910062596633e-05 8.9171191185537834e+09 6.9157781118871551e+05 8.3402303752347584e+09 1.7306662299570765e+09 3.5944295684485734e+19 1.2735289553245901e-02 3.0000000000000000e+00 6.3404370358580344e+01
4.5902452651321657e+07 8.9927910060807971e-05 8.9171191183172913e+09 6.9157781118412968e+05 8.3402303750135679e+09 1.7306662299111726e+09 3.6432651878619034e+19 1.2792706191161515e-02 3.0000000000000000e+00 6.3404370357266764e+01
4.6109402364122808e+07 8.9927910059003181e-05 8.9171191180786781e+09 6.9157781117950333e+05 8.3402303747903919e+09 1.7306662298648629e+09 3.6927643110876291e+19 1.2850381690115591e-02 3.0000000000000000e+00 6.3404370355941417e+01
4.6317285102964059e+07 8.9927910057182101e-05 8.9171191178379116e+09 6.9157781117483508e+05 8.3402303745652018e+09 1.7306662298181338e+09 3.7429359528022106e+19 1.2908317217174645e-02 3.0000000000000000e+00 6.3404370354604190e+01
4.6526105074362934e+07 8.9927910055344405e-05 8.9171191175949574e+09 6.9157781117012491e+05 8.3402303743379650e+09 1.7306662297709856e+09 3.7937892501597585e+19 1.2966513944666868e-02 3.0000000000000000e+00 6.3404370353254983e+01
4.6735866503801897e+07 8.9927910053490257e-05 8.9171191173498173e+09 6.9157781116537168e+05 8.3402303741086817e+09 1.7306662297234058e+09 3.8453334644560781e+19 1.3024973050205856e-02 3.0000000000000000e+00 6.3404370351893448e+01
4.6946573635813847e+07 8.9927910051619330e-05 8.9171191171024609e+09 6.9157781116057583e+05 8.3402303738773289e+09 1.7306662296753995e+09 3.8975779828153254e+19 1.3083695716714441e-02 3.0000000000000000e+00 6.3404370350519649e+01
4.7158230734068051e+07 8.9927910049731477e-05 8.9171191168528538e+09 6.9157781115573575e+05 8.3402303736438723e+09 1.7306662296269507e+09 3.9505323198995579e+19 1.3142683132448610e-02 3.0000000000000000e+00 6.3404370349133117e+01
4.7370842081456356e+07 8.9927910047826534e-05 8.9171191166010303e+09 6.9157781115085445e+05 8.3402303734083338e+09 1.7306662295780890e+09 4.0042061196415214e+19 1.3201936491021575e-02 3.0000000000000000e+00 6.3404370347734911e+01
4.7584411980179921e+07 8.9927910045904487e-05 8.9171191163468933e+09 6.9157781114592613e+05 8.3402303731706429e+09 1.7306662295287566e+09 4.0586091570010096e+19 1.3261456991427919e-02 3.0000000000000000e+00 6.3404370346323155e+01
4.7798944751836210e+07 8.9927910043965039e-05 8.9171191160904751e+09 6.9157781114095426e+05 8.3402303729308109e+09 1.7306662294789884e+09 4.1137513397450244e+19 1.3321245838067829e-02 3.0000000000000000e+00 6.3404370344898922e+01
4.8014444737506486e+07 8.9927910042008014e-05 8.9171191158317127e+09 6.9157781113593630e+05 8.3402303726887960e+09 1.7306662294287586e+09 4.1696427102521795e+19 1.3381304240771517e-02 3.0000000000000000e+00 6.3404370343461508e+01
4.8230916297843635e+07 8.9927910040033261e-05 8.9171191155706387e+09 6.9157781113087479e+05 8.3402303724446106e+09 1.7306662293780932e+09 4.2262934473415942e+19 1.3441633414823658e-02 3.0000000000000000e+00 6.3404370342011653e+01
4.8448363813160390e+07 8.9927910038040606e-05 8.9171191153072205e+09 6.9157781112576881e+05 8.3402303721982269e+09 1.7306662293269827e+09 4.2837138681266274e+19 1.3502234580988001e-02 3.0000000000000000e+00 6.3404370340549079e+01
4.8666791683517992e+07 8.9927910036030075e-05 8.9171191150413933e+09 6.9157781112061418e+05 8.3402303719496002e+09 1.7306662292753849e+09 4.3419144298938229e+19 1.3563108965532065e-02 3.0000000000000000e+00 6.3404370339072429e+01
4.8886204328815222e+07 8.9927910034001316e-05 8.9171191147731590e+09 6.9157781111541297e+05 8.3402303716987209e+09 1.7306662292233212e+09 4.4009057320073675e+19 1.3624257800251968e-02 3.0000000000000000e+00 6.3404370337582584e+01
4.9106606188877814e+07 8.9927910031954356e-05 8.9171191145025177e+09 6.9157781111016497e+05 8.3402303714455891e+09 1.7306662291707890e+09 4.4606985178394100e+19 1.3685682322497320e-02 3.0000000000000000e+00 6.3404370336079211e+01
4.9328001723548330e+07 8.9927910029888707e-05 8.9171191142294350e+09 6.9157781110487110e+05 8.3402303711901712e+09 1.7306662291177976e+09 4.5213036767266464e+19 1.3747383775196307e-02 3.0000000000000000e+00 6.3404370334562877e+01
4.9550395412776366e+07 8.9927910027804531e-05 8.9171191139538822e+09 6.9157781109952834e+05 8.3402303709324446e+09 1.7306662290643165e+09 4.5827322459534270e+19 1.3809363406880786e-02 3.0000000000000000e+00 6.3404370333032368e+01
4.9773791756709248e+07 8.9927910025701505e-05 8.9171191136758270e+09 6.9157781109413668e+05 8.3402303706723814e+09 1.7306662290103464e+09 4.6449954127618810e+19 1.3871622471711597e-02 3.0000000000000000e+00 6.3404370331487847e+01
4.9998195275783047e+07 8.9927910023579463e-05 8.9171191133952694e+09 6.9157781108869682e+05 8.3402303704099731e+09 1.7306662289558935e+09 4.7081045163892982e+19 1.3934162229503923e-02 3.0000000000000000e+00 6.3404370329929584e+01
5.0223610510814093e+07 8.9927910021438096e-05 8.9171191131121788e+09 6.9157781108320900e+05 8.3402303701451931e+09 1.7306662289009607e+09 4.7720710501331927e+19 1.3996983945752769e-02 3.0000000000000000e+00 6.3404370328357608e+01
5.0450042023090817e+07 8.9927910019277552e-05 8.9171191128265190e+09 6.9157781107766973e+05 8.3402303698780146e+09 1.7306662288455129e+09 4.8369066634444603e+19 1.4060088891658591e-02 3.0000000000000000e+00 6.3404370326770874e+01
5.0677494394466095e+07 8.9927910017097371e-05 8.9171191125382633e+09 6.9157781107208040e+05 8.3402303696084108e+09 1.7306662287895639e+09 4.9026231640489525e+19 1.4123478344153017e-02 3.0000000000000000e+00 6.3404370325169864e+01
5.0905972227449916e+07 8.9927910014897525e-05 8.9171191122474422e+09 6.9157781106644263e+05 8.3402303693363991e+09 1.7306662287331302e+09 4.9692325200978502e+19 1.4187153585924660e-02 3.0000000000000000e+00 6.3404370323554886e+01
5.1135480145302549e+07 8.9927910012677892e-05 8.9171191119539585e+09 6.9157781106075109e+05 8.3402303690619049e+09 1.7306662286761582e+09 5.0367468623473000e+19 1.4251115905445109e-02 3.0000000000000000e+00 6.3404370321924539e+01
5.1366022792128071e+07 8.9927910010438120e-05 8.9171191116578445e+09 6.9157781105501042e+05 8.3402303687849503e+09 1.7306662286186943e+09 5.1051784863676367e+19 1.4315366596994977e-02 3.0000000000000000e+00 6.3404370320279995e+01
5.1597604832968369e+07 8.9927910008178060e-05 8.9171191113590393e+09 6.9157781104921689e+05 8.3402303685054760e+09 1.7306662285607011e+09 5.1745398547826221e+19 1.4379906960690103e-02 3.0000000000000000e+00 6.3404370318620472e+01
5.1830230953897499e+07 8.9927910005897712e-05 8.9171191110575409e+09 6.9157781104337052e+05 8.3402303682234831e+09 1.7306662285021791e+09 5.2448435995391222e+19 1.4444738302507846e-02 3.0000000000000000e+00 6.3404370316945759e+01
5.2063905862116531e+07 8.9927910003596601e-05 8.9171191107533188e+09 6.9157781103747245e+05 8.3402303679389400e+09 1.7306662284431398e+09 5.3161025242075955e+19 1.4509861934313523e-02 3.0000000000000000e+00 6.3404370315256216e+01
5.2298634286048815e+07 8.9927910001274714e-05 8.9171191104463406e+09 6.9157781103152037e+05 8.3402303676518211e+09 1.7306662283835597e+09 5.3883296063138693e+19 1.4575279173886967e-02 3.0000000000000000e+00 6.3404370313551333e+01
5.2534420975435622e+07 8.9927909998931916e-05 8.9171191101365738e+09 6.9157781102551334e+05 8.3402303673620977e+09 1.7306662283234296e+09 5.4615379997025657e+19 1.4640991344949150e-02 3.0000000000000000e+00 6.3404370311830611e+01
5.2771270701432303e+07 8.9927909996567854e-05 8.9171191098240509e+09 6.9157781101945532e+05 8.3402303670697889e+09 1.7306662282627890e+09 5.5357410369326629e+19 1.4706999777189022e-02 3.0000000000000000e+00 6.3404370310095274e+01
5.3009188256704777e+07 8.9927909994182555e-05 8.9171191095086765e+09 6.9157781101334002e+05 8.3402303667748175e+09 1.7306662282015753e+09 5.6109522317055746e+19 1.4773305806290373e-02 3.0000000000000000e+00 6.3404370308343530e+01
5.3248178455526561e+07 8.9927909991775694e-05 8.9171191091904507e+09 6.9157781100716931e+05 8.3402303664771814e+09 1.7306662281398065e+09 5.6871852813262676e+19 1.4839910773958888e-02 3.0000000000000000e+00 6.3404370306575871e+01
5.3488246133876167e+07 8.9927909989346945e-05 8.9171191088693428e+09 6.9157781100094342e+05 8.3402303661768475e+09 1.7306662280774858e+09 5.7644540691977593e+19 1.4906816027949294e-02 3.0000000000000000e+00 6.3404370304792508e+01
5.3729396149534948e+07 8.9927909986896310e-05 8.9171191085453510e+09 6.9157781099466211e+05 8.3402303658738174e+09 1.7306662280146101e+09 5.8427726673495425e+19 1.4974022922092604e-02 3.0000000000000000e+00 6.3404370302993172e+01
5.3971633382185414e+07 8.9927909984423637e-05 8.9171191082184143e+09 6.9157781098832213e+05 8.3402303655680332e+09 1.7306662279511471e+09 5.9221553390003577e+19 1.5041532816323561e-02 3.0000000000000000e+00 6.3404370301177046e+01
5.4214962733509965e+07 8.9927909981928427e-05 8.9171191078885307e+09 6.9157781098192651e+05 8.3402303652594900e+09 1.7306662278871274e+09 6.0026165411557769e+19 1.5109347076708095e-02 3.0000000000000000e+00 6.3404370299345025e+01
5.4459389127290078e+07 8.9927909979410869e-05 8.9171191075556698e+09 6.9157781097547221e+05 8.3402303649481659e+09 1.7306662278225200e+09 6.0841709272410776e+19 1.5177467075471034e-02 3.0000000000000000e+00 6.3404370297496200e+01
5.4704917509506032e+07 8.9927909976870462e-05 8.9171191072197990e+09 6.9157781096895994e+05 8.3402303646340237e+09 1.7306662277573323e+09 6.1668333497699475e+19 1.5245894191023842e-02 3.0000000000000000e+00 6.3404370295630706e+01
5.4951552848436594e+07 8.9927909974307042e-05 8.9171191068808861e+09 6.9157781096238876e+05 8.3402303643170357e+09 1.7306662276915553e+09 6.2506188630492201e+19 1.5314629807992418e-02 3.0000000000000000e+00 6.3404370293748457e+01
5.5199300134760164e+07 8.9927909971720474e-05 8.9171191065389328e+09 6.9157781095575960e+05 8.3402303639972029e+09 1.7306662276251979e+09 6.3355427259207893e+19 1.5383675317245304e-02 3.0000000000000000e+00 6.3404370291849432e+01
5.5448164381655343e+07 8.9927909969110569e-05 8.9171191061938744e+09 6.9157781094906921e+05 8.3402303636744661e+09 1.7306662275582273e+09 6.4216204045403259e+19 1.5453032115921679e-02 3.0000000000000000e+00 6.3404370289932935e+01
5.5698150624902502e+07 8.9927909966477029e-05 8.9171191058456802e+09 6.9157781094231759e+05 8.3402303633487997e+09 1.7306662274906437e+09 6.5088675751940301e+19 1.5522701607459692e-02 3.0000000000000000e+00 6.3404370287999036e+01
5.5949263922985643e+07 8.9927909963819852e-05 8.9171191054943485e+09 6.9157781093550450e+05 8.3402303630202007e+09 1.7306662274224451e+09 6.5973001271535067e+19 1.5592685201624828e-02 3.0000000000000000e+00 6.3404370286047367e+01
5.6201509357194789e+07 8.9927909961138390e-05 8.9171191051398506e+09 6.9157781092863227e+05 8.3402303626886358e+09 1.7306662273536541e+09 6.6869341655695393e+19 1.5662984314538480e-02 3.0000000000000000e+00 6.3404370284078816e+01
5.6454892031728789e+07 8.9927909958432953e-05 8.9171191047821522e+09 6.9157781092169625e+05 8.3402303623540773e+09 1.7306662272842247e+09 6.7777860144050864e+19 1.5733600368706552e-02 3.0000000000000000e+00 6.3404370282091989e+01
5.6709417073798619e+07 8.9927909955702932e-05 8.9171191044212208e+09 6.9157781091469852e+05 8.3402303620164948e+09 1.7306662272141781e+09 6.8698722194081964e+19 1.5804534793048275e-02 3.0000000000000000e+00 6.3404370280087448e+01
5.6965089633731104e+07 8.9927909952948300e-05 8.9171191040570278e+09 6.9157781090763723e+05 8.3402303616758633e+09 1.7306662271434946e+09 6.9632095511252623e+19 1.5875789022925121e-02 3.0000000000000000e+00 6.3404370278064675e+01
5.7221914885073155e+07 8.9927909950168758e-05 8.9171191036895409e+09 6.9157781090051192e+05 8.3402303613321495e+09 1.7306662270721707e+09 7.0578150079552537e+19 1.5947364500169842e-02 3.0000000000000000e+00 6.3404370276023656e+01
5.7479898024696454e+07 8.9927909947363967e-05 8.9171191033187275e+09 6.9157781089332281e+05 8.3402303609853258e+09 1.7306662270002079e+09 7.1537058192454230e+19 1.6019262673115636e-02 3.0000000000000000e+00 6.3404370273964389e+01
5.7739044272902593e+07 8.9927909944533942e-05 8.9171191029445553e+09 6.9157781088606757e+05 8.3402303606353617e+09 1.7306662269275835e+09 7.2508994484290593e+19 1.6091484996625455e-02 3.0000000000000000e+00 6.3404370271886080e+01
5.7999358873528749e+07 8.9927909941678357e-05 8.9171191025670242e+09 6.9157781087874807e+05 8.3402303602822533e+09 1.7306662268543155e+09 7.3494135962059497e+19 1.6164032932121486e-02 3.0000000000000000e+00 6.3404370269789339e+01
5.8260847094053753e+07 8.9927909938796900e-05 8.9171191021860733e+09 6.9157781087136222e+05 8.3402303599259472e+09 1.7306662267803833e+09 7.4492662037659206e+19 1.6236907947614648e-02 3.0000000000000000e+00 6.3404370267673727e+01
5.8523514225704700e+07 8.9927909935889558e-05 8.9171191018016682e+09 6.9157781086390791e+05 8.3402303595664129e+09 1.7306662267057660e+09 7.5504754560563020e+19 1.6310111517734368e-02 3.0000000000000000e+00 6.3404370265538397e+01
5.8787365583563998e+07 8.9927909932955693e-05 8.9171191014137783e+09 6.9157781085638725e+05 8.3402303592036200e+09 1.7306662266304846e+09 7.6530597850937033e+19 1.6383645123758374e-02 3.0000000000000000e+00 6.3404370263384116e+01
5.9052406506676942e+07 8.9927909929995482e-05 8.9171191010224037e+09 6.9157781084879884e+05 8.3402303588375635e+09 1.7306662265545249e+09 7.7570378733208371e+19 1.6457510253642692e-02 3.0000000000000000e+00 6.3404370261210438e+01
5.9318642358159743e+07 8.9927909927008587e-05 8.9171191006274815e+09 6.9157781084114057e+05 8.3402303584681931e+09 1.7306662264778659e+09 7.8624286570089021e+19 1.6531708402051749e-02 3.0000000000000000e+00 6.3404370259016723e+01
5.9586078525308028e+07 8.9927909923994532e-05 8.9171191002290115e+09 6.9157781083341572e+05 8.3402303580955000e+09 1.7306662264005404e+09 7.9692513297062265e+19 1.6606241070388605e-02 3.0000000000000000e+00 6.3404370256803880e+01
5.9854720419705883e+07 8.9927909920953331e-05 8.9171190998269291e+09 6.9157781082561961e+05 8.3402303577194290e+09 1.7306662263225017e+09 8.0775253457337663e+19 1.6681109766825367e-02 3.0000000000000000e+00 6.3404370254570672e+01
6.0124573477335356e+07 8.9927909917884646e-05 8.9171190994212036e+09 6.9157781081775250e+05 8.3402303573399534e+09 1.7306662262437522e+09 8.1872704237280805e+19 1.6756316006333660e-02 3.0000000000000000e+00 6.3404370252317143e+01
6.0395643158686414e+07 8.9927909914788164e-05 8.9171190990118351e+09 6.9157781080981623e+05 8.3402303569570656e+09 1.7306662261643107e+09 8.2985065502324326e+19 1.6831861310715325e-02 3.0000000000000000e+00 6.3404370250043812e+01
6.0667934948867500e+07 8.9927909911663738e-05 8.9171190985987282e+09 6.9157781080180546e+05 8.3402303565706882e+09 1.7306662260841231e+09 8.4112539833367265e+19 1.6907747208633195e-02 3.0000000000000000e+00 6.3404370247749149e+01
6.0941454357716456e+07 8.9927909908511027e-05 8.9171190981819153e+09 6.9157781079372438e+05 8.3402303561808386e+09 1.7306662260032318e+09 8.5255332563668304e+19 1.6983975235642018e-02 3.0000000000000000e+00 6.3404370245434365e+01
6.1216206919912070e+07 8.9927909905329883e-05 8.9171190977613316e+09 6.9157781078556972e+05 8.3402303557874651e+09 1.7306662259216039e+09 8.6413651816240972e+19 1.7060546934219545e-02 3.0000000000000000e+00 6.3404370243098398e+01
6.1492198195086047e+07 8.9927909902119980e-05 8.9171190973369465e+09 6.9157781077734125e+05 8.3402303553905344e+09 1.7306662258392375e+09 8.7587708541756408e+19 1.7137463853797743e-02 3.0000000000000000e+00 6.3404370240741365e+01
6.1769433767935507e+07 8.9927909898881170e-05 8.9171190969087276e+09 6.9157781076903804e+05 8.3402303549900208e+09 1.7306662257561228e+09 8.8777716556961300e+19 1.7214727550794128e-02 3.0000000000000000e+00 6.3404370238362795e+01
6.2047919248335987e+07 8.9927909895612965e-05 8.9171190964766445e+09 6.9157781076066080e+05 8.3402303545858898e+09 1.7306662256722667e+09 8.9983892583617724e+19 1.7292339588643277e-02 3.0000000000000000e+00 6.3404370235963150e+01
6.2327660271454982e+07 8.9927909892315215e-05 8.9171190960406342e+09 6.9157781075220671e+05 8.3402303541780910e+09 1.7306662255876420e+09 9.1206456287971918e+19 1.7370301537828470e-02 3.0000000000000000e+00 6.3404370233541464e+01
6.2608662497865945e+07 8.9927909888987744e-05 8.9171190956006947e+09 6.9157781074367603e+05 8.3402303537666121e+09 1.7306662255022502e+09 9.2445630320759816e+19 1.7448614975913438e-02 3.0000000000000000e+00 6.3404370231097914e+01
6.2890931613662831e+07 8.9927909885630078e-05 8.9171190951567936e+09 6.9157781073507015e+05 8.3402303533514261e+09 1.7306662254161055e+09 9.3701640357755175e+19 1.7527281487574316e-02 3.0000000000000000e+00 6.3404370228632793e+01
6.3174473330575198e+07 8.9927909882242231e-05 8.9171190947088718e+09 6.9157781072638510e+05 8.3402303529324846e+09 1.7306662253291686e+09 9.4974715140869882e+19 1.7606302664631708e-02 3.0000000000000000e+00 6.3404370226144842e+01
6.3459293386083707e+07 8.9927909878823552e-05 8.9171190942568932e+09 6.9157781071762205e+05 8.3402303525097456e+09 1.7306662252414508e+09 9.6265086519811080e+19 1.7685680106082867e-02 3.0000000000000000e+00 6.3404370223634771e+01
6.3745397543536291e+07 8.9927909875374190e-05 8.9171190938008595e+09 6.9157781070878054e+05 8.3402303520832138e+09 1.7306662251529477e+09 9.7572989494306079e+19 1.7765415418134083e-02 3.0000000000000000e+00 6.3404370221102035e+01
6.4032791592264757e+07 8.9927909871893535e-05 8.9171190933406773e+09 6.9157781069985800e+05 8.3402303516528006e+09 1.7306662250636334e+09 9.8898662256899277e+19 1.7845510214233175e-02 3.0000000000000000e+00 6.3404370218546134e+01
6.4321481347701892e+07 8.9927909868381398e-05 8.9171190928763428e+09 6.9157781069085537e+05 8.3402303512185040e+09 1.7306662249735174e+09 1.0024234623633164e+20 1.7925966115102138e-02 3.0000000000000000e+00 6.3404370215967425e+01
6.4611472651499204e+07 8.9927909864837642e-05 8.9171190924077969e+09 6.9157781068176962e+05 8.3402303507802734e+09 1.7306662248825696e+09 1.0160428614150914e+20 1.8006784748769922e-02 3.0000000000000000e+00 6.3404370213364807e+01
6.4902771371645086e+07 8.9927909861261767e-05 8.9171190919350357e+09 6.9157781067260378e+05 8.3402303503380976e+09 1.7306662247908196e+09 1.0298473000606863e+20 1.8087967750605411e-02 3.0000000000000000e+00 6.3404370210739209e+01
6.5195383402583562e+07 8.9927909857653624e-05 8.9171190914579983e+09 6.9157781066335458e+05 8.3402303498919210e+09 1.7306662246982358e+09 1.0438392923354910e+20 1.8169516763350487e-02 3.0000000000000000e+00 6.3404370208089730e+01
6.5489314665333569e+07 8.9927909854012900e-05 8.9171190909766541e+09 6.9157781065402180e+05 8.3402303494417171e+09 1.7306662246048150e+09 1.0580213864317690e+20 1.8251433437153276e-02 3.0000000000000000e+00 6.3404370205416399e+01
6.5784571107608758e+07 8.9927909850339271e-05 8.9171190904909363e+09 6.9157781064460310e+05 8.3402303489874249e+09 1.7306662245105343e+09 1.0723961651627291e+20 1.8333719429601540e-02 3.0000000000000000e+00 6.3404370202718411e+01
6.6081158703937866e+07 8.9927909846632410e-05 8.9171190900008469e+09 6.9157781063510082e+05 8.3402303485290432e+09 1.7306662244154167e+09 1.0869662464328991e+20 1.8416376405756215e-02 3.0000000000000000e+00 6.3404370199996485e+01
6.6379083455785595e+07 8.9927909842891994e-05 8.9171190895063229e+09 6.9157781062551239e+05 8.3402303480665112e+09 1.7306662243194370e+09 1.1017342837148977e+20 1.8499406038185132e-02 3.0000000000000000e+00 6.3404370197249939e+01
6.6678351391674042e+07 8.9927909839117724e-05 8.9171190890073318e+09 6.9157781061583804e+05 8.3402303475998011e+09 1.7306662242225971e+09 1.1167029665326750e+20 1.8582810006996804e-02 3.0000000000000000e+00 6.3404370194478716e+01
6.6978968567304708e+07 8.9927909835309586e-05 8.9171190885038414e+09 6.9157781060607522e+05 8.3402303471288843e+09 1.7306662241248717e+09 1.1318750209513251e+20 1.8666589999874479e-02 3.0000000000000000e+00 6.3404370191682119e+01
6.7280941065681040e+07 8.9927909831466780e-05 8.9171190879957905e+09 6.9157781059622508e+05 8.3402303466536989e+09 1.7306662240262723e+09 1.1472532100735504e+20 1.8750747712110268e-02 3.0000000000000000e+00 6.3404370188860639e+01
6.7584274997231483e+07 8.9927909827589470e-05 8.9171190874831448e+09 6.9157781058628461e+05 8.3402303461742239e+09 1.7306662239267685e+09 1.1628403345428737e+20 1.8835284846639429e-02 3.0000000000000000e+00 6.3404370186013061e+01
6.7888976499933168e+07 8.9927909823676869e-05 8.9171190869658737e+09 6.9157781057625590e+05 8.3402303456904135e+09 1.7306662238263814e+09 1.1786392330536837e+20 1.8920203114074882e-02 3.0000000000000000e+00 6.3404370183140479e+01
6.8195051739436090e+07 8.9927909819729113e-05 8.9171190864439468e+09 6.9157781056613685e+05 8.3402303452022505e+09 1.7306662237250903e+09 1.1946527828682133e+20 1.9005504232741742e-02 3.0000000000000000e+00 6.3404370180241770e+01
6.8502506909187883e+07 8.9927909815745578e-05 8.9171190859172668e+09 6.9157781055592443e+05 8.3402303447096453e+09 1.7306662236228645e+09 1.2108839003405396e+20 1.9091189928712178e-02 3.0000000000000000e+00 6.3404370177316544e+01
6.8811348230559126e+07 8.9927909811726088e-05 8.9171190853858356e+09 6.9157781054562004e+05 8.3402303442125959e+09 1.7306662235197179e+09 1.2273355414477047e+20 1.9177261935840264e-02 3.0000000000000000e+00 6.3404370174364885e+01
6.9121581952969253e+07 8.9927909807670345e-05 8.9171190848496208e+09 6.9157781053522346e+05 8.3402303437110720e+09 1.7306662234156485e+09 1.2440107023280518e+20 1.9263721995797126e-02 3.0000000000000000e+00 6.3404370171386667e+01
6.9433214354012996e+07 8.9927909803577861e-05 8.9171190843085575e+09 6.9157781052473327e+05 8.3402303432050114e+09 1.7306662233106422e+09 1.2609124198268759e+20 1.9350571858106125e-02 3.0000000000000000e+00 6.3404370168381739e+01
6.9746251739587411e+07 8.9927909799448325e-05 8.9171190837625847e+09 6.9157781051414716e+05 8.3402303426943588e+09 1.7306662232046754e+09 1.2780437720494871e+20 1.9437813280178302e-02 3.0000000000000000e+00 6.3404370165349469e+01
7.0060700444019511e+07 8.9927909795281560e-05 8.9171190832117023e+09 6.9157781050346675e+05 8.3402303421791162e+09 1.7306662230977652e+09 1.2954078789217899e+20 1.9525448027347937e-02 3.0000000000000000e+00 6.3404370162290014e+01
7.0376566830194414e+07 8.9927909791077092e-05 8.9171190826558132e+09 6.9157781049268809e+05 8.3402303416591902e+09 1.7306662229898713e+09 1.3130079027584773e+20 1.9613477872908250e-02 3.0000000000000000e+00 6.3404370159202479e+01
7.0693857289684057e+07 8.9927909786834608e-05 8.9171190820949211e+09 6.9157781048181350e+05 8.3402303411345835e+09 1.7306662228810170e+09 1.3308470488389408e+20 1.9701904598147281e-02 3.0000000000000000e+00 6.3404370156087509e+01
7.1012578242876604e+07 8.9927909782553948e-05 8.9171190815289574e+09 6.9157781047083950e+05 8.3402303406052361e+09 1.7306662227711678e+09 1.3489285659910170e+20 1.9790729992383974e-02 3.0000000000000000e+00 6.3404370152943940e+01
7.1332736139106348e+07 8.9927909778234473e-05 8.9171190809578629e+09 6.9157781045976607e+05 8.3402303400710926e+09 1.7306662226603231e+09 1.3672557471826515e+20 1.9879955853004335e-02 3.0000000000000000e+00 6.3404370149771971e+01
7.1654337456784144e+07 8.9927909773876021e-05 8.9171190803816357e+09 6.9157781044859393e+05 8.3402303395321407e+09 1.7306662225484905e+09 1.3858319301216068e+20 1.9969583985497835e-02 3.0000000000000000e+00 6.3404370146571708e+01
7.1977388703528598e+07 8.9927909769478104e-05 8.9171190798001823e+09 6.9157781043732027e+05 8.3402303389883051e+09 1.7306662224356418e+09 1.4046604978633233e+20 2.0059616203493925e-02 3.0000000000000000e+00 6.3404370143342348e+01
7.2301896416297689e+07 8.9927909765040410e-05 8.9171190792134686e+09 6.9157781042594439e+05 8.3402303384395475e+09 1.7306662223217695e+09 1.4237448794270315e+20 2.0150054328798749e-02 3.0000000000000000e+00 6.3404370140083792e+01
7.2627867161521047e+07 8.9927909760562628e-05 8.9171190786214657e+09 6.9157781041446654e+05 8.3402303378858433e+09 1.7306662222068768e+09 1.4430885504202356e+20 2.0240900191432005e-02 3.0000000000000000e+00 6.3404370136795997e+01
7.2955307535232842e+07 8.9927909756044432e-05 8.9171190780241070e+09 6.9157781040288415e+05 8.3402303373271294e+09 1.7306662220909374e+09 1.4626950336716874e+20 2.0332155629663954e-02 3.0000000000000000e+00 6.3404370133478260e+01
7.3284224163205400e+07 8.9927909751485484e-05 8.9171190774213638e+09 6.9157781039119768e+05 8.3402303367633810e+09 1.7306662219739566e+09 1.4825678998729648e+20 2.0423822490052704e-02 3.0000000000000000e+00 6.3404370130130623e+01
7.3614623701082677e+07 8.9927909746885187e-05 8.9171190768131409e+09 6.9157781037940434e+05 8.3402303361945086e+09 1.7306662218559058e+09 1.5027107682287203e+20 2.0515902627481365e-02 3.0000000000000000e+00 6.3404370126752447e+01
7.3946512834515825e+07 8.9927909742243501e-05 8.9171190761994362e+09 6.9157781036750413e+05 8.3402303356205091e+09 1.7306662217367852e+09 1.5231273071158588e+20 2.0608397905195853e-02 3.0000000000000000e+00 6.3404370123343661e+01
7.4279898279297903e+07 8.9927909737559639e-05 8.9171190755801868e+09 6.9157781035549799e+05 8.3402303350413218e+09 1.7306662216166041e+09 1.5438212347515804e+20 2.0701310194842424e-02 3.0000000000000000e+00 6.3404370119904549e+01
7.4614786781499907e+07 8.9927909732833615e-05 8.9171190749553642e+09 6.9157781034338381e+05 8.3402303344569206e+09 1.7306662214953415e+09 1.5647963198705399e+20 2.0794641376505597e-02 3.0000000000000000e+00 6.3404370116434436e+01
7.4951185117607236e+07 8.9927909728064779e-05 8.9171190743248692e+09 6.9157781033115904e+05 8.3402303338672132e+09 1.7306662213729722e+09 1.5860563824112032e+20 2.0888393338746168e-02 3.0000000000000000e+00 6.3404370112932718e+01
7.5289100094656900e+07 8.9927909723252805e-05 8.9171190736886711e+09 6.9157781031882367e+05 8.3402303332721729e+09 1.7306662212494955e+09 1.6076052942115235e+20 2.0982567978639465e-02 3.0000000000000000e+00 6.3404370109399331e+01
7.5628538550375178e+07 8.9927909718397545e-05 8.9171190730467396e+09 6.9157781030637678e+05 8.3402303326717739e+09 1.7306662211249027e+09 1.6294469797140762e+20 2.1077167201813692e-02 3.0000000000000000e+00 6.3404370105833877e+01
7.5969507353316024e+07 8.9927909713498198e-05 8.9171190723990116e+09 6.9157781029381882e+05 8.3402303320659456e+09 1.7306662209991984e+09 1.6515854166807675e+20 2.1172192922488536e-02 3.0000000000000000e+00 6.3404370102236726e+01
7.6312013403000087e+07 8.9927909708554751e-05 8.9171190717454224e+09 6.9157781028114585e+05 8.3402303314546404e+09 1.7306662208723423e+09 1.6740246369172593e+20 2.1267647063513875e-02 3.0000000000000000e+00 6.3404370098606542e+01
7.6656063630054206e+07 8.9927909703566431e-05 8.9171190710859089e+09 6.9157781026835856e+05 8.3402303308377953e+09 1.7306662207443419e+09 1.6967687270072261e+20 2.1363531556408674e-02 3.0000000000000000e+00 6.3404370094943680e+01
7.7001664996351764e+07 8.9927909698533213e-05 8.9171190704204712e+09 6.9157781025545695e+05 8.3402303302154074e+09 1.7306662206151974e+09 1.7198218290566024e+20 2.1459848341400106e-02 3.0000000000000000e+00 6.3404370091247948e+01
7.7348824495153546e+07 8.9927909693454471e-05 8.9171190697489815e+09 6.9157781024243636e+05 8.3402303295873623e+09 1.7306662204848619e+09 1.7431881414479325e+20 2.1556599367462775e-02 3.0000000000000000e+00 6.3404370087518295e+01
7.7697549151249170e+07 8.9927909688329718e-05 8.9171190690714417e+09 6.9157781022930006e+05 8.3402303289536543e+09 1.7306662203533683e+09 1.7668719196049677e+20 2.1653786592358171e-02 3.0000000000000000e+00 6.3404370083755445e+01
7.8047846021099359e+07 8.9927909683158806e-05 8.9171190683877888e+09 6.9157781021604477e+05 8.3402303283142309e+09 1.7306662202206833e+09 1.7908774767676604e+20 2.1751411982674308e-02 3.0000000000000000e+00 6.3404370079958419e+01
7.8399722192978591e+07 8.9927909677941083e-05 8.9171190676979256e+09 6.9157781020266796e+05 8.3402303276690006e+09 1.7306662200867817e+09 1.8152091847776761e+20 2.1849477513865470e-02 3.0000000000000000e+00 6.3404370076126717e+01
7.8753184787118629e+07 8.9927909672676075e-05 8.9171190670018539e+09 6.9157781018917286e+05 8.3402303270179586e+09 1.7306662199516966e+09 1.8398714748745892e+20 2.1947985170292207e-02 3.0000000000000000e+00 6.3404370072261123e+01
7.9108240955852583e+07 8.9927909667363633e-05 8.9171190662995090e+09 6.9157781017555576e+05 8.3402303263610439e+09 1.7306662198153899e+09 1.8648688385028896e+20 2.2046936945261511e-02 3.0000000000000000e+00 6.3404370068360528e+01
7.9464897883759588e+07 8.9927909662003257e-05 8.9171190655907955e+09 6.9157781016181409e+05 8.3402303256981840e+09 1.7306662196778362e+09 1.8902058281299529e+20 2.2146334841067115e-02 3.0000000000000000e+00 6.3404370064424256e+01
7.9823162787810266e+07 8.9927909656594321e-05 8.9171190648756523e+09 6.9157781014794717e+05 8.3402303250293102e+09 1.7306662195390289e+09 1.9158870580751309e+20 2.2246180869030036e-02 3.0000000000000000e+00 6.3404370060452152e+01
8.0183042917512685e+07 8.9927909651136515e-05 8.9171190641540775e+09 6.9157781013395707e+05 8.3402303243544178e+09 1.7306662193989890e+09 1.9419172053500962e+20 2.2346477049539255e-02 3.0000000000000000e+00 6.3404370056444691e+01
8.0544545555059075e+07 8.9927909645629486e-05 8.9171190634259758e+09 6.9157781011983939e+05 8.3402303236734209e+09 1.7306662192576714e+09 1.9683010105106144e+20 2.2447225412092601e-02 3.0000000000000000e+00 6.3404370052400665e+01
8.0907678015473217e+07 8.9927909640072476e-05 8.9171190626912861e+09 6.9157781010559504e+05 8.3402303229862604e+09 1.7306662191150861e+09 1.9950432785198789e+20 2.2548427995337839e-02 3.0000000000000000e+00 6.3404370048320487e+01
8.1272447646758437e+07 8.9927909634465457e-05 8.9171190619499760e+09 6.9157781009122171e+05 8.3402303222929087e+09 1.7306662189712095e+09 2.0221488796235881e+20 2.2650086847113900e-02 3.0000000000000000e+00 6.3404370044203198e+01
8.1638861830046281e+07 8.9927909628807642e-05 8.9171190612019482e+09 6.9157781007671822e+05 8.3402303215932751e+09 1.7306662188260303e+09 2.0496227502368988e+20 2.2752204024492333e-02 3.0000000000000000e+00 6.3404370040048796e+01
8.2006927979745895e+07 8.9927909623098708e-05 8.9171190604471722e+09 6.9157781006208411e+05 8.3402303208873253e+09 1.7306662186795435e+09 2.0774698938434322e+20 2.2854781593818898e-02 3.0000000000000000e+00 6.3404370035856942e+01
8.2376653543694034e+07 8.9927909617338179e-05 8.9171190596855545e+09 6.9157781004731660e+05 8.3402303201749802e+09 1.7306662185317214e+09 2.1056953819065100e+20 2.2957821630755451e-02 3.0000000000000000e+00 6.3404370031626847e+01
8.2748046003305808e+07 8.9927909611525731e-05 8.9171190589170609e+09 6.9157781003241520e+05 8.3402303194562082e+09 1.7306662183825588e+09 2.1343043547927478e+20 2.3061326220321851e-02 3.0000000000000000e+00 6.3404370027358361e+01
8.3121112873726010e+07 8.9927909605660576e-05 8.9171190581416302e+09 6.9157781001738086e+05 8.3402303187309437e+09 1.7306662182320657e+09 2.1633020227082073e+20 2.3165297456938228e-02 3.0000000000000000e+00 6.3404370023051811e+01
8.3495861703981251e+07 8.9927909599742527e-05 8.9171190573591995e+09 6.9157781000221032e+05 8.3402303179991302e+09 1.7306662180802093e+09 2.1926936666472815e+20 2.3269737444467309e-02 3.0000000000000000e+00 6.3404370018706302e+01
8.3872300077132657e+07 8.9927909593770985e-05 8.9171190565697021e+09 6.9157780998690310e+05 8.3402303172607069e+09 1.7306662179269845e+09 2.2224846393544425e+20 2.3374648296257045e-02 3.0000000000000000e+00 6.3404370014321593e+01
8.4250435610429361e+07 8.9927909587745437e-05 8.9171190557730465e+09 6.9157780997145642e+05 8.3402303165155935e+09 1.7306662177723639e+09 2.2526803662990773e+20 2.3480032135183310e-02 3.0000000000000000e+00 6.3404370009896859e+01
8.4630275955462590e+07 8.9927909581665421e-05 8.9171190549691982e+09 6.9157780995587050e+05 8.3402303157637510e+09 1.7306662176163497e+09 2.2832863466635664e+20 2.3585891093692909e-02 3.0000000000000000e+00 6.3404370005432362e+01
8.5011828798320562e+07 8.9927909575530449e-05 8.9171190541580963e+09 6.9157780994014442e+05 8.3402303150051193e+09 1.7306662174589324e+09 2.3143081543447829e+20 2.3692227313846712e-02 3.0000000000000000e+00 6.3404370000927713e+01
8.5395101859743908e+07 8.9927909569340048e-05 8.9171190533396435e+09 6.9157780992427492e+05 8.3402303142396183e+09 1.7306662173000791e+09 2.3457514389691947e+20 2.3799042947362990e-02 3.0000000000000000e+00 6.3404369996381973e+01
8.5780102895282045e+07 8.9927909563093729e-05 8.9171190525138111e+09 6.9157780990826292e+05 8.3402303134672127e+09 1.7306662171397998e+09 2.3776219269217632e+20 2.3906340155660968e-02 3.0000000000000000e+00 6.3404369991795420e+01
8.6166839695449963e+07 8.9927909556790868e-05 8.9171190516805325e+09 6.9157780989210773e+05 8.3402303126878366e+09 1.7306662169780869e+09 2.4099254223888253e+20 2.4014121109904540e-02 3.0000000000000000e+00 6.3404369987167804e+01
8.6555320085885972e+07 8.9927909550431142e-05 8.9171190508396835e+09 6.9157780987580377e+05 8.3402303119013929e+09 1.7306662168148849e+09 2.4426678084151316e+20 2.4122387991046233e-02 3.0000000000000000e+00 6.3404369982497542e+01
8.6945551927510008e+07 8.9927909544014061e-05 8.9171190499912605e+09 6.9157780985935288e+05 8.3402303111078568e+09 1.7306662166502123e+09 2.4758550479752659e+20 2.4231142989871324e-02 3.0000000000000000e+00 6.3404369977785322e+01
8.7337543116682708e+07 8.9927909537538839e-05 8.9171190491351738e+09 6.9157780984275485e+05 8.3402303103071547e+09 1.7306662164840667e+09 2.5094931850595952e+20 2.4340388307042143e-02 3.0000000000000000e+00 6.3404369973030775e+01
8.7731301585365206e+07 8.9927909531004990e-05 8.9171190482713242e+09 6.9157780982600548e+05 8.3402303094991884e+09 1.7306662163164065e+09 2.5435883457750031e+20 2.4450126153142671e-02 3.0000000000000000e+00 6.3404369968233141e+01
8.8126835301279604e+07 8.9927909524412349e-05 8.9171190473996811e+09 6.9157780980910431e+05 8.3402303086839418e+09 1.7306662161472261e+09 2.5781467394605502e+20 2.4560358748723206e-02 3.0000000000000000e+00 6.3404369963391765e+01
8.8524152268070236e+07 8.9927909517759970e-05 8.9171190465201817e+09 6.9157780979205249e+05 8.3402303078613358e+09 1.7306662159765382e+09 2.6131746598183158e+20 2.4671088324345315e-02 3.0000000000000000e+00 6.3404369958507374e+01
8.8923260525465608e+07 8.9927909511047525e-05 8.9171190456327000e+09 6.9157780977484421e+05 8.3402303070312738e+09 1.7306662158042839e+09 2.6486784860595864e+20 2.4782317120627007e-02 3.0000000000000000e+00 6.3404369953578147e+01
8.9324168149441049e+07 8.9927909504274378e-05 8.9171190447372341e+09 6.9157780975748296e+05 8.3402303061937361e+09 1.7306662156304986e+09 2.6846646840666309e+20 2.4894047388287977e-02 3.0000000000000000e+00 6.3404369948605094e+01
8.9726883252382189e+07 8.9927909497440042e-05 8.9171190438336563e+09 6.9157780973996338e+05 8.3402303053486137e+09 1.7306662154551284e+09 2.7211398075702464e+20 2.5006281388195273e-02 3.0000000000000000e+00 6.3404369943586715e+01
9.0131413983249098e+07 8.9927909490543893e-05 8.9171190429219074e+09 6.9157780972228548e+05 8.3402303044958506e+09 1.7306662152781734e+09 2.7581104993433197e+20 2.5119021391408963e-02 3.0000000000000000e+00 6.3404369938522890e+01
9.0537768527741119e+07 8.9927909483585443e-05 8.9171190420019207e+09 6.9157780970444786e+05 8.3402303036353827e+09 1.7306662150996196e+09 2.7955834924105846e+20 2.5232269679228106e-02 3.0000000000000000e+00 6.3404369933413413e+01
9.0945955108462602e+07 8.9927909476564055e-05 8.9171190410736351e+09 6.9157780968645029e+05 8.3402303027671499e+09 1.7306662149194646e+09 2.8335656112748279e+20 2.5346028543236927e-02 3.0000000000000000e+00 6.3404369928258120e+01
9.1355981985089213e+07 8.9927909469479403e-05 8.9171190401369209e+09 6.9157780966828624e+05 8.3402303018910418e+09 1.7306662147376432e+09 2.8720637731597654e+20 2.5460300285351161e-02 3.0000000000000000e+00 6.3404369923055150e+01
9.1767857454535112e+07 8.9927909462330540e-05 8.9171190391917820e+09 6.9157780964996200e+05 8.3402303010070457e+09 1.7306662145542185e+09 2.9110849892697748e+20 2.5575087217864674e-02 3.0000000000000000e+00 6.3404369917806228e+01
9.2181589851120800e+07 8.9927909455117126e-05 8.9171190382380867e+09 6.9157780963147059e+05 8.3402303001150475e+09 1.7306662143691201e+09 2.9506363660667689e+20 2.5690391663496195e-02 3.0000000000000000e+00 6.3404369912509509e+01
9.2597187546741828e+07 8.9927909447838552e-05 8.9171190372757759e+09 6.9157780961281224e+05 8.3402302992149925e+09 1.7306662141823509e+09 2.9907251065644201e+20 2.5806215955436404e-02 3.0000000000000000e+00 6.3404369907164941e+01
9.3014658951038137e+07 8.9927909440494166e-05 8.9171190363047543e+09 6.9157780959398462e+05 8.3402302983067932e+09 1.7306662139938872e+09 3.0313585116399364e+20 2.5922562437395030e-02 3.0000000000000000e+00 6.3404369901771886e+01
9.3434012511564270e+07 8.9927909433083482e-05 8.9171190353249874e+09 6.9157780957498844e+05 8.3402302973904114e+09 1.7306662138037362e+09 3.0725439813637000e+20 2.6039433463648381e-02 3.0000000000000000e+00 6.3404369896330444e+01
9.3855256713960290e+07 8.9927909425605699e-05 8.9171190343363495e+09 6.9157780955582019e+05 8.3402302964657316e+09 1.7306662136118629e+09 3.1142890163469445e+20 2.6156831399086904e-02 3.0000000000000000e+00 6.3404369890839753e+01
9.4278400082123488e+07 8.9927909418060343e-05 8.9171190333387794e+09 6.9157780953647872e+05 8.3402302955326948e+09 1.7306662134182556e+09 3.1566012191077551e+20 2.6274758619263091e-02 3.0000000000000000e+00 6.3404369885299609e+01
9.4703451178380877e+07 8.9927909410446940e-05 8.9171190323321800e+09 6.9157780951696075e+05 8.3402302945912209e+09 1.7306662132228816e+09 3.1994882954556172e+20 2.6393217510439531e-02 3.0000000000000000e+00 6.3404369879708753e+01
9.5130418603662431e+07 8.9927909402764690e-05 8.9171190313164883e+09 6.9157780949726701e+05 8.3402302936412420e+09 1.7306662130257478e+09 3.2429580558947824e+20 2.6512210469637181e-02 3.0000000000000000e+00 6.3404369874067591e+01
9.5559310997675151e+07 8.9927909395012956e-05 8.9171190302916412e+09 6.9157780947739701e+05 8.3402302926826916e+09 1.7306662128268502e+09 3.2870184170467092e+20 2.6631739904683906e-02 3.0000000000000000e+00 6.3404369868375973e+01
9.5990137039077863e+07 8.9927909387191088e-05 8.9171190292575130e+09 6.9157780945734680e+05 8.3402302917154646e+09 1.7306662126261482e+09 3.3316774030918150e+20 2.6751808234263152e-02 3.0000000000000000e+00 6.3404369862632734e+01
9.6422905445656851e+07 8.9927909379298611e-05 8.9171190282140369e+09 6.9157780943711475e+05 8.3402302907394962e+09 1.7306662124236262e+09 3.3769431472308198e+20 2.6872417887962925e-02 3.0000000000000000e+00 6.3404369856837391e+01
9.6857624974502251e+07 8.9927909371334888e-05 8.9171190271611214e+09 6.9157780941669876e+05 8.3402302897547016e+09 1.7306662122192631e+09 3.4228238931659555e+20 2.6993571306324952e-02 3.0000000000000000e+00 6.3404369850989376e+01
9.7294304422185242e+07 8.9927909363299121e-05 8.9171190260987034e+09 6.9157780939609953e+05 8.3402302887610149e+09 1.7306662120130656e+09 3.4693279966022835e+20 2.7115270940894040e-02 3.0000000000000000e+00 6.3404369845088816e+01
9.7732952624936104e+07 8.9927909355190833e-05 8.9171190250266838e+09 6.9157780937531358e+05 8.3402302877583513e+09 1.7306662118049994e+09 3.5164639267694333e+20 2.7237519254267723e-02 3.0000000000000000e+00 6.3404369839134745e+01
9.8173578458822921e+07 8.9927909347009064e-05 8.9171190239449711e+09 6.9157780935434066e+05 8.3402302867466173e+09 1.7306662115950611e+09 3.5642402679639802e+20 2.7360318720146045e-02 3.0000000000000000e+00 6.3404369833127305e+01
9.8616190839931265e+07 8.9927909338753488e-05 8.9171190228535023e+09 6.9157780933317868e+05 8.3402302857257595e+09 1.7306662113832307e+09 3.6126657211128100e+20 2.7483671823381659e-02 3.0000000000000000e+00 6.3404369827065480e+01
9.9060798724544570e+07 8.9927909330423319e-05 8.9171190217521477e+09 6.9157780931182392e+05 8.3402302846956577e+09 1.7306662111694703e+09 3.6617491053577103e+20 2.7607581060030070e-02 3.0000000000000000e+00 6.3404369820948588e+01
9.9507411109325424e+07 8.9927909322017906e-05 8.9171190206408463e+09 6.9157780929027637e+05 8.3402302836562529e+09 1.7306662109537804e+09 3.7114993596615052e+20 2.7732048937400184e-02 3.0000000000000000e+00 6.3404369814776395e+01
9.9956037031497523e+07 8.9927909313536450e-05 8.9171190195195007e+09 6.9157780926853465e+05 8.3402302826074543e+09 1.7306662107361467e+09 3.7619255444359840e+20 2.7857077974105002e-02 3.0000000000000000e+00 6.3404369808548601e+01
1.0040668556902863e+08 8.9927909304978327e-05 8.9171190183880196e+09 6.9157780924659618e+05 8.3402302815491714e+09 1.7306662105165434e+09 3.8130368431919727e+20 2.7982670700112618e-02 3.0000000000000000e+00 6.3404369802264561e+01
1.0085936584081422e+08 8.9927909296342887e-05 8.9171190172463360e+09 6.9157780922446097e+05 8.3402302804813480e+09 1.7306662102949710e+09 3.8648425642118172e+20 2.8108829656797368e-02 3.0000000000000000e+00 6.3404369795923969e+01
1.0131408700686201e+08 8.9927909287629317e-05 8.9171190160942955e+09 6.9157780920212367e+05 8.3402302794038391e+09 1.7306662100713756e+09 3.9173521422445819e+20 2.8235557396991337e-02 3.0000000000000000e+00 6.3404369789525703e+01
1.0177085826847731e+08 8.9927909278837169e-05 8.9171190149318619e+09 6.9157780917958473e+05 8.3402302783166113e+09 1.7306662098457615e+09 3.9705751402242952e+20 2.8362856485035920e-02 3.0000000000000000e+00 6.3404369783069576e+01
1.0222968886844920e+08 8.9927909269965468e-05 8.9171190137589417e+09 6.9157780915684369e+05 8.3402302772195673e+09 1.7306662096181250e+09 4.0245212510115188e+20 2.8490729496833754e-02 3.0000000000000000e+00 6.3404369776555562e+01
1.0269058809123762e+08 8.9927909261013563e-05 8.9171190125754108e+09 6.9157780913389684e+05 8.3402302761126041e+09 1.7306662093884277e+09 4.0792002991586030e+20 2.8619179019900881e-02 3.0000000000000000e+00 6.3404369769982601e+01
1.0315356526316114e+08 8.9927909251980844e-05 8.9171190113811703e+09 6.9157780911074113e+05 8.3402302749956264e+09 1.7306662091566403e+09 4.1346222426989062e+20 2.8748207653419015e-02 3.0000000000000000e+00 6.3404369763349735e+01
1.0361862975258578e+08 8.9927909242866485e-05 8.9171190101761284e+09 6.9157780908737564e+05 8.3402302738685474e+09 1.7306662089227526e+09 4.1907971749603344e+20 2.8877818008288241e-02 3.0000000000000000e+00 6.3404369756656912e+01
1.0408579097011450e+08 8.9927909233669700e-05 8.9171190089602184e+09 6.9157780906380061e+05 8.3402302727312965e+09 1.7306662086867676e+09 4.2477353264035116e+20 2.9008012707179745e-02 3.0000000000000000e+00 6.3404369749904077e+01
1.0455505836877768e+08 8.9927909224389851e-05 8.9171190077333164e+09 6.9157780904001207e+05 8.3402302715837688e+09 1.7306662084486454e+09 4.3054470664849444e+20 2.9138794384588988e-02 3.0000000000000000e+00 6.3404369743089987e+01
1.0502644144422436e+08 8.9927909215026125e-05 8.9171190064953270e+09 6.9157780901600886e+05 8.3402302704258718e+09 1.7306662082083743e+09 4.3639429055454550e+20 2.9270165686888897e-02 3.0000000000000000e+00 6.3404369736214413e+01
1.0549994973491442e+08 8.9927909205577750e-05 8.9171190052461548e+09 6.9157780899178889e+05 8.3402302692575111e+09 1.7306662079659331e+09 4.4232334967243453e+20 2.9402129272383538e-02 3.0000000000000000e+00 6.3404369729276837e+01
1.0597559282231157e+08 8.9927909196044063e-05 8.9171190039856720e+09 6.9157780896734842e+05 8.3402302680785770e+09 1.7306662077212851e+09 4.4833296378994872e+20 2.9534687811361801e-02 3.0000000000000000e+00 6.3404369722276044e+01
1.0645338033107723e+08 8.9927909186424113e-05 8.9171190027138157e+09 6.9157780894268886e+05 8.3402302668890018e+09 1.7306662074744439e+09 4.5442422736538213e+20 2.9667843986151500e-02 3.0000000000000000e+00 6.3404369715212482e+01
1.0693332192926531e+08 8.9927909176717264e-05 8.9171190014304600e+09 6.9157780891780579e+05 8.3402302656886721e+09 1.7306662072253654e+09 4.6059824972685699e+20 2.9801600491173627e-02 3.0000000000000000e+00 6.3404369708084978e+01
1.0741542732851779e+08 8.9927909166922718e-05 8.9171190001355095e+09 6.9157780889269803e+05 8.3402302644774990e+09 1.7306662069740379e+09 4.6685615527435095e+20 2.9935960032996877e-02 3.0000000000000000e+00 6.3404369700893000e+01
1.0789970628426133e+08 8.9927909157039673e-05 8.9171189988288364e+09 6.9157780886736186e+05 8.3402302632553635e+09 1.7306662067204237e+09 4.7319908368447203e+20 3.0070925330392403e-02 3.0000000000000000e+00 6.3404369693635672e+01
1.0838616859590456e+08 8.9927909147067167e-05 8.9171189975103798e+09 6.9157780884179915e+05 8.3402302620222006e+09 1.7306662064645424e+09 4.7962819011801173e+20 3.0206499114388847e-02 3.0000000000000000e+00 6.3404369686313466e+01
1.0887482410703646e+08 8.9927909137004741e-05 8.9171189961800117e+09 6.9157780881600454e+05 8.3402302607779007e+09 1.7306662062063394e+09 4.8614464543032318e+20 3.0342684128327604e-02 3.0000000000000000e+00 6.3404369678924787e+01
1.0936568270562547e+08 8.9927909126851242e-05 8.9171189948376045e+09 6.9157780878997664e+05 8.3402302595223389e+09 1.7306662059458013e+09 4.9274963638455180e+20 3.0479483127918310e-02 3.0000000000000000e+00 6.3404369671469297e+01
1.0985875432421967e+08 8.9927909116606060e-05 8.9171189934830647e+09 6.9157780876371288e+05 8.3402302582554331e+09 1.7306662056829019e+09 4.9944436586776999e+20 3.0616898881294631e-02 3.0000000000000000e+00 6.3404369663946269e+01
1.1035404894014765e+08 8.9927909106268220e-05 8.9171189921162949e+09 6.9157780873721302e+05 8.3402302569770842e+09 1.7306662054176395e+09 5.0623005311004030e+20 3.0754934169070255e-02 3.0000000000000000e+00 6.3404369656355648e+01
1.1085157657572052e+08 8.9927909095836934e-05 8.9171189907371712e+09 6.9157780871047359e+05 8.3402302556871786e+09 1.7306662051499789e+09 5.1310793390646152e+20 3.0893591784395182e-02 3.0000000000000000e+00 6.3404369648696353e+01
1.1135134729843459e+08 8.9927909085311405e-05 8.9171189893455639e+09 6.9157780868349108e+05 8.3402302543856039e+09 1.7306662048798850e+09 5.2007926084222910e+20 3.1032874533012223e-02 3.0000000000000000e+00 6.3404369640967545e+01
1.1185337122117521e+08 8.9927909074690818e-05 8.9171189879414139e+09 6.9157780865626642e+05 8.3402302530722923e+09 1.7306662046073673e+09 5.2714530352075257e+20 3.1172785233313762e-02 3.0000000000000000e+00 6.3404369633169239e+01
1.1235765850242129e+08 8.9927909063974225e-05 8.9171189865245590e+09 6.9157780862879497e+05 8.3402302517470989e+09 1.7306662043323793e+09 5.3430734879487230e+20 3.1313326716398832e-02 3.0000000000000000e+00 6.3404369625300298e+01
1.1286421934645095e+08 8.9927909053160826e-05 8.9171189850949039e+09 6.9157780860107532e+05 8.3402302504099350e+09 1.7306662040549066e+09 5.4156670100122003e+20 3.1454501826130361e-02 3.0000000000000000e+00 6.3404369617360182e+01
1.1337306400354797e+08 8.9927909042249673e-05 8.9171189836522942e+09 6.9157780857310328e+05 8.3402302490606613e+09 1.7306662037749076e+09 5.4892468219776139e+20 3.1596313419192716e-02 3.0000000000000000e+00 6.3404369609347853e+01
1.1388420277020916e+08 8.9927909031239789e-05 8.9171189821966934e+09 6.9157780854488187e+05 8.3402302476992254e+09 1.7306662034924128e+09 5.5638263240456569e+20 3.1738764365149559e-02 3.0000000000000000e+00 6.3404369601264115e+01
1.1439764598935279e+08 8.9927909020130552e-05 8.9171189807279167e+09 6.9157780851640319e+05 8.3402302463254700e+09 1.7306662032073424e+09 5.6394190984784806e+20 3.1881857546501836e-02 3.0000000000000000e+00 6.3404369593106665e+01
1.1491340405052781e+08 8.9927909008920837e-05 8.9171189792458630e+09 6.9157780848766747e+05 8.3402302449392967e+09 1.7306662029196990e+09 5.7160389120732633e+20 3.2025595858746182e-02 3.0000000000000000e+00 6.3404369584875703e+01
1.1543148739012413e+08 8.9927908997609830e-05 8.9171189777504425e+09 6.9157780845867377e+05 8.3402302435406189e+09 1.7306662026294732e+09 5.7936997186693982e+20 3.2169982210433441e-02 3.0000000000000000e+00 6.3404369576570630e+01
1.1595190649158379e+08 8.9927908986196597e-05 8.9171189762414627e+09 6.9157780842941510e+05 8.3402302421292648e+09 1.7306662023365951e+09 5.8724156616897357e+20 3.2315019523227573e-02 3.0000000000000000e+00 6.3404369568189850e+01
1.1647467188561307e+08 8.9927908974680337e-05 8.9171189747188911e+09 6.9157780839989427e+05 8.3402302407051935e+09 1.7306662020410931e+09 5.9522010767163379e+20 3.2460710731964743e-02 3.0000000000000000e+00 6.3404369559733851e+01
1.1699979415039562e+08 8.9927908963059912e-05 8.9171189731825390e+09 6.9157780837010592e+05 8.3402302392682352e+09 1.7306662017429130e+09 6.0330704941012772e+20 3.2607058784712740e-02 3.0000000000000000e+00 6.3404369551201299e+01
1.1752728391180645e+08 8.9927908951334537e-05 8.9171189716322803e+09 6.9157780834004655e+05 8.3402302378182764e+09 1.7306662014420197e+09 6.1150386416128321e+20 3.2754066642830586e-02 3.0000000000000000e+00 6.3404369542591006e+01
1.1805715184362701e+08 8.9927908939503099e-05 8.9171189700680485e+09 6.9157780830971850e+05 8.3402302363552399e+09 1.7306662011384373e+09 6.1981204471177072e+20 3.2901737281028492e-02 3.0000000000000000e+00 6.3404369533903790e+01
1.1858940866776115e+08 8.9927908927564786e-05 8.9171189684896584e+09 6.9157780827911454e+05 8.3402302348789625e+09 1.7306662008320930e+09 6.2823310412996621e+20 3.3050073687428044e-02 3.0000000000000000e+00 6.3404369525137668e+01
1.1912406515445204e+08 8.9927908915518487e-05 8.9171189668970108e+09 6.9157780824823491e+05 8.3402302333893471e+09 1.7306662005229890e+09 6.3676857604150709e+20 3.3199078863622666e-02 3.0000000000000000e+00 6.3404369516292576e+01
1.1966113212250020e+08 8.9927908903363402e-05 8.9171189652899818e+09 6.9157780821707682e+05 8.3402302318862839e+09 1.7306662002110980e+09 6.4542001490859078e+20 3.3348755824738348e-02 3.0000000000000000e+00 6.3404369507367576e+01
1.2020062043948227e+08 8.9927908891098405e-05 8.9171189636684093e+09 6.9157780818563607e+05 8.3402302303696194e+09 1.7306661998963773e+09 6.5418899631307804e+20 3.3499107599494676e-02 3.0000000000000000e+00 6.3404369498361767e+01
1.2074254102197112e+08 8.9927908878722712e-05 8.9171189620322037e+09 6.9157780815391173e+05 8.3402302288392677e+09 1.7306661995788178e+09 6.6307711724342293e+20 3.3650137230266115e-02 3.0000000000000000e+00 6.3404369489274565e+01
1.2128690483575653e+08 8.9927908866235047e-05 8.9171189603811703e+09 6.9157780812189868e+05 8.3402302272950487e+09 1.7306661992583687e+09 6.7208599638552189e+20 3.3801847773143545e-02 3.0000000000000000e+00 6.3404369480104897e+01
1.2183372289606723e+08 8.9927908853634599e-05 8.9171189587152462e+09 6.9157780808959785e+05 8.3402302257369013e+09 1.7306661989350386e+09 6.8121727441750354e+20 3.3954242297996116e-02 3.0000000000000000e+00 6.3404369470852657e+01
1.2238300626779376e+08 8.9927908840920241e-05 8.9171189570342751e+09 6.9157780805700598e+05 8.3402302241646786e+09 1.7306661986087956e+09 6.9047261430852354e+20 3.4107323888533402e-02 3.0000000000000000e+00 6.3404369461517099e+01
1.2293476606571236e+08 8.9927908828091039e-05 8.9171189553380985e+09 6.9157780802411842e+05 8.3402302225782375e+09 1.7306661982795925e+09 6.9985370162161975e+20 3.4261095642367755e-02 3.0000000000000000e+00 6.3404369452096702e+01
1.2348901345470983e+08 8.9927908815145855e-05 8.9171189536265888e+09 6.9157780799093330e+05 8.3402302209774532e+09 1.7306661979474108e+09 7.0936224482069040e+20 3.4415560671076977e-02 3.0000000000000000e+00 6.3404369442591253e+01
1.2404575965000956e+08 8.9927908802083591e-05 8.9171189518996487e+09 6.9157780795745132e+05 8.3402302193622293e+09 1.7306661976122575e+09 7.1899997558162850e+20 3.4570722100267348e-02 3.0000000000000000e+00 6.3404369433000745e+01
1.2460501591739836e+08 8.9927908788903433e-05 8.9171189501570606e+09 6.9157780792366341e+05 8.3402302177323828e+09 1.7306661972740421e+09 7.2876864910769219e+20 3.4726583069636767e-02 3.0000000000000000e+00 6.3404369423322521e+01
1.2516679357345451e+08 8.9927908775604094e-05 8.9171189483987274e+09 6.9157780788957048e+05 8.3402302160878048e+09 1.7306661969327734e+09 7.3867004444916213e+20 3.4883146733038418e-02 3.0000000000000000e+00 6.3404369413556992e+01
1.2573110398577669e+08 8.9927908762184476e-05 8.9171189466245232e+09 6.9157780785517115e+05 8.3402302144283752e+09 1.7306661965884373e+09 7.4870596482733703e+20 3.5040416258544468e-02 3.0000000000000000e+00 6.3404369403703818e+01
1.2629795857321405e+08 8.9927908748643767e-05 8.9171189448342552e+09 6.9157780782045820e+05 8.3402302127539349e+09 1.7306661962409623e+09 7.5887823796293114e+20 3.5198394828510227e-02 3.0000000000000000e+00 6.3404369393760618e+01
1.2686736880609722e+08 8.9927908734980543e-05 8.9171189430278320e+09 6.9157780778543395e+05 8.3402302110643768e+09 1.7306661958903708e+09 7.6918871640893660e+20 3.5357085639638554e-02 3.0000000000000000e+00 6.3404369383728309e+01
1.2743934620647046e+08 8.9927908721193828e-05 8.9171189412050934e+09 6.9157780775009375e+05 8.3402302093595562e+09 1.7306661955366170e+09 7.7963927788800285e+20 3.5516491903044511e-02 3.0000000000000000e+00 6.3404369373605533e+01
1.2801390234832481e+08 8.9927908707282687e-05 8.9171189393658810e+09 6.9157780771443318e+05 8.3402302076393309e+09 1.7306661951796563e+09 7.9023182563440801e+20 3.5676616844320365e-02 3.0000000000000000e+00 6.3404369363390920e+01
1.2859104885783222e+08 8.9927908693245657e-05 8.9171189375100060e+09 6.9157780767844850e+05 8.3402302059035225e+09 1.7306661948194511e+09 8.0096828874067057e+20 3.5837463703600837e-02 3.0000000000000000e+00 6.3404369353083695e+01
1.2917079741358092e+08 8.9927908679081789e-05 8.9171189356374016e+09 6.9157780764214136e+05 8.3402302041520624e+09 1.7306661944560180e+09 8.1185062250886962e+20 3.5999035735628654e-02 3.0000000000000000e+00 6.3404369342683921e+01
1.2975315974681163e+08 8.9927908664789958e-05 8.9171189337478504e+09 6.9157780760550452e+05 8.3402302023847589e+09 1.7306661940892849e+09 8.2288080880674498e+20 3.6161336209820490e-02 3.0000000000000000e+00 6.3404369332189702e+01
1.3033814764165500e+08 8.9927908650369067e-05 8.9171189318412552e+09 6.9157780756853777e+05 8.3402302006015053e+09 1.7306661937192495e+09 8.3406085642862304e+20 3.6324368410333013e-02 3.0000000000000000e+00 6.3404369321601010e+01
1.3092577293537004e+08 8.9927908635817664e-05 8.9171189299173927e+09 6.9157780753123597e+05 8.3402301988021088e+09 1.7306661933458600e+09 8.4539280146126130e+20 3.6488135636129390e-02 3.0000000000000000e+00 6.3404369310916408e+01
1.3151604751858369e+08 8.9927908621134951e-05 8.9171189279761715e+09 6.9157780749359750e+05 8.3402301969864721e+09 1.7306661929691005e+09 8.5687870765465364e+20 3.6652641201046068e-02 3.0000000000000000e+00 6.3404369300135272e+01
1.3210898333553135e+08 8.9927908606319328e-05 8.9171189260173664e+09 6.9157780745561770e+05 8.3402301951543941e+09 1.7306661925889242e+09 8.6852066679787828e+20 3.6817888433859802e-02 3.0000000000000000e+00 6.3404369289256543e+01
1.3270459238429865e+08 8.9927908591369996e-05 8.9171189240408859e+09 6.9157780741729517e+05 8.3402301933057823e+09 1.7306661922053173e+09 8.8032079910004300e+20 3.6983880678354980e-02 3.0000000000000000e+00 6.3404369278279560e+01
1.3330288671706417e+08 8.9927908576285532e-05 8.9171189220465679e+09 6.9157780737862806e+05 8.3402301914404821e+09 1.7306661918182611e+09 8.9228125357642010e+20 3.7150621293391348e-02 3.0000000000000000e+00 6.3404369267203791e+01
1.3390387844034339e+08 8.9927908561064635e-05 8.9171189200341930e+09 6.9157780733961007e+05 8.3402301895582962e+09 1.7306661914276927e+09 9.0440420843982081e+20 3.7318113652971933e-02 3.0000000000000000e+00 6.3404369256027621e+01
1.3450757971523356e+08 8.9927908545706355e-05 8.9171189180036335e+09 6.9157780730023864e+05 8.3402301876591072e+09 1.7306661910335863e+09 9.1669187149727767e+20 3.7486361146311327e-02 3.0000000000000000e+00 6.3404369244750200e+01
1.3511400275765988e+08 8.9927908530209108e-05 8.9171189159547310e+09 6.9157780726051261e+05 8.3402301857427530e+09 1.7306661906359303e+09 9.2914648055214322e+20 3.7655367177904284e-02 3.0000000000000000e+00 6.3404369233371220e+01
1.3572315983862266e+08 8.9927908514571931e-05 8.9171189138873291e+09 6.9157780722042825e+05 8.3402301838091002e+09 1.7306661902346878e+09 9.4177030381160982e+20 3.7825135167594559e-02 3.0000000000000000e+00 6.3404369221889482e+01
1.3633506328444558e+08 8.9927908498793361e-05 8.9171189118012028e+09 6.9157780717997928e+05 8.3402301818579378e+09 1.7306661898297951e+09 9.5456564029981747e+20 3.7995668550644214e-02 3.0000000000000000e+00 6.3404369210303571e+01
1.3694972547702518e+08 8.9927908482872150e-05 8.9171189096962585e+09 6.9157780713916733e+05 8.3402301798891678e+09 1.7306661894212692e+09 9.6753482027652062e+20 3.8166970777802976e-02 3.0000000000000000e+00 6.3404369198613495e+01
1.3756715885408133e+08 8.9927908466807174e-05 8.9171189075722752e+09 6.9157780709798494e+05 8.3402301779025974e+09 1.7306661890090353e+09 9.8068020566149798e+20 3.8339045315378226e-02 3.0000000000000000e+00 6.3404369186817391e+01
1.3818737590940905e+08 8.9927908450596983e-05 8.9171189054290924e+09 6.9157780705643026e+05 8.3402301758980703e+09 1.7306661885930748e+09 9.9400419046467227e+20 3.8511895645305001e-02 3.0000000000000000e+00 6.3404369174914557e+01
1.3881038919313109e+08 8.9927908434240316e-05 8.9171189032665558e+09 6.9157780701450072e+05 8.3402301738754377e+09 1.7306661881733618e+09 1.0075092012221213e+21 3.8685525265216535e-02 3.0000000000000000e+00 6.3404369162904423e+01
1.3943621131195217e+08 8.9927908417735723e-05 8.9171189010844707e+09 6.9157780697219260e+05 8.3402301718345213e+09 1.7306661877498591e+09 1.0211976974379903e+21 3.8859937688515013e-02 3.0000000000000000e+00 6.3404369150785939e+01
1.4006485492941380e+08 8.9927908401082080e-05 8.9171188988826809e+09 6.9157780692950240e+05 8.3402301697751713e+09 1.7306661873225322e+09 1.0350721720324040e+21 3.9035136444442661e-02 3.0000000000000000e+00 6.3404369138557882e+01
1.4069633276615074e+08 8.9927908384277962e-05 8.9171188966609650e+09 6.9157780688642454e+05 8.3402301676971912e+09 1.7306661868913245e+09 1.0491351517954863e+21 3.9211125078153157e-02 3.0000000000000000e+00 6.3404369126218867e+01
1.4133065760014829e+08 8.9927908367321772e-05 8.9171188944191952e+09 6.9157780684296018e+05 8.3402301656004467e+09 1.7306661864562480e+09 1.0633891978475101e+21 3.9387907150783379e-02 3.0000000000000000e+00 6.3404369113769150e+01
1.4196784226700085e+08 8.9927908350212547e-05 8.9171188921571503e+09 6.9157780679910071e+05 8.3402301634847450e+09 1.7306661860172169e+09 1.0778369061053530e+21 3.9565486239525424e-02 3.0000000000000000e+00 6.3404369101206292e+01
1.4260789966017172e+08 8.9927908332948687e-05 8.9171188898746719e+09 6.9157780675484566e+05 8.3402301613499308e+09 1.7306661855742257e+09 1.0924809077552362e+21 3.9743865937699054e-02 3.0000000000000000e+00 6.3404369088529990e+01
1.4325084273125395e+08 8.9927908315528757e-05 8.9171188875715370e+09 6.9157780671018898e+05 8.3402301591957989e+09 1.7306661851272142e+09 1.1073238697319242e+21 3.9923049854824380e-02 3.0000000000000000e+00 6.3404369075738813e+01
1.4389668449023241e+08 8.9927908297951319e-05 8.9171188852476215e+09 6.9157780666513159e+05 8.3402301570222254e+09 1.7306661846761913e+09 1.1223684952044131e+21 4.0103041616694889e-02 3.0000000000000000e+00 6.3404369062832806e+01
1.4454543800574708e+08 8.9927908280215262e-05 8.9171188829027023e+09 6.9157780661966535e+05 8.3402301548290119e+09 1.7306661842210763e+09 1.1376175240682277e+21 4.0283844865450794e-02 3.0000000000000000e+00 6.3404369049809603e+01
1.4519711640535748e+08 8.9927908262318648e-05 8.9171188805365562e+09 6.9157780657378747e+05 8.3402301526159430e+09 1.7306661837618406e+09 1.1530737334444166e+21 4.0465463259652820e-02 3.0000000000000000e+00 6.3404369036668747e+01
1.4585173287580830e+08 8.9927908244260543e-05 8.9171188781490593e+09 6.9157780652749585e+05 8.3402301503829069e+09 1.7306661832984633e+09 1.1687399381852970e+21 4.0647900474356111e-02 3.0000000000000000e+00 6.3404369023409124e+01
1.4650930066329619e+08 8.9927908226039021e-05 8.9171188757399864e+09 6.9157780648078700e+05 8.3402301481296835e+09 1.7306661828309100e+09 1.1846189913870969e+21 4.0831160201184657e-02 3.0000000000000000e+00 6.3404369010030138e+01
1.4716983307373795e+08 8.9927908207652958e-05 8.9171188733091507e+09 6.9157780643365602e+05 8.3402301458561096e+09 1.7306661823591309e+09 1.2007137849095697e+21 4.1015246148406070e-02 3.0000000000000000e+00 6.3404368996530117e+01
1.4783334347303960e+08 8.9927908189100768e-05 8.9171188708563290e+09 6.9157780638609757e+05 8.3402301435619736e+09 1.7306661818830726e+09 1.2170272499026310e+21 4.1200162041006454e-02 3.0000000000000000e+00 6.3404368982907755e+01
1.4849984528736687e+08 8.9927908170380839e-05 8.9171188683813324e+09 6.9157780633810931e+05 8.3402301412470961e+09 1.7306661814027121e+09 1.2335623573401842e+21 4.1385911620765936e-02 3.0000000000000000e+00 6.3404368969162320e+01
1.4916935200341707e+08 8.9927908151491746e-05 8.9171188658839684e+09 6.9157780628968729e+05 8.3402301389112997e+09 1.7306661809180098e+09 1.2503221185611893e+21 4.1572498646334270e-02 3.0000000000000000e+00 6.3404368955292618e+01
1.4984187716869166e+08 8.9927908132431879e-05 8.9171188633640480e+09 6.9157780624082894e+05 8.3402301365544024e+09 1.7306661804289398e+09 1.2673095858180732e+21 4.1759926893306931e-02 3.0000000000000000e+00 6.3404368941297946e+01
1.5051743439177075e+08 8.9927908113199813e-05 8.9171188608213825e+09 6.9157780619153054e+05 8.3402301341762285e+09 1.7306661799354649e+09 1.2845278528326200e+21 4.1948200154301597e-02 3.0000000000000000e+00 6.3404368927177224e+01
1.5119603734258813e+08 8.9927908093793949e-05 8.9171188582556858e+09 6.9157780614178325e+05 8.3402301317765226e+09 1.7306661794374967e+09 1.3019800553593616e+21 4.2137322239034727e-02 3.0000000000000000e+00 6.3404368912927943e+01
1.5187769975270817e+08 8.9927908074212838e-05 8.9171188556668301e+09 6.9157780609158729e+05 8.3402301293551531e+09 1.7306661789350371e+09 1.3196693717566819e+21 4.2327296974398791e-02 3.0000000000000000e+00 6.3404368898550103e+01
1.5256243541560343e+08 8.9927908054454581e-05 8.9171188530545616e+09 6.9157780604093778e+05 8.3402301269118834e+09 1.7306661784280376e+09 1.3375990235656411e+21 4.2518128204539631e-02 3.0000000000000000e+00 6.3404368884042462e+01
1.5325025818693402e+08 8.9927908034517879e-05 8.9171188504187260e+09 6.9157780598983238e+05 8.3402301244465675e+09 1.7306661779164748e+09 1.3557722760966709e+21 4.2709819790934300e-02 3.0000000000000000e+00 6.3404368869404117e+01
1.5394118198482773e+08 8.9927908014400995e-05 8.9171188477590332e+09 6.9157780593826296e+05 8.3402301219589443e+09 1.7306661774002671e+09 1.3741924390242626e+21 4.2902375612469117e-02 3.0000000000000000e+00 6.3404368854632907e+01
1.5463522079016185e+08 8.9927907994102156e-05 8.9171188450752964e+09 6.9157780588622787e+05 8.3402301194488316e+09 1.7306661768793979e+09 1.3928628669896998e+21 4.3095799565518275e-02 3.0000000000000000e+00 6.3404368839728384e+01
1.5533238864684597e+08 8.9927907973620086e-05 8.9171188423673248e+09 6.9157780583372246e+05 8.3402301169160528e+09 1.7306661763538213e+09 1.4117869602120139e+21 4.3290095564022600e-02 3.0000000000000000e+00 6.3404368824689087e+01
1.5603269966210616e+08 8.9927907952952726e-05 8.9171188396348953e+09 6.9157780578074465e+05 8.3402301143603926e+09 1.7306661758235154e+09 1.4309681651072038e+21 4.3485267539568703e-02 3.0000000000000000e+00 6.3404368809514487e+01
1.5673616800677055e+08 8.9927907932098775e-05 8.9171188368777237e+09 6.9157780572728370e+05 8.3402301117815990e+09 1.7306661752883737e+09 1.4504099749159203e+21 4.3681319441468712e-02 3.0000000000000000e+00 6.3404368794201616e+01
1.5744280791555589e+08 8.9927907911056172e-05 8.9171188340956841e+09 6.9157780567334406e+05 8.3402301091795378e+09 1.7306661747484400e+09 1.4701159303396188e+21 4.3878255236839969e-02 3.0000000000000000e+00 6.3404368778751554e+01
1.5815263368735573e+08 8.9927907889823469e-05 8.9171188312884903e+09 6.9157780561891571e+05 8.3402301065539503e+09 1.7306661742036145e+09 1.4900896201854026e+21 4.4076078910685483e-02 3.0000000000000000e+00 6.3404368763161536e+01
1.5886565968552974e+08 8.9927907868398915e-05 8.9171188284559212e+09 6.9157780556399515e+05 8.3402301039046373e+09 1.7306661736538620e+09 1.5103346820195966e+21 4.4274794465974453e-02 3.0000000000000000e+00 6.3404368747430460e+01
1.5958190033819425e+08 8.9927907846780751e-05 8.9171188255977535e+09 6.9157780550857796e+05 8.3402301012313766e+09 1.7306661730991383e+09 1.5308548028302237e+21 4.4474405923723308e-02 3.0000000000000000e+00 6.3404368731557163e+01
1.6030137013851440e+08 8.9927907824967227e-05 8.9171188227137356e+09 6.9157780545265856e+05 8.3402300985339422e+09 1.7306661725393875e+09 1.5516537196984706e+21 4.4674917323077136e-02 3.0000000000000000e+00 6.3404368715540130e+01
1.6102408364499715e+08 8.9927907802956567e-05 8.9171188198036785e+09 6.9157780539623532e+05 8.3402300958121481e+09 1.7306661719745932e+09 1.5727352204792604e+21 4.4876332721391202e-02 3.0000000000000000e+00 6.3404368699378722e+01
1.6175005548178616e+08 8.9927907780747038e-05 8.9171188168673248e+09 6.9157780533930217e+05 8.3402300930657616e+09 1.7306661714046948e+09 1.5941031444911169e+21 4.5078656194313386e-02 3.0000000000000000e+00 6.3404368683071233e+01
1.6247930033895746e+08 8.9927907758336701e-05 8.9171188139044247e+09 6.9157780528185447e+05 8.3402300902945442e+09 1.7306661708296456e+09 1.6157613832153433e+21 4.5281891835866311e-02 3.0000000000000000e+00 6.3404368666616321e+01
1.6321183297281682e+08 8.9927907735723808e-05 8.9171188109147530e+09 6.9157780522388802e+05 8.3402300874982872e+09 1.7306661702494040e+09 1.6377138810047619e+21 4.5486043758530444e-02 3.0000000000000000e+00 6.3404368650012998e+01
1.6394766820619842e+08 8.9927907712906611e-05 8.9171188078980598e+09 6.9157780516539724e+05 8.3402300846767569e+09 1.7306661696639140e+09 1.6599646358020117e+21 4.5691116093327128e-02 3.0000000000000000e+00 6.3404368633259395e+01
1.6468682092876464e+08 8.9927907689883185e-05 8.9171188048540897e+09 6.9157780510637700e+05 8.3402300818297167e+09 1.7306661690731237e+09 1.6825176998676901e+21 4.5897112989902324e-02 3.0000000000000000e+00 6.3404368616354212e+01
1.6542930609730738e+08 8.9927907666651768e-05 8.9171188017826214e+09 6.9157780504682357e+05 8.3402300789569569e+09 1.7306661684769962e+09 1.7053771805183089e+21 4.6104038616610443e-02 3.0000000000000000e+00 6.3404368599296248e+01
1.6617513873605081e+08 8.9927907643210287e-05 8.9171187986834011e+09 6.9157780498673301e+05 8.3402300760582361e+09 1.7306661678754923e+09 1.7285472408743188e+21 4.6311897160598789e-02 3.0000000000000000e+00 6.3404368582084523e+01
1.6692433393695530e+08 8.9927907619556980e-05 8.9171187955561771e+09 6.9157780492609972e+05 8.3402300731333265e+09 1.7306661672685556e+09 1.7520321006182872e+21 4.6520692827892229e-02 3.0000000000000000e+00 6.3404368564717267e+01
1.6767690686002287e+08 8.9927907595690099e-05 8.9171187924006939e+09 6.9157780486491742e+05 8.3402300701819859e+09 1.7306661666561234e+09 1.7758360367633997e+21 4.6730429843478381e-02 3.0000000000000000e+00 6.3404368547192711e+01
1.6843287273360386e+08 8.9927907571607244e-05 8.9171187892166672e+09 6.9157780480318237e+05 8.3402300672039509e+09 1.7306661660381582e+09 1.7999633844323499e+21 4.6941112451393013e-02 3.0000000000000000e+00 6.3404368529510052e+01
1.6919224685470515e+08 8.9927907547306980e-05 8.9171187860039062e+09 6.9157780474089039e+05 8.3402300641990356e+09 1.7306661654146183e+09 1.8244185376468364e+21 4.7152744914805901e-02 3.0000000000000000e+00 6.3404368511667656e+01
1.6995504458929971e+08 8.9927907522786908e-05 8.9171187827620621e+09 6.9157780467803357e+05 8.3402300611669226e+09 1.7306661647854240e+09 1.8492059501278449e+21 4.7365331516107272e-02 3.0000000000000000e+00 6.3404368493663618e+01
1.7072128137263745e+08 8.9927907498045428e-05 8.9171187794909477e+09 6.9157780461460934e+05 8.3402300581074333e+09 1.7306661641505501e+09 1.8743301361066933e+21 4.7578876556994228e-02 3.0000000000000000e+00 6.3404368475497037e+01
1.7149097270955765e+08 8.9927907473080304e-05 8.9171187761902752e+09 6.9157780455061235e+05 8.3402300550202951e+09 1.7306661635099430e+09 1.8997956711471828e+21 4.7793384358557990e-02 3.0000000000000000e+00 6.3404368457166385e+01
1.7226413417480257e+08 8.9927907447889463e-05 8.9171187728597603e+09 6.9157780448603700e+05 8.3402300519052477e+09 1.7306661628635464e+09 1.9256071929788854e+21 4.8008859261371134e-02 3.0000000000000000e+00 6.3404368438670090e+01
1.7304078141333351e+08 8.9927907422470994e-05 8.9171187694991493e+09 6.9157780442087795e+05 8.3402300487620487e+09 1.7306661622113070e+09 1.9517694023417728e+21 4.8225305625575816e-02 3.0000000000000000e+00 6.3404368420006648e+01
1.7382093014064437e+08 8.9927907396822809e-05 8.9171187661081886e+09 6.9157780435513123e+05 8.3402300455904598e+09 1.7306661615531850e+09 1.9782870638422367e+21 4.8442727830971130e-02 3.0000000000000000e+00 6.3404368401174906e+01
1.7460459614308399e+08 8.9927907370942998e-05 8.9171187626865616e+09 6.9157780428878823e+05 8.3402300423901978e+09 1.7306661608890946e+09 2.0051650068209090e+21 4.8661130277102865e-02 3.0000000000000000e+00 6.3404368382172265e+01
1.7539179527817270e+08 8.9927907344829162e-05 8.9171187592340145e+09 6.9157780422184663e+05 8.3402300391610126e+09 1.7306661602190118e+09 2.0324081262321098e+21 4.8880517383351779e-02 3.0000000000000000e+00 6.3404368362998227e+01
1.7618254347492403e+08 8.9927907318479376e-05 8.9171187557502632e+09 6.9157780415429943e+05 8.3402300359026413e+09 1.7306661595428674e+09 2.0600213835353212e+21 4.9100893589023302e-02 3.0000000000000000e+00 6.3404368343650788e+01
1.7697685673416686e+08 8.9927907291891419e-05 8.9171187522350540e+09 6.9157780408614385e+05 8.3402300326148434e+09 1.7306661588606329e+09 2.0880098075987393e+21 4.9322263353437167e-02 3.0000000000000000e+00 6.3404368324129003e+01
1.7777475112886932e+08 8.9927907265063202e-05 8.9171187486880379e+09 6.9157780401736987e+05 8.3402300292973070e+09 1.7306661581722083e+09 2.1163784956151548e+21 4.9544631156017878e-02 3.0000000000000000e+00 6.3404368304430164e+01
1.7857624280446404e+08 8.9927907237992490e-05 8.9171187451089935e+09 6.9157780394797609e+05 8.3402300259498034e+09 1.7306661574775794e+09 2.1451326140302253e+21 4.9768001496385210e-02 3.0000000000000000e+00 6.3404368284553854e+01
1.7938134797917473e+08 8.9927907210677059e-05 8.9171187414976025e+09 6.9157780387795530e+05 8.3402300225720434e+09 1.7306661567766743e+09 2.1742773994833634e+21 4.9992378894445279e-02 3.0000000000000000e+00 6.3404368264497990e+01
1.8019008294434449e+08 8.9927907183114973e-05 8.9171187378535824e+09 6.9157780380730145e+05 8.3402300191637745e+09 1.7306661560694323e+09 2.2038181597614467e+21 5.0217767890481990e-02 3.0000000000000000e+00 6.3404368244260610e+01
1.8100246406476536e+08 8.9927907155303697e-05 8.9171187341766167e+09 6.9157780373600847e+05 8.3402300157246857e+09 1.7306661553557925e+09 2.2337602747654490e+21 5.0444173045248980e-02 3.0000000000000000e+00 6.3404368223840400e+01
1.8181850777900955e+08 8.9927907127241143e-05 8.9171187304664154e+09 6.9157780366407055e+05 8.3402300122545147e+09 1.7306661546356971e+09 2.2641091974902034e+21 5.0671598940061811e-02 3.0000000000000000e+00 6.3404368203235371e+01
1.8263823059976205e+08 8.9927907098924913e-05 8.9171187267226677e+09 6.9157780359148211e+05 8.3402300087529736e+09 1.7306661539090898e+09 2.2948704550175320e+21 5.0900050176890775e-02 3.0000000000000000e+00 6.3404368182444017e+01
1.8346164911415470e+08 8.9927907070352770e-05 8.9171187229451160e+09 6.9157780351823941e+05 8.3402300052198057e+09 1.7306661531759334e+09 2.3260496495227762e+21 5.1129531378453878e-02 3.0000000000000000e+00 6.3404368161465307e+01
1.8428877998410192e+08 8.9927907041522479e-05 8.9171187191334133e+09 6.9157780344433361e+05 8.3402300016547003e+09 1.7306661524361393e+09 2.3576524592950791e+21 5.1360047188310505e-02 3.0000000000000000e+00 6.3404368140296725e+01
1.8511963994663784e+08 8.9927907012431492e-05 8.9171187152872753e+09 6.9157780336976168e+05 8.3402299980573845e+09 1.7306661516896775e+09 2.3896846397715083e+21 5.1591602270955356e-02 3.0000000000000000e+00 6.3404368118937292e+01
1.8595424581425494e+08 8.9927906983077721e-05 8.9171187114063835e+09 6.9157780329451547e+05 8.3402299944275656e+09 1.7306661509364662e+09 2.4221520245852136e+21 5.1824201311912781e-02 3.0000000000000000e+00 6.3404368097384712e+01
1.8679261447524425e+08 8.9927906953458619e-05 8.9171187074903908e+09 6.9157780321858753e+05 8.3402299907649155e+09 1.7306661501764307e+09 2.4550605266278123e+21 5.2057849017831580e-02 3.0000000000000000e+00 6.3404368075636967e+01
1.8763476289403716e+08 8.9927906923571949e-05 8.9171187035390434e+09 6.9157780314197508e+05 8.3402299870691977e+09 1.7306661494095433e+09 2.4884161391263073e+21 5.2292550116580377e-02 3.0000000000000000e+00 6.3404368053693062e+01
1.8848070811154863e+08 8.9927906893415150e-05 8.9171186995519619e+09 6.9157780306466878e+05 8.3402299833400574e+09 1.7306661486357105e+09 2.5222249367344471e+21 5.2528309357343095e-02 3.0000000000000000e+00 6.3404368031550547e+01
1.8933046724552202e+08 8.9927906862985823e-05 8.9171186955288582e+09 6.9157780298666470e+05 8.3402299795772295e+09 1.7306661478548930e+09 2.5564930766391623e+21 5.2765131510715269e-02 3.0000000000000000e+00 6.3404368009208099e+01
1.9018405749087548e+08 8.9927906832281421e-05 8.9171186914693871e+09 6.9157780290795537e+05 8.3402299757803822e+09 1.7306661470670159e+09 2.5912267996817659e+21 5.3003021368800314e-02 3.0000000000000000e+00 6.3404367986663686e+01
1.9104149612004992e+08 8.9927906801299531e-05 8.9171186873732300e+09 6.9157780282853474e+05 8.3402299719492235e+09 1.7306661462720187e+09 2.6264324314946386e+21 5.3241983745306774e-02 3.0000000000000000e+00 6.3404367963915661e+01
1.9190280048335844e+08 8.9927906770037781e-05 8.9171186832400723e+09 6.9157780274839699e+05 8.3402299680834608e+09 1.7306661454698434e+09 2.6621163836531425e+21 5.3482023475645527e-02 3.0000000000000000e+00 6.3404367940961976e+01
1.9276798800933746e+08 8.9927906738493447e-05 8.9171186790695305e+09 6.9157780266753305e+05 8.3402299641827316e+09 1.7306661446603985e+09 2.6982851548433592e+21 5.3723145417027732e-02 3.0000000000000000e+00 6.3404367917800499e+01
1.9363707620509946e+08 8.9927906706663968e-05 8.9171186748613224e+09 6.9157780258594034e+05 8.3402299602467690e+09 1.7306661438436592e+09 2.7349453320455780e+21 5.3965354448563034e-02 3.0000000000000000e+00 6.3404367894430322e+01
1.9451008265668708e+08 8.9927906674546946e-05 8.9171186706150970e+09 6.9157780250361073e+05 8.3402299562752533e+09 1.7306661430195432e+09 2.7721035917338996e+21 5.4208655471358377e-02 3.0000000000000000e+00 6.3404367870848922e+01
1.9538702502942911e+08 8.9927906642139506e-05 8.9171186663304768e+09 6.9157780242053652e+05 8.3402299522678213e+09 1.7306661421879737e+09 2.8097667010921518e+21 5.4453053408617100e-02 3.0000000000000000e+00 6.3404367847054424e+01
1.9626792106829789e+08 8.9927906609439263e-05 8.9171186620071430e+09 6.9157780233671144e+05 8.3402299482241793e+09 1.7306661413488882e+09 2.8479415192463401e+21 5.4698553205738645e-02 3.0000000000000000e+00 6.3404367823044893e+01
1.9715278859826836e+08 8.9927906576443644e-05 8.9171186576447163e+09 6.9157780225212686e+05 8.3402299441439848e+09 1.7306661405022004e+09 2.8866349985137500e+21 5.4945159830418519e-02 3.0000000000000000e+00 6.3404367798817738e+01
1.9804164552467886e+08 8.9927906543149638e-05 8.9171186532428780e+09 6.9157780216677976e+05 8.3402299400269203e+09 1.7306661396478794e+09 2.9258541856691748e+21 5.5192878272748921e-02 3.0000000000000000e+00 6.3404367774372282e+01
1.9893450983359328e+08 8.9927906509554821e-05 8.9171186488012829e+09 6.9157780208066246e+05 8.3402299358726673e+09 1.7306661387858489e+09 2.9656062232281691e+21 5.5441713545319626e-02 3.0000000000000000e+00 6.3404367749706147e+01
1.9983139959216511e+08 8.9927906475656494e-05 8.9171186443195190e+09 6.9157780199376424e+05 8.3402299316808519e+09 1.7306661379160013e+09 3.0058983507479122e+21 5.5691670683319469e-02 3.0000000000000000e+00 6.3404367724816368e+01
2.0073233294900304e+08 8.9927906441451773e-05 8.9171186397972660e+09 6.9157780190608231e+05 8.3402299274511671e+09 1.7306661370383089e+09 3.0467379061455973e+21 5.5942754744638237e-02 3.0000000000000000e+00 6.3404367699702092e+01
2.0163732813453817e+08 8.9927906406937796e-05 8.9171186352341461e+09 6.9157780181760853e+05 8.3402299231832504e+09 1.7306661361526902e+09 3.0881323270348320e+21 5.6194970809968957e-02 3.0000000000000000e+00 6.3404367674361168e+01
2.0254640346139288e+08 8.9927906372112002e-05 8.9171186306297798e+09 6.9157780172833428e+05 8.3402299188767624e+09 1.7306661352590587e+09 3.1300891520801513e+21 5.6448323982910775e-02 3.0000000000000000e+00 6.3404367648790860e+01
2.0345957732475144e+08 8.9927906336971505e-05 8.9171186259837856e+09 6.9157780163825187e+05 8.3402299145313416e+09 1.7306661343573375e+09 3.1726160223699405e+21 5.6702819390072171e-02 3.0000000000000000e+00 6.3404367622989142e+01
2.0437686820273218e+08 8.9927906301513432e-05 8.9171186212958164e+09 6.9157780154735618e+05 8.3402299101466589e+09 1.7306661334474757e+09 3.2157206828080043e+21 5.6958462181174702e-02 3.0000000000000000e+00 6.3404367596954543e+01
2.0529829465676144e+08 8.9927906265734923e-05 8.9171186165654888e+09 6.9157780145563954e+05 8.3402299057223577e+09 1.7306661325293961e+09 3.2594109835240779e+21 5.7215257529157258e-02 3.0000000000000000e+00 6.3404367570684769e+01
2.0622387533194914e+08 8.9927906229633078e-05 8.9171186117924271e+09 6.9157780136309494e+05 8.3402299012580853e+09 1.7306661316030283e+09 3.3036948813034774e+21 5.7473210630280699e-02 3.0000000000000000e+00 6.3404367544177795e+01
2.0715362895746610e+08 8.9927906193204888e-05 8.9171186069762154e+09 6.9157780126971356e+05 8.3402298967534542e+09 1.7306661306682847e+09 3.3485804410361123e+21 5.7732326704232936e-02 3.0000000000000000e+00 6.3404367517431247e+01
2.0808757434692293e+08 8.9927906156447629e-05 8.9171186021164780e+09 6.9157780117548746e+05 8.3402298922081175e+09 1.7306661297250855e+09 3.3940758371853177e+21 5.7992610994234681e-02 3.0000000000000000e+00 6.3404367490442745e+01
2.0902573039875087e+08 8.9927906119358089e-05 8.9171185972128296e+09 6.9157780108041107e+05 8.3402298876217089e+09 1.7306661287733748e+09 3.4401893552765623e+21 5.8254068767145444e-02 3.0000000000000000e+00 6.3404367463210583e+01
2.0996811609658408e+08 8.9927906081933260e-05 8.9171185922648296e+09 6.9157780098447343e+05 8.3402298829938183e+09 1.7306661278130431e+09 3.4869293934063345e+21 5.8516705313570158e-02 3.0000000000000000e+00 6.3404367435732070e+01
2.1091475050964379e+08 8.9927906044170403e-05 8.9171185872721615e+09 6.9157780088767060e+05 8.3402298783241444e+09 1.7306661268440506e+09 3.5343044637716329e+21 5.8780525947966178e-02 3.0000000000000000e+00 6.3404367408005562e+01
2.1186565279312429e+08 8.9927906006066172e-05 8.9171185822343502e+09 6.9157780078999256e+05 8.3402298736122551e+09 1.7306661258662977e+09 3.5823231942201888e+21 5.9045536008750898e-02 3.0000000000000000e+00 6.3404367380028361e+01
2.1282084218858030e+08 8.9927905967617693e-05 8.9171185771510143e+09 6.9157780069143092e+05 8.3402298688577833e+09 1.7306661248796999e+09 3.6309943298217424e+21 5.9311740858409713e-02 3.0000000000000000e+00 6.3404367351798143e+01
2.1378033802431658e+08 8.9927905928821619e-05 8.9171185720217419e+09 6.9157780059197964e+05 8.3402298640603437e+09 1.7306661238841970e+09 3.6803267344606681e+21 5.9579145883604530e-02 3.0000000000000000e+00 6.3404367323313174e+01
2.1474415971577886e+08 8.9927905889674900e-05 8.9171185668460903e+09 6.9157780049162824e+05 8.3402298592195301e+09 1.7306661228796835e+09 3.7303293924502452e+21 5.9847756495282789e-02 3.0000000000000000e+00 6.3404367294570463e+01
2.1571232676594681e+08 8.9927905850174515e-05 8.9171185616236782e+09 6.9157780039036996e+05 8.3402298543349800e+09 1.7306661218660924e+09 3.7810114101688748e+21 6.0117578128786937e-02 3.0000000000000000e+00 6.3404367265567920e+01
2.1668485876572862e+08 8.9927905810317088e-05 8.9171185563540974e+09 6.9157780028819898e+05 8.3402298494063091e+09 1.7306661208433652e+09 3.8323820177185199e+21 6.0388616243964445e-02 3.0000000000000000e+00 6.3404367236303955e+01
2.1766177539435747e+08 8.9927905770099449e-05 8.9171185510368671e+09 6.9157780018510297e+05 8.3402298444330769e+09 1.7306661198113785e+09 3.8844505706056599e+21 6.0660876325278230e-02 3.0000000000000000e+00 6.3404367206775092e+01
2.1864309641978973e+08 8.9927905729518385e-05 8.9171185456715794e+09 6.9157780008107447e+05 8.3402298394148932e+09 1.7306661187700577e+09 3.9372265514450918e+21 6.0934363881917704e-02 3.0000000000000000e+00 6.3404367176979306e+01
2.1962884169910491e+08 8.9927905688570712e-05 8.9171185402578201e+09 6.9157779997610650e+05 8.3402298343513775e+09 1.7306661177193329e+09 3.9907195716868663e+21 6.1209084447910136e-02 3.0000000000000000e+00 6.3404367146914225e+01
2.2061903117890754e+08 8.9927905647252756e-05 8.9171185347951488e+09 6.9157779987019207e+05 8.3402298292421064e+09 1.7306661166591339e+09 4.0449393733667735e+21 6.1485043582232779e-02 3.0000000000000000e+00 6.3404367116578108e+01
2.2161368489573085e+08 8.9927905605561483e-05 8.9171185292830868e+09 6.9157779976331815e+05 8.3402298240866432e+09 1.7306661155893307e+09 4.0998958308804463e+21 6.1762246868925237e-02 3.0000000000000000e+00 6.3404367085967316e+01
2.2261282297644198e+08 8.9927905563493517e-05 8.9171185237211933e+09 6.9157779965547705e+05 8.3402298188845806e+09 1.7306661145098457e+09 4.1555989527817570e+21 6.2040699917202569e-02 3.0000000000000000e+00 6.3404367055079476e+01
2.2361646563864949e+08 8.9927905521045376e-05 8.9171185181090565e+09 6.9157779954666249e+05 8.3402298136355181e+09 1.7306661134206164e+09 4.2120588836054714e+21 6.2320408361568609e-02 3.0000000000000000e+00 6.3404367023912833e+01
2.2462463319111237e+08 8.9927905478213522e-05 8.9171185124462299e+09 6.9157779943686724e+05 8.3402298083390417e+09 1.7306661123215706e+09 4.2692859057147966e+21 6.2601377861930194e-02 3.0000000000000000e+00 6.3404366992465242e+01
2.2563734603415096e+08 8.9927905434994607e-05 8.9171185067321777e+09 6.9157779932607617e+05 8.3402298029946594e+09 1.7306661112125568e+09 4.3272904411740011e+21 6.2883614103711558e-02 3.0000000000000000e+00 6.3404366960732581e+01
2.2665462466005975e+08 8.9927905391385123e-05 8.9171185009665184e+09 6.9157779921428603e+05 8.3402297976020069e+09 1.7306661100935421e+09 4.3860830536463821e+21 6.3167122797969377e-02 3.0000000000000000e+00 6.3404366928713749e+01
2.2767648965352216e+08 8.9927905347381544e-05 8.9171184951487446e+09 6.9157779910148494e+05 8.3402297921606102e+09 1.7306661089644079e+09 4.4456744503182004e+21 6.3451909681508406e-02 3.0000000000000000e+00 6.3404366896405314e+01
2.2870296169202691e+08 8.9927905302980213e-05 8.9171184892783833e+09 6.9157779898766405e+05 8.3402297866700287e+09 1.7306661078250659e+09 4.5060754838485598e+21 6.3737980516997528e-02 3.0000000000000000e+00 6.3404366863804981e+01
2.2973406154628652e+08 8.9927905258177754e-05 8.9171184833549900e+09 6.9157779887281521e+05 8.3402297811298466e+09 1.7306661066754339e+09 4.5672971543459219e+21 6.4025341093086274e-02 3.0000000000000000e+00 6.3404366830910014e+01
2.3076981008065763e+08 8.9927905212970196e-05 8.9171184773780556e+09 6.9157779875692888e+05 8.3402297755395823e+09 1.7306661055154166e+09 4.6293506113713928e+21 6.4313997224522135e-02 3.0000000000000000e+00 6.3404366797718183e+01
2.3181022825356308e+08 8.9927905167354314e-05 8.9171184713470783e+09 6.9157779863999225e+05 8.3402297698987837e+09 1.7306661043448858e+09 4.6922471559692859e+21 6.4603954752268031e-02 3.0000000000000000e+00 6.3404366764225387e+01
2.3285533711791614e+08 8.9927905121325988e-05 8.9171184652616405e+09 6.9157779852200276e+05 8.3402297642070351e+09 1.7306661031638162e+09 4.7559982427252342e+21 6.4895219543620652e-02 3.0000000000000000e+00 6.3404366730431043e+01
2.3390515782154644e+08 8.9927905074881843e-05 8.9171184591211758e+09 6.9157779840294411e+05 8.3402297584638281e+09 1.7306661019720440e+09 4.8206154818522469e+21 6.5187797492329072e-02 3.0000000000000000e+00 6.3404366696330506e+01
2.3495971160762790e+08 8.9927905028017895e-05 8.9171184529252396e+09 6.9157779828281119e+05 8.3402297526687336e+09 1.7306661007695186e+09 4.8861106413051702e+21 6.5481694518714093e-02 3.0000000000000000e+00 6.3404366661922388e+01
2.3601901981510857e+08 8.9927904980730458e-05 8.9171184466732922e+09 6.9157779816159140e+05 8.3402297468212557e+09 1.7306660995561137e+09 4.9524956489238540e+21 6.5776916569787985e-02 3.0000000000000000e+00 6.3404366627202911e+01
2.3708310387914255e+08 8.9927904933015710e-05 8.9171184403648605e+09 6.9157779803927708e+05 8.3402297409209471e+09 1.7306660983317523e+09 5.0197825946053687e+21 6.6073469619374867e-02 3.0000000000000000e+00 6.3404366592169922e+01
2.3815198533152351e+08 8.9927904884869653e-05 8.9171184339994354e+09 6.9157779791585892e+05 8.3402297349673233e+09 1.7306660970963418e+09 5.0879837325058418e+21 6.6371359668231517e-02 3.0000000000000000e+00 6.3404366556820854e+01
2.3922568580112058e+08 8.9927904836288613e-05 8.9171184275764484e+09 6.9157779779132223e+05 8.3402297289598713e+09 1.7306660958497348e+09 5.1571114832721105e+21 6.6670592744168825e-02 3.0000000000000000e+00 6.3404366521151474e+01
2.4030422701431593e+08 8.9927904787268431e-05 8.9171184210954247e+09 6.9157779766566143e+05 8.3402297228981342e+09 1.7306660945918756e+09 5.2271784363038385e+21 6.6971174902173858e-02 3.0000000000000000e+00 6.3404366485160153e+01
2.4138763079544446e+08 8.9927904737805285e-05 8.9171184145558224e+09 6.9157779753886419e+05 8.3402297167816105e+09 1.7306660933226407e+09 5.2981973520461458e+21 6.7273112224532250e-02 3.0000000000000000e+00 6.3404366448843348e+01
2.4247591906723526e+08 8.9927904687895176e-05 8.9171184079571400e+09 6.9157779741092212e+05 8.3402297106098261e+09 1.7306660920419459e+09 5.3701811643135935e+21 6.7576410820951352e-02 3.0000000000000000e+00 6.3404366412198605e+01
2.4356911385125545e+08 8.9927904637533945e-05 8.9171184012988014e+09 6.9157779728182266e+05 8.3402297043822470e+09 1.7306660907496660e+09 5.4431429826456437e+21 6.7881076828683787e-02 3.0000000000000000e+00 6.3404366375222473e+01
2.4466723726835561e+08 8.9927904586717606e-05 8.9171183945803051e+09 6.9157779715155764e+05 8.3402296980984030e+09 1.7306660894457185e+09 5.5170960946941374e+21 6.8187116412651738e-02 3.0000000000000000e+00 6.3404366337912585e+01
2.4577031153911743e+08 8.9927904535441999e-05 8.9171183878011074e+09 6.9157779702011636e+05 8.3402296917577782e+09 1.7306660881299968e+09 5.5920539686432229e+21 6.8494535765571615e-02 3.0000000000000000e+00 6.3404366300265657e+01
2.4687835898430344e+08 8.9927904483702977e-05 8.9171183809606113e+09 6.9157779688748508e+05 8.3402296853598232e+09 1.7306660868023634e+09 5.6680302556621151e+21 6.8803341108079411e-02 3.0000000000000000e+00 6.3404366262278096e+01
2.4799140202530855e+08 8.9927904431496392e-05 8.9171183740583057e+09 6.9157779675365589e+05 8.3402296789040604e+09 1.7306660854627390e+09 5.7450387923912916e+21 6.9113538688856516e-02 3.0000000000000000e+00 6.3404366223947456e+01
2.4910946318461379e+08 8.9927904378818072e-05 8.9171183670936546e+09 6.9157779661861900e+05 8.3402296723899822e+09 1.7306660841110253e+09 5.8230936034622927e+21 6.9425134784756204e-02 3.0000000000000000e+00 6.3404366185270760e+01
2.5023256508624214e+08 8.9927904325663569e-05 8.9171183600660248e+09 6.9157779648235976e+05 8.3402296658169994e+09 1.7306660827470763e+09 5.9022089040519663e+21 6.9738135700930681e-02 3.0000000000000000e+00 6.3404366146244207e+01
2.5136073045621613e+08 8.9927904272028860e-05 8.9171183529748745e+09 6.9157779634486767e+05 8.3402296591846142e+09 1.7306660813707862e+09 5.9823991024712113e+21 7.0052547770958581e-02 3.0000000000000000e+00 6.3404366106864465e+01
2.5249398212301791e+08 8.9927904217909337e-05 8.9171183458196697e+09 6.9157779620613554e+05 8.3402296524923086e+09 1.7306660799820836e+09 6.0636788027890199e+21 7.0368377356973114e-02 3.0000000000000000e+00 6.3404366067129601e+01
2.5363234301805109e+08 8.9927904163300676e-05 8.9171183385998039e+09 6.9157779606615007e+05 8.3402296457395258e+09 1.7306660785808349e+09 6.1460628074921984e+21 7.0685630849791001e-02 3.0000000000000000e+00 6.3404366027035763e+01
2.5477583617610472e+08 8.9927904108198567e-05 8.9171183313146782e+09 6.9157779592489847e+05 8.3402296389257088e+09 1.7306660771669126e+09 6.2295661201810417e+21 7.1004314669041502e-02 3.0000000000000000e+00 6.3404365986579400e+01
2.5592448473581952e+08 8.9927904052598524e-05 8.9171183239637222e+09 6.9157779578237049e+05 8.3402296320503187e+09 1.7306660757402134e+09 6.3142039483018799e+21 7.1324435263296501e-02 3.0000000000000000e+00 6.3404365945757377e+01
2.5707831194015592e+08 8.9927903996495941e-05 8.9171183165463009e+09 6.9157779563855263e+05 8.3402296251127653e+09 1.7306660743006029e+09 6.3999917059165378e+21 7.1645999110200934e-02 3.0000000000000000e+00 6.3404365904566063e+01
2.5823734113686460e+08 8.9927903939886317e-05 8.9171183090618763e+09 6.9157779549343744e+05 8.3402296181125422e+09 1.7306660728480060e+09 6.4869450165095760e+21 7.1969012716603928e-02 3.0000000000000000e+00 6.3404365863003157e+01
2.5940159577895871e+08 8.9927903882765207e-05 8.9171183015098152e+09 6.9157779534701002e+05 8.3402296110490589e+09 1.7306660713822737e+09 6.5750797158335518e+21 7.2293482618690383e-02 3.0000000000000000e+00 6.3404365821064488e+01
2.6057109942518857e+08 8.9927903825127799e-05 8.9171182938894844e+09 6.9157779519925872e+05 8.3402296039217243e+09 1.7306660699032896e+09 6.6644118547930137e+21 7.2619415382113181e-02 3.0000000000000000e+00 6.3404365778746559e+01
2.6174587574051839e+08 8.9927903766969460e-05 8.9171182862003136e+09 6.9157779505017400e+05 8.3402295967299976e+09 1.7306660684109578e+09 6.7549577023676838e+21 7.2946817602126263e-02 3.0000000000000000e+00 6.3404365736046877e+01
2.6292594849660513e+08 8.9927903708285730e-05 8.9171182784416351e+09 6.9157779489973956e+05 8.3402295894732647e+09 1.7306660669051154e+09 6.8467337485752667e+21 7.3275695903717825e-02 3.0000000000000000e+00 6.3404365692960511e+01
2.6411134157227936e+08 8.9927903649071486e-05 8.9171182706128502e+09 6.9157779474794725e+05 8.3402295821509571e+09 1.7306660653856807e+09 6.9397567074746436e+21 7.3606056941744546e-02 3.0000000000000000e+00 6.3404365649485463e+01
2.6530207895402873e+08 8.9927903589322094e-05 8.9171182627132912e+09 6.9157779459478194e+05 8.3402295747624598e+09 1.7306660638525028e+09 7.0340435202097723e+21 7.3937907401066150e-02 3.0000000000000000e+00 6.3404365605617095e+01
2.6649818473648307e+08 8.9927903529032782e-05 8.9171182547423592e+09 6.9157779444023315e+05 8.3402295673072033e+09 1.7306660623054757e+09 7.1296113580949352e+21 7.4271253996680678e-02 3.0000000000000000e+00 6.3404365561352485e+01
2.6769968312290218e+08 8.9927903468198578e-05 8.9171182466994171e+09 6.9157779428428947e+05 8.3402295597845888e+09 1.7306660607444863e+09 7.2264776257420353e+21 7.4606103473860527e-02 3.0000000000000000e+00 6.3404365516688493e+01
2.6890659842566538e+08 8.9927903406814683e-05 8.9171182385837364e+09 6.9157779412693274e+05 8.3402295521939535e+09 1.7306660591693521e+09 7.3246599642301638e+21 7.4942462608288657e-02 3.0000000000000000e+00 6.3404365471619791e+01
2.7011895506676352e+08 8.9927903344876015e-05 8.9171182303947506e+09 6.9157779396815645e+05 8.3402295445347481e+09 1.7306660575800083e+09 7.4241762543184621e+21 7.5280338206195910e-02 3.0000000000000000e+00 6.3404365426144523e+01
2.7133677757829338e+08 8.9927903282377588e-05 8.9171182221317596e+09 6.9157779380794568e+05 8.3402295368063288e+09 1.7306660559763052e+09 7.5250446197024558e+21 7.5619737104498680e-02 3.0000000000000000e+00 6.3404365380258433e+01
2.7256009060295373e+08 8.9927903219314318e-05 8.9171182137940674e+09 6.9157779364628508e+05 8.3402295290080385e+09 1.7306660543580897e+09 7.6272834303147576e+21 7.5960666170937205e-02 3.0000000000000000e+00 6.3404365333957195e+01
2.7378891889454418e+08 8.9927903155681232e-05 8.9171182053810406e+09 6.9157779348316393e+05 8.3402295211392889e+09 1.7306660527252536e+09 7.7309113056705338e+21 7.6303132304214594e-02 3.0000000000000000e+00 6.3404365287237582e+01
2.7502328731846613e+08 8.9927903091472909e-05 8.9171181968919811e+09 6.9157779331856966e+05 8.3402295131994238e+09 1.7306660510776720e+09 7.8359471182584144e+21 7.6647142434136409e-02 3.0000000000000000e+00 6.3404365240096197e+01
2.7626322085222566e+08 8.9927903026684402e-05 8.9171181883261929e+09 6.9157779315248667e+05 8.3402295051877966e+09 1.7306660494151886e+09 7.9424099969775771e+21 7.6992703521750819e-02 3.0000000000000000e+00 6.3404365192528381e+01
2.7750874458593929e+08 8.9927902961310427e-05 8.9171181796830101e+09 6.9157779298490379e+05 8.3402294971037836e+09 1.7306660477376912e+09 8.0503193306214328e+21 7.7339822559489596e-02 3.0000000000000000e+00 6.3404365144531006e+01
2.7875988372284150e+08 8.9927902895345561e-05 8.9171181709617367e+09 6.9157779281580797e+05 8.3402294889467220e+09 1.7306660460450492e+09 8.1596947714086346e+21 7.7688506571309462e-02 3.0000000000000000e+00 6.3404365096100349e+01
2.8001666357979453e+08 8.9927902828784695e-05 8.9171181621616116e+09 6.9157779264518083e+05 8.3402294807159214e+09 1.7306660443370788e+09 8.2705562385621493e+21 7.8038762612834253e-02 3.0000000000000000e+00 6.3404365047231231e+01
2.8127910958780116e+08 8.9927902761622220e-05 8.9171181532819710e+09 6.9157779247301305e+05 8.3402294724107428e+09 1.7306660426136863e+09 8.3829239219368766e+21 7.8390597771497775e-02 3.0000000000000000e+00 6.3404364997920858e+01
2.8254724729251879e+08 8.9927902693852726e-05 8.9171181443220844e+09 6.9157779229928995e+05 8.3402294640305109e+09 1.7306660408747258e+09 8.4968182856966231e+21 7.8744019166687135e-02 3.0000000000000000e+00 6.3404364948165075e+01
2.8382110235477674e+08 8.9927902625470781e-05 8.9171181352812233e+09 6.9157779212399665e+05 8.3402294555745440e+09 1.7306660391200473e+09 8.6122600720408794e+21 7.9099033949886738e-02 3.0000000000000000e+00 6.3404364897959653e+01
2.8510070055109525e+08 8.9927902556470935e-05 8.9171181261586285e+09 6.9157779194711661e+05 8.3402294470421324e+09 1.7306660373494856e+09 8.7292703049825240e+21 7.9455649304823225e-02 3.0000000000000000e+00 6.3404364847299846e+01
2.8638606777420712e+08 8.9927902486847456e-05 8.9171181169536324e+09 6.9157779176864144e+05 8.3402294384326468e+09 1.7306660355629568e+09 8.8478702941764374e+21 7.9813872447610457e-02 3.0000000000000000e+00 6.3404364796183152e+01
2.8767723003358185e+08 8.9927902416594895e-05 8.9171181076654148e+09 6.9157779158855043e+05 8.3402294297453327e+09 1.7306660337602534e+09 8.9680816388006289e+21 8.0173710626895961e-02 3.0000000000000000e+00 6.3404364744603690e+01
2.8897421345595169e+08 8.9927902345707196e-05 8.9171180982932777e+09 6.9157779140683450e+05 8.3402294209795170e+09 1.7306660319412849e+09 9.0899262314896194e+21 8.0535171124007279e-02 3.0000000000000000e+00 6.3404364692559000e+01
2.9027704428584033e+08 8.9927902274179085e-05 8.9171180888364582e+09 6.9157779122347618e+05 8.3402294121344986e+09 1.7306660301058757e+09 9.2134262623216148e+21 8.0898261253099485e-02 3.0000000000000000e+00 6.3404364640043759e+01
2.9158574888609421e+08 8.9927902202004492e-05 8.9171180792941360e+09 6.9157779103845870e+05 8.3402294032095165e+09 1.7306660282538588e+09 9.3386042228596539e+21 8.1262988361303093e-02 3.0000000000000000e+00 6.3404364587053607e+01
2.9290035373841572e+08 8.9927902129177656e-05 8.9171180696656113e+09 6.9157779085177137e+05 8.3402293942039042e+09 1.7306660263851266e+09 9.4654829102476820e+21 8.1629359828872733e-02 3.0000000000000000e+00 6.3404364533585024e+01
2.9422088544389904e+08 8.9927902055692683e-05 8.9171180599500618e+09 6.9157779066339601e+05 8.3402293851168976e+09 1.7306660244994974e+09 9.5940854313624430e+21 8.1997383069336488e-02 3.0000000000000000e+00 6.3404364479633131e+01
2.9554737072356874e+08 8.9927901981543500e-05 8.9171180501466961e+09 6.9157779047331796e+05 8.3402293759477549e+09 1.7306660225968242e+09 9.7244352070215176e+21 8.2367065529645955e-02 3.0000000000000000e+00 6.3404364425193641e+01
2.9687983641892016e+08 8.9927901906724334e-05 8.9171180402547531e+09 6.9157779028152279e+05 8.3402293666957684e+09 1.7306660206769626e+09 9.8565559762488037e+21 8.2738414690326986e-02 3.0000000000000000e+00 6.3404364370262364e+01
2.9821830949246252e+08 8.9927901831228816e-05 8.9171180302734089e+09 6.9157779008799489e+05 8.3402293573601580e+09 1.7306660187397566e+09 9.9904718005976569e+21 8.3111438065630733e-02 3.0000000000000000e+00 6.3404364314834950e+01
2.9956281702826476e+08 8.9927901755051199e-05 8.9171180202018414e+09 6.9157778989271587e+05 8.3402293479401693e+09 1.7306660167850220e+09 1.0126207068533095e+22 8.3486143203686150e-02 3.0000000000000000e+00 6.3404364258906007e+01
3.0091338623250347e+08 8.9927901678185087e-05 8.9171180100392876e+09 6.9157778969567455e+05 8.3402293384350739e+09 1.7306660148126469e+09 1.0263786499873247e+22 8.3862537686652402e-02 3.0000000000000000e+00 6.3404364202472351e+01
3.0227004443401343e+08 8.9927901600624394e-05 8.9171179997848625e+09 6.9157778949684999e+05 8.3402293288440561e+09 1.7306660128224218e+09 1.0403235150291335e+22 8.4240629130872421e-02 3.0000000000000000e+00 6.3404364145528056e+01
3.0363281908484048e+08 8.9927901522362751e-05 8.9171179894377728e+09 6.9157778929622914e+05 8.3402293191663675e+09 1.7306660108142154e+09 1.0544578415878753e+22 8.4620425187026976e-02 3.0000000000000000e+00 6.3404364088069364e+01
3.0500173776079708e+08 8.9927901443393761e-05 8.9171179789971962e+09 6.9157778909379733e+05 8.3402293094012365e+09 1.7306660087878819e+09 1.0687842037770089e+22 8.5001933540289440e-02 3.0000000000000000e+00 6.3404364030092047e+01
3.0637682816202056e+08 8.9927901363711041e-05 8.9171179684622459e+09 6.9157778888953524e+05 8.3402292995478401e+09 1.7306660067432270e+09 1.0833052106831151e+22 8.5385161910481455e-02 3.0000000000000000e+00 6.3404363971590563e+01
3.0775811811353326e+08 8.9927901283308356e-05 8.9171179578320637e+09 6.9157778868342447e+05 8.3402292896053762e+09 1.7306660046800668e+09 1.0980235068410511e+22 8.5770118052229005e-02 3.0000000000000000e+00 6.3404363912559745e+01
3.0914563556580567e+08 8.9927901202178985e-05 8.9171179471058617e+09 6.9157778847545478e+05 8.3402292795730972e+09 1.7306660025982993e+09 1.1129417727155636e+22 8.6156809755119260e-02 3.0000000000000000e+00 6.3404363852996418e+01
3.1053940859532219e+08 8.9927901120316395e-05 8.9171179362826862e+09 6.9157778826560313e+05 8.3402292694501238e+09 1.7306660004976933e+09 1.1280627251894586e+22 8.6545244843858463e-02 3.0000000000000000e+00 6.3404363792894337e+01
3.1193946540514910e+08 8.9927901037714189e-05 8.9171179253617134e+09 6.9157778805385483e+05 8.3402292592356815e+09 1.7306659983781021e+09 1.1433891180583873e+22 8.6935431178429917e-02 3.0000000000000000e+00 6.3404363732248918e+01
3.1334583432550526e+08 8.9927900954365334e-05 8.9171179143420582e+09 6.9157778784019453e+05 8.3402292489289331e+09 1.7306659962393713e+09 1.1589237425323632e+22 8.7327376654253303e-02 3.0000000000000000e+00 6.3404363671056053e+01
3.1475854381433541e+08 8.9927900870263134e-05 8.9171179032228031e+09 6.9157778762460337e+05 8.3402292385290337e+09 1.7306659940813131e+09 1.1746694277440960e+22 8.7721089202344338e-02 3.0000000000000000e+00 6.3404363609310252e+01
3.1617762245788604e+08 8.9927900785401031e-05 8.9171178920030575e+09 6.9157778740706271e+05 8.3402292280351458e+09 1.7306659919037406e+09 1.1906290412642143e+22 8.8116576789475237e-02 3.0000000000000000e+00 6.3404363547006135e+01
3.1760309897128373e+08 8.9927900699771990e-05 8.9171178806819363e+09 6.9157778718755720e+05 8.3402292174464350e+09 1.7306659897064998e+09 1.2068054896235159e+22 8.8513847418335886e-02 3.0000000000000000e+00 6.3404363484139346e+01
3.1903500219911635e+08 8.9927900613368992e-05 8.9171178692584877e+09 6.9157778696606797e+05 8.3402292067620211e+09 1.7306659874894023e+09 1.2232017188422886e+22 8.8912909127695908e-02 3.0000000000000000e+00 6.3404363420704485e+01
3.2047336111601657e+08 8.9927900526185164e-05 8.9171178577317963e+09 6.9157778674257640e+05 8.3402291959810438e+09 1.7306659852522612e+09 1.2398207149668399e+22 8.9313769992567196e-02 3.0000000000000000e+00 6.3404363356696194e+01
3.2191820482724839e+08 8.9927900438213488e-05 8.9171178461009388e+09 6.9157778651706502e+05 8.3402291851026392e+09 1.7306659829949019e+09 1.2566655046133049e+22 8.9716438124367373e-02 3.0000000000000000e+00 6.3404363292109572e+01
3.2336956256929576e+08 8.9927900349446915e-05 8.9171178343649693e+09 6.9157778628951497e+05 8.3402291741259279e+09 1.7306659807171357e+09 1.2737391555188464e+22 9.0120921671083876e-02 3.0000000000000000e+00 6.3404363226938941e+01
3.2482746371045458e+08 8.9927900259877952e-05 8.9171178225229340e+09 6.9157778605990903e+05 8.3402291630500059e+09 1.7306659784187901e+09 1.2910447771003482e+22 9.0527228817438882e-02 3.0000000000000000e+00 6.3404363161179788e+01
3.2629193775142646e+08 8.9927900169499577e-05 8.9171178105738850e+09 6.9157778582822834e+05 8.3402291518739948e+09 1.7306659760996764e+09 1.3085855210206906e+22 9.0935367785054802e-02 3.0000000000000000e+00 6.3404363094826365e+01
3.2776301432591629e+08 8.9927900078304418e-05 8.9171177985168705e+09 6.9157778559445520e+05 8.3402291405970001e+09 1.7306659737596173e+09 1.3263645817627312e+22 9.1345346832620897e-02 3.0000000000000000e+00 6.3404363027873735e+01
3.2924072320123136e+08 8.9927899986285144e-05 8.9171177863508759e+09 6.9157778535856819e+05 8.3402291292180786e+09 1.7306659713983984e+09 1.3443851972110709e+22 9.1757174256060087e-02 3.0000000000000000e+00 6.3404362960315794e+01
3.3072509427888387e+08 8.9927899893434233e-05 8.9171177740749207e+09 6.9157778512054868e+05 8.3402291177363119e+09 1.7306659690158334e+09 1.3626506492417275e+22 9.2170858388696986e-02 3.0000000000000000e+00 6.3404362892147184e+01
3.3221615759519619e+08 8.9927899799744189e-05 8.9171177616880531e+09 6.9157778488037991e+05 8.3402291061508026e+09 1.7306659666117544e+09 1.3811642643198377e+22 9.2586407601426529e-02 3.0000000000000000e+00 6.3404362823363059e+01
3.3371394332190824e+08 8.9927899705207506e-05 8.9171177491892300e+09 6.9157778463803953e+05 8.3402290944605837e+09 1.7306659641859376e+09 1.3999294141054484e+22 9.3003830302883214e-02 3.0000000000000000e+00 6.3404362753957074e+01
3.3521848176678842e+08 8.9927899609816512e-05 8.9171177365774345e+09 6.9157778439350799e+05 8.3402290826647081e+09 1.7306659617381871e+09 1.4189495160675689e+22 9.3423134939611463e-02 3.0000000000000000e+00 6.3404362683923559e+01
3.3672980337424672e+08 8.9927899513563388e-05 8.9171177238516884e+09 6.9157778414676827e+05 8.3402290707622461e+09 1.7306659592683334e+09 1.4382280341065449e+22 9.3844329996236389e-02 3.0000000000000000e+00 6.3404362613257717e+01
3.3824793872595066e+08 8.9927899416440286e-05 8.9171177110109100e+09 6.9157778389779781e+05 8.3402290587521963e+09 1.7306659567761497e+09 1.4577684791849023e+22 9.4267423995635424e-02 3.0000000000000000e+00 6.3404362541953198e+01
3.3977291854144424e+08 8.9927899318439550e-05 8.9171176980540905e+09 6.9157778364657681e+05 8.3402290466336107e+09 1.7306659542614381e+09 1.4775744099667495e+22 9.4692425499110985e-02 3.0000000000000000e+00 6.3404362470004209e+01
3.4130477367876953e+08 8.9927899219553211e-05 8.9171176849802113e+09 6.9157778339308756e+05 8.3402290344055376e+09 1.7306659517240219e+09 1.4976494334658822e+22 9.5119343106563434e-02 3.0000000000000000e+00 6.3404362397405485e+01
3.4284353513509119e+08 8.9927899119773244e-05 8.9171176717881355e+09 6.9157778313730448e+05 8.3402290220669222e+09 1.7306659491636441e+09 1.5179972057026743e+22 9.5548185456665366e-02 3.0000000000000000e+00 6.3404362324149872e+01
3.4438923404732335e+08 8.9927899019091371e-05 8.9171176584768791e+09 6.9157778287921334e+05 8.3402290096168280e+09 1.7306659465801630e+09 1.5386214323699105e+22 9.5978961227036252e-02 3.0000000000000000e+00 6.3404362250233454e+01
3.4594190169276011e+08 8.9927898917499757e-05 8.9171176450453014e+09 6.9157778261878714e+05 8.3402289970541992e+09 1.7306659439733081e+09 1.5595258695076626e+22 9.6411679134417921e-02 3.0000000000000000e+00 6.3404362175648266e+01
3.4750156948970819e+08 8.9927898814989919e-05 8.9171176314923267e+09 6.9157778235600749e+05 8.3402289843780298e+09 1.7306659413428953e+09 1.5807143241873239e+22 9.6846347934851321e-02 3.0000000000000000e+00 6.3404362100389257e+01
3.4906826899812263e+08 8.9927898711553739e-05 8.9171176178168774e+09 6.9157778209085297e+05 8.3402289715873089e+09 1.7306659386887097e+09 1.6021906552049449e+22 9.7282976423853224e-02 3.0000000000000000e+00 6.3404362024450187e+01
3.5064203192024559e+08 8.9927898607182745e-05 8.9171176040178776e+09 6.9157778182330495e+05 8.3402289586810236e+09 1.7306659360105658e+09 1.6239587737839902e+22 9.7721573436594503e-02 3.0000000000000000e+00 6.3404361947825542e+01
3.5222289010124773e+08 8.9927898501868605e-05 8.9171175900941200e+09 6.9157778155333502e+05 8.3402289456580610e+09 1.7306659333081784e+09 1.6460226442876510e+22 9.8162147848078848e-02 3.0000000000000000e+00 6.3404361870507479e+01
3.5381087552987260e+08 8.9927898395602724e-05 8.9171175760445614e+09 6.9157778128092736e+05 8.3402289325174332e+09 1.7306659305813894e+09 1.6683862849408100e+22 9.8604708573322278e-02 3.0000000000000000e+00 6.3404361792491265e+01
3.5540602033908403e+08 8.9927898288376295e-05 8.9171175618680305e+09 6.9157778100605891e+05 8.3402289192580423e+09 1.7306659278299682e+09 1.6910537685618450e+22 9.9049264567533615e-02 3.0000000000000000e+00 6.3404361713770413e+01
3.5700835680671620e+08 8.9927898180181023e-05 8.9171175475633869e+09 6.9157778072870546e+05 8.3402289058788309e+09 1.7306659250536721e+09 1.7140292233043512e+22 9.9495824826295598e-02 3.0000000000000000e+00 6.3404361634337917e+01
3.5861791735612690e+08 8.9927898071007949e-05 8.9171175331294556e+09 6.9157778044884466e+05 8.3402288923786964e+09 1.7306659222522776e+09 1.7373168334089591e+22 9.9944398385747035e-02 3.0000000000000000e+00 6.3404361554187481e+01
3.6023473455685353e+08 8.9927897960848143e-05 8.9171175185650654e+09 6.9157778016645438e+05 8.3402288787565432e+09 1.7306659194255631e+09 1.7609208399653543e+22 1.0039499432276541e-01 3.0000000000000000e+00 6.3404361473312761e+01
3.6185884112527215e+08 8.9927897849692809e-05 8.9171175038690796e+09 6.9157777988151391e+05 8.3402288650113087e+09 1.7306659165733213e+09 1.7848455416846613e+22 1.0084762175515087e-01 3.0000000000000000e+00 6.3404361391707660e+01
3.6349026992525971e+08 8.9927897737533002e-05 8.9171174890402889e+09 6.9157777959399810e+05 8.3402288511418552e+09 1.7306659136953003e+09 1.8090952956823065e+22 1.0130228984181050e-01 3.0000000000000000e+00 6.3404361309365093e+01
3.6512905396885872e+08 8.9927897624359629e-05 8.9171174740774612e+09 6.9157777930388204e+05 8.3402288371470432e+09 1.7306659107912512e+09 1.8336745182715384e+22 1.0175900778294363e-01 3.0000000000000000e+00 6.3404361226277921e+01
3.6677522641694540e+08 8.9927897510163406e-05 8.9171174589794235e+09 6.9157777901114547e+05 8.3402288230257673e+09 1.7306659078609707e+09 1.8585876857676989e+22 1.0221778482022813e-01 3.0000000000000000e+00 6.3404361142440386e+01
3.6842882057990080e+08 8.9927897394935090e-05 8.9171174437449398e+09 6.9157777871576371e+05 8.3402288087768688e+09 1.7306659049042120e+09 1.8838393353034592e+22 1.0267863023700731e-01 3.0000000000000000e+00 6.3404361057845414e+01
3.7008986991828471e+08 8.9927897278665547e-05 8.9171174283727760e+09 6.9157777841771161e+05 8.3402287943992014e+09 1.7306659019207237e+09 1.9094340656551002e+22 1.0314155335847787e-01 3.0000000000000000e+00 6.3404360972485676e+01
3.7175840804351270e+08 8.9927897161345223e-05 8.9171174128616943e+09 6.9157777811696636e+05 8.3402287798916016e+09 1.7306658989102769e+09 1.9353765380800370e+22 1.0360656355187838e-01 3.0000000000000000e+00 6.3404360886354766e+01
3.7343446871853638e+08 8.9927897042964508e-05 8.9171173972104301e+09 6.9157777781350375e+05 8.3402287652528877e+09 1.7306658958726292e+09 1.9616714771657130e+22 1.0407367022667911e-01 3.0000000000000000e+00 6.3404360799445826e+01
3.7511808585852647e+08 8.9927896923514146e-05 8.9171173814177456e+09 6.9157777750729909e+05 8.3402287504819012e+09 1.7306658928075337e+09 1.9883236716900283e+22 1.0454288283477214e-01 3.0000000000000000e+00 6.3404360711751529e+01
3.7680929353155923e+08 8.9927896802984231e-05 8.9171173654823112e+09 6.9157777719832584e+05 8.3402287355774050e+09 1.7306658897147250e+09 2.0153379754934784e+22 1.0501421087066282e-01 3.0000000000000000e+00 6.3404360623264438e+01
3.7850812595930564e+08 8.9927896681365032e-05 8.9171173494028606e+09 6.9157777688656002e+05 8.3402287205382090e+09 1.7306658865939624e+09 2.0427193083631004e+22 1.0548766387166184e-01 3.0000000000000000e+00 6.3404360533977766e+01
3.8021461751772398e+08 8.9927896558646627e-05 8.9171173331780930e+09 6.9157777657197719e+05 8.3402287053630943e+09 1.7306658834450021e+09 2.0704726569284662e+22 1.0596325141807808e-01 3.0000000000000000e+00 6.3404360443884507e+01
3.8192880273775548e+08 8.9927896434819287e-05 8.9171173168067112e+09 6.9157777625455149e+05 8.3402286900508499e+09 1.7306658802675846e+09 2.0986030755698423e+22 1.0644098313341260e-01 3.0000000000000000e+00 6.3404360352977129e+01
3.8365071630602294e+08 8.9927896309872929e-05 8.9171173002873821e+09 6.9157777593425754e+05 8.3402286746002331e+09 1.7306658770614560e+09 2.1271156873386684e+22 1.0692086868455342e-01 3.0000000000000000e+00 6.3404360261248293e+01
3.8538039306553262e+08 8.9927896183797346e-05 8.9171172836187801e+09 6.9157777561106998e+05 8.3402286590099926e+09 1.7306658738263626e+09 2.1560156848905746e+22 1.0740291778197091e-01 3.0000000000000000e+00 6.3404360168690950e+01
3.8711786801637948e+08 8.9927896056582308e-05 8.9171172667995071e+09 6.9157777528496040e+05 8.3402286432788363e+09 1.7306658705620198e+09 2.1853083314310242e+22 1.0788714017991445e-01 3.0000000000000000e+00 6.3404360075296893e+01
3.8886317631645513e+08 8.9927895928217758e-05 8.9171172498282318e+09 6.9157777495590225e+05 8.3402286274055109e+09 1.7306658672681620e+09 2.2149989616738810e+22 1.0837354567660981e-01 3.0000000000000000e+00 6.3404359981058640e+01
3.9061635328215951e+08 8.9927895798692990e-05 8.9171172327035961e+09 6.9157777462387248e+05 8.3402286113887472e+09 1.7306658639445586e+09 2.2450929828129201e+22 1.0886214411445719e-01 3.0000000000000000e+00 6.3404359885969207e+01
3.9237743438911527e+08 8.9927895667997771e-05 8.9171172154242039e+09 6.9157777428884129e+05 8.3402285952272339e+09 1.7306658605909109e+09 2.2755958755065783e+22 1.0935294538023066e-01 3.0000000000000000e+00 6.3404359790020536e+01
3.9414645527288586e+08 8.9927895536121396e-05 8.9171171979886589e+09 6.9157777395078307e+05 8.3402285789196711e+09 1.7306658572069628e+09 2.3065131948761030e+22 1.0984595940527804e-01 3.0000000000000000e+00 6.3404359693204889e+01
3.9592345172969639e+08 8.9927895403053184e-05 8.9171171803955402e+09 6.9157777360966965e+05 8.3402285624647293e+09 1.7306658537924323e+09 2.3378505715172061e+22 1.1034119616572194e-01 3.0000000000000000e+00 6.3404359595514507e+01
3.9770845971715826e+08 8.9927895268782416e-05 8.9171171626434193e+09 6.9157777326547308e+05 8.3402285458610744e+09 1.7306658503470397e+09 2.3696137125255348e+22 1.1083866568266153e-01 3.0000000000000000e+00 6.3404359496941161e+01
3.9950151535499644e+08 8.9927895133298222e-05 8.9171171447308693e+09 6.9157777291816566e+05 8.3402285291073675e+09 1.7306658468705075e+09 2.4018084025359833e+22 1.1133837802237541e-01 3.0000000000000000e+00 6.3404359397477130e+01
4.0130265492578053e+08 8.9927894996589760e-05 8.9171171266564369e+09 6.9157777256771852e+05 8.3402285122022552e+09 1.7306658433625469e+09 2.4344405047762261e+22 1.1184034329652513e-01 3.0000000000000000e+00 6.3404359297113984e+01
4.0311191487565899e+08 8.9927894858645688e-05 8.9171171084186611e+09 6.9157777221410535e+05 8.3402284951443634e+09 1.7306658398228946e+09 2.4675159621344871e+22 1.1234457166236006e-01 3.0000000000000000e+00 6.3404359195844286e+01
4.0492933181509644e+08 8.9927894719454959e-05 8.9171170900160561e+09 6.9157777185729588e+05 8.3402284779323082e+09 1.7306658362512472e+09 2.5010407982418570e+22 1.1285107332292266e-01 3.0000000000000000e+00 6.3404359093659423e+01
4.0675494251961470e+08 8.9927894579006407e-05 8.9171170714471607e+09 6.9157777149726264e+05 8.3402284605647202e+09 1.7306658326473300e+09 2.5350211185693008e+22 1.1335985852725508e-01 3.0000000000000000e+00 6.3404358990551266e+01
4.0858878393053675e+08 8.9927894437288538e-05 8.9171170527104588e+09 6.9157777113397606e+05 8.3402284430401754e+09 1.7306658290108473e+09 2.5694631115395667e+22 1.1387093757060643e-01 3.0000000000000000e+00 6.3404358886511673e+01
4.1043089315573430e+08 8.9927894294289834e-05 8.9171170338044262e+09 6.9157777076740703e+05 8.3402284253572569e+09 1.7306658253415072e+09 2.6043730496542141e+22 1.1438432079464120e-01 3.0000000000000000e+00 6.3404358781532103e+01
4.1228130747037882e+08 8.9927894149998964e-05 8.9171170147275124e+09 6.9157777039752295e+05 8.3402284075145216e+09 1.7306658216389840e+09 2.6397572906359569e+22 1.1490001858764852e-01 3.0000000000000000e+00 6.3404358675603277e+01
4.1414006431769556e+08 8.9927894004404097e-05 8.9171169954781971e+09 6.9157777002429590e+05 8.3402283895105314e+09 1.7306658179029975e+09 2.6756222785864897e+22 1.1541804138475220e-01 3.0000000000000000e+00 6.3404358568717250e+01
4.1600720130972135e+08 8.9927893857493266e-05 8.9171169760549583e+09 6.9157776964769978e+05 8.3402283713438654e+09 1.7306658141332867e+09 2.7119745451601005e+22 1.1593839966812211e-01 3.0000000000000000e+00 6.3404358460866469e+01
4.1788275622806573e+08 8.9927893709254952e-05 8.9171169564561481e+09 6.9157776926769642e+05 8.3402283530129929e+09 1.7306658103294697e+09 2.7488207107531909e+22 1.1646110396718609e-01 3.0000000000000000e+00 6.3404358352040120e+01
4.1976676702467525e+08 8.9927893559676875e-05 8.9171169366802483e+09 6.9157776888426137e+05 8.3402283345164814e+09 1.7306658064913018e+09 2.7861674857099654e+22 1.1698616485884311e-01 3.0000000000000000e+00 6.3404358242231034e+01
4.2165927182260185e+08 8.9927893408747042e-05 8.9171169167256088e+09 6.9157776849735994e+05 8.3402283158527985e+09 1.7306658026184351e+09 2.8240216715445024e+22 1.1751359296767722e-01 3.0000000000000000e+00 6.3404358131429419e+01
4.2356030891677362e+08 8.9927893256453324e-05 8.9171168965906162e+09 6.9157776810695999e+05 8.3402282970204344e+09 1.7306657987105489e+09 2.8623901621794403e+22 1.1804339896617258e-01 3.0000000000000000e+00 6.3404358019626109e+01
4.2546991677477050e+08 8.9927893102783238e-05 8.9171168762736855e+09 6.9157776771303406e+05 8.3402282780178995e+09 1.7306657947673676e+09 2.9012799452014709e+22 1.1857559357492937e-01 3.0000000000000000e+00 6.3404357906813026e+01
4.2738813403760189e+08 8.9927892947724343e-05 8.9171168557731380e+09 6.9157776731554768e+05 8.3402282588436222e+09 1.7306657907885461e+09 2.9406981031339162e+22 1.1911018756288079e-01 3.0000000000000000e+00 6.3404357792980541e+01
4.2931499952048916e+08 8.9927892791264171e-05 8.9171168350873260e+09 6.9157776691446942e+05 8.3402282394960690e+09 1.7306657867737706e+09 2.9806518147265656e+22 1.1964719174751080e-01 3.0000000000000000e+00 6.3404357678119560e+01
4.3125055221365082e+08 8.9927892633389955e-05 8.9171168142145710e+09 6.9157776650976692e+05 8.3402282199736643e+09 1.7306657827227161e+09 3.0211483562630663e+22 1.2018661699507320e-01 3.0000000000000000e+00 6.3404357562220824e+01
4.3319483128309137e+08 8.9927892474089052e-05 8.9171167931531925e+09 6.9157776610140735e+05 8.3402282002748423e+09 1.7306657786350546e+09 3.0621951028860654e+22 1.2072847422081137e-01 3.0000000000000000e+00 6.3404357445274854e+01
4.3514787607139409e+08 8.9927892313348544e-05 8.9171167719014511e+09 6.9157776568935532e+05 8.3402281803979750e+09 1.7306657745104320e+09 3.1037995299403360e+22 1.2127277438917912e-01 3.0000000000000000e+00 6.3404357327271562e+01
4.3710972609851700e+08 8.9927892151155328e-05 8.9171167504576645e+09 6.9157776527358056e+05 8.3402281603414831e+09 1.7306657703485448e+09 3.1459692143341921e+22 1.2181952851406269e-01 3.0000000000000000e+00 6.3404357208202441e+01
4.3908042106259257e+08 8.9927891987496284e-05 8.9171167288200912e+09 6.9157776485404908e+05 8.3402281401037416e+09 1.7306657661490531e+09 3.1887118359193604e+22 1.2236874765900345e-01 3.0000000000000000e+00 6.3404357088057573e+01
4.4106000084073091e+08 8.9927891822358348e-05 8.9171167069869576e+09 6.9157776443072432e+05 8.3402281196830950e+09 1.7306657619115908e+09 3.2320351788896323e+22 1.2292044293742180e-01 3.0000000000000000e+00 6.3404356966826541e+01
4.4304850548982692e+08 8.9927891655727912e-05 8.9171166849565544e+09 6.9157776400357718e+05 8.3402280990779333e+09 1.7306657576358669e+09 3.2759471331984884e+22 1.2347462551284213e-01 3.0000000000000000e+00 6.3404356844501031e+01
4.4504597524737066e+08 8.9927891487591574e-05 8.9171166627270088e+09 6.9157776357256691e+05 8.3402280782865191e+09 1.7306657533214729e+09 3.3204556959960197e+22 1.2403130659911854e-01 3.0000000000000000e+00 6.3404356721069313e+01
4.4705245053226149e+08 8.9927891317935753e-05 8.9171166402965813e+09 6.9157776313766208e+05 8.3402280573072176e+09 1.7306657489680948e+09 3.3655689730853102e+22 1.2459049746066191e-01 3.0000000000000000e+00 6.3404356596522589e+01
4.4906797194562626e+08 8.9927891146746871e-05 8.9171166176634674e+09 6.9157776269882754e+05 8.3402280361383429e+09 1.7306657445753803e+09 3.4112951803987039e+22 1.2515220941266772e-01 3.0000000000000000e+00 6.3404356470850423e+01
4.5109258027164048e+08 8.9927890974010710e-05 8.9171165948257942e+09 6.9157776225602720e+05 8.3402280147781420e+09 1.7306657401429682e+09 3.4576426454940283e+22 1.2571645382134508e-01 3.0000000000000000e+00 6.3404356344042888e+01
4.5312631647835398e+08 8.9927890799713529e-05 8.9171165717817268e+09 6.9157776180922450e+05 8.3402279932248974e+09 1.7306657356704929e+09 3.5046198090712031e+22 1.2628324210414660e-01 3.0000000000000000e+00 6.3404356216089397e+01
4.5516922171851957e+08 8.9927890623841259e-05 8.9171165485293941e+09 6.9157776135838288e+05 8.3402279714768677e+09 1.7306657311575882e+09 3.5522352265094463e+22 1.2685258572999955e-01 3.0000000000000000e+00 6.3404356086979327e+01
4.5722133733042592e+08 8.9927890446379549e-05 8.9171165250669613e+09 6.9157776090346952e+05 8.3402279495323219e+09 1.7306657266039255e+09 3.6004975694253503e+22 1.2742449621953778e-01 3.0000000000000000e+00 6.3404355956703384e+01
4.5928270483873403e+08 8.9927890267314006e-05 8.9171165013924618e+09 6.9157776044444321e+05 8.3402279273894310e+09 1.7306657220090923e+09 3.6494156272521414e+22 1.2799898514533498e-01 3.0000000000000000e+00 6.3404355825249880e+01
4.6135336595531762e+08 8.9927890086630264e-05 8.9171164775040283e+09 6.9157775998126972e+05 8.3402279050464478e+09 1.7306657173727462e+09 3.6989983088404041e+22 1.2857606413213871e-01 3.0000000000000000e+00 6.3404355692608767e+01
4.6343336258010679e+08 8.9927889904313604e-05 8.9171164533996964e+09 6.9157775951390970e+05 8.3402278825015345e+09 1.7306657126944931e+09 3.7492546440805195e+22 1.2915574485710574e-01 3.0000000000000000e+00 6.3404355558769005e+01
4.6552273680193633e+08 8.9927889720349351e-05 8.9171164290775318e+09 6.9157775904232590e+05 8.3402278597528801e+09 1.7306657079739599e+09 3.8001937855471700e+22 1.2973803905003808e-01 3.0000000000000000e+00 6.3404355423719871e+01
4.6762153089939708e+08 8.9927889534722650e-05 8.9171164045355415e+09 6.9157775856647850e+05 8.3402278367986279e+09 1.7306657032107484e+09 3.8518250101662061e+22 1.3032295849362074e-01 3.0000000000000000e+00 6.3404355287449867e+01
4.6972978734169149e+08 8.9927889347418159e-05 8.9171163797717915e+09 6.9157775808633422e+05 8.3402278136369514e+09 1.7306656984045255e+09 3.9041577209041179e+22 1.3091051502365977e-01 3.0000000000000000e+00 6.3404355149949652e+01
4.7184754878949308e+08 8.9927889158421162e-05 8.9171163547842216e+09 6.9157775760184810e+05 8.3402277902659445e+09 1.7306656935548408e+09 3.9572014484804958e+22 1.3150072052932180e-01 3.0000000000000000e+00 6.3404355011206114e+01
4.7397485809580964e+08 8.9927888967716044e-05 8.9171163295708370e+09 6.9157775711298431e+05 8.3402277666837273e+09 1.7306656886613359e+09 4.0109658531037234e+22 1.3209358695337489e-01 3.0000000000000000e+00 6.3404354871209243e+01
4.7611175830685025e+08 8.9927888775287438e-05 8.9171163041296120e+09 6.9157775661970396e+05 8.3402277428884048e+09 1.7306656837236214e+09 4.0654607262302928e+22 1.3268912629242971e-01 3.0000000000000000e+00 6.3404354729947769e+01
4.7825829266289657e+08 8.9927888581119853e-05 8.9171162784584522e+09 6.9157775612196466e+05 8.3402277188780298e+09 1.7306656787412732e+09 4.1206959923479932e+22 1.3328735059718272e-01 3.0000000000000000e+00 6.3404354587409536e+01
4.8041450459917760e+08 8.9927888385197649e-05 8.9171162525552998e+09 6.9157775561972638e+05 8.3402276946506691e+09 1.7306656737138901e+09 4.1766817107833394e+22 1.3388827197265979e-01 3.0000000000000000e+00 6.3404354443583124e+01
4.8258043774674857e+08 8.9927888187504686e-05 8.9171162264180336e+09 6.9157775511294906e+05 8.3402276702043428e+09 1.7306656686410716e+09 4.2334280775335485e+22 1.3449190257846111e-01 3.0000000000000000e+00 6.3404354298457207e+01
4.8475613593337399e+08 8.9927887988025133e-05 8.9171162000445919e+09 6.9157775460159406e+05 8.3402276455371170e+09 1.7306656635224309e+09 4.2909454271234133e+22 1.3509825462900735e-01 3.0000000000000000e+00 6.3404354152020382e+01
4.8694164318441445e+08 8.9927887786742878e-05 8.9171161734327602e+09 6.9157775408561435e+05 8.3402276206469288e+09 1.7306656583574967e+09 4.3492442344873991e+22 1.3570734039378660e-01 3.0000000000000000e+00 6.3404354004259559e+01
4.8913700372371739e+08 8.9927887583641616e-05 8.9171161465804768e+09 6.9157775356497453e+05 8.3402275955318403e+09 1.7306656531459153e+09 4.4083351168773238e+22 1.3631917219760303e-01 3.0000000000000000e+00 6.3404353855164352e+01
4.9134226197451204e+08 8.9927887378704895e-05 8.9171161194854946e+09 6.9157775303962757e+05 8.3402275701897564e+09 1.7306656478872154e+09 4.4682288357959415e+22 1.3693376242082569e-01 3.0000000000000000e+00 6.3404353704721444e+01
4.9355746256030828e+08 8.9927887171915949e-05 8.9171160921456566e+09 6.9157775250953436e+05 8.3402275446186543e+09 1.7306656425810061e+09 4.5289362989567877e+22 1.3755112349963958e-01 3.0000000000000000e+00 6.3404353552919581e+01
4.9578265030579960e+08 8.9927886963258314e-05 8.9171160645587482e+09 6.9157775197465043e+05 8.3402275188164682e+09 1.7306656372268417e+09 4.5904685622706943e+22 1.3817126792629683e-01 3.0000000000000000e+00 6.3404353399745986e+01
4.9801787023777032e+08 8.9927886752714899e-05 8.9171160367225494e+09 6.9157775143493433e+05 8.3402274927811146e+09 1.7306656318243074e+09 4.6528368318592498e+22 1.3879420824936983e-01 3.0000000000000000e+00 6.3404353245188808e+01
5.0026316758600646e+08 8.9927886540268939e-05 8.9171160086347466e+09 6.9157775089033693e+05 8.3402274665104446e+09 1.7306656263729119e+09 4.7160524660956356e+22 1.3941995707400495e-01 3.0000000000000000e+00 6.3404353089234107e+01
5.0251858778421092e+08 8.9927886325902857e-05 8.9171159802931271e+09 6.9157775034082029e+05 8.3402274400023718e+09 1.7306656208722746e+09 4.7801269776731836e+22 1.4004852706217749e-01 3.0000000000000000e+00 6.3404352931870868e+01
5.0478417647092319e+08 8.9927886109599550e-05 8.9171159516953735e+09 6.9157774978633691e+05 8.3402274132547350e+09 1.7306656153219206e+09 4.8450720357020389e+22 1.4067993093294820e-01 3.0000000000000000e+00 6.3404352773085677e+01
5.0705997949044251e+08 8.9927885891341467e-05 8.9171159228391743e+09 6.9157774922684231e+05 8.3402273862653713e+09 1.7306656097214048e+09 4.9108994678343275e+22 1.4131418146272018e-01 3.0000000000000000e+00 6.3404352612865608e+01
5.0934604289375567e+08 8.9927885671111017e-05 8.9171158937221870e+09 6.9157774866229063e+05 8.3402273590320978e+09 1.7306656040702677e+09 4.9776212624181555e+22 1.4195129148549795e-01 3.0000000000000000e+00 6.3404352451197575e+01
5.1164241293946892e+08 8.9927885448890161e-05 8.9171158643420982e+09 6.9157774809263996e+05 8.3402273315527353e+09 1.7306655983680899e+09 5.0452495706809201e+22 1.4259127389314663e-01 3.0000000000000000e+00 6.3404352288069582e+01
5.1394913609474367e+08 8.9927885224660997e-05 8.9171158346964664e+09 6.9157774751783977e+05 8.3402273038250122e+09 1.7306655926143656e+09 5.1137967089422541e+22 1.4323414163565309e-01 3.0000000000000000e+00 6.3404352123467277e+01
5.1626625903623736e+08 8.9927884998405649e-05 8.9171158047829189e+09 6.9157774693784351e+05 8.3402272758467121e+09 1.7306655868086288e+09 5.1832751608570363e+22 1.4387990772138787e-01 3.0000000000000000e+00 6.3404351957377187e+01
5.1859382865104741e+08 8.9927884770105415e-05 8.9171157745990143e+09 6.9157774635260506e+05 8.3402272476155405e+09 1.7306655809504182e+09 5.2536975796889115e+22 1.4452858521736836e-01 3.0000000000000000e+00 6.3404351789786332e+01
5.2093189203766018e+08 8.9927884539741930e-05 8.9171157441423759e+09 6.9157774576208112e+05 8.3402272191292763e+09 1.7306655750393000e+09 5.3250767906146387e+22 1.4518018724952328e-01 3.0000000000000000e+00 6.3404351620682057e+01
5.2328049650690407e+08 8.9927884307296655e-05 8.9171157134104729e+09 6.9157774516621884e+05 8.3402271903855610e+09 1.7306655690747452e+09 5.3974257930598082e+22 1.4583472700295827e-01 3.0000000000000000e+00 6.3404351450049283e+01
5.2563968958290690e+08 8.9927884072750602e-05 8.9171156824008293e+09 6.9157774456497142e+05 8.3402271613820686e+09 1.7306655630562856e+09 5.4707577630662549e+22 1.4649221772222257e-01 3.0000000000000000e+00 6.3404351277874881e+01
5.2800951900405735e+08 8.9927883836085057e-05 8.9171156511109467e+09 6.9157774395828974e+05 8.3402271321164703e+09 1.7306655569834290e+09 5.5450860556916640e+22 1.4715267271157709e-01 3.0000000000000000e+00 6.3404351104144475e+01
5.3039003272397107e+08 8.9927883597280692e-05 8.9171156195382881e+09 6.9157774334612535e+05 8.3402271025863924e+09 1.7306655508556910e+09 5.6204242074417249e+22 1.4781610533526357e-01 3.0000000000000000e+00 6.3404350928844245e+01
5.3278127891246104e+08 8.9927883356318033e-05 8.9171155876802864e+09 6.9157774272842868e+05 8.3402270727894287e+09 1.7306655446725750e+09 5.6967859387354170e+22 1.4848252901777498e-01 3.0000000000000000e+00 6.3404350751960287e+01
5.3518330595651245e+08 8.9927883113177903e-05 8.9171155555344124e+09 6.9157774210515129e+05 8.3402270427232161e+09 1.7306655384335964e+09 5.7741851564037026e+22 1.4915195724412728e-01 3.0000000000000000e+00 6.3404350573478148e+01
5.3759616246126127e+08 8.9927882867840340e-05 8.9171155230979996e+09 6.9157774147623987e+05 8.3402270123852606e+09 1.7306655321382213e+09 5.8526359562222114e+22 1.4982440356013196e-01 3.0000000000000000e+00 6.3404350393383218e+01
5.4001989725097859e+08 8.9927882620285691e-05 8.9171154903684521e+09 6.9157774084164435e+05 8.3402269817731371e+09 1.7306655257859485e+09 5.9321526254783666e+22 1.5049988157267061e-01 3.0000000000000000e+00 6.3404350211660827e+01
5.4245455937005758e+08 8.9927882370493818e-05 8.9171154573431416e+09 6.9157774020131538e+05 8.3402269508843813e+09 1.7306655193762844e+09 6.0127496455732802e+22 1.5117840494996956e-01 3.0000000000000000e+00 6.3404350028296776e+01
5.4490019808400714e+08 8.9927882118444446e-05 8.9171154240193424e+09 6.9157773955519800e+05 8.3402269197164516e+09 1.7306655129086785e+09 6.0944416946591552e+22 1.5185998742187726e-01 3.0000000000000000e+00 6.3404349843275639e+01
5.4735686288044751e+08 8.9927881864117302e-05 8.9171153903943939e+09 6.9157773890324146e+05 8.3402268882668543e+09 1.7306655063826227e+09 6.1772436503123622e+22 1.5254464278014132e-01 3.0000000000000000e+00 6.3404349656582653e+01
5.4982460347011256e+08 8.9927881607491743e-05 8.9171153564655704e+09 6.9157773824539315e+05 8.3402268565330410e+09 1.7306654997975910e+09 6.2611705922429521e+22 1.5323238487868807e-01 3.0000000000000000e+00 6.3404349468202803e+01
5.5230346978785539e+08 8.9927881348546859e-05 8.9171153222301483e+09 6.9157773758160230e+05 8.3402268245124598e+09 1.7306654931530745e+09 6.3462378050409386e+22 1.5392322763390265e-01 3.0000000000000000e+00 6.3404349278121508e+01
5.5479351199365854e+08 8.9927881087261901e-05 8.9171152876853104e+09 6.9157773691181047e+05 8.3402267922024822e+09 1.7306654864484882e+09 6.4324607809598555e+22 1.5461718502491062e-01 3.0000000000000000e+00 6.3404349086322235e+01
5.5729478047364950e+08 8.9927880823615754e-05 8.9171152528282642e+09 6.9157773623596388e+05 8.3402267596005001e+09 1.7306654796832945e+09 6.5198552227382104e+22 1.5531427109386090e-01 3.0000000000000000e+00 6.3404348892789514e+01
5.5980732584111965e+08 8.9927880557586883e-05 8.9171152176562576e+09 6.9157773555401340e+05 8.3402267267039270e+09 1.7306654728570008e+09 6.6084370464591881e+22 1.5601449994620969e-01 3.0000000000000000e+00 6.3404348697508944e+01
5.6233119893754911e+08 8.9927880289153848e-05 8.9171151821663418e+09 6.9157773486589640e+05 8.3402266935100155e+09 1.7306654659689808e+09 6.6982223844492932e+22 1.5671788575100623e-01 3.0000000000000000e+00 6.3404348500463151e+01
5.6486645083363497e+08 8.9927880018294789e-05 8.9171151463557301e+09 6.9157773417156399e+05 8.3402266600161495e+09 1.7306654590187447e+09 6.7892275882163163e+22 1.5742444274117909e-01 3.0000000000000000e+00 6.3404348301637839e+01
5.6741313283032465e+08 8.9927879744988129e-05 8.9171151102214756e+09 6.9157773347095447e+05 8.3402266262195864e+09 1.7306654520056751e+09 6.8814692314271858e+22 1.5813418521382436e-01 3.0000000000000000e+00 6.3404348101015273e+01
5.6997129645985472e+08 8.9927879469211359e-05 8.9171150737606335e+09 6.9157773276401218e+05 8.3402265921175632e+09 1.7306654449292150e+09 6.9749641129264117e+22 1.5884712753049496e-01 3.0000000000000000e+00 6.3404347898579765e+01
5.7254099348679268e+08 8.9927879190942415e-05 8.9171150369703197e+09 6.9157773205068288e+05 8.3402265577073822e+09 1.7306654377888210e+09 7.0697292597953644e+22 1.5956328411749104e-01 3.0000000000000000e+00 6.3404347694315568e+01
5.7512227590908527e+08 8.9927878910158623e-05 8.9171149998475246e+09 6.9157773133090744e+05 8.3402265229862261e+09 1.7306654305839016e+09 7.1657819304532709e+22 1.6028266946615219e-01 3.0000000000000000e+00 6.3404347488205872e+01
5.7771519595911014e+08 8.9927878626837459e-05 8.9171149623892403e+09 6.9157773060462624e+05 8.3402264879512892e+09 1.7306654233138597e+09 7.2631396178002461e+22 1.6100529813315034e-01 3.0000000000000000e+00 6.3404347280233559e+01
5.8031980610473275e+08 8.9927878340955600e-05 8.9171149245924225e+09 6.9157772987178201e+05 8.3402264525997152e+09 1.7306654159781220e+09 7.3618200524030401e+22 1.6173118474078438e-01 3.0000000000000000e+00 6.3404347070382499e+01
5.8293615905036855e+08 8.9927878052490357e-05 8.9171148864540329e+09 6.9157772913231421e+05 8.3402264169286709e+09 1.7306654085760832e+09 7.4618412057241334e+22 1.6246034397727616e-01 3.0000000000000000e+00 6.3404346858634902e+01
5.8556430773804879e+08 8.9927877761418096e-05 8.9171148479709949e+09 6.9157772838616557e+05 8.3402263809352741e+09 1.7306654011071692e+09 7.5632212933946072e+22 1.6319279059706748e-01 3.0000000000000000e+00 6.3404346644974645e+01
5.8820430534849238e+08 8.9927877467715344e-05 8.9171148091401443e+09 6.9157772763327137e+05 8.3402263446165676e+09 1.7306653935707324e+09 7.6659787785315809e+22 1.6392853942111879e-01 3.0000000000000000e+00 6.3404346429383260e+01
5.9085620530218184e+08 8.9927877171358425e-05 8.9171147699583759e+09 6.9157772687357315e+05 8.3402263079696493e+09 1.7306653859661880e+09 7.7701323751006180e+22 1.6466760533720898e-01 3.0000000000000000e+00 6.3404346211843809e+01
5.9352006126044381e+08 8.9927876872323092e-05 8.9171147304225197e+09 6.9157772610701062e+05 8.3402262709915438e+09 1.7306653782929318e+09 7.8757010513239009e+22 1.6541000330023653e-01 3.0000000000000000e+00 6.3404345992339252e+01
5.9619592712653565e+08 8.9927876570585372e-05 8.9171146905293770e+09 6.9157772533352068e+05 8.3402262336792679e+09 1.7306653705503328e+09 7.9827040331346771e+22 1.6615574833252239e-01 3.0000000000000000e+00 6.3404345770851414e+01
5.9888385704673564e+08 8.9927876266120816e-05 8.9171146502757187e+09 6.9157772455304093e+05 8.3402261960297995e+09 1.7306653627377660e+09 8.0911608076786209e+22 1.6690485552411352e-01 3.0000000000000000e+00 6.3404345547362347e+01
6.0158390541143870e+08 8.9927875958904676e-05 8.9171146096582451e+09 6.9157772376550571e+05 8.3402261580400534e+09 1.7306653548545744e+09 8.2010911268627966e+22 1.6765734003308863e-01 3.0000000000000000e+00 6.3404345321853533e+01
6.0429612685625744e+08 8.9927875648912180e-05 8.9171145686737289e+09 6.9157772297085542e+05 8.3402261197070122e+09 1.7306653469001615e+09 8.3125150109528427e+22 1.6841321708586457e-01 3.0000000000000000e+00 6.3404345094307494e+01
6.0702057626312697e+08 8.9927875336118105e-05 8.9171145273188114e+09 6.9157772216902301e+05 8.3402260810275288e+09 1.7306653388738558e+09 8.4254527522189768e+22 1.6917250197750452e-01 3.0000000000000000e+00 6.3404344864705536e+01
6.0975730876141584e+08 8.9927875020497352e-05 8.9171144855901337e+09 6.9157772135994188e+05 8.3402260419984713e+09 1.7306653307749908e+09 8.5399249186316033e+22 1.6993521007202744e-01 3.0000000000000000e+00 6.3404344633028352e+01
6.1250637972904181e+08 8.9927874702024212e-05 8.9171144434843693e+09 6.9157772054355079e+05 8.3402260026167192e+09 1.7306653226029532e+09 8.6559523576070984e+22 1.7070135680271906e-01 3.0000000000000000e+00 6.3404344399258335e+01
6.1526784479359210e+08 8.9927874380672977e-05 8.9171144009980965e+09 6.9157771971978247e+05 8.3402259628790741e+09 1.7306653143570700e+09 8.7735561998044880e+22 1.7147095767244397e-01 3.0000000000000000e+00 6.3404344163376315e+01
6.1804175983344877e+08 8.9927874056417584e-05 8.9171143581278648e+09 6.9157771888856986e+05 8.3402259227823105e+09 1.7306653060366700e+09 8.8927578629736875e+22 1.7224402825395926e-01 3.0000000000000000e+00 6.3404343925363001e+01
6.2082818097892034e+08 8.9927873729231850e-05 8.9171143148701859e+09 6.9157771804984380e+05 8.3402258823231688e+09 1.7306652976410606e+09 9.0135790558561209e+22 1.7302058419022995e-01 3.0000000000000000e+00 6.3404343685198825e+01
6.2362716461337650e+08 8.9927873399089266e-05 8.9171142712215767e+09 6.9157771720353793e+05 8.3402258414983864e+09 1.7306652891695778e+09 9.1360417821381527e+22 1.7380064119474503e-01 3.0000000000000000e+00 6.3404343442864622e+01
6.2643876737438965e+08 8.9927873065962971e-05 8.9171142271785221e+09 6.9157771634958568e+05 8.3402258003046732e+09 1.7306652806215549e+09 9.2601683444584533e+22 1.7458421505183580e-01 3.0000000000000000e+00 6.3404343198341387e+01
6.2926304615488088e+08 8.9927872729826146e-05 8.9171141827374077e+09 6.9157771548791393e+05 8.3402257587386560e+09 1.7306652719962606e+09 9.3859813484696319e+22 1.7537132161699487e-01 3.0000000000000000e+00 6.3404342951608278e+01
6.3210005810427129e+08 8.9927872390651629e-05 8.9171141378946857e+09 6.9157771461845585e+05 8.3402257167970123e+09 1.7306652632930253e+09 9.5135037069551580e+22 1.7616197681719736e-01 3.0000000000000000e+00 6.3404342702646019e+01
6.3494986062963808e+08 8.9927872048411951e-05 8.9171140926467171e+09 6.9157771374114044e+05 8.3402256744763384e+09 1.7306652545111384e+09 9.6427586440021544e+22 1.7695619665122286e-01 3.0000000000000000e+00 6.3404342451434296e+01
6.3781251139687657e+08 8.9927871703079316e-05 8.9171140469898205e+09 6.9157771285589621e+05 8.3402256317731934e+09 1.7306652456498845e+09 9.7737696992309392e+22 1.7775399718997917e-01 3.0000000000000000e+00 6.3404342197952758e+01
6.4068806833186662e+08 8.9927871354625913e-05 8.9171140009203262e+09 6.9157771196265216e+05 8.3402255886841421e+09 1.7306652367085528e+09 9.9065607320819630e+22 1.7855539457682759e-01 3.0000000000000000e+00 6.3404341942180999e+01
6.4357658962164533e+08 8.9927871003023322e-05 8.9171139544344635e+09 6.9157771106133470e+05 8.3402255452056618e+09 1.7306652276864069e+09 1.0041155926161085e+23 1.7936040502790951e-01 3.0000000000000000e+00 6.3404341684098092e+01
6.4647813371558404e+08 8.9927870648243274e-05 8.9171139075285225e+09 6.9157771015187330e+05 8.3402255013342791e+09 1.7306652185827398e+09 1.0177579793643790e+23 1.8016904483247440e-01 3.0000000000000000e+00 6.3404341423683576e+01
6.4939275932657099e+08 8.9927870290256996e-05 8.9171138601986732e+09 6.9157770923419204e+05 8.3402254570664110e+09 1.7306652093967931e+09 1.0315857179739271e+23 1.8098133035320946e-01 3.0000000000000000e+00 6.3404341160915997e+01
6.5232052543219995e+08 8.9927869929035418e-05 8.9171138124410820e+09 6.9157770830821735e+05 8.3402254123984728e+09 1.7306652001278296e+09 1.0456013267215246e+23 1.8179727802657084e-01 3.0000000000000000e+00 6.3404340895774332e+01
6.5526149127596307e+08 8.9927869564549484e-05 8.9171137642518845e+09 6.9157770737387333e+05 8.3402253673268547e+09 1.7306651907750890e+09 1.0598073580984118e+23 1.8261690436311595e-01 3.0000000000000000e+00 6.3404340628236653e+01
6.5821571636844957e+08 8.9927869196769472e-05 8.9171137156272125e+09 6.9157770643108780e+05 8.3402253218479309e+09 1.7306651813378499e+09 1.0742063992751509e+23 1.8344022594783763e-01 3.0000000000000000e+00 6.3404340358282354e+01
6.6118326048855078e+08 8.9927868825665825e-05 8.9171136665631084e+09 6.9157770547978161e+05 8.3402252759580050e+09 1.7306651718153188e+09 1.0888010725728005e+23 1.8426725944049988e-01 3.0000000000000000e+00 6.3404340085888762e+01
6.6416418368466878e+08 8.9927868451208511e-05 8.9171136170555820e+09 6.9157770451987628e+05 8.3402252296533451e+09 1.7306651622067113e+09 1.1035940359404786e+23 1.8509802157597441e-01 3.0000000000000000e+00 6.3404339811033537e+01
6.6715854627593195e+08 8.9927868073367022e-05 8.9171135671006374e+09 6.9157770355129661e+05 8.3402251829302149e+09 1.7306651525112739e+09 1.1185879834394286e+23 1.8593252916457997e-01 3.0000000000000000e+00 6.3404339533695051e+01
6.7016640885341585e+08 8.9927867692110851e-05 8.9171135166942558e+09 6.9157770257396484e+05 8.3402251357848482e+09 1.7306651427282283e+09 1.1337856457336499e+23 1.8677079909242195e-01 3.0000000000000000e+00 6.3404339253851191e+01
6.7318783228136849e+08 8.9927867307409168e-05 8.9171134658323479e+09 6.9157770158780133e+05 8.3402250882134228e+09 1.7306651328567777e+09 1.1491897905872034e+23 1.8761284832173419e-01 3.0000000000000000e+00 6.3404338971478957e+01
6.7622287769844258e+08 8.9927866919230963e-05 8.9171134145107632e+09 6.9157770059272321e+05 8.3402250402120667e+09 1.7306651228960919e+09 1.1648032233682652e+23 1.8845869389122208e-01 3.0000000000000000e+00 6.3404338686554730e+01
6.7927160651893246e+08 8.9927866527544632e-05 8.9171133627253857e+09 6.9157769958865363e+05 8.3402249917769213e+09 1.7306651128454025e+09 1.1806287875600392e+23 1.8930835291640763e-01 3.0000000000000000e+00 6.3404338399056570e+01
6.8233408043401682e+08 8.9927866132318544e-05 8.9171133104720001e+09 6.9157769857550925e+05 8.3402249429040451e+09 1.7306651027038746e+09 1.1966693652785991e+23 1.9016184258997526e-01 3.0000000000000000e+00 6.3404338108960587e+01
6.8541036141300690e+08 8.9927865733520565e-05 8.9171132577464256e+09 6.9157769755321206e+05 8.3402248935895195e+09 1.7306650924707277e+09 1.2129278777977757e+23 1.9101918018212002e-01 3.0000000000000000e+00 6.3404337816244457e+01
6.8850051170460069e+08 8.9927865331118780e-05 8.9171132045443211e+09 6.9157769652167219e+05 8.3402248438293009e+09 1.7306650821450617e+09 1.2294072860811707e+23 1.9188038304089713e-01 3.0000000000000000e+00 6.3404337520882493e+01
6.9160459383814240e+08 8.9927864925080255e-05 8.9171131508614101e+09 6.9157769548081071e+05 8.3402247936193838e+09 1.7306650717260871e+09 1.2461105913213992e+23 1.9274546859257244e-01 3.0000000000000000e+00 6.3404337222852064e+01
6.9472267062488759e+08 8.9927864515372262e-05 8.9171130966933537e+09 6.9157769443054264e+05 8.3402247429557037e+09 1.7306650612129533e+09 1.2630408354866609e+23 1.9361445434197544e-01 3.0000000000000000e+00 6.3404336922128834e+01
6.9785480515927458e+08 8.9927864101961555e-05 8.9171130420357780e+09 6.9157769337078417e+05 8.3402246918341722e+09 1.7306650506048205e+09 1.2802011018747351e+23 1.9448735787285351e-01 3.0000000000000000e+00 6.3404336618688937e+01
7.0100106082020056e+08 8.9927863684814919e-05 8.9171129868842487e+09 6.9157769230144750e+05 8.3402246402506475e+09 1.7306650399008107e+09 1.2975945156745021e+23 1.9536419684822731e-01 3.0000000000000000e+00 6.3404336312506985e+01
7.0416150127230489e+08 8.9927863263898335e-05 8.9171129312343006e+09 6.9157769122244744e+05 8.3402245882009459e+09 1.7306650291000710e+09 1.3152242445350955e+23 1.9624498901074849e-01 3.0000000000000000e+00 6.3404336003558960e+01
7.0733619046725655e+08 8.9927862839177760e-05 8.9171128750814323e+09 6.9157769013369665e+05 8.3402245356808577e+09 1.7306650182017272e+09 1.3330934991427851e+23 1.9712975218305845e-01 3.0000000000000000e+00 6.3404335691819654e+01
7.1052519264504850e+08 8.9927862410619028e-05 8.9171128184211140e+09 6.9157768903510692e+05 8.3402244826861506e+09 1.7306650072048955e+09 1.3512055338057011e+23 1.9801850426814896e-01 3.0000000000000000e+00 6.3404335377263685e+01
7.1372857233529770e+08 8.9927861978187132e-05 8.9171127612487240e+09 6.9157768792658858e+05 8.3402244292124977e+09 1.7306649961086793e+09 1.3695636470464986e+23 1.9891126324972463e-01 3.0000000000000000e+00 6.3404335059865751e+01
7.1694639435855091e+08 8.9927861541847271e-05 8.9171127035596333e+09 6.9157768680805108e+05 8.3402243752555780e+09 1.7306649849121716e+09 1.3881711822030758e+23 1.9980804719256645e-01 3.0000000000000000e+00 6.3404334739599719e+01
7.2017872382759619e+08 8.9927861101564302e-05 8.9171126453492165e+09 6.9157768567940523e+05 8.3402243208110571e+09 1.7306649736144803e+09 1.4070315280374563e+23 2.0070887424289746e-01 3.0000000000000000e+00 6.3404334416439980e+01
7.2342562614878023e+08 8.9927860657302094e-05 8.9171125866127243e+09 6.9157768454056047e+05 8.3402242658744926e+09 1.7306649622146981e+09 1.4261481193529378e+23 2.0161376262874989e-01 3.0000000000000000e+00 6.3404334090360948e+01
7.2668716702333236e+08 8.9927860209025208e-05 8.9171125273454342e+09 6.9157768339142343e+05 8.3402242104414711e+09 1.7306649507118907e+09 1.4455244376196344e+23 2.0252273066033383e-01 3.0000000000000000e+00 6.3404333761335565e+01
7.2996341244869363e+08 8.9927859756697064e-05 8.9171124675424995e+09 6.9157768223189982e+05 8.3402241545074625e+09 1.7306649391051145e+09 1.4651640116085082e+23 2.0343579673040801e-01 3.0000000000000000e+00 6.3404333429336958e+01
7.3325442871985567e+08 8.9927859300281072e-05 8.9171124071991386e+09 6.9157768106189929e+05 8.3402240980679836e+09 1.7306649273934648e+09 1.4850704180340435e+23 2.0435297931465232e-01 3.0000000000000000e+00 6.3404333094339407e+01
7.3656028243068933e+08 8.9927858839740327e-05 8.9171123463104382e+09 6.9157767988132522e+05 8.3402240411184464e+09 1.7306649155759745e+09 1.5052472822055478e+23 2.0527429697203856e-01 3.0000000000000000e+00 6.3404332756315050e+01
7.3988104047531152e+08 8.9927858375037629e-05 8.9171122848714581e+09 6.9157767869008076e+05 8.3402239836542358e+09 1.7306649036516743e+09 1.5256982786875032e+23 2.0619976834521098e-01 3.0000000000000000e+00 6.3404332415236247e+01
7.4321677004942548e+08 8.9927857906135246e-05 8.9171122228772564e+09 6.9157767748807208e+05 8.3402239256707172e+09 1.7306648916196246e+09 1.5464271319686875e+23 2.0712941216086000e-01 3.0000000000000000e+00 6.3404332071076283e+01
7.4656753865168440e+08 8.9927857432995191e-05 8.9171121603227940e+09 6.9157767627520068e+05 8.3402238671631813e+09 1.7306648794788396e+09 1.5674376171404890e+23 2.0806324723010189e-01 3.0000000000000000e+00 6.3404331723806919e+01
7.4993341408505678e+08 8.9927856955579423e-05 8.9171120972029724e+09 6.9157767505136481e+05 8.3402238081268740e+09 1.7306648672283013e+09 1.5887335605844187e+23 2.0900129244885957e-01 3.0000000000000000e+00 6.3404331373398911e+01
7.5331446445819890e+08 8.9927856473848990e-05 8.9171120335127525e+09 6.9157767381647159e+05 8.3402237485570593e+09 1.7306648548670793e+09 1.6103188406689574e+23 2.0994356679824472e-01 3.0000000000000000e+00 6.3404331019825847e+01
7.5671075818683219e+08 8.9927855987765039e-05 8.9171119692469730e+09 6.9157767257042020e+05 8.3402236884489212e+09 1.7306648423941643e+09 1.6321973884558748e+23 2.1089008934494188e-01 3.0000000000000000e+00 6.3404330663058659e+01
7.6012236399512863e+08 8.9927855497288293e-05 8.9171119044003735e+09 6.9157767131310515e+05 8.3402236277975407e+09 1.7306648298085010e+09 1.6543731884161472e+23 2.1184087924159434e-01 3.0000000000000000e+00 6.3404330303067312e+01
7.6354935091710079e+08 8.9927855002378977e-05 8.9171118389677277e+09 6.9157767004442657e+05 8.3402235665980310e+09 1.7306648171090894e+09 1.6768502791555956e+23 2.1279595572719134e-01 3.0000000000000000e+00 6.3404329939823334e+01
7.6699178829799843e+08 8.9927854502997001e-05 8.9171117729437771e+09 6.9157766876428481e+05 8.3402235048454685e+09 1.7306648042949319e+09 1.6996327541503829e+23 2.1375533812745762e-01 3.0000000000000000e+00 6.3404329573298007e+01
7.7044974579571259e+08 8.9927853999102088e-05 8.9171117063231659e+09 6.9157766747257416e+05 8.3402234425348415e+09 1.7306647913649704e+09 1.7227247624925167e+23 2.1471904585524426e-01 3.0000000000000000e+00 6.3404329203461160e+01
7.7392329338218451e+08 8.9927853490653215e-05 8.9171116391004448e+09 6.9157766616918822e+05 8.3402233796610651e+09 1.7306647783181398e+09 1.7461305096454624e+23 2.1568709841092162e-01 3.0000000000000000e+00 6.3404328830282459e+01
7.7741250134482157e+08 8.9927852977609451e-05 8.9171115712702618e+09 6.9157766485402570e+05 8.3402233162191210e+09 1.7306647651534264e+09 1.7698542582100318e+23 2.1665951538277350e-01 3.0000000000000000e+00 6.3404328453732653e+01
7.8091744028791964e+08 8.9927852459929124e-05 8.9171115028270416e+09 6.9157766352697555e+05 8.3402232522038040e+09 1.7306647518697183e+09 1.7939003287006812e+23 2.1763631644739392e-01 3.0000000000000000e+00 6.3404328073780299e+01
7.8443818113409173e+08 8.9927851937570547e-05 8.9171114337653027e+09 6.9157766218793276e+05 8.3402231876099815e+09 1.7306647384659648e+09 1.8182731003323460e+23 2.1861752137008489e-01 3.0000000000000000e+00 6.3404327690395029e+01
7.8797479512570333e+08 8.9927851410491054e-05 8.9171113640794373e+09 6.9157766083679022e+05 8.3402231224324064e+09 1.7306647249410934e+09 1.8429770118179789e+23 2.1960315000525643e-01 3.0000000000000000e+00 6.3404327303546502e+01
7.9152735382631373e+08 8.9927850878648323e-05 8.9171112937637768e+09 6.9157765947343479e+05 8.3402230566657887e+09 1.7306647112939715e+09 1.8680165621769111e+23 2.2059322229682843e-01 3.0000000000000000e+00 6.3404326913202155e+01
7.9509592912212396e+08 8.9927850341999215e-05 8.9171112228126793e+09 6.9157765809775959e+05 8.3402229903048382e+09 1.7306646975235295e+09 1.8933963115541982e+23 2.2158775827863353e-01 3.0000000000000000e+00 6.3404326519331448e+01
7.9868059322343206e+08 8.9927849800500295e-05 8.9171111512203789e+09 6.9157765670965193e+05 8.3402229233441658e+09 1.7306646836286392e+09 1.9191208820511143e+23 2.2258677807482344e-01 3.0000000000000000e+00 6.3404326121902066e+01
8.0228141866609347e+08 8.9927849254107611e-05 8.9171110789810810e+09 6.9157765530900029e+05 8.3402228557783527e+09 1.7306646696081846e+09 1.9451949585669017e+23 2.2359030190027518e-01 3.0000000000000000e+00 6.3404325720882291e+01
8.0589847831298923e+08 8.9927848702777091e-05 8.9171110060889244e+09 6.9157765389568941e+05 8.3402227876019220e+09 1.7306646554610114e+09 1.9716232896519799e+23 2.2459835006100060e-01 3.0000000000000000e+00 6.3404325316238939e+01
8.0953184535550070e+08 8.9927848146464161e-05 8.9171109325380459e+09 6.9157765246960684e+05 8.3402227188093815e+09 1.7306646411859944e+09 1.9984106883727437e+23 2.2561094295455694e-01 3.0000000000000000e+00 6.3404324907939923e+01
8.1318159331498981e+08 8.9927847585123609e-05 8.9171108583224602e+09 6.9157765103063639e+05 8.3402226493951397e+09 1.7306646267819705e+09 2.0255620331880923e+23 2.2662810107045972e-01 3.0000000000000000e+00 6.3404324495951997e+01
8.1684779604428709e+08 8.9927847018710062e-05 8.9171107834361458e+09 6.9157764957866003e+05 8.3402225793535624e+09 1.7306646122477579e+09 2.0530822688378925e+23 2.2764984499059715e-01 3.0000000000000000e+00 6.3404324080241537e+01
8.2053052772918642e+08 8.9927846447177698e-05 8.9171107078730869e+09 6.9157764811356319e+05 8.3402225086790190e+09 1.7306645975822105e+09 2.0809764072434960e+23 2.2867619538964645e-01 3.0000000000000000e+00 6.3404323660775511e+01
8.2422986288994586e+08 8.9927845870480181e-05 8.9171106316271667e+09 6.9157764663522760e+05 8.3402224373657866e+09 1.7306645827841437e+09 2.1092495284205008e+23 2.2970717303549251e-01 3.0000000000000000e+00 6.3404323237520231e+01
8.2794587638279545e+08 8.9927845288571013e-05 8.9171105546921768e+09 6.9157764514353033e+05 8.3402223654080687e+09 1.7306645678523273e+09 2.1379067814039031e+23 2.3074279878964754e-01 3.0000000000000000e+00 6.3404322810440433e+01
8.3167864340145242e+08 8.9927844701402908e-05 8.9171104770618782e+09 6.9157764363835077e+05 8.3402222928000269e+09 1.7306645527855535e+09 2.1669533851858345e+23 2.3178309360767371e-01 3.0000000000000000e+00 6.3404322379501764e+01
8.3542823947864199e+08 8.9927844108928447e-05 8.9171103987300568e+09 6.9157764211957110e+05 8.3402222195358448e+09 1.7306645375826440e+09 2.1963946296660186e+23 2.3282807853960638e-01 3.0000000000000000e+00 6.3404321944670322e+01
8.3919474048762667e+08 8.9927843511099695e-05 8.9171103196903172e+09 6.9157764058706467e+05 8.3402221456095438e+09 1.7306645222423301e+09 2.2262358766151666e+23 2.3387777473038096e-01 3.0000000000000000e+00 6.3404321505909927e+01
8.4297822264374077e+08 8.9927842907868241e-05 8.9171102399362602e+09 6.9157763904070738e+05 8.3402220710151396e+09 1.7306645067633698e+09 2.2564825606514391e+23 2.3493220342025969e-01 3.0000000000000000e+00 6.3404321063185165e+01
8.4677876250593305e+08 8.9927842299185052e-05 8.9171101594614525e+09 6.9157763748037675e+05 8.3402219957466087e+09 1.7306644911445374e+09 2.2871401902301841e+23 2.3599138594526209e-01 3.0000000000000000e+00 6.3404320616461057e+01
8.5059643697831583e+08 8.9927841685001232e-05 8.9171100782594013e+09 6.9157763590594567e+05 8.3402219197978849e+09 1.7306644753845603e+09 2.3182143486471260e+23 2.3705534373759624e-01 3.0000000000000000e+00 6.3404320165700938e+01
8.5443132331172132e+08 8.9927841065266811e-05 8.9171099963234844e+09 6.9157763431728492e+05 8.3402218431627722e+09 1.7306644594821446e+09 2.3497106950551809e+23 2.3812409832609283e-01 3.0000000000000000e+00 6.3404319710868116e+01
8.5828349910526407e+08 8.9927840439931768e-05 8.9171099136470814e+09 6.9157763271426596e+05 8.3402217658350830e+09 1.7306644434360044e+09 2.3816349654950731e+23 2.3919767133663983e-01 3.0000000000000000e+00 6.3404319251925649e+01
8.6215304230791211e+08 8.9927839808945308e-05 8.9171098302235069e+09 6.9157763109676028e+05 8.3402216878085566e+09 1.7306644272448528e+09 2.4139929739399849e+23 2.4027608449262119e-01 3.0000000000000000e+00 6.3404318788837031e+01
8.6604003122006381e+08 8.9927839172256472e-05 8.9171097460460472e+09 6.9157762946463912e+05 8.3402216090769138e+09 1.7306644109074013e+09 2.4467906133543695e+23 2.4135935961535548e-01 3.0000000000000000e+00 6.3404318321565064e+01
8.6994454449513233e+08 8.9927838529813654e-05 8.9171096611078262e+09 6.9157762781776674e+05 8.3402215296337309e+09 1.7306643944222910e+09 2.4800338567671656e+23 2.4244751862453756e-01 3.0000000000000000e+00 6.3404317850071159e+01
8.7386666114113712e+08 8.9927837881565123e-05 8.9171095754020329e+09 6.9157762615601206e+05 8.3402214494726305e+09 1.7306643777882094e+09 2.5137287583595833e+23 2.4354058353868241e-01 3.0000000000000000e+00 6.3404317374317671e+01
8.7780646052230251e+08 8.9927837227458132e-05 8.9171094889216652e+09 6.9157762447923818e+05 8.3402213685870705e+09 1.7306643610037866e+09 2.5478814545676828e+23 2.4463857647556989e-01 3.0000000000000000e+00 6.3404316894265520e+01
8.8176402236066437e+08 8.9927836567439679e-05 8.9171094016597557e+09 6.9157762278731191e+05 8.3402212869705267e+09 1.7306643440676892e+09 2.5824981651999212e+23 2.4574151965269306e-01 3.0000000000000000e+00 6.3404316409876671e+01
8.8573942673768234e+08 8.9927835901456704e-05 8.9171093136092377e+09 6.9157762108009378e+05 8.3402212046163969e+09 1.7306643269785213e+09 2.6175851945698798e+23 2.4684943538770693e-01 3.0000000000000000e+00 6.3404315921111042e+01
8.8973275409586084e+08 8.9927835229454902e-05 8.9171092247629833e+09 6.9157761935744807e+05 8.3402211215180092e+09 1.7306643097349241e+09 2.6531489326444019e+23 2.4796234609888046e-01 3.0000000000000000e+00 6.3404315427930015e+01
8.9374408524037671e+08 8.9927834551380118e-05 8.9171091351138020e+09 6.9157761761923390e+05 8.3402210376686411e+09 1.7306642923354878e+09 2.6891958562073003e+23 2.4908027430554988e-01 3.0000000000000000e+00 6.3404314930293104e+01
8.9777350134071434e+08 8.9927833867177410e-05 8.9171090446544704e+09 6.9157761586531298e+05 8.3402209530615282e+09 1.7306642747788274e+09 2.7257325300389035e+23 2.5020324262857435e-01 3.0000000000000000e+00 6.3404314428160774e+01
9.0182108393230796e+08 8.9927833176791334e-05 8.9171089533776073e+09 6.9157761409554002e+05 8.3402208676897793e+09 1.7306642570634894e+09 2.7627656081116050e+23 2.5133127379079367e-01 3.0000000000000000e+00 6.3404313921491600e+01
9.0588691491819179e+08 8.9927832480166150e-05 8.9171088612758636e+09 6.9157761230977322e+05 8.3402207815465126e+09 1.7306642391880538e+09 2.8003018348016713e+23 2.5246439061748771e-01 3.0000000000000000e+00 6.3404313410244853e+01
9.0997107657065713e+08 8.9927831777245301e-05 8.9171087683417625e+09 6.9157761050786800e+05 8.3402206946247396e+09 1.7306642211510739e+09 2.8383480461175085e+23 2.5360261603683876e-01 3.0000000000000000e+00 6.3404312894379288e+01
9.1407365153291738e+08 8.9927831067972071e-05 8.9171086745677948e+09 6.9157760868967790e+05 8.3402206069174347e+09 1.7306642029510832e+09 2.8769111709446131e+23 2.5474597308039476e-01 3.0000000000000000e+00 6.3404312373852960e+01
9.1819472282077992e+08 8.9927830352288821e-05 8.9171085799463596e+09 6.9157760685505671e+05 8.3402205184174881e+09 1.7306641845866182e+09 2.9159982323074428e+23 2.5589448488353550e-01 3.0000000000000000e+00 6.3404311848624040e+01
9.2233437382432652e+08 8.9927829630137844e-05 8.9171084844698505e+09 6.9157760500385799e+05 8.3402204291177826e+09 1.7306641660562129e+09 2.9556163486484320e+23 2.5704817468594099e-01 3.0000000000000000e+00 6.3404311318650642e+01
9.2649268830959988e+08 8.9927828901460716e-05 8.9171083881304455e+09 6.9157760313592548e+05 8.3402203390110149e+09 1.7306641473583035e+09 2.9957727351243716e+23 2.5820706583206104e-01 3.0000000000000000e+00 6.3404310783888008e+01
9.3066975042029989e+08 8.9927828166198293e-05 8.9171082909204140e+09 6.9157760125111323e+05 8.3402202480899382e+09 1.7306641284914289e+09 3.0364747049204297e+23 2.5937118177158808e-01 3.0000000000000000e+00 6.3404310244294564e+01
9.3486564467948496e+08 8.9927827424291025e-05 8.9171081928318977e+09 6.9157759934926988e+05 8.3402201563472080e+09 1.7306641094540739e+09 3.0777296705819913e+23 2.6054054605993110e-01 3.0000000000000000e+00 6.3404309699826776e+01
9.3908045599128330e+08 8.9927826675678983e-05 8.9171080938569164e+09 6.9157759743023803e+05 8.3402200637753639e+09 1.7306640902446635e+09 3.1195451453646172e+23 2.6171518235869268e-01 3.0000000000000000e+00 6.3404309150439744e+01
9.4331426964261043e+08 8.9927825920301627e-05 8.9171079939874516e+09 6.9157759549386124e+05 8.3402199703669071e+09 1.7306640708616307e+09 3.1619287446023363e+23 2.6289511443614710e-01 3.0000000000000000e+00 6.3404308596088789e+01
9.4756717130489540e+08 8.9927825158097783e-05 8.9171078932154598e+09 6.9157759353998606e+05 8.3402198761143141e+09 1.7306640513034406e+09 3.2048881870945282e+23 2.6408036616772201e-01 3.0000000000000000e+00 6.3404308036729844e+01
9.5183924703581381e+08 8.9927824389005636e-05 8.9171077915327644e+09 6.9157759156845347e+05 8.3402197810099325e+09 1.7306640315685008e+09 3.2484312965116421e+23 2.6527096153648050e-01 3.0000000000000000e+00 6.3404307472317569e+01
9.5613058328102970e+08 8.9927823612963035e-05 8.9171076889311314e+09 6.9157758957910305e+05 8.3402196850460644e+09 1.7306640116552052e+09 3.2925660028200297e+23 2.6646692463360688e-01 3.0000000000000000e+00 6.3404306902805978e+01
9.6044126687594438e+08 8.9927822829907042e-05 8.9171075854022923e+09 6.9157758757177694e+05 8.3402195882149696e+09 1.7306639915619745e+09 3.3373003437261171e+23 2.6766827965889411e-01 3.0000000000000000e+00 6.3404306328149993e+01
9.6477138504745400e+08 8.9927822039774407e-05 8.9171074809378185e+09 6.9157758554630866e+05 8.3402194905087709e+09 1.7306639712871416e+09 3.3826424661402220e+23 2.6887505092123309e-01 3.0000000000000000e+00 6.3404305748301930e+01
9.6912102541571403e+08 8.9927821242501230e-05 8.9171073755292511e+09 6.9157758350253385e+05 8.3402193919195662e+09 1.7306639508290615e+09 3.4286006276602296e+23 2.7008726283910456e-01 3.0000000000000000e+00 6.3404305163214765e+01
9.7349027599591291e+08 8.9927820438022961e-05 8.9171072691681023e+09 6.9157758144028997e+05 8.3402192924394026e+09 1.7306639301861072e+09 3.4751831980754501e+23 2.7130493994107319e-01 3.0000000000000000e+00 6.3404304572842022e+01
9.7787922520005226e+08 8.9927819626274276e-05 8.9171071618457546e+09 6.9157757935941056e+05 8.3402191920602169e+09 1.7306639093566122e+09 3.5223986608909021e+23 2.7252810686628343e-01 3.0000000000000000e+00 6.3404303977136173e+01
9.8228796183873665e+08 8.9927818807189689e-05 8.9171070535534954e+09 6.9157757725972473e+05 8.3402190907738762e+09 1.7306638883388660e+09 3.5702556148722933e+23 2.7375678836495876e-01 3.0000000000000000e+00 6.3404303376048162e+01
9.8671657512297034e+08 8.9927817980702888e-05 8.9171069442825813e+09 6.9157757514106343e+05 8.3402189885721893e+09 1.7306638671311769e+09 3.6187627756120142e+23 2.7499100929890147e-01 3.0000000000000000e+00 6.3404302769529714e+01
9.9116515466596234e+08 8.9927817146746787e-05 8.9171068340241413e+09 6.9157757300325506e+05 8.3402188854468660e+09 1.7306638457318268e+09 3.6679289771163847e+23 2.7623079464199640e-01 3.0000000000000000e+00 6.3404302157531866e+01
9.9563379048494005e+08 8.9927816305254140e-05 8.9171067227692738e+09 6.9157757084612641e+05 8.3402187813895817e+09 1.7306638241390820e+09 3.7177631734144871e+23 2.7747616948071552e-01 3.0000000000000000e+00 6.3404301540004901e+01
1.0001225730029706e+09 8.9927815456156737e-05 8.9171066105089817e+09 6.9157756866950379e+05 8.3402186763919134e+09 1.7306638023512032e+09 3.7682744401888351e+23 2.7872715901462586e-01 3.0000000000000000e+00 6.3404300916899189e+01
1.0046315930507904e+09 8.9927814599385716e-05 8.9171064972341423e+09 6.9157756647320976e+05 8.3402185704453382e+09 1.7306637803664153e+09 3.8194719764282165e+23 2.7998378855689937e-01 3.0000000000000000e+00 6.3404300288164102e+01
1.0091609418686434e+09 8.9927813734871933e-05 8.9171063829356289e+09 6.9157756425706786e+05 8.3402184635413122e+09 1.7306637581829515e+09 3.8713651061029874e+23 2.8124608353482461e-01 3.0000000000000000e+00 6.3404299653748978e+01
1.0137107111081274e+09 8.9927812862545227e-05 8.9171062676041641e+09 6.9157756202089833e+05 8.3402183556711626e+09 1.7306637357990122e+09 3.9239632798631217e+23 2.8251406949032154e-01 3.0000000000000000e+00 6.3404299013602518e+01
1.0182809928340480e+09 8.9927811982335178e-05 8.9171061512304287e+09 6.9157755976451980e+05 8.3402182468261681e+09 1.7306637132127819e+09 3.9772760767593313e+23 2.8378777208045791e-01 3.0000000000000000e+00 6.3404298367672709e+01
1.0228718795262824e+09 8.9927811094170379e-05 8.9171060338050175e+09 6.9157755748775182e+05 8.3402181369975348e+09 1.7306636904224551e+09 4.0313132059875773e+23 2.8506721707796856e-01 3.0000000000000000e+00 6.3404297715908051e+01
1.0274834640816501e+09 8.9927810197979081e-05 8.9171059153183632e+09 6.9157755519040488e+05 8.3402180261763191e+09 1.7306636674261339e+09 4.0860845086572841e+23 2.8635243037177693e-01 3.0000000000000000e+00 6.3404297058254450e+01
1.0321158398157930e+09 8.9927809293688780e-05 8.9171057957609272e+09 6.9157755287229642e+05 8.3402179143535967e+09 1.7306636442219911e+09 4.1415999595835616e+23 2.8764343796751812e-01 3.0000000000000000e+00 6.3404296394659461e+01
1.0367691004650635e+09 8.9927808381226007e-05 8.9171056751230507e+09 6.9157755053324159e+05 8.3402178015203247e+09 1.7306636208081765e+09 4.1978696691037922e+23 2.8894026598806588e-01 3.0000000000000000e+00 6.3404295725070348e+01
1.0414433401884210e+09 8.9927807460517254e-05 8.9171055533949108e+09 6.9157754817304527e+05 8.3402176876673326e+09 1.7306635971827374e+09 4.2549038849188955e+23 2.9024294067406042e-01 3.0000000000000000e+00 6.3404295049431170e+01
1.0461386535693380e+09 8.9927806531487600e-05 8.9171054305666866e+09 6.9157754579152074e+05 8.3402175727854223e+09 1.7306635733438036e+09 4.3127129939596058e+23 2.9155148838443956e-01 3.0000000000000000e+00 6.3404294367688841e+01
1.0508551356177132e+09 8.9927805594062319e-05 8.9171053066284618e+09 6.9157754338847403e+05 8.3402174568653183e+09 1.7306635492894347e+09 4.3713075242781124e+23 2.9286593559697172e-01 3.0000000000000000e+00 6.3404293679787457e+01
1.0555928817717944e+09 8.9927804648165177e-05 8.9171051815701332e+09 6.9157754096370819e+05 8.3402173398975792e+09 1.7306635250176585e+09 4.4306981469653847e+23 2.9418630890879205e-01 3.0000000000000000e+00 6.3404292985671049e+01
1.0603519879001098e+09 8.9927803693719833e-05 8.9171050553816566e+09 6.9157753851703089e+05 8.3402172218728075e+09 1.7306635005265498e+09 4.4908956780945698e+23 2.9551263503693997e-01 3.0000000000000000e+00 6.3404292285284335e+01
1.0651325503034073e+09 8.9927802730648820e-05 8.9171049280527687e+09 6.9157753604824212e+05 8.3402171027814026e+09 1.7306634758141072e+09 4.5519110806907741e+23 2.9684494081889973e-01 3.0000000000000000e+00 6.3404291578570231e+01
1.0699346657166040e+09 8.9927801758874320e-05 8.9171047995732040e+09 6.9157753355714353e+05 8.3402169826137562e+09 1.7306634508783445e+09 4.6137554667276145e+23 2.9818325321314360e-01 3.0000000000000000e+00 6.3404290865472099e+01
1.0747584313107431e+09 8.9927800778317592e-05 8.9171046699325085e+09 6.9157753104353091e+05 8.3402168613601055e+09 1.7306634257172179e+09 4.6764400991509022e+23 2.9952759929967704e-01 3.0000000000000000e+00 6.3404290145931327e+01
1.0796039446949601e+09 8.9927799788899410e-05 8.9171045391202297e+09 6.9157752850720217e+05 8.3402167390106630e+09 1.7306634003287046e+09 4.7399763939298103e+23 3.0087800628058653e-01 3.0000000000000000e+00 6.3404289419890347e+01
1.0844713039184585e+09 8.9927798790539730e-05 8.9171044071257839e+09 6.9157752594795241e+05 8.3402166155555353e+09 1.7306633747107530e+09 4.8043759221359126e+23 3.0223450148058989e-01 3.0000000000000000e+00 6.3404288687290347e+01
1.0893606074724929e+09 8.9927797783157415e-05 8.9171042739384308e+09 6.9157752336557256e+05 8.3402164909846745e+09 1.7306633488612709e+09 4.8696504120504705e+23 3.0359711234758890e-01 3.0000000000000000e+00 6.3404287948071804e+01
1.0942719542923634e+09 8.9927796766671312e-05 8.9171041395474663e+09 6.9157752075985633e+05 8.3402163652880688e+09 1.7306633227781935e+09 4.9358117513003578e+23 3.0496586645322482e-01 3.0000000000000000e+00 6.3404287202175382e+01
1.0992054437594154e+09 8.9927795740998981e-05 8.9171040039419918e+09 6.9157751813059254e+05 8.3402162384555244e+09 1.7306632964594064e+09 5.0028719890229795e+23 3.0634079149343607e-01 3.0000000000000000e+00 6.3404286449540805e+01
1.1041611757030530e+09 8.9927794706057371e-05 8.9171038671109810e+09 6.9157751547756512e+05 8.3402161104767342e+09 1.7306632699027469e+09 5.0708433380606433e+23 3.0772191528901816e-01 3.0000000000000000e+00 6.3404285690106406e+01
1.1091392504027574e+09 8.9927793661762607e-05 8.9171037290434093e+09 6.9157751280056336e+05 8.3402159813413763e+09 1.7306632431061060e+09 5.1397381771847060e+23 3.0910926578618703e-01 3.0000000000000000e+00 6.3404284923811900e+01
1.1141397685901167e+09 8.9927792608030500e-05 8.9171035897280960e+09 6.9157751009936817e+05 8.3402158510390015e+09 1.7306632160672905e+09 5.2095690533499664e+23 3.1050287105714397e-01 3.0000000000000000e+00 6.3404284150594421e+01
1.1191628314508638e+09 8.9927791544775452e-05 8.9171034491537609e+09 6.9157750737376232e+05 8.3402157195590534e+09 1.7306631887841260e+09 5.2803486839796666e+23 3.1190275930064371e-01 3.0000000000000000e+00 6.3404283370392079e+01
1.1242085406269248e+09 8.9927790471911487e-05 8.9171033073090000e+09 6.9157750462352345e+05 8.3402155868908739e+09 1.7306631612543867e+09 5.3520899592815584e+23 3.1330895884256488e-01 3.0000000000000000e+00 6.3404282583141217e+01
1.1292769982184744e+09 8.9927789389351894e-05 8.9171031641823769e+09 6.9157750184843061e+05 8.3402154530237579e+09 1.7306631334758606e+09 5.4248059445954119e+23 3.1472149813648265e-01 3.0000000000000000e+00 6.3404281788778633e+01
1.1343683067860031e+09 8.9927788297008800e-05 8.9171030197622643e+09 6.9157749904825841e+05 8.3402153179468374e+09 1.7306631054462919e+09 5.4985098827724421e+23 3.1614040576424479e-01 3.0000000000000000e+00 6.3404280987239872e+01
1.1394825693523917e+09 8.9927787194794031e-05 8.9171028740370064e+09 6.9157749622278032e+05 8.3402151816492023e+09 1.7306630771634130e+09 5.5732151965870462e+23 3.1756571043654969e-01 3.0000000000000000e+00 6.3404280178460198e+01
1.1446198894049969e+09 8.9927786082618291e-05 8.9171027269948158e+09 6.9157749337176932e+05 8.3402150441198330e+09 1.7306630486249516e+09 5.6489354911813284e+23 3.1899744099352700e-01 3.0000000000000000e+00 6.3404279362374503e+01
1.1497803708977439e+09 8.9927784960391644e-05 8.9171025786237526e+09 6.9157749049499119e+05 8.3402149053475666e+09 1.7306630198285630e+09 5.7256845565428062e+23 3.2043562640532114e-01 3.0000000000000000e+00 6.3404278538915868e+01
1.1549641182532315e+09 8.9927783828023031e-05 8.9171024289118061e+09 6.9157748759221449e+05 8.3402147653211641e+09 1.7306629907719302e+09 5.8034763700157999e+23 3.2188029577267729e-01 3.0000000000000000e+00 6.3404277708018391e+01
1.1601712363648441e+09 8.9927782685420918e-05 8.9171022778469086e+09 6.9157748466320662e+05 8.3402146240293322e+09 1.7306629614527256e+09 5.8823250988469614e+23 3.2333147832753040e-01 3.0000000000000000e+00 6.3404276869615344e+01
1.1654018305988746e+09 8.9927781532492823e-05 8.9171021254167671e+09 6.9157748170772661e+05 8.3402144814605894e+09 1.7306629318685365e+09 5.9622451027653349e+23 3.2478920343359591e-01 3.0000000000000000e+00 6.3404276023637827e+01
1.1706560067966561e+09 8.9927780369145614e-05 8.9171019716090908e+09 6.9157747872553696e+05 8.3402143376034317e+09 1.7306629020169859e+09 6.0432509365975168e+23 3.2625350058696406e-01 3.0000000000000000e+00 6.3404275170017776e+01
1.1759338712767043e+09 8.9927779195284868e-05 8.9171018164114304e+09 6.9157747571639763e+05 8.3402141924462070e+09 1.7306628718956709e+09 6.1253573529183406e+23 3.2772439941669668e-01 3.0000000000000000e+00 6.3404274308686766e+01
1.1812355308368683e+09 8.9927778010815557e-05 8.9171016598112068e+09 6.9157747268006438e+05 8.3402140459771595e+09 1.7306628415021467e+09 6.2085793047375405e+23 3.2920192968542633e-01 3.0000000000000000e+00 6.3404273439574879e+01
1.1865610927564917e+09 8.9927776815641999e-05 8.9171015017957516e+09 6.9157746961629065e+05 8.3402138981844387e+09 1.7306628108339453e+09 6.2929319482229681e+23 3.3068612128995839e-01 3.0000000000000000e+00 6.3404272562611595e+01
1.1919106647985840e+09 8.9927775609667361e-05 8.9171013423522930e+09 6.9157746652483009e+05 8.3402137490560942e+09 1.7306627798886006e+09 6.3784306454607952e+23 3.3217700426187624e-01 3.0000000000000000e+00 6.3404271677726513e+01
1.1972843552119999e+09 8.9927774392794066e-05 8.9171011814678783e+09 6.9157746340542915e+05 8.3402135985800190e+09 1.7306627486635747e+09 6.4650909672531200e+23 3.3367460876814753e-01 3.0000000000000000e+00 6.3404270784847100e+01
1.2026822727336316e+09 8.9927773164923545e-05 8.9171010191295166e+09 6.9157746025783825e+05 8.3402134467440634e+09 1.7306627171563692e+09 6.5529286959537992e+23 3.3517896511173617e-01 3.0000000000000000e+00 6.3404269883901939e+01
1.2081045265906067e+09 8.9927771925956594e-05 8.9171008553240929e+09 6.9157745708180242e+05 8.3402132935359507e+09 1.7306626853644323e+09 6.6419598283425549e+23 3.3669010373221381e-01 3.0000000000000000e+00 6.3404268974818144e+01
1.2135512265025012e+09 8.9927770675792736e-05 8.9171006900382710e+09 6.9157745387706137e+05 8.3402131389432201e+09 1.7306626532851584e+09 6.7322005785383311e+23 3.3820805520637626e-01 3.0000000000000000e+00 6.3404268057521385e+01
1.2190224826835573e+09 8.9927769414330867e-05 8.9171005232587757e+09 6.9157745064336155e+05 8.3402129829534407e+09 1.7306626209160089e+09 6.8236673809521212e+23 3.3973285024886207e-01 3.0000000000000000e+00 6.3404267131939015e+01
1.2245184058449144e+09 8.9927768141468721e-05 8.9171003549720173e+09 6.9157744738043635e+05 8.3402128255539131e+09 1.7306625882543159e+09 6.9163768932799337e+23 3.4126451971277327e-01 3.0000000000000000e+00 6.3404266197995014e+01
1.2300391071968503e+09 8.9927766857103610e-05 8.9171001851644382e+09 6.9157744408802385e+05 8.3402126667319536e+09 1.7306625552974567e+09 7.0103459995364642e+23 3.4280309459030028e-01 3.0000000000000000e+00 6.3404265255614213e+01
1.2355846984510300e+09 8.9927765561131220e-05 8.9171000138222542e+09 6.9157744076585700e+05 8.3402125064746685e+09 1.7306625220427589e+09 7.1055918131299488e+23 3.4434860601334816e-01 3.0000000000000000e+00 6.3404264304720527e+01
1.2411552918227673e+09 8.9927764253446899e-05 8.9170998409316235e+09 6.9157743741366733e+05 8.3402123447691116e+09 1.7306624884875350e+09 7.2021316799787637e+23 3.4590108525416646e-01 3.0000000000000000e+00 6.3404263345236934e+01
1.2467510000332944e+09 8.9927762933944761e-05 8.9170996664785118e+09 6.9157743403118104e+05 8.3402121816021624e+09 1.7306624546290441e+09 7.2999831816704329e+23 3.4746056372598205e-01 3.0000000000000000e+00 6.3404262377085303e+01
1.2523719363120449e+09 8.9927761602517930e-05 8.9170994904488525e+09 6.9157743061812851e+05 8.3402120169606590e+09 1.7306624204645872e+09 7.3991641386635238e+23 3.4902707298363428e-01 3.0000000000000000e+00 6.3404261400188439e+01
1.2580182143989420e+09 8.9927760259058732e-05 8.9170993128283596e+09 6.9157742717422987e+05 8.3402118508312397e+09 1.7306623859913635e+09 7.4996926135330478e+23 3.5060064472421348e-01 3.0000000000000000e+00 6.3404260414466449e+01
1.2636899485467029e+09 8.9927758903458381e-05 8.9170991336026821e+09 6.9157742369920877e+05 8.3402116832004814e+09 1.7306623512066059e+09 7.6015869142599166e+23 3.5218131078770193e-01 3.0000000000000000e+00 6.3404259419840244e+01
1.2693872535231485e+09 8.9927757535607141e-05 8.9170989527572765e+09 6.9157742019278160e+05 8.3402115140547848e+09 1.7306623161074760e+09 7.7048655975651764e+23 3.5376910315761773e-01 3.0000000000000000e+00 6.3404258416228771e+01
1.2751102446135273e+09 8.9927756155394316e-05 8.9170987702775726e+09 6.9157741665466875e+05 8.3402113433805151e+09 1.7306622806911750e+09 7.8095474722894469e+23 3.5536405396166215e-01 3.0000000000000000e+00 6.3404257403551888e+01
1.2808590376228476e+09 8.9927754762708084e-05 8.9170985861487122e+09 6.9157741308457870e+05 8.3402111711637850e+09 1.7306622449547846e+09 7.9156516028183730e+23 3.5696619547236963e-01 3.0000000000000000e+00 6.3404256381726654e+01
1.2866337488782203e+09 8.9927753357435809e-05 8.9170984003558693e+09 6.9157740948222717e+05 8.3402109973907175e+09 1.7306622088954592e+09 8.0231973125544959e+23 3.5857556010775982e-01 3.0000000000000000e+00 6.3404255350671427e+01
1.2924344952312138e+09 8.9927751939463923e-05 8.9170982128839645e+09 6.9157740584731847e+05 8.3402108220472183e+09 1.7306621725102391e+09 8.1322041874364084e+23 3.6019218043199386e-01 3.0000000000000000e+00 6.3404254310301759e+01
1.2982613940602176e+09 8.9927750508677430e-05 8.9170980237178211e+09 6.9157740217955993e+05 8.3402106451190901e+09 1.7306621357961946e+09 8.2426920795056371e+23 3.6181608915603297e-01 3.0000000000000000e+00 6.3404253260534041e+01
1.3041145632728183e+09 8.9927749064960485e-05 8.9170978328421726e+09 6.9157739847865771e+05 8.3402104665920458e+09 1.7306620987503843e+09 8.3546811105220800e+23 3.6344731913829986e-01 3.0000000000000000e+00 6.3404252201284237e+01
1.3099941213081849e+09 8.9927747608196495e-05 8.9170976402414951e+09 6.9157739474430587e+05 8.3402102864515829e+09 1.7306620613697462e+09 8.4681916756284608e+23 3.6508590338534425e-01 3.0000000000000000e+00 6.3404251132464793e+01
1.3159001871394649e+09 8.9927746138267255e-05 8.9170974459002628e+09 6.9157739097620780e+05 8.3402101046831608e+09 1.7306620236513107e+09 8.5832444470646013e+23 3.6673187505250882e-01 3.0000000000000000e+00 6.3404250053991085e+01
1.3218328802761929e+09 8.9927744655054058e-05 8.9170972498027344e+09 6.9157738717405638e+05 8.3402099212720680e+09 1.7306619855920041e+09 8.6998603779322280e+23 3.6838526744460165e-01 3.0000000000000000e+00 6.3404248965775082e+01
1.3277923207667089e+09 8.9927743158436626e-05 8.9170970519330063e+09 6.9157738333754311e+05 8.3402097362034264e+09 1.7306619471887379e+09 8.8180607060108591e+23 3.7004611401656856e-01 3.0000000000000000e+00 6.3404247867728778e+01
1.3337786292005856e+09 8.9927741648293866e-05 8.9170968522751102e+09 6.9157737946636043e+05 8.3402095494623003e+09 1.7306619084384336e+09 8.9378669576254883e+23 3.7171444837417045e-01 3.0000000000000000e+00 6.3404246759764128e+01
1.3397919267110710e+09 8.9927740124503603e-05 8.9170966508128262e+09 6.9157737556019053e+05 8.3402093610335236e+09 1.7306618693379102e+09 9.0593009515669486e+23 3.7339030427466280e-01 3.0000000000000000e+00 6.3404245641790375e+01
1.3458323349775381e+09 8.9927738586942645e-05 8.9170964475299053e+09 6.9157737161872024e+05 8.3402091709018946e+09 1.7306618298840325e+09 9.1823848030654757e+23 3.7507371562747871e-01 3.0000000000000000e+00 6.3404244513717771e+01
1.3518999762279468e+09 8.9927737035486239e-05 8.9170962424098701e+09 6.9157736764163082e+05 8.3402089790520000e+09 1.7306617900736103e+09 9.3071409278181710e+23 3.7676471649491439e-01 3.0000000000000000e+00 6.3404243375455515e+01
1.3579949732413187e+09 8.9927735470008999e-05 8.9170960354361248e+09 6.9157736362859956e+05 8.3402087854683199e+09 1.7306617499034131e+09 9.4335920460713022e+23 3.7846334109281832e-01 3.0000000000000000e+00 6.3404242226911109e+01
1.3641174493502200e+09 8.9927733890384236e-05 8.9170958265918751e+09 6.9157735957929911e+05 8.3402085901351557e+09 1.7306617093701644e+09 9.5617611867580938e+23 3.8016962379128338e-01 3.0000000000000000e+00 6.3404241067991023e+01
1.3702675284432580e+09 8.9927732296484012e-05 8.9170956158603020e+09 6.9157735549340723e+05 8.3402083930367556e+09 1.7306616684706380e+09 9.6916716916926002e+23 3.8188359911534203e-01 3.0000000000000000e+00 6.3404239898603159e+01
1.3764453349675877e+09 8.9927730688179228e-05 8.9170954032242661e+09 6.9157735137058888e+05 8.3402081941571074e+09 1.7306616272014813e+09 9.8233472198205459e+23 3.8360530174566415e-01 3.0000000000000000e+00 6.3404238718651754e+01
1.3826509939314301e+09 8.9927729065339887e-05 8.9170951886665955e+09 6.9157734721051133e+05 8.3402079934801407e+09 1.7306615855593626e+09 9.9568117515282103e+23 3.8533476651925952e-01 3.0000000000000000e+00 6.3404237528041712e+01
1.3888846309066014e+09 8.9927727427834651e-05 8.9170949721699314e+09 6.9157734301283862e+05 8.3402077909896250e+09 1.7306615435409195e+09 1.0092089593009489e+24 3.8707202843018135e-01 3.0000000000000000e+00 6.3404236326676909e+01
1.3951463720310545e+09 8.9927725775530950e-05 8.9170947537167244e+09 6.9157733877722942e+05 8.3402075866691484e+09 1.7306615011427355e+09 1.0229205380692388e+24 3.8881712263023421e-01 3.0000000000000000e+00 6.3404235114459645e+01
1.4014363440114315e+09 8.9927724108294913e-05 8.9170945332893257e+09 6.9157733450334356e+05 8.3402073805021935e+09 1.7306614583614051e+09 1.0368184085725979e+24 3.9057008442968644e-01 3.0000000000000000e+00 6.3404233891292996e+01
1.4077546741256263e+09 8.9927722425991555e-05 8.9170943108698692e+09 6.9157733019083389e+05 8.3402071724720516e+09 1.7306614151934536e+09 1.0509051018527703e+24 3.9233094929798201e-01 3.0000000000000000e+00 6.3404232657077607e+01
1.4141014902253623e+09 8.9927720728485107e-05 8.9170940864403629e+09 6.9157732583934977e+05 8.3402069625619068e+09 1.7306613716353710e+09 1.0651831833393079e+24 3.9409975286445964e-01 3.0000000000000000e+00 6.3404231411713042e+01
1.4204769207387769e+09 8.9927719015637700e-05 8.9170938599826221e+09 6.9157732144854055e+05 8.3402067507547417e+09 1.7306613276836479e+09 1.0796552533167623e+24 3.9587653091907304e-01 3.0000000000000000e+00 6.3404230155099356e+01
1.4268810946730227e+09 8.9927717287311004e-05 8.9170936314783325e+09 6.9157731701804977e+05 8.3402065370334272e+09 1.7306612833347154e+09 1.0943239473982375e+24 3.9766131941311411e-01 3.0000000000000000e+00 6.3404228887134543e+01
1.4333141416168764e+09 8.9927715543364911e-05 8.9170934009090290e+09 6.9157731254752236e+05 8.3402063213806925e+09 1.7306612385850194e+09 1.1091919370053865e+24 3.9945415445994126e-01 3.0000000000000000e+00 6.3404227607716997e+01
1.4397761917433612e+09 8.9927713783658544e-05 8.9170931682559872e+09 6.9157730803659046e+05 8.3402061037790289e+09 1.7306611934308782e+09 1.1242619298549122e+24 4.0125507233570828e-01 3.0000000000000000e+00 6.3404226316741678e+01
1.4462673758123815e+09 8.9927712008049235e-05 8.9170929335004215e+09 6.9157730348489364e+05 8.3402058842108631e+09 1.7306611478686836e+09 1.1395366704516932e+24 4.0306410948010007e-01 3.0000000000000000e+00 6.3404225014105506e+01
1.4527878251733685e+09 8.9927710216393245e-05 8.9170926966232929e+09 6.9157729889206076e+05 8.3402056626583853e+09 1.7306611018947206e+09 1.1550189405885852e+24 4.0488130249706722e-01 3.0000000000000000e+00 6.3404223699702548e+01
1.4593376717679374e+09 8.9927708408545822e-05 8.9170924576054955e+09 6.9157729425772326e+05 8.3402054391037302e+09 1.7306610555052998e+09 1.1707115598530560e+24 4.0670668815556860e-01 3.0000000000000000e+00 6.3404222373427196e+01
1.4659170481325591e+09 8.9927706584360325e-05 8.9170922164276142e+09 6.9157728958150325e+05 8.3402052135287371e+09 1.7306610086966391e+09 1.1866173861406500e+24 4.0854030339031328e-01 3.0000000000000000e+00 6.3404221035171616e+01
1.4725260874012396e+09 8.9927704743689318e-05 8.9170919730701637e+09 6.9157728486302309e+05 8.3402049859151783e+09 1.7306609614649577e+09 1.2027393161754792e+24 4.1038218530250858e-01 3.0000000000000000e+00 6.3404219684827808e+01
1.4791649233082163e+09 8.9927702886383762e-05 8.9170917275134411e+09 6.9157728010190115e+05 8.3402047562446308e+09 1.7306609138064356e+09 1.2190802860377534e+24 4.1223237116061062e-01 3.0000000000000000e+00 6.3404218322286724e+01
1.4858336901906619e+09 8.9927701012293334e-05 8.9170914797375793e+09 6.9157727529775235e+05 8.3402045244985085e+09 1.7306608657172186e+09 1.2356432716984689e+24 4.1409089840107599e-01 3.0000000000000000e+00 6.3404216947438186e+01
1.4925325229914050e+09 8.9927699121266272e-05 8.9170912297224979e+09 6.9157727045018668e+05 8.3402042906580334e+09 1.7306608171934030e+09 1.2524312895614199e+24 4.1595780462912213e-01 3.0000000000000000e+00 6.3404215560170911e+01
1.4992615572616587e+09 8.9927697213149554e-05 8.9170909774479504e+09 6.9157726555881067e+05 8.3402040547042665e+09 1.7306607682310491e+09 1.2694473970124944e+24 4.1783312761948516e-01 3.0000000000000000e+00 6.3404214160372383e+01
1.5060209291637647e+09 8.9927695287788872e-05 8.9170907228935680e+09 6.9157726062323130e+05 8.3402038166181631e+09 1.7306607188262239e+09 1.2866946929764982e+24 4.1971690531718520e-01 3.0000000000000000e+00 6.3404212747930096e+01
1.5128107754739485e+09 8.9927693345028155e-05 8.9170904660387287e+09 6.9157725564304902e+05 8.3402035763804226e+09 1.7306606689749274e+09 1.3041763184815036e+24 4.2160917583829366e-01 3.0000000000000000e+00 6.3404211322729935e+01
1.5196312335850859e+09 8.9927691384710369e-05 8.9170902068626499e+09 6.9157725061785989e+05 8.3402033339716129e+09 1.7306606186731164e+09 1.3218954572308834e+24 4.2350997747070351e-01 3.0000000000000000e+00 6.3404209884656517e+01
1.5264824415094850e+09 8.9927689406676733e-05 8.9170899453443260e+09 6.9157724554725597e+05 8.3402030893720913e+09 1.7306605679167078e+09 1.3398553361831256e+24 4.2541934867490439e-01 3.0000000000000000e+00 6.3404208433593226e+01
1.5333645378816772e+09 8.9927687410767029e-05 8.9170896814625969e+09 6.9157724043082818e+05 8.3402028425620613e+09 1.7306605167016063e+09 1.3580592261394860e+24 4.2733732808475977e-01 3.0000000000000000e+00 6.3404206969423228e+01
1.5402776619612231e+09 8.9927685396820077e-05 8.9170894151961117e+09 6.9157723526816070e+05 8.3402025935215626e+09 1.7306604650236495e+09 1.3765104423396932e+24 4.2926395450828886e-01 3.0000000000000000e+00 6.3404205492027423e+01
1.5472219536355314e+09 8.9927683364672447e-05 8.9170891465233269e+09 6.9157723005883861e+05 8.3402023422304335e+09 1.7306604128786845e+09 1.3952123450656526e+24 4.3119926692845079e-01 3.0000000000000000e+00 6.3404204001287461e+01
1.5541975534226875e+09 8.9927681314159937e-05 8.9170888754224777e+09 6.9157722480243724e+05 8.3402020886683245e+09 1.7306603602624600e+09 1.4141683402534547e+24 4.3314330450393390e-01 3.0000000000000000e+00 6.3404202497081926e+01
1.5612046024742987e+09 8.9927679245116419e-05 8.9170886018716431e+09 6.9157721949853399e+05 8.3402018328147306e+09 1.7306603071707463e+09 1.4333818801136289e+24 4.3509610656994668e-01 3.0000000000000000e+00 6.3404200979290003e+01
1.5682432425783494e+09 8.9927677157374629e-05 8.9170883258486786e+09 6.9157721414669743e+05 8.3402015746489363e+09 1.7306602535992248e+09 1.4528564637598391e+24 4.3705771263901394e-01 3.0000000000000000e+00 6.3404199447788301e+01
1.5753136161620708e+09 8.9927675050765403e-05 8.9170880473312187e+09 6.9157720874649449e+05 8.3402013141500320e+09 1.7306601995435603e+09 1.4725956378461412e+24 4.3902816240177583e-01 3.0000000000000000e+00 6.3404197902453234e+01
1.5824158662948225e+09 8.9927672925118143e-05 8.9170877662967396e+09 6.9157720329748956e+05 8.3402010512969418e+09 1.7306601449993923e+09 1.4926029972128743e+24 4.4100749572779002e-01 3.0000000000000000e+00 6.3404196343160208e+01
1.5895501366909876e+09 8.9927670780261124e-05 8.9170874827224960e+09 6.9157719779924001e+05 8.3402007860684023e+09 1.7306600899622903e+09 1.5128821855413386e+24 4.4299575266633878e-01 3.0000000000000000e+00 6.3404194769782663e+01
1.5967165717128806e+09 8.9927668616020549e-05 8.9170871965855503e+09 6.9157719225130253e+05 8.3402005184429464e+09 1.7306600344278171e+09 1.5334368960173616e+24 4.4499297344723787e-01 3.0000000000000000e+00 6.3404193182194000e+01
1.6039153163736694e+09 8.9927666432221170e-05 8.9170869078627129e+09 6.9157718665322685e+05 8.3402002483988914e+09 1.7306599783914649e+09 1.5542708720039080e+24 4.4699919848165148e-01 3.0000000000000000e+00 6.3404191580265604e+01
1.6111465163403087e+09 8.9927664228686317e-05 8.9170866165306053e+09 6.9157718100455869e+05 8.3401999759143772e+09 1.7306599218486874e+09 1.5753879077227705e+24 4.4901446836290798e-01 3.0000000000000000e+00 6.3404189963867559e+01
1.6184103179364874e+09 8.9927662005237719e-05 8.9170863225656910e+09 6.9157717530484311e+05 8.3401997009673815e+09 1.7306598647949297e+09 1.5967918489455732e+24 4.5103882386732197e-01 3.0000000000000000e+00 6.3404188332869865e+01
1.6257068681455910e+09 8.9927659761695195e-05 8.9170860259441452e+09 6.9157716955361818e+05 8.3401994235356226e+09 1.7306598072255688e+09 1.6184865936941573e+24 4.5307230595501824e-01 3.0000000000000000e+00 6.3404186687140552e+01
1.6330363146136742e+09 8.9927657497877427e-05 8.9170857266419544e+09 6.9157716375041637e+05 8.3401991435966473e+09 1.7306597491359239e+09 1.6404760929504450e+24 4.5511495577076044e-01 3.0000000000000000e+00 6.3404185026545960e+01
1.6403988056524489e+09 8.9927655213601021e-05 8.9170854246349163e+09 6.9157715789477038e+05 8.3401988611278105e+09 1.7306596905213184e+09 1.6627643513759911e+24 4.5716681464478265e-01 3.0000000000000000e+00 6.3404183350952565e+01
1.6477944902422864e+09 8.9927652908681013e-05 8.9170851198986073e+09 6.9157715198620805e+05 8.3401985761062660e+09 1.7306596313770254e+09 1.6853554280413045e+24 4.5922792409362634e-01 3.0000000000000000e+00 6.3404181660225447e+01
1.6552235180352302e+09 8.9927650582930988e-05 8.9170848124083138e+09 6.9157714602424717e+05 8.3401982885089083e+09 1.7306595716982181e+09 1.7082534371650337e+24 4.6129832582097807e-01 3.0000000000000000e+00 6.3404179954226841e+01
1.6626860393580256e+09 8.9927648236162754e-05 8.9170845021391392e+09 6.9157714000840439e+05 8.3401979983124552e+09 1.7306595114800584e+09 1.7314625488632578e+24 4.6337806171851448e-01 3.0000000000000000e+00 6.3404178232818531e+01
1.6701822052151611e+09 8.9927645868186212e-05 8.9170841890660248e+09 6.9157713393819705e+05 8.3401977054934549e+09 1.7306594507177148e+09 1.7549869899089203e+24 4.6546717386674891e-01 3.0000000000000000e+00 6.3404176495862735e+01
1.6777121672919240e+09 8.9927643478809701e-05 8.9170838731635933e+09 6.9157712781313132e+05 8.3401974100281792e+09 1.7306593894062443e+09 1.7788310445015877e+24 4.6756570453588170e-01 3.0000000000000000e+00 6.3404174743218384e+01
1.6852760779574702e+09 8.9927641067839907e-05 8.9170835544063129e+09 6.9157712163271359e+05 8.3401971118927441e+09 1.7306593275407062e+09 1.8029990550476637e+24 4.6967369618665589e-01 3.0000000000000000e+00 6.3404172974744164e+01
1.6928740902679060e+09 8.9927638635081634e-05 8.9170832327683315e+09 6.9157711539644049e+05 8.3401968110629787e+09 1.7306592651160612e+09 1.8274954229512221e+24 4.7179119147121557e-01 3.0000000000000000e+00 6.3404171190296466e+01
1.7005063579693871e+09 8.9927636180338073e-05 8.9170829082236404e+09 6.9157710910380841e+05 8.3401965075145531e+09 1.7306592021272686e+09 1.8523246094155455e+24 4.7391823323396787e-01 3.0000000000000000e+00 6.3404169389731351e+01
1.7081730355012281e+09 8.9927633703410515e-05 8.9170825807459793e+09 6.9157710275430838e+05 8.3401962012229042e+09 1.7306591385692337e+09 1.8774911362556048e+24 4.7605486451244999e-01 3.0000000000000000e+00 6.3404167572903241e+01
1.7158742779990289e+09 8.9927631204098329e-05 8.9170822503088303e+09 6.9157709634742653e+05 8.3401958921632261e+09 1.7306590744368131e+09 1.9029995867215263e+24 4.7820112853819913e-01 3.0000000000000000e+00 6.3404165739665579e+01
1.7236102412978125e+09 8.9927628682199258e-05 8.9170819168854580e+09 6.9157708988264506e+05 8.3401955803105173e+09 1.7306590097248228e+09 1.9288546063332998e+24 4.8035706873762712e-01 3.0000000000000000e+00 6.3404163889870254e+01
1.7313810819351864e+09 8.9927626137509498e-05 8.9170815804488697e+09 6.9157708335943846e+05 8.3401952656395378e+09 1.7306589444280031e+09 1.9550609037267817e+24 4.8252272873289948e-01 3.0000000000000000e+00 6.3404162023366951e+01
1.7391869571544816e+09 8.9927623569822630e-05 8.9170812409718552e+09 6.9157707677728240e+05 8.3401949481248217e+09 1.7306588785411055e+09 1.9816232515111531e+24 4.8469815234281088e-01 3.0000000000000000e+00 6.3404160140006205e+01
1.7470280249079769e+09 8.9927620978931031e-05 8.9170808984268818e+09 6.9157707013563951e+05 8.3401946277406311e+09 1.7306588120587513e+09 2.0085464871382069e+24 4.8688338358368227e-01 3.0000000000000000e+00 6.3404158239634299e+01
1.7549044438600662e+09 8.9927618364625084e-05 8.9170805527862930e+09 6.9157706343397638e+05 8.3401943044610958e+09 1.7306587449756007e+09 2.0358355137832190e+24 4.8907846667024291e-01 3.0000000000000000e+00 6.3404156322098686e+01
1.7628163733904774e+09 8.9927615726693151e-05 8.9170802040220566e+09 6.9157705667174677e+05 8.3401939782599964e+09 1.7306586772861862e+09 2.0634953012379307e+24 4.9128344601652713e-01 3.0000000000000000e+00 6.3404154387243537e+01
1.7707639735974965e+09 8.9927613064921482e-05 8.9170798521059761e+09 6.9157704984840704e+05 8.3401936491109571e+09 1.7306586089850659e+09 2.0915308868156225e+24 4.9349836623677196e-01 3.0000000000000000e+00 6.3404152434913527e+01
1.7787474053012066e+09 8.9927610379094918e-05 8.9170794970095711e+09 6.9157704296340328e+05 8.3401933169873409e+09 1.7306585400666955e+09 2.1199473762684608e+24 4.9572327214631862e-01 3.0000000000000000e+00 6.3404150464950270e+01
1.7867668300467441e+09 8.9927607668996049e-05 8.9170791387040768e+09 6.9157703601617692e+05 8.3401929818622494e+09 1.7306584705254831e+09 2.1487499447173543e+24 4.9795820876251995e-01 3.0000000000000000e+00 6.3404148477194163e+01
1.7948224101075656e+09 8.9927604934405379e-05 8.9170787771605053e+09 6.9157702900616755e+05 8.3401926437085676e+09 1.7306584003558199e+09 2.1779438375944159e+24 5.0020322130564965e-01 3.0000000000000000e+00 6.3404146471485213e+01
1.8029143084887326e+09 8.9927602175101675e-05 8.9170784123496189e+09 6.9157702193280845e+05 8.3401923024989414e+09 1.7306583295520329e+09 2.2075343715982396e+24 5.0245835519981719e-01 3.0000000000000000e+00 6.3404144447661380e+01
1.8110426889302094e+09 8.9927599390861619e-05 8.9170780442418289e+09 6.9157701479552337e+05 8.3401919582057142e+09 1.7306582581083543e+09 2.2375269356621085e+24 5.0472365607388570e-01 3.0000000000000000e+00 6.3404142405558083e+01
1.8192077159101770e+09 8.9927596581459643e-05 8.9170776728073864e+09 6.9157700759373838e+05 8.3401916108010406e+09 1.7306581860190382e+09 2.2679269919354883e+24 5.0699916976239567e-01 3.0000000000000000e+00 6.3404140345011591e+01
1.8274095546483603e+09 8.9927593746668607e-05 8.9170772980162277e+09 6.9157700032686954e+05 8.3401912602568140e+09 1.7306581132782404e+09 2.2987400767786655e+24 5.0928494230649024e-01 3.0000000000000000e+00 6.3404138265854698e+01
1.8356483711093726e+09 8.9927590886259120e-05 8.9170769198380070e+09 6.9157699299432756e+05 8.3401909065446548e+09 1.7306580398800616e+09 2.3299718017710692e+24 5.1158101995484739e-01 3.0000000000000000e+00 6.3404136167919255e+01
1.8439243320060730e+09 8.9927587999999393e-05 8.9170765382420883e+09 6.9157698559551849e+05 8.3401905496359034e+09 1.7306579658185568e+09 2.3616278547331822e+24 5.1388744916461371e-01 3.0000000000000000e+00 6.3404134051035633e+01
1.8522376048029399e+09 8.9927585087655877e-05 8.9170761531976471e+09 6.9157697812984744e+05 8.3401901895017262e+09 1.7306578910877712e+09 2.3937140007624082e+24 5.1620427660234558e-01 3.0000000000000000e+00 6.3404131915033730e+01
1.8605883577194600e+09 8.9927582148992974e-05 8.9170757646734791e+09 6.9157697059670673e+05 8.3401898261129417e+09 1.7306578156816220e+09 2.4262360832829687e+24 5.1853154914495070e-01 3.0000000000000000e+00 6.3404129759740137e+01
1.8689767597335322e+09 8.9927579183772809e-05 8.9170753726381283e+09 6.9157696299548610e+05 8.3401894594401302e+09 1.7306577395940006e+09 2.4592000251100546e+24 5.2086931388063729e-01 3.0000000000000000e+00 6.3404127584980380e+01
1.8774029805848866e+09 8.9927576191755287e-05 8.9170749770598812e+09 6.9157695532557182e+05 8.3401890894536257e+09 1.7306576628187637e+09 2.4926118295284910e+24 5.2321761810986578e-01 3.0000000000000000e+00 6.3404125390579253e+01
1.8858671907785194e+09 8.9927573172698263e-05 8.9170745779067135e+09 6.9157694758634316e+05 8.3401887161234846e+09 1.7306575853496978e+09 2.5264775813860175e+24 5.2557650934630484e-01 3.0000000000000000e+00 6.3404123176359249e+01
1.8943695615881429e+09 8.9927570126357469e-05 8.9170741751463394e+09 6.9157693977717380e+05 8.3401883394194956e+09 1.7306575071805339e+09 2.5608034482013962e+24 5.2794603531779227e-01 3.0000000000000000e+00 6.3404120942141589e+01
1.9029102650596514e+09 8.9927567052486274e-05 8.9170737687461338e+09 6.9157693189743068e+05 8.3401879593111572e+09 1.7306574283049350e+09 2.5955956812876568e+24 5.3032624396729999e-01 3.0000000000000000e+00 6.3404118687745445e+01
1.9114894740146027e+09 8.9927563950835962e-05 8.9170733586732101e+09 6.9157692394647584e+05 8.3401875757677040e+09 1.7306573487165148e+09 2.6308606168904919e+24 5.3271718345390306e-01 3.0000000000000000e+00 6.3404116412988586e+01
1.9201073620537148e+09 8.9927560821155257e-05 8.9170729448943710e+09 6.9157691592366714e+05 8.3401871887580900e+09 1.7306572684088464e+09 2.6666046773422402e+24 5.3511890215375413e-01 3.0000000000000000e+00 6.3404114117687563e+01
1.9287641035603790e+09 8.9927557663191119e-05 8.9170725273761616e+09 6.9157690782835544e+05 8.3401867982510195e+09 1.7306571873754315e+09 2.7028343722314456e+24 5.3753144866106051e-01 3.0000000000000000e+00 6.3404111801656867e+01
1.9374598737041883e+09 8.9927554476687825e-05 8.9170721060847492e+09 6.9157689965988370e+05 8.3401864042148523e+09 1.7306571056096935e+09 2.7395562995883540e+24 5.3995487178906687e-01 3.0000000000000000e+00 6.3404109464708952e+01
1.9461948484444821e+09 8.9927551261387363e-05 8.9170716809860134e+09 6.9157689141758997e+05 8.3401860066176767e+09 1.7306570231050065e+09 2.7767771470865183e+24 5.4238922057104288e-01 3.0000000000000000e+00 6.3404107106654841e+01
1.9549692045339069e+09 8.9927548017029700e-05 8.9170712520456161e+09 6.9157688310081069e+05 8.3401856054273739e+09 1.7306569398547277e+09 2.8145036932607186e+24 5.4483454426127365e-01 3.0000000000000000e+00 6.3404104727304642e+01
1.9637831195219927e+09 8.9927544743352052e-05 8.9170708192288036e+09 6.9157687470887112e+05 8.3401852006114378e+09 1.7306568558521037e+09 2.8527428087414287e+24 5.4729089233605577e-01 3.0000000000000000e+00 6.3404102326465932e+01
1.9726367717587454e+09 8.9927541440089562e-05 8.9170703825005398e+09 6.9157686624109116e+05 8.3401847921370983e+09 1.7306567710903270e+09 2.8915014575060450e+24 5.4975831449469759e-01 3.0000000000000000e+00 6.3404099903944442e+01
1.9815303403982568e+09 8.9927538106974813e-05 8.9170699418254700e+09 6.9157685769678536e+05 8.3401843799712906e+09 1.7306566855625360e+09 2.9307866981471570e+24 5.5223686066052424e-01 3.0000000000000000e+00 6.3404097459544225e+01
1.9904640054023287e+09 8.9927534743738027e-05 8.9170694971679535e+09 6.9157684907526406e+05 8.3401839640806789e+09 1.7306565992618277e+09 2.9706056851579682e+24 5.5472658098188632e-01 3.0000000000000000e+00 6.3404094993068455e+01
1.9994379475441148e+09 8.9927531350107165e-05 8.9170690484920044e+09 6.9157684037582832e+05 8.3401835444316044e+09 1.7306565121812055e+09 3.0109656702352834e+24 5.5722752583317448e-01 3.0000000000000000e+00 6.3404092504317333e+01
2.0084523484117785e+09 8.9927527925807285e-05 8.9170685957612572e+09 6.9157683159777243e+05 8.3401831209900560e+09 1.7306564243136053e+09 3.0518740036001137e+24 5.5973974581583685e-01 3.0000000000000000e+00 6.3404089993089592e+01
2.0175073904121680e+09 8.9927524470561254e-05 8.9170681389391174e+09 6.9157682274038903e+05 8.3401826937218027e+09 1.7306563356519470e+09 3.0933381353362421e+24 5.6226329175940271e-01 3.0000000000000000e+00 6.3404087459182982e+01
2.0266032567745063e+09 8.9927520984089672e-05 8.9170676779885540e+09 6.9157681380295590e+05 8.3401822625922213e+09 1.7306562461890011e+09 3.1353656167470626e+24 5.6479821472251024e-01 3.0000000000000000e+00 6.3404084902391318e+01
2.0357401315541000e+09 8.9927517466109968e-05 8.9170672128723450e+09 6.9157680478475778e+05 8.3401818275664787e+09 1.7306561559176080e+09 3.1779641017306651e+24 5.6734456599393768e-01 3.0000000000000000e+00 6.3404082322510227e+01
2.0449181996360626e+09 8.9927513916337811e-05 8.9170667435527611e+09 6.9157679568505613e+05 8.3401813886093025e+09 1.7306560648303750e+09 3.2211413481738183e+24 5.6990239709364121e-01 3.0000000000000000e+00 6.3404079719328927e+01
2.0541376467390559e+09 8.9927510334485494e-05 8.9170662699918785e+09 6.9157678650312172e+05 8.3401809456852131e+09 1.7306559729200032e+09 3.2649052193647375e+24 5.7247175977379616e-01 3.0000000000000000e+00 6.3404077092639071e+01
2.0633986594190490e+09 8.9927506720263400e-05 8.9170657921513367e+09 6.9157677723820694e+05 8.3401804987583342e+09 1.7306558801790082e+09 3.3092636854251095e+24 5.7505270601984271e-01 3.0000000000000000e+00 6.3404074442227177e+01
2.0727014250730917e+09 8.9927503073378888e-05 8.9170653099924545e+09 6.9157676788956253e+05 8.3401800477924900e+09 1.7306557865998909e+09 3.3542248247615763e+24 5.7764528805153759e-01 3.0000000000000000e+00 6.3404071767879294e+01
2.0820461319431081e+09 8.9927499393536772e-05 8.9170648234762363e+09 6.9157675845643389e+05 8.3401795927512074e+09 1.7306556921750977e+09 3.3997968255368930e+24 5.8024955832400849e-01 3.0000000000000000e+00 6.3404069069379787e+01
2.0914329691197042e+09 8.9927495680439112e-05 8.9170643325632706e+09 6.9157674893805548e+05 8.3401791335976162e+09 1.7306555968969655e+09 3.4459879871611363e+24 5.8286556952881585e-01 3.0000000000000000e+00 6.3404066346510319e+01
2.1008621265459950e+09 8.9927491933785612e-05 8.9170638372138329e+09 6.9157673933365638e+05 8.3401786702945757e+09 1.7306555007577779e+09 3.4928067218031440e+24 5.8549337459501727e-01 3.0000000000000000e+00 6.3404063599050424e+01
2.1103337950214481e+09 8.9927488153272912e-05 8.9170633373878498e+09 6.9157672964246105e+05 8.3401782028045950e+09 1.7306554037497718e+09 3.5402615559224543e+24 5.8813302669023726e-01 3.0000000000000000e+00 6.3404060826778782e+01
2.1198481662057440e+09 8.9927484338594955e-05 8.9170628330448341e+09 6.9157671986368345e+05 8.3401777310898104e+09 1.7306553058650789e+09 3.5883611318221208e+24 5.9078457922174188e-01 3.0000000000000000e+00 6.3404058029471102e+01
2.1294054326226549e+09 8.9927480489442960e-05 8.9170623241439838e+09 6.9157670999653335e+05 8.3401772551120567e+09 1.7306552070957894e+09 3.6371142092225753e+24 5.9344808583751907e-01 3.0000000000000000e+00 6.3404055206901489e+01
2.1390057876639397e+09 8.9927476605505599e-05 8.9170618106441154e+09 6.9157670004021120e+05 8.3401767748328152e+09 1.7306551074339001e+09 3.6865296668569296e+24 5.9612360042736257e-01 3.0000000000000000e+00 6.3404052358841660e+01
2.1486494255932584e+09 8.9927472686468317e-05 8.9170612925036659e+09 6.9157668999391259e+05 8.3401762902132149e+09 1.7306550068713586e+09 3.7366165040878445e+24 5.9881117712396104e-01 3.0000000000000000e+00 6.3404049485061940e+01
2.1583365415501022e+09 8.9927468732013905e-05 8.9170607696806927e+09 6.9157667985682352e+05 8.3401758012140217e+09 1.7306549054000177e+09 3.7873838425465065e+24 6.0151087030399264e-01 3.0000000000000000e+00 6.3404046585329880e+01
2.1680673315537415e+09 8.9927464741822372e-05 8.9170602421328716e+09 6.9157666962812305e+05 8.3401753077956543e+09 1.7306548030116589e+09 3.8388409277937677e+24 6.0422273458922393e-01 3.0000000000000000e+00 6.3404043659411151e+01
2.1778419925071945e+09 8.9927460715570723e-05 8.9170597098175316e+09 6.9157665930698486e+05 8.3401748099181967e+09 1.7306546996980121e+09 3.8909971310038742e+24 6.0694682484761386e-01 3.0000000000000000e+00 6.3404040707069797e+01
2.1876607222012091e+09 8.9927456652933276e-05 8.9170591726915569e+09 6.9157664889257052e+05 8.3401743075413294e+09 1.7306545954506838e+09 3.9438619506711449e+24 6.0968319619442335e-01 3.0000000000000000e+00 6.3404037728066271e+01
2.1975237193182673e+09 8.9927452553580922e-05 8.9170586307114849e+09 6.9157663838403975e+05 8.3401738006243982e+09 1.7306544902612638e+09 3.9974450143396594e+24 6.1243190399332836e-01 3.0000000000000000e+00 6.3404034722160731e+01
2.2074311834366045e+09 8.9927448417181921e-05 8.9170580838334370e+09 6.9157662778054061e+05 8.3401732891263647e+09 1.7306543841212242e+09 4.0517560803566909e+24 6.1519300385753994e-01 3.0000000000000000e+00 6.3404031689110056e+01
2.2173833150342464e+09 8.9927444243401581e-05 8.9170575320131607e+09 6.9157661708121491e+05 8.3401727730058365e+09 1.7306542770219743e+09 4.1068050396497554e+24 6.1796655165092718e-01 3.0000000000000000e+00 6.3404028628669167e+01
2.2273803154930701e+09 8.9927440031902078e-05 8.9170569752060204e+09 6.9157660628519882e+05 8.3401722522210655e+09 1.7306541689548681e+09 4.1626019175278876e+24 6.2075260348914751e-01 3.0000000000000000e+00 6.3404025540591178e+01
2.2374223871028743e+09 8.9927435782342349e-05 8.9170564133669014e+09 6.9157659539161623e+05 8.3401717267298574e+09 1.7306540599111350e+09 4.2191568755074277e+24 6.2355121574078021e-01 3.0000000000000000e+00 6.3404022424626355e+01
2.2475097330654755e+09 8.9927431494378634e-05 8.9170558464503479e+09 6.9157658439958584e+05 8.3401711964896994e+09 1.7306539498819542e+09 4.2764802131624958e+24 6.2636244502846583e-01 3.0000000000000000e+00 6.3404019280522711e+01
2.2576425574988184e+09 8.9927427167663988e-05 8.9170552744104862e+09 6.9157657330821734e+05 8.3401706614576817e+09 1.7306538388584137e+09 4.3345823700007315e+24 6.2918634823004982e-01 3.0000000000000000e+00 6.3404016108026241e+01
2.2678210654411077e+09 8.9927422801847930e-05 8.9170546972010021e+09 6.9157656211661454e+05 8.3401701215904903e+09 1.7306537268315425e+09 4.3934739273644710e+24 6.3202298247973432e-01 3.0000000000000000e+00 6.3404012906881029e+01
2.2780454628549552e+09 8.9927418396577104e-05 8.9170541147751713e+09 6.9157655082387058e+05 8.3401695768444176e+09 1.7306536137922640e+09 4.4531656103577027e+24 6.3487240516922983e-01 3.0000000000000000e+00 6.3404009676828395e+01
2.2883159566315489e+09 8.9927413951495309e-05 8.9170535270858822e+09 6.9157653942907136e+05 8.3401690271754065e+09 1.7306534997314274e+09 4.5136682897992974e+24 6.3773467394891803e-01 3.0000000000000000e+00 6.3404006417607000e+01
2.2986327545948391e+09 8.9927409466242307e-05 8.9170529340855579e+09 6.9157652793129673e+05 8.3401684725389500e+09 1.7306533846398230e+09 4.5749929842026943e+24 6.4060984672901500e-01 3.0000000000000000e+00 6.3404003128954400e+01
2.3089960655057435e+09 8.9927404940455362e-05 8.9170523357261715e+09 6.9157651632961235e+05 8.3401679128901396e+09 1.7306532685080979e+09 4.6371508617825211e+24 6.4349798168074168e-01 3.0000000000000000e+00 6.3403999810603828e+01
2.3194060990663710e+09 8.9927400373768151e-05 8.9170517319593468e+09 6.9157650462308270e+05 8.3401673481837177e+09 1.7306531513268874e+09 4.7001532424884948e+24 6.4639913723750142e-01 3.0000000000000000e+00 6.3403996462288035e+01
2.3298630659242673e+09 8.9927395765811055e-05 8.9170511227361736e+09 6.9157649281075760e+05 8.3401667783739481e+09 1.7306530330866811e+09 4.7640116000668692e+24 6.4931337209605822e-01 3.0000000000000000e+00 6.3403993083735941e+01
2.3403671776766734e+09 8.9927391116210919e-05 8.9170505080073586e+09 6.9157648089168291e+05 8.3401662034147177e+09 1.7306529137779284e+09 4.8287375641500496e+24 6.5224074521772479e-01 3.0000000000000000e+00 6.3403989674675195e+01
2.3509186468748116e+09 8.9927386424591552e-05 8.9170498877231350e+09 6.9157646886489238e+05 8.3401656232594833e+09 1.7306527933909566e+09 4.8943429223743857e+24 6.5518131582955363e-01 3.0000000000000000e+00 6.3403986234830064e+01
2.3615176870281835e+09 8.9927381690573253e-05 8.9170492618332901e+09 6.9157645672941208e+05 8.3401650378612862e+09 1.7306526719160180e+09 4.9608396225269257e+24 6.5813514342553359e-01 3.0000000000000000e+00 6.3403982763922244e+01
2.3721645126088910e+09 8.9927376913772798e-05 8.9170486302872353e+09 6.9157644448426436e+05 8.3401644471727953e+09 1.7306525493433254e+09 5.0282397747212347e+24 6.6110228776779278e-01 3.0000000000000000e+00 6.3403979261672823e+01
2.3828593390559773e+09 8.9927372093803626e-05 8.9170479930337734e+09 6.9157643212845270e+05 8.3401638511461401e+09 1.7306524256629050e+09 5.0965556536028090e+24 6.6408280888780569e-01 3.0000000000000000e+00 6.3403975727797267e+01
2.3936023827797852e+09 8.9927367230275643e-05 8.9170473500213337e+09 6.9157641966097709e+05 8.3401632497330866e+09 1.7306523008647463e+09 5.1657997005844575e+24 6.6707676708760699e-01 3.0000000000000000e+00 6.3403972162010312e+01
2.4043938611663361e+09 8.9927362322795093e-05 8.9170467011979313e+09 6.9157640708083310e+05 8.3401626428850012e+09 1.7306521749387953e+09 5.2359845261119473e+24 6.7008422294100900e-01 3.0000000000000000e+00 6.3403968564024950e+01
2.4152339925817299e+09 8.9927357370964860e-05 8.9170460465110092e+09 6.9157639438699908e+05 8.3401620305527353e+09 1.7306520478748262e+09 5.3071229119606682e+24 6.7310523729482730e-01 3.0000000000000000e+00 6.3403964933549844e+01
2.4261229963765621e+09 8.9927352374383993e-05 8.9170453859075680e+09 6.9157638157844800e+05 8.3401614126867180e+09 1.7306519196625578e+09 5.3792278135632744e+24 6.7613987127010899e-01 3.0000000000000000e+00 6.3403961270291752e+01
2.4370610928903642e+09 8.9927347332648206e-05 8.9170447193341694e+09 6.9157636865414423e+05 8.3401607892369633e+09 1.7306517902916245e+09 5.4523123623689958e+24 6.7918818626336874e-01 3.0000000000000000e+00 6.3403957573955076e+01
2.4480485034560609e+09 8.9927342245349500e-05 8.9170440467368603e+09 6.9157635561304097e+05 8.3401601601530113e+09 1.7306516597515478e+09 5.5263898682350953e+24 6.8225024394782796e-01 3.0000000000000000e+00 6.3403953844240981e+01
2.4590854504044485e+09 8.9927337112076083e-05 8.9170433680611534e+09 6.9157634245408000e+05 8.3401595253839092e+09 1.7306515280317352e+09 5.6014738218507535e+24 6.8532610627466350e-01 3.0000000000000000e+00 6.3403950080847522e+01
2.4701721570686951e+09 8.9927331932412459e-05 8.9170426832521820e+09 6.9157632917620032e+05 8.3401588848783264e+09 1.7306513951215663e+09 5.6775778971938425e+24 6.8841583547425622e-01 3.0000000000000000e+00 6.3403946283471790e+01
2.4813088477888594e+09 8.9927326705939315e-05 8.9170419922545090e+09 6.9157631577832717e+05 8.3401582385844154e+09 1.7306512610102835e+09 5.7547159540211789e+24 6.9151949405745206e-01 3.0000000000000000e+00 6.3403942451807062e+01
2.4924957479164295e+09 8.9927321432233675e-05 8.9170412950121861e+09 6.9157630225937441e+05 8.3401575864498472e+09 1.7306511256870146e+09 5.8329020403925366e+24 6.9463714481682171e-01 3.0000000000000000e+00 6.3403938585543408e+01
2.5037330838188834e+09 8.9927316110868691e-05 8.9170405914687653e+09 6.9157628861824702e+05 8.3401569284218349e+09 1.7306509891407986e+09 5.9121503952289376e+24 6.9776885082793205e-01 3.0000000000000000e+00 6.3403934684368238e+01
2.5150210828842692e+09 8.9927310741413701e-05 8.9170398815673485e+09 6.9157627485384350e+05 8.3401562644471474e+09 1.7306508513606100e+09 5.9924754509057569e+24 7.0091467545061892e-01 3.0000000000000000e+00 6.3403930747967230e+01
2.5263599735258079e+09 8.9927305323434078e-05 8.9170391652504406e+09 6.9157626096504740e+05 8.3401555944720173e+09 1.7306507123352737e+09 6.0738918358810597e+24 7.0407468233026804e-01 3.0000000000000000e+00 6.3403926776021848e+01
2.5377499851865120e+09 8.9927299856491492e-05 8.9170384424601002e+09 6.9157624695073580e+05 8.3401549184422522e+09 1.7306505720535491e+09 6.1564143773595487e+24 7.0724893539910128e-01 3.0000000000000000e+00 6.3403922768211359e+01
2.5491913483438320e+09 8.9927294340143114e-05 8.9170377131377831e+09 6.9157623280977388e+05 8.3401542363030930e+09 1.7306504305040774e+09 6.2400581039928377e+24 7.1043749887746699e-01 3.0000000000000000e+00 6.3403918724212240e+01
2.5606842945143180e+09 8.9927288773942673e-05 8.9170369772244740e+09 6.9157621854101657e+05 8.3401535479993429e+09 1.7306502876753969e+09 6.3248382486163274e+24 7.1364043727513993e-01 3.0000000000000000e+00 6.3403914643697512e+01
2.5722290562583051e+09 8.9927283157439670e-05 8.9170362346606483e+09 6.9157620414331136e+05 8.3401528534753265e+09 1.7306501435559709e+09 6.4107702510232600e+24 7.1685781539262194e-01 3.0000000000000000e+00 6.3403910526338315e+01
2.5838258671846180e+09 8.9927277490179511e-05 8.9170354853861485e+09 6.9157618961548922e+05 8.3401521526747837e+09 1.7306499981340983e+09 6.4978697607764898e+24 7.2008969832245284e-01 3.0000000000000000e+00 6.3403906371801050e+01
2.5954749619553008e+09 8.9927271771703403e-05 8.9170347293403702e+09 6.9157617495637736e+05 8.3401514455410242e+09 1.7306498513980396e+09 6.5861526400585202e+24 7.2333615145052566e-01 3.0000000000000000e+00 6.3403902179751142e+01
2.6071765762903633e+09 8.9927266001548433e-05 8.9170339664621124e+09 6.9157616016478953e+05 8.3401507320168066e+09 1.7306497033359208e+09 6.6756349665600945e+24 7.2659724045740637e-01 3.0000000000000000e+00 6.3403897949850013e+01
2.6189309469725499e+09 8.9927260179247838e-05 8.9170331966896343e+09 6.9157614523952710e+05 8.3401500120443888e+09 1.7306495539357438e+09 6.7663330364081741e+24 7.2987303131966152e-01 3.0000000000000000e+00 6.3403893681755498e+01
2.6307383118521347e+09 8.9927254304330220e-05 8.9170324199606190e+09 6.9157613017938193e+05 8.3401492855654821e+09 1.7306494031854157e+09 6.8582633671336772e+24 7.3316359031119227e-01 3.0000000000000000e+00 6.3403889375123008e+01
2.6425989098517294e+09 8.9927248376320211e-05 8.9170316362121887e+09 6.9157611498313351e+05 8.3401485525212851e+09 1.7306492510727201e+09 6.9514427006794483e+24 7.3646898400457128e-01 3.0000000000000000e+00 6.3403885029604346e+01
2.6545129809711232e+09 8.9927242394737781e-05 8.9170308453809223e+09 6.9157609964955412e+05 8.3401478128524694e+09 1.7306490975853672e+09 7.0458880064492137e+24 7.3978927927238902e-01 3.0000000000000000e+00 6.3403880644849124e+01
2.6664807662921338e+09 8.9927236359098927e-05 8.9170300474028263e+09 6.9157608417740278e+05 8.3401470664991808e+09 1.7306489427109354e+09 7.1416164843978650e+24 7.4312454328860367e-01 3.0000000000000000e+00 6.3403876220503292e+01
2.6785025079834909e+09 8.9927230268915164e-05 8.9170292422133102e+09 6.9157606856542709e+05 8.3401463134010153e+09 1.7306487864368887e+09 7.2386455681637565e+24 7.4647484352989923e-01 3.0000000000000000e+00 6.3403871756209391e+01
2.6905784493057327e+09 8.9927224123693544e-05 8.9170284297472076e+09 6.9157605281236325e+05 8.3401455534970150e+09 1.7306486287505770e+09 7.3369929282436533e+24 7.4984024777704850e-01 3.0000000000000000e+00 6.3403867251606869e+01
2.7027088346161294e+09 8.9927217922936622e-05 8.9170276099387264e+09 6.9157603691693489e+05 8.3401447867256517e+09 1.7306484696392241e+09 7.4366764752105820e+24 7.5322082411628133e-01 3.0000000000000000e+00 6.3403862706331708e+01
2.7148939093736291e+09 8.9927211666142507e-05 8.9170267827215595e+09 6.9157602087785816e+05 8.3401440130248985e+09 1.7306483090899794e+09 7.5377143629756372e+24 7.5661664094066028e-01 3.0000000000000000e+00 6.3403858120017503e+01
2.7271339201438222e+09 8.9927205352804986e-05 8.9170259480287094e+09 6.9157600469383132e+05 8.3401432323321085e+09 1.7306481470898123e+09 7.6401249920940488e+24 7.6002776695146346e-01 3.0000000000000000e+00 6.3403853492292740e+01
2.7394291146039329e+09 8.9927198982412898e-05 8.9170251057926655e+09 6.9157598836354772e+05 8.3401424445841179e+09 1.7306479836256444e+09 7.7439270131159919e+24 7.6345427115957121e-01 3.0000000000000000e+00 6.3403848822784887e+01
2.7517797415478301e+09 8.9927192554450745e-05 8.9170242559452267e+09 6.9157597188568348e+05 8.3401416497171526e+09 1.7306478186842237e+09 7.8491393299831841e+24 7.6689622288685932e-01 3.0000000000000000e+00 6.3403844111116037e+01
2.7641860508910618e+09 8.9927186068398138e-05 8.9170233984176483e+09 6.9157595525890798e+05 8.3401408476669054e+09 1.7306476522522314e+09 7.9557811034714076e+24 7.7035369176760171e-01 3.0000000000000000e+00 6.3403839356906637e+01
2.7766482936759114e+09 8.9927179523730295e-05 8.9170225331404610e+09 6.9157593848187011e+05 8.3401400383684120e+09 1.7306474843161433e+09 8.0638717546799625e+24 7.7382674774987381e-01 3.0000000000000000e+00 6.3403834559771354e+01
2.7891667220764794e+09 8.9927172919917380e-05 8.9170216600436859e+09 6.9157592155321664e+05 8.3401392217562170e+09 1.7306473148624141e+09 8.1734309685684198e+24 7.7731546109696914e-01 3.0000000000000000e+00 6.3403829719323930e+01
2.8017415894037838e+09 8.9927166256424895e-05 8.9170207790566483e+09 6.9157590447157645e+05 8.3401383977642107e+09 1.7306471438773191e+09 8.2844786975414239e+24 7.8081990238881449e-01 3.0000000000000000e+00 6.3403824835173310e+01
2.8143731501108875e+09 8.9927159532713586e-05 8.9170198901080055e+09 6.9157588723556395e+05 8.3401375663256769e+09 1.7306469713469894e+09 8.3970351650823115e+24 7.8434014252339834e-01 3.0000000000000000e+00 6.3403819906924312e+01
2.8270616597980480e+09 8.9927152748239033e-05 8.9170189931258526e+09 6.9157586984378844e+05 8.3401367273733511e+09 1.7306467972575047e+09 8.5111208694360231e+24 7.8787625271820272e-01 3.0000000000000000e+00 6.3403814934180275e+01
2.8398073752178860e+09 8.9927145902452400e-05 8.9170180880375767e+09 6.9157585229483969e+05 8.3401358808393259e+09 1.7306466215947490e+09 8.6267565873419220e+24 7.9142830451163970e-01 3.0000000000000000e+00 6.3403809916538755e+01
2.8526105542805848e+09 8.9927138994799538e-05 8.9170171747699394e+09 6.9157583458729880e+05 8.3401350266551008e+09 1.7306464443445191e+09 8.7439633778176179e+24 7.9499636976449817e-01 3.0000000000000000e+00 6.3403804853594977e+01
2.8654714560591063e+09 8.9927132024721364e-05 8.9170162532490044e+09 6.9157581671973108e+05 8.3401341647515202e+09 1.7306462654924555e+09 8.8627625859939352e+24 7.9858052066139396e-01 3.0000000000000000e+00 6.3403799744939846e+01
2.8783903407944350e+09 8.9927124991653686e-05 8.9170153234001656e+09 6.9157579869068949e+05 8.3401332950588112e+09 1.7306460850240726e+09 8.9831758470020585e+24 8.0218082971222859e-01 3.0000000000000000e+00 6.3403794590160473e+01
2.8913674699008436e+09 8.9927117895027353e-05 8.9170143851482220e+09 6.9157578049871768e+05 8.3401324175066252e+09 1.7306459029247940e+09 9.1052250899136303e+24 8.0579736975365401e-01 3.0000000000000000e+00 6.3403789388841510e+01
2.9044031059711819e+09 8.9927110734267792e-05 8.9170134384172058e+09 6.9157576214234298e+05 8.3401315320239162e+09 1.7306457191798780e+09 9.2289325417341117e+24 8.0943021395054127e-01 3.0000000000000000e+00 6.3403784140563047e+01
2.9174975127821913e+09 8.9927103508795618e-05 8.9170124831304550e+09 6.9157574362007575e+05 8.3401306385389872e+09 1.7306455337744143e+09 9.3543207314506054e+24 8.1307943579746067e-01 3.0000000000000000e+00 6.3403778844899996e+01
2.9306509552998414e+09 8.9927096218025878e-05 8.9170115192107086e+09 6.9157572493042122e+05 8.3401297369795618e+09 1.7306453466934409e+09 9.4814124941346598e+24 8.1674510912016540e-01 3.0000000000000000e+00 6.3403773501426286e+01
2.9438636996846943e+09 8.9927088861368657e-05 8.9170105465799389e+09 6.9157570607186551e+05 8.3401288272726736e+09 1.7306451579218044e+09 9.6102309751006908e+24 8.2042730807708164e-01 3.0000000000000000e+00 6.3403768109709745e+01
2.9571360132972856e+09 8.9927081438228456e-05 8.9170095651593952e+09 6.9157568704288010e+05 8.3401279093446627e+09 1.7306449674442050e+09 9.7407996341209433e+24 8.2412610716080581e-01 3.0000000000000000e+00 6.3403762669314673e+01
2.9704681647035389e+09 8.9927073948004493e-05 8.9170085748696918e+09 6.9157566784192808e+05 8.3401269831212759e+09 1.7306447752452583e+09 9.8731422496978829e+24 8.2784158119961115e-01 3.0000000000000000e+00 6.3403757179802696e+01
2.9838604236801982e+09 8.9927066390090401e-05 8.9170075756306190e+09 6.9157564846745203e+05 8.3401260485274963e+09 1.7306445813093760e+09 1.0007282923394324e+25 8.3157380535895653e-01 3.0000000000000000e+00 6.3403751640729716e+01
2.9973130612202873e+09 8.9927058763874715e-05 8.9170065673613644e+09 6.9157562891788641e+05 8.3401251054877357e+09 1.7306443856208873e+09 1.0143246084222653e+25 8.3532285514300486e-01 3.0000000000000000e+00 6.3403746051649179e+01
3.0108263495385923e+09 8.9927051068739876e-05 8.9170055499802933e+09 6.9157560919164913e+05 8.3401241539256420e+09 1.7306441881639562e+09 1.0281056493093561e+25 8.3908880639614702e-01 3.0000000000000000e+00 6.3403740412109876e+01
3.0244005620771723e+09 8.9927043304063373e-05 8.9170045234050426e+09 6.9157558928714017e+05 8.3401231937641869e+09 1.7306439889225671e+09 1.0420739247325257e+25 8.4287173530453618e-01 3.0000000000000000e+00 6.3403734721655553e+01
3.0380359735108895e+09 8.9927035469216507e-05 8.9170034875525494e+09 6.9157556920275185e+05 8.3401222249256763e+09 1.7306437878806276e+09 1.0562319785213871e+25 8.4667171839762256e-01 3.0000000000000000e+00 6.3403728979827697e+01
3.0517328597529697e+09 8.9927027563565262e-05 8.9170024423389950e+09 6.9157554893685877e+05 8.3401212473317089e+09 1.7306435850218689e+09 1.0705823890666075e+25 8.5048883254970065e-01 3.0000000000000000e+00 6.3403723186162907e+01
3.0654914979605846e+09 8.9927019586469878e-05 8.9170013876797333e+09 6.9157552848781692e+05 8.3401202609031248e+09 1.7306433803298345e+09 1.0851277697894525e+25 8.5432315498146139e-01 3.0000000000000000e+00 6.3403717340192316e+01
3.0793121665404592e+09 8.9927011537284564e-05 8.9170003234894581e+09 6.9157550785397552e+05 8.3401192655601254e+09 1.7306431737880008e+09 1.0998707696177086e+25 8.5817476326154996e-01 3.0000000000000000e+00 6.3403711441445097e+01
3.0931951451545067e+09 8.9927003415357876e-05 8.9169992496819992e+09 6.9157548703366192e+05 8.3401182612221251e+09 1.7306429653796256e+09 1.1148140734680947e+25 8.6204373530813416e-01 3.0000000000000000e+00 6.3403705489444420e+01
3.1071407147254868e+09 8.9926995220032517e-05 8.9169981661704674e+09 6.9157546602519182e+05 8.3401172478078518e+09 1.7306427550878496e+09 1.1299604027351883e+25 8.6593014939047530e-01 3.0000000000000000e+00 6.3403699483710000e+01
3.1211491574426904e+09 8.9926986950645253e-05 8.9169970728671741e+09 6.9157544482686487e+05 8.3401162252352915e+09 1.7306425428956532e+09 1.1453125157870271e+25 8.6983408413051022e-01 3.0000000000000000e+00 6.3403693423756806e+01
3.1352207567676497e+09 8.9926978606526617e-05 8.9169959696836128e+09 6.9157542343696509e+05 8.3401151934216623e+09 1.7306423287858603e+09 1.1608732084674351e+25 8.7375561850443739e-01 3.0000000000000000e+00 6.3403687309095830e+01
3.1493557974398732e+09 8.9926970187001245e-05 8.9169948565304813e+09 6.9157540185376024e+05 8.3401141522834387e+09 1.7306421127411318e+09 1.1766453146051556e+25 8.7769483184431130e-01 3.0000000000000000e+00 6.3403681139233122e+01
3.1635545654826097e+09 8.9926961691387853e-05 8.9169937333177509e+09 6.9157538007550663e+05 8.3401131017364140e+09 1.7306418947440140e+09 1.1926317065299360e+25 8.8165180383964559e-01 3.0000000000000000e+00 6.3403674913671402e+01
3.1778173482086329e+09 8.9926953118998933e-05 8.9169925999544411e+09 6.9157535810043663e+05 8.3401120416955061e+09 1.7306416747768142e+09 1.2088352955955845e+25 8.8562661453902003e-01 3.0000000000000000e+00 6.3403668631906598e+01
3.1921444342260585e+09 8.9926944469140258e-05 8.9169914563488750e+09 6.9157533592677698e+05 8.3401109720749474e+09 1.7306414528217826e+09 1.2252590327101664e+25 8.8961934435169765e-01 3.0000000000000000e+00 6.3403662293433463e+01
3.2065361134441805e+09 8.9926935741112043e-05 8.9169903024084587e+09 6.9157531355272932e+05 8.3401098927881546e+09 1.7306412288609183e+09 1.2419059088733784e+25 8.9363007404924710e-01 3.0000000000000000e+00 6.3403655897739071e+01
3.2209926770793414e+09 8.9926926934207903e-05 8.9169891380398350e+09 6.9157529097648454e+05 8.3401088037477980e+09 1.7306410028761134e+09 1.2587789557212438e+25 8.9765888476717404e-01 3.0000000000000000e+00 6.3403649444307604e+01
3.2355144176608214e+09 8.9926918047714949e-05 8.9169879631486988e+09 6.9157526819621213e+05 8.3401077048656845e+09 1.7306407748490450e+09 1.2758812460781906e+25 9.0170585800655811e-01 3.0000000000000000e+00 6.3403642932617309e+01
3.2501016290367608e+09 8.9926909080914041e-05 8.9169867776400490e+09 6.9157524521007296e+05 8.3401065960529490e+09 1.7306405447613044e+09 1.2932158945166451e+25 9.0577107563569881e-01 3.0000000000000000e+00 6.3403636362143786e+01
3.2647546063801036e+09 8.9926900033079159e-05 8.9169855814178658e+09 6.9157522201620392e+05 8.3401054772197838e+09 1.7306403125942430e+09 1.3107860579242130e+25 9.0985461989176775e-01 3.0000000000000000e+00 6.3403629732356052e+01
3.2794736461945729e+09 8.9926890903478261e-05 8.9169843743853760e+09 6.9157519861272932e+05 8.3401043482756834e+09 1.7306400783290858e+09 1.3285949360785778e+25 9.1395657338246872e-01 3.0000000000000000e+00 6.3403623042719275e+01
3.2942590463206673e+09 8.9926881691372533e-05 8.9169831564448833e+09 6.9157517499775346e+05 8.3401032091292658e+09 1.7306398419468575e+09 1.3466457722302046e+25 9.1807701908770400e-01 3.0000000000000000e+00 6.3403616292692973e+01
3.3091111059416909e+09 8.9926872396016029e-05 8.9169819274977741e+09 6.9157515116936504e+05 8.3401020596883001e+09 1.7306396034284277e+09 1.3649418536929657e+25 9.2221604036125193e-01 3.0000000000000000e+00 6.3403609481732524e+01
3.3240301255898056e+09 8.9926863016656679e-05 8.9169806874446411e+09 6.9157512712563714e+05 8.3401008998598051e+09 1.7306393627545083e+09 1.3834865124427739e+25 9.2637372093244552e-01 3.0000000000000000e+00 6.3403602609288548e+01
3.3390164071521125e+09 8.9926853552535447e-05 8.9169794361850662e+09 6.9157510286462028e+05 8.3400997295498724e+09 1.7306391199055860e+09 1.4022831257243717e+25 9.3055014490786558e-01 3.0000000000000000e+00 6.3403595674805210e+01
3.3540702538767614e+09 8.9926844002886059e-05 8.9169781736178074e+09 6.9157507838435378e+05 8.3400985486637964e+09 1.7306388748620358e+09 1.4213351166663526e+25 9.3474539677303747e-01 3.0000000000000000e+00 6.3403588677723974e+01
3.3691919703790860e+09 8.9926834366935710e-05 8.9169768996406708e+09 6.9157505368285556e+05 8.3400973571060009e+09 1.7306386276040180e+09 1.4406459549045302e+25 9.3895956139413450e-01 3.0000000000000000e+00 6.3403581617479617e+01
3.3843818626477685e+09 8.9926824643904723e-05 8.9169756141505775e+09 6.9157502875812654e+05 8.3400961547800703e+09 1.7306383781115222e+09 1.4602191572137873e+25 9.4319272401969245e-01 3.0000000000000000e+00 6.3403574493502369e+01
3.3996402380510311e+09 8.9926814833005762e-05 8.9169743170434303e+09 6.9157500360814855e+05 8.3400949415886478e+09 1.7306381263643484e+09 1.4800582881485088e+25 9.4744497028232966e-01 3.0000000000000000e+00 6.3403567305217180e+01
3.4149674053428564e+09 8.9926804933445113e-05 8.9169730082143154e+09 6.9157497823088826e+05 8.3400937174336033e+09 1.7306378723421438e+09 1.5001669606917155e+25 9.5171638620047472e-01 3.0000000000000000e+00 6.3403560052044199e+01
3.4303636746692324e+09 8.9926794944421507e-05 8.9169716875572376e+09 6.9157495262428746e+05 8.3400924822158041e+09 1.7306376160243065e+09 1.5205488369129994e+25 9.5600705818010234e-01 3.0000000000000000e+00 6.3403552733397035e+01
3.4458293575744324e+09 8.9926784865126225e-05 8.9169703549653473e+09 6.9157492678627768e+05 8.3400912358353052e+09 1.7306373573901327e+09 1.5412076286354292e+25 9.6031707301647762e-01 3.0000000000000000e+00 6.3403545348686279e+01
3.4613647670073147e+09 8.9926774694743813e-05 8.9169690103307819e+09 6.9157490071476507e+05 8.3400899781912298e+09 1.7306370964186637e+09 1.5621470981114844e+25 9.6464651789590716e-01 3.0000000000000000e+00 6.3403537897314905e+01
3.4769702173276596e+09 8.9926764432450980e-05 8.9169676535447254e+09 6.9157487440764112e+05 8.3400887091817980e+09 1.7306368330887947e+09 1.5833710587082004e+25 9.6899548039749750e-01 3.0000000000000000e+00 6.3403530378682156e+01
3.4926460243125262e+09 8.9926754077417092e-05 8.9169662844973545e+09 6.9157484786277590e+05 8.3400874287042875e+09 1.7306365673792062e+09 1.6048833756015915e+25 9.7336404849492408e-01 3.0000000000000000e+00 6.3403522792181157e+01
3.5083925051626453e+09 8.9926743628804197e-05 8.9169649030778885e+09 6.9157482107802178e+05 8.3400861366550903e+09 1.7306362992684016e+09 1.6266879664805381e+25 9.7775231055820466e-01 3.0000000000000000e+00 6.3403515137199648e+01
3.5242099785088372e+09 8.9926733085766481e-05 8.9169635091744747e+09 6.9157479405120853e+05 8.3400848329295902e+09 1.7306360287346580e+09 1.6487888022602161e+25 9.8216035535548363e-01 3.0000000000000000e+00 6.3403507413119442e+01
3.5400987644184575e+09 8.9926722447450800e-05 8.9169621026743412e+09 6.9157476678015059e+05 8.3400835174223089e+09 1.7306357557560992e+09 1.6711899078052274e+25 9.8658827205482247e-01 3.0000000000000000e+00 6.3403499619317500e+01
3.5560591844018764e+09 8.9926711712996012e-05 8.9169606834636383e+09 6.9157473926264024e+05 8.3400821900267611e+09 1.7306354803106275e+09 1.6938953626625595e+25 9.9103615022599834e-01 3.0000000000000000e+00 6.3403491755164822e+01
3.5720915614189825e+09 8.9926700881533332e-05 8.9169592514275303e+09 6.9157471149645234e+05 8.3400808506355419e+09 1.7306352023759701e+09 1.7169093018044771e+25 9.9550407984231237e-01 3.0000000000000000e+00 6.3403483820027297e+01
3.5881962198857183e+09 8.9926689952186102e-05 8.9169578064500828e+09 6.9157468347933702e+05 8.3400794991402140e+09 1.7306349219296074e+09 1.7402359163815413e+25 9.9999215128240349e-01 3.0000000000000000e+00 6.3403475813263974e+01
3.6043734856806459e+09 8.9926678924069896e-05 8.9169563484143372e+09 6.9157465520902537e+05 8.3400781354313946e+09 1.7306346389488289e+09 1.7638794544858464e+25 1.0045004553320735e+00 3.0000000000000000e+00 6.3403467734228272e+01
3.6206236861515398e+09 8.9926667796292107e-05 8.9169548772023582e+09 6.9157462668323400e+05 8.3400767593987675e+09 1.7306343534107790e+09 1.7878442219246026e+25 1.0090290831861168e+00 3.0000000000000000e+00 6.3403459582269370e+01
3.6369471501220102e+09 8.9926656567951963e-05 8.9169533926949749e+09 6.9157459789964836e+05 8.3400753709308796e+09 1.7306340652922907e+09 1.8121345830042652e+25 1.0135781264501613e+00 3.0000000000000000e+00 6.3403451356728347e+01
3.6533442078981600e+09 8.9926645238140918e-05 8.9169518947721310e+09 6.9157456885594339e+05 8.3400739699154367e+09 1.7306337745700912e+09 1.8367549613252885e+25 1.0181476771425153e+00 3.0000000000000000e+00 6.3403443056942166e+01
3.6698151912752647e+09 8.9926633805941777e-05 8.9169503833125629e+09 6.9157453954976774e+05 8.3400725562390156e+09 1.7306334812206452e+09 1.8617098405877017e+25 1.0227378276960255e+00 3.0000000000000000e+00 6.3403434682241276e+01
3.6863604335444889e+09 8.9926622270429323e-05 8.9169488581938992e+09 6.9157450997874630e+05 8.3400711297871733e+09 1.7306331852201791e+09 1.8870037654075913e+25 1.0273486709599395e+00 3.0000000000000000e+00 6.3403426231948949e+01
3.7029802694996290e+09 8.9926610630670098e-05 8.9169473192927570e+09 6.9157448014048813e+05 8.3400696904445057e+09 1.7306328865447614e+09 1.9126413421447200e+25 1.0319803002017802e+00 3.0000000000000000e+00 6.3403417705383873e+01
3.7196750354438882e+09 8.9926598885721958e-05 8.9169457664846134e+09 6.9157445003258018e+05 8.3400682380945358e+09 1.7306325851702385e+09 1.9386272397413653e+25 1.0366328091092258e+00 3.0000000000000000e+00 6.3403409101858649e+01
3.7364450691966825e+09 8.9926587034634193e-05 8.9169441996437054e+09 6.9157441965258052e+05 8.3400667726196489e+09 1.7306322810721684e+09 1.9649661905725364e+25 1.0413062917920000e+00 3.0000000000000000e+00 6.3403400420677841e+01
3.7532907101004753e+09 8.9926575076447880e-05 8.9169426186432934e+09 6.9157438899803394e+05 8.3400652939013023e+09 1.7306319742259762e+09 1.9916629913078007e+25 1.0460008427837719e+00 3.0000000000000000e+00 6.3403391661141690e+01
3.7702122990276442e+09 8.9926563010194895e-05 8.9169410233554001e+09 6.9157435806645919e+05 8.3400638018197918e+09 1.7306316646068258e+09 2.0187225037847396e+25 1.0507165570440589e+00 3.0000000000000000e+00 6.3403382822543662e+01
3.7872101783873796e+09 8.9926550834898926e-05 8.9169394136509399e+09 6.9157432685535308e+05 8.3400622962543859e+09 1.7306313521896620e+09 2.0461496558943360e+25 1.0554535299601451e+00 3.0000000000000000e+00 6.3403373904170451e+01
3.8042846921326113e+09 8.9926538549574584e-05 8.9169377893995914e+09 6.9157429536218685e+05 8.3400607770832043e+09 1.7306310369491739e+09 2.0739494424783646e+25 1.0602118573490034e+00 3.0000000000000000e+00 6.3403364905301757e+01
3.8214361857669711e+09 8.9926526153227357e-05 8.9169361504698944e+09 6.9157426358441194e+05 8.3400592441832781e+09 1.7306307188598514e+09 2.1021269262389605e+25 1.0649916354592290e+00 3.0000000000000000e+00 6.3403355825211854e+01
3.8386650063517818e+09 8.9926513644854100e-05 8.9169344967292461e+09 6.9157423151945858e+05 8.3400576974305887e+09 1.7306303978959732e+09 2.1306872386605762e+25 1.0697929609729793e+00 3.0000000000000000e+00 6.3403346663168691e+01
3.8559715025130806e+09 8.9926501023442277e-05 8.9169328280438099e+09 6.9157419916473283e+05 8.3400561366999502e+09 1.7306300740315757e+09 2.1596355809444274e+25 1.0746159310079240e+00 3.0000000000000000e+00 6.3403337418433331e+01
3.8733560244486752e+09 8.9926488287970705e-05 8.9169311442784824e+09 6.9157416651761089e+05 8.3400545618650179e+09 1.7306297472403963e+09 2.1889772249556678e+25 1.0794606431192031e+00 3.0000000000000000e+00 6.3403328090258476e+01
3.8908189239352274e+09 8.9926475437408294e-05 8.9169294452970505e+09 6.9157413357545622e+05 8.3400529727983704e+09 1.7306294174960446e+09 2.2187175141834187e+25 1.0843271953013955e+00 3.0000000000000000e+00 6.3403318677893338e+01
3.9083605543353729e+09 8.9926462470715335e-05 8.9169277309619408e+09 6.9157410033559590e+05 8.3400513693713522e+09 1.7306290847717671e+09 2.2488618647138106e+25 1.0892156859904929e+00 3.0000000000000000e+00 6.3403309180576464e+01
3.9259812706048713e+09 8.9926449386842062e-05 8.9169260011344700e+09 6.9157406679534586e+05 8.3400497514542398e+09 1.7306287490406983e+09 2.2794157662163127e+25 1.0941262140658863e+00 3.0000000000000000e+00 6.3403299597543509e+01
3.9436814292997894e+09 8.9926436184729753e-05 8.9169242556746254e+09 6.9157403295198921e+05 8.3400481189160814e+09 1.7306284102756433e+09 2.3103847829433858e+25 1.0990588788523579e+00 3.0000000000000000e+00 6.3403289928020691e+01
3.9614613885837150e+09 8.9926422863309966e-05 8.9169224944411240e+09 6.9157399880278506e+05 8.3400464716247377e+09 1.7306280684491680e+09 2.3417745547437694e+25 1.1040137801220862e+00 3.0000000000000000e+00 6.3403280171227458e+01
3.9793215082350039e+09 8.9926409421504328e-05 8.9169207172914524e+09 6.9157396434497274e+05 8.3400448094469061e+09 1.7306277235336401e+09 2.3735907980895168e+25 1.1089910180966551e+00 3.0000000000000000e+00 6.3403270326377708e+01
3.9972621496540618e+09 8.9926395858225058e-05 8.9169189240817318e+09 6.9157392957575968e+05 8.3400431322480297e+09 1.7306273755011079e+09 2.4058393071169758e+25 1.1139906934490760e+00 3.0000000000000000e+00 6.3403260392676167e+01
4.0152836758706570e+09 8.9926382172374468e-05 8.9169171146668816e+09 6.9157389449233445e+05 8.3400414398924065e+09 1.7306270243234310e+09 2.4385259546819172e+25 1.1190129073058159e+00 3.0000000000000000e+00 6.3403250369322123e+01
4.0333864515512643e+09 8.9926368362844953e-05 8.9169152889004593e+09 6.9157385909185698e+05 8.3400397322430639e+09 1.7306266699721823e+09 2.4716566934290018e+25 1.1240577612488378e+00 3.0000000000000000e+00 6.3403240255506859e+01
4.0515708430064459e+09 8.9926354428518726e-05 8.9169134466346569e+09 6.9157382337146043e+05 8.3400380091617699e+09 1.7306263124186668e+09 2.5052375568757822e+25 1.1291253573176476e+00 3.0000000000000000e+00 6.3403230050414173e+01
4.0698372181982632e+09 8.9926340368268054e-05 8.9169115877204361e+09 6.9157378732825699e+05 8.3400362705091105e+09 1.7306259516339796e+09 2.5392746605113933e+25 1.1342157980113494e+00 3.0000000000000000e+00 6.3403219753221720e+01
4.0881859467477236e+09 8.9926326180955014e-05 8.9169097120072994e+09 6.9157375095932628e+05 8.3400345161443348e+09 1.7306255875888898e+09 2.5737742029102386e+25 1.1393291862907158e+00 3.0000000000000000e+00 6.3403209363098021e+01
4.1066173999422569e+09 8.9926311865431272e-05 8.9169078193434811e+09 6.9157371426172787e+05 8.3400327459254923e+09 1.7306252202539663e+09 2.6087424668607265e+25 1.1444656255802579e+00 3.0000000000000000e+00 6.3403198879205846e+01
4.1251319507432318e+09 8.9926297420538440e-05 8.9169059095757923e+09 6.9157367723248969e+05 8.3400309597093086e+09 1.7306248495994601e+09 2.6441858205094048e+25 1.1496252197703147e+00 3.0000000000000000e+00 6.3403188300698872e+01
4.1437299737935004e+09 8.9926282845107462e-05 8.9169039825496483e+09 6.9157363986861263e+05 8.3400291573511992e+09 1.7306244755953534e+09 2.6801107185205965e+25 1.1548080732191444e+00 3.0000000000000000e+00 6.3403177626723334e+01
4.1624118454249802e+09 8.9926268137958525e-05 8.9169020381091366e+09 6.9157360216707690e+05 8.3400273387053299e+09 1.7306240982114196e+09 2.7165237032518213e+25 1.1600142907550273e+00 3.0000000000000000e+00 6.3403166856419496e+01
4.1811779436662688e+09 8.9926253297901323e-05 8.9169000760968552e+09 6.9157356412482914e+05 8.3400255036244917e+09 1.7306237174170973e+09 2.7534314059451570e+25 1.1652439776783803e+00 3.0000000000000000e+00 6.3403155988918044e+01
4.2000286482502928e+09 8.9926238323734980e-05 8.9168980963540039e+09 6.9157352573878807e+05 8.3400236519601593e+09 1.7306233331815453e+09 2.7908405479347967e+25 1.1704972397638771e+00 3.0000000000000000e+00 6.3403145023341764e+01
4.2189643406219935e+09 8.9926223214247452e-05 8.9168960987203979e+09 6.9157348700585030e+05 8.3400217835624990e+09 1.7306229454737010e+09 2.8287579418710367e+25 1.1757741832625830e+00 3.0000000000000000e+00 6.3403133958807267e+01
4.2379854039460435e+09 8.9926207968215978e-05 8.9168940830343552e+09 6.9157344792287983e+05 8.3400198982802973e+09 1.7306225542621753e+09 2.8671904929608463e+25 1.1810749149040907e+00 3.0000000000000000e+00 6.3403122794421790e+01
4.2570922231146011e+09 8.9926192584406477e-05 8.9168920491327438e+09 6.9157340848671482e+05 8.3400179959609737e+09 1.7306221595153210e+09 2.9061452002253089e+25 1.1863995418986766e+00 3.0000000000000000e+00 6.3403111529285191e+01
4.2762851847550988e+09 8.9926177061574162e-05 8.9168899968509350e+09 6.9157336869415967e+05 8.3400160764505510e+09 1.7306217612011523e+09 2.9456291577741765e+25 1.1917481719394576e+00 3.0000000000000000e+00 6.3403100162487910e+01
4.2955646772380648e+09 8.9926161398462580e-05 8.9168879260228519e+09 6.9157332854199642e+05 8.3400141395937004e+09 1.7306213592874608e+09 2.9856495560976891e+25 1.1971209132045613e+00 3.0000000000000000e+00 6.3403088693113851e+01
4.3149310906849852e+09 8.9926145593803933e-05 8.9168858364808922e+09 6.9157328802697523e+05 8.3400121852336550e+09 1.7306209537417173e+09 3.0262136833759751e+25 1.2025178743593079e+00 3.0000000000000000e+00 6.3403077120238336e+01
4.3343848169761944e+09 8.9926129646319416e-05 8.9168837280559635e+09 6.9157324714581645e+05 8.3400102132122679e+09 1.7306205445310960e+09 3.0673289268062395e+25 1.2079391645583963e+00 3.0000000000000000e+00 6.3403065442927357e+01
4.3539262497588072e+09 8.9926113554718084e-05 8.9168816005774250e+09 6.9157320589521225e+05 8.3400082233699293e+09 1.7306201316224880e+09 3.1090027739479644e+25 1.2133848934481062e+00 3.0000000000000000e+00 6.3403053660239962e+01
4.3735557844546833e+09 8.9926097317697797e-05 8.9168794538730850e+09 6.9157316427182266e+05 8.3400062155455990e+09 1.7306197149824629e+09 3.1512428140864028e+25 1.2188551711685043e+00 3.0000000000000000e+00 6.3403041771225091e+01
4.3932738182684307e+09 8.9926080933944462e-05 8.9168772877692261e+09 6.9157312227227935e+05 8.3400041895767899e+09 1.7306192945773065e+09 3.1940567396145807e+25 1.2243501083556663e+00 3.0000000000000000e+00 6.3403029774924299e+01
4.4130807501954393e+09 8.9926064402131813e-05 8.9168751020905495e+09 6.9157307989318576e+05 8.3400021452995453e+09 1.7306188703730226e+09 3.2374523474340830e+25 1.2298698161439021e+00 3.0000000000000000e+00 6.3403017670371000e+01
4.4329769810299568e+09 8.9926047720922272e-05 8.9168728966601448e+09 6.9157303713110741e+05 8.3400000825484009e+09 1.7306184423352342e+09 3.2814375403748722e+25 1.2354144061679972e+00 3.0000000000000000e+00 6.3403005456587721e+01
4.4529629133732004e+09 8.9926030888965626e-05 8.9168706712995148e+09 6.9157299398258445e+05 8.3399980011564131e+09 1.7306180104293120e+09 3.3260203286343835e+25 1.2409839905654596e+00 3.0000000000000000e+00 6.3402993132589707e+01
4.4730389516414995e+09 8.9926013904899550e-05 8.9168684258286095e+09 6.9157295044412767e+05 8.3399959009551678e+09 1.7306175746203315e+09 3.3712088312361721e+25 1.2465786819787792e+00 3.0000000000000000e+00 6.3402980697384230e+01
4.4932055020744839e+09 8.9925996767349693e-05 8.9168661600656681e+09 6.9157290651221015e+05 8.3399937817746716e+09 1.7306171348729918e+09 3.4170112775084068e+25 1.2521985935576976e+00 3.0000000000000000e+00 6.3402968149967535e+01
4.5134629727432995e+09 8.9925979474928983e-05 8.9168638738273182e+09 6.9157286218327656e+05 8.3399916434434156e+09 1.7306166911517072e+09 3.4634360085823857e+25 1.2578438389614846e+00 3.0000000000000000e+00 6.3402955489327937e+01
4.5338117735588684e+09 8.9925962026237688e-05 8.9168615669285374e+09 6.9157281745374063e+05 8.3399894857883425e+09 1.7306162434205816e+09 3.5104914789114723e+25 1.2635145323612285e+00 3.0000000000000000e+00 6.3402942714445238e+01
4.5542523162801838e+09 8.9925944419864121e-05 8.9168592391826572e+09 6.9157277231998136e+05 8.3399873086348667e+09 1.7306157916433730e+09 3.5581862578106279e+25 1.2692107884421371e+00 3.0000000000000000e+00 6.3402929824288634e+01
4.5747850145226374e+09 8.9925926654383005e-05 8.9168568904012356e+09 6.9157272677834425e+05 8.3399851118067360e+09 1.7306153357835026e+09 3.6065290310168709e+25 1.2749327224058418e+00 3.0000000000000000e+00 6.3402916817818635e+01
4.5954102837663975e+09 8.9925908728356592e-05 8.9168545203942471e+09 6.9157268082514685e+05 8.3399828951262102e+09 1.7306148758041129e+09 3.6555286022709561e+25 1.2806804499727253e+00 3.0000000000000000e+00 6.3402903693987568e+01
4.6161285413648071e+09 8.9925890640334247e-05 8.9168521289698582e+09 6.9157263445666735e+05 8.3399806584138746e+09 1.7306144116679516e+09 3.7051938949204837e+25 1.2864540873842443e+00 3.0000000000000000e+00 6.3402890451736297e+01
4.6369402065528355e+09 8.9925872388852025e-05 8.9168497159345303e+09 6.9157258766915300e+05 8.3399784014887104e+09 1.7306139433374574e+09 3.7555339535448640e+25 1.2922537514052750e+00 3.0000000000000000e+00 6.3402877089997247e+01
4.6578457004555578e+09 8.9925853972432757e-05 8.9168472810930080e+09 6.9157254045881960e+05 8.3399761241680908e+09 1.7306134707747543e+09 3.8065579456022684e+25 1.2980795593264611e+00 3.0000000000000000e+00 6.3402863607693867e+01
4.6788454460966787e+09 8.9925835389585988e-05 8.9168448242482071e+09 6.9157249282184383e+05 8.3399738262676840e+09 1.7306129939415741e+09 3.8582751630990426e+25 1.3039316289665774e+00 3.0000000000000000e+00 6.3402850003738429e+01
4.6999398684070902e+09 8.9925816638807891e-05 8.9168423452012920e+09 6.9157244475436909e+05 8.3399715076015205e+09 1.7306125127993159e+09 3.9106950242817450e+25 1.3098100786748996e+00 3.0000000000000000e+00 6.3402836277033835e+01
4.7211293942334728e+09 8.9925797718580879e-05 8.9168398437516632e+09 6.9157239625250734e+05 8.3399691679819756e+09 1.7306120273090646e+09 3.9638270753521608e+25 1.3157150273335885e+00 3.0000000000000000e+00 6.3402822426473961e+01
4.7424144523469324e+09 8.9925778627373599e-05 8.9168373196968422e+09 6.9157234731233143e+05 8.3399668072196722e+09 1.7306115374315128e+09 4.0176809922056790e+25 1.3216465943600832e+00 3.0000000000000000e+00 6.3402808450941976e+01
4.7637954734516716e+09 8.9925759363641185e-05 8.9168347728326187e+09 6.9157229792988277e+05 8.3399644251236048e+09 1.7306110431270397e+09 4.0722665821932037e+25 1.3276048997095031e+00 3.0000000000000000e+00 6.3402794349311577e+01
4.7852728901937122e+09 8.9925739925824500e-05 8.9168322029528427e+09 6.9157224810116342e+05 8.3399620215009699e+09 1.7306105443556290e+09 4.1275937859070603e+25 1.3335900638770655e+00 3.0000000000000000e+00 6.3402780120445556e+01
4.8068471371696453e+09 8.9925720312350555e-05 8.9168296098494987e+09 6.9157219782213657e+05 8.3399595961572065e+09 1.7306100410768769e+09 4.1836726789911391e+25 1.3396022079005068e+00 3.0000000000000000e+00 6.3402765763195966e+01
4.8285186509354277e+09 8.9925700521631782e-05 8.9168269933128319e+09 6.9157214708874165e+05 8.3399571488961201e+09 1.7306095332501404e+09 4.2405134739756357e+25 1.3456414533625225e+00 3.0000000000000000e+00 6.3402751276407507e+01
4.8502878700152121e+09 8.9925680552066609e-05 8.9168243531309910e+09 6.9157209589686501e+05 8.3399546795195751e+09 1.7306090208342471e+09 4.2981265221367018e+25 1.3517079223932122e+00 3.0000000000000000e+00 6.3402736658910662e+01
4.8721552349102259e+09 8.9925660402039061e-05 8.9168216890903549e+09 6.9157204424236575e+05 8.3399521878277731e+09 1.7306085037877502e+09 4.3565223153813829e+25 1.3578017376725369e+00 3.0000000000000000e+00 6.3402721909527372e+01
4.8941211881076794e+09 8.9925640069918146e-05 8.9168190009753075e+09 6.9157199212106317e+05 8.3399496736190405e+09 1.7306079820688057e+09 4.4157114881581466e+25 1.3639230224327896e+00 3.0000000000000000e+00 6.3402707027068899e+01
4.9161861740897245e+09 8.9925619554058505e-05 8.9168162885683632e+09 6.9157193952874187e+05 8.3399471366899567e+09 1.7306074556352212e+09 4.4757048193933517e+25 1.3700719004610731e+00 3.0000000000000000e+00 6.3402692010336153e+01
4.9383506393424444e+09 8.9925598852799778e-05 8.9168135516499138e+09 6.9157188646113919e+05 8.3399445768351364e+09 1.7306069244443326e+09 4.5365132344540765e+25 1.3762484961017922e+00 3.0000000000000000e+00 6.3402676858117239e+01
4.9606150323648911e+09 8.9925577964466736e-05 8.9168107899985485e+09 6.9157183291396475e+05 8.3399419938474827e+09 1.7306063884531975e+09 4.5981478071375218e+25 1.3824529342591552e+00 3.0000000000000000e+00 6.3402661569191729e+01
4.9829798036781597e+09 8.9925556887368498e-05 8.9168080033907299e+09 6.9157177888288419e+05 8.3399393875179186e+09 1.7306058476184335e+09 4.6606197616875528e+25 1.3886853403996871e+00 3.0000000000000000e+00 6.3402646142327541e+01
5.0054454058345060e+09 8.9925535619799805e-05 8.9168051916009941e+09 6.9157172436352493e+05 8.3399367576355696e+09 1.7306053018962762e+09 4.7239404748385263e+25 1.3949458405547523e+00 3.0000000000000000e+00 6.3402630576280920e+01
5.0280122934265013e+09 8.9925514160039147e-05 8.9168023544017162e+09 6.9157166935147159e+05 8.3399341039875393e+09 1.7306047512425323e+09 4.7881214778869497e+25 1.4012345613230928e+00 3.0000000000000000e+00 6.3402614869796686e+01
5.0506809230962343e+09 8.9925492506349780e-05 8.9167994915633488e+09 6.9157161384227592e+05 8.3399314263591261e+09 1.7306041956126797e+09 4.8531744587912735e+25 1.4075516298733721e+00 3.0000000000000000e+00 6.3402599021609895e+01
5.0734517535445480e+09 8.9925470656979512e-05 8.9167966028541527e+09 6.9157155783143989e+05 8.3399287245335884e+09 1.7306036349616981e+09 4.9191112643001778e+25 1.4138971739467365e+00 3.0000000000000000e+00 6.3402583030441832e+01
5.0963252455403242e+09 8.9925448610159861e-05 8.9167936880404263e+09 6.9157150131443678e+05 8.3399259982923336e+09 1.7306030692442799e+09 4.9859439021097979e+25 1.4202713218593799e+00 3.0000000000000000e+00 6.3402566895005315e+01
5.1193018619298067e+09 8.9925426364106649e-05 8.9167907468862190e+09 6.9157144428668800e+05 8.3399232474146872e+09 1.7306024984145987e+09 5.0536845430502769e+25 1.4266742025051293e+00 3.0000000000000000e+00 6.3402550613998692e+01
5.1423820676459656e+09 8.9925403917019627e-05 8.9167877791535568e+09 6.9157138674358046e+05 8.3399204716780663e+09 1.7306019224264834e+09 5.1223455233019531e+25 1.4331059453580348e+00 3.0000000000000000e+00 6.3402534186110444e+01
5.1655663297179070e+09 8.9925381267082227e-05 8.9167847846022110e+09 6.9157132868045243e+05 8.3399176708577881e+09 1.7306013412332745e+09 5.1919393466417062e+25 1.4395666804749736e+00 3.0000000000000000e+00 6.3402517610015401e+01
5.1888551172803211e+09 8.9925358412461091e-05 8.9167817629899311e+09 6.9157127009261260e+05 8.3399148447272596e+09 1.7306007547880180e+09 5.2624786867198327e+25 1.4460565384982660e+00 3.0000000000000000e+00 6.3402500884379982e+01
5.2122489015829773e+09 8.9925335351306922e-05 8.9167787140720901e+09 6.9157121097531100e+05 8.3399119930576982e+09 1.7306001630431721e+09 5.3339763893677863e+25 1.4525756506583007e+00 3.0000000000000000e+00 6.3402484007853865e+01
5.2357481560002604e+09 8.9925312081753171e-05 8.9167756376020317e+09 6.9157115132377017e+05 8.3399091156183949e+09 1.7305995659509203e+09 5.4064454749373359e+25 1.4591241487761775e+00 3.0000000000000000e+00 6.3402466979078866e+01
5.2593533560407467e+09 8.9925288601916810e-05 8.9167725333307590e+09 6.9157109113315889e+05 8.3399062121764593e+09 1.7305989634629076e+09 5.4798991406714587e+25 1.4657021652663529e+00 3.0000000000000000e+00 6.3402449796682063e+01
5.2830649793568268e+09 8.9925264909897774e-05 8.9167694010070267e+09 6.9157103039860353e+05 8.3399032824969101e+09 1.7305983555303547e+09 5.5543507631074511e+25 1.4723098331393061e+00 3.0000000000000000e+00 6.3402432459277975e+01
5.3068835057543745e+09 8.9925241003778380e-05 8.9167662403773689e+09 6.9157096911519184e+05 8.3399003263426714e+09 1.7305977421040964e+09 5.6298139005127004e+25 1.4789472860042108e+00 3.0000000000000000e+00 6.3402414965470534e+01
5.3308094172024508e+09 8.9925216881624209e-05 8.9167630511860428e+09 6.9157090727796452e+05 8.3398973434745436e+09 1.7305971231344960e+09 5.7063022953535143e+25 1.4856146580716225e+00 3.0000000000000000e+00 6.3402397313850152e+01
5.3548431978430576e+09 8.9925192541483100e-05 8.9167598331748981e+09 6.9157084488191316e+05 8.3398943336510906e+09 1.7305964985714250e+09 5.7838298767975172e+25 1.4923120841561757e+00 3.0000000000000000e+00 6.3402379502993334e+01
5.3789853340009365e+09 8.9925167981384991e-05 8.9167565860835667e+09 6.9157078192199254e+05 8.3398912966287718e+09 1.7305958683643880e+09 5.8624107632500171e+25 1.4990396996792938e+00 3.0000000000000000e+00 6.3402361531466489e+01
5.4032363141934080e+09 8.9925143199342606e-05 8.9167533096492424e+09 6.9157071839310299e+05 8.3398882321617956e+09 1.7305952324623430e+09 5.9420592649248377e+25 1.5057976406719116e+00 3.0000000000000000e+00 6.3402343397820161e+01
5.4275966291402578e+09 8.9925118193350117e-05 8.9167500036067753e+09 6.9157065429010428e+05 8.3398851400021610e+09 1.7305945908138428e+09 6.0227898864500967e+25 1.5125860437772076e+00 3.0000000000000000e+00 6.3402325100593757e+01
5.4520667717736645e+09 8.9925092961383969e-05 8.9167466676886730e+09 6.9157058960781107e+05 8.3398820198996773e+09 1.7305939433669891e+09 6.1046173295093195e+25 1.5194050462533528e+00 3.0000000000000000e+00 6.3402306638313696e+01
5.4766472372481766e+09 8.9925067501402272e-05 8.9167433016249084e+09 6.9157052434098371e+05 8.3398788716017981e+09 1.7305932900693398e+09 6.1875564955185170e+25 1.5262547859762667e+00 3.0000000000000000e+00 6.3402288009491045e+01
5.5013385229507294e+09 8.9925041811344403e-05 8.9167399051431427e+09 6.9157045848434488e+05 8.3398756948537874e+09 1.7305926308680756e+09 6.2716224883395255e+25 1.5331354014423879e+00 3.0000000000000000e+00 6.3402269212626365e+01
5.5261411285107126e+09 8.9925015889131581e-05 8.9167364779684715e+09 6.9157039203256019e+05 8.3398724893985386e+09 1.7305919657098062e+09 6.3568306170303190e+25 1.5400470317714596e+00 3.0000000000000000e+00 6.3402250246204019e+01
5.5510555558100777e+09 8.9924989732665807e-05 8.9167330198235531e+09 6.9157032498025289e+05 8.3398692549766512e+09 1.7305912945407178e+09 6.4431963986326008e+25 1.5469898167093217e+00 3.0000000000000000e+00 6.3402231108696370e+01
5.5760823089934950e+09 8.9924963339830285e-05 8.9167295304285736e+09 6.9157025732199848e+05 8.3398659913264008e+09 1.7305906173065181e+09 6.5307355609972763e+25 1.5539638966307194e+00 3.0000000000000000e+00 6.3402211798562199e+01
5.6012218944785538e+09 8.9924936708489367e-05 8.9167260095011578e+09 6.9157018905232032e+05 8.3398626981836939e+09 1.7305899339523933e+09 6.6194640456483338e+25 1.5609694125421236e+00 3.0000000000000000e+00 6.3402192314245376e+01
5.6264748209660110e+09 8.9924909836487565e-05 8.9167224567563286e+09 6.9157012016569148e+05 8.3398593752819872e+09 1.7305892444230266e+09 6.7093980106856004e+25 1.5680065060845632e+00 3.0000000000000000e+00 6.3402172654176042e+01
5.6518415994500856e+09 8.9924882721650429e-05 8.9167188719066105e+09 6.9157005065653753e+05 8.3398560223524046e+09 1.7305885486626253e+09 6.8005538337269660e+25 1.5750753195364702e+00 3.0000000000000000e+00 6.3402152816770361e+01
5.6773227432287960e+09 8.9924855361783358e-05 8.9167152546618977e+09 6.9156998051923397e+05 8.3398526391236000e+09 1.7305878466148961e+09 6.8929481148905437e+25 1.5821759958165382e+00 3.0000000000000000e+00 6.3402132800430884e+01
5.7029187679143476e+09 8.9924827754672614e-05 8.9167116047294884e+09 6.9156990974810347e+05 8.3398492253218174e+09 1.7305871382230167e+09 6.9865976798173167e+25 1.5893086784865909e+00 3.0000000000000000e+00 6.3402112603544445e+01
5.7286301914435692e+09 8.9924799898083834e-05 8.9167079218139915e+09 6.9156983833741816e+05 8.3398457806707726e+09 1.7305864234296594e+09 7.0815195827349445e+25 1.5964735117544673e+00 3.0000000000000000e+00 6.3402092224484441e+01
5.7544575340883875e+09 8.9924771789762540e-05 8.9167042056173820e+09 6.9156976628139988e+05 8.3398423048917179e+09 1.7305857021769931e+09 7.1777311095630150e+25 1.6036706404769154e+00 3.0000000000000000e+00 6.3402071661609561e+01
5.7804013184663601e+09 8.9924743427434307e-05 8.9167004558389149e+09 6.9156969357421459e+05 8.3398387977033758e+09 1.7305849744066272e+09 7.2752497810607186e+25 1.6109002101625036e+00 3.0000000000000000e+00 6.3402050913262642e+01
5.8064620695512486e+09 8.9924714808803743e-05 8.9166966721751862e+09 6.9156962020998099e+05 8.3398352588219557e+09 1.7305842400596986e+09 7.3740933560170158e+25 1.6181623669745400e+00 3.0000000000000000e+00 6.3402029977773289e+01
5.8326403146836414e+09 8.9924685931554762e-05 8.9166928543200016e+09 6.9156954618276190e+05 8.3398316879610758e+09 1.7305834990767844e+09 7.4742798344843544e+25 1.6254572577340076e+00 3.0000000000000000e+00 6.3402008853455484e+01
5.8589365835816269e+09 8.9924656793350624e-05 8.9166890019643497e+09 6.9156947148656123e+05 8.3398280848317280e+09 1.7305827513978729e+09 7.5758274610562017e+25 1.6327850299225135e+00 3.0000000000000000e+00 6.3401987538606299e+01
5.8853514083515062e+09 8.9924627391833366e-05 8.9166851147965622e+09 6.9156939611533796e+05 8.3398244491423960e+09 1.7305819969625025e+09 7.6787547281891254e+25 1.6401458316852455e+00 3.0000000000000000e+00 6.3401966031509957e+01
5.9118853234985676e+09 8.9924597724623325e-05 8.9166811925020504e+09 6.9156932006299263e+05 8.3398207805988445e+09 1.7305812357096262e+09 7.7830803795700075e+25 1.6475398118339502e+00 3.0000000000000000e+00 6.3401944330434567e+01
5.9385388659378977e+09 8.9924567789320025e-05 8.9166772347634144e+09 6.9156924332336802e+05 8.3398170789042101e+09 1.7305804675776203e+09 7.8888234135289605e+25 1.6549671198499172e+00 3.0000000000000000e+00 6.3401922433631661e+01
5.9653125750052471e+09 8.9924537583500706e-05 8.9166732412603703e+09 6.9156916589025385e+05 8.3398133437589283e+09 1.7305796925043290e+09 7.9960030864987047e+25 1.6624279058869800e+00 3.0000000000000000e+00 6.3401900339337892e+01
5.9922069924679461e+09 8.9924507104720982e-05 8.9166692116697502e+09 6.9156908775738301e+05 8.3398095748607407e+09 1.7305789104270277e+09 8.1046389165207964e+25 1.6699223207745295e+00 3.0000000000000000e+00 6.3401878045773749e+01
6.0192226625358629e+09 8.9924476350514482e-05 8.9166651456655045e+09 6.9156900891843368e+05 8.3398057719046907e+09 1.7305781212824457e+09 8.2147506867996203e+25 1.6774505160205402e+00 3.0000000000000000e+00 6.3401855551144138e+01
6.0463601318724184e+09 8.9924445318392420e-05 8.9166610429186115e+09 6.9156892936702562e+05 8.3398019345830383e+09 1.7305773250067260e+09 8.3263584493045320e+25 1.6850126438146107e+00 3.0000000000000000e+00 6.3401832853637615e+01
6.0736199496056499e+09 8.9924414005843390e-05 8.9166569030970058e+09 6.9156884909671731e+05 8.3397980625852089e+09 1.7305765215353997e+09 8.4394825284210511e+25 1.6926088570310167e+00 3.0000000000000000e+00 6.3401809951425548e+01
6.1010026673393173e+09 8.9924382410333449e-05 8.9166527258657703e+09 6.9156876810101746e+05 8.3397941555979366e+09 1.7305757108034990e+09 8.5541435246515423e+25 1.7002393092317787e+00 3.0000000000000000e+00 6.3401786842664968e+01
6.1285088391640720e+09 8.9924350529305792e-05 8.9166485108867931e+09 6.9156868637336581e+05 8.3397902133050041e+09 1.7305748927453661e+09 8.6703623183662754e+25 1.7079041546697420e+00 3.0000000000000000e+00 6.3401763525493642e+01
6.1561390216686611e+09 8.9924318360180654e-05 8.9166442578190460e+09 6.9156860390715022e+05 8.3397862353874378e+09 1.7305740672948246e+09 8.7881600736053434e+25 1.7156035482916709e+00 3.0000000000000000e+00 6.3401739998034252e+01
6.1838937739511976e+09 8.9924285900354459e-05 8.9166399663183708e+09 6.9156852069569868e+05 8.3397822215233412e+09 1.7305732343850985e+09 8.9075582419322692e+25 1.7233376457413576e+00 3.0000000000000000e+00 6.3401716258393186e+01
6.2117736576304665e+09 8.9924253147200632e-05 8.9166356360375023e+09 6.9156843673227588e+05 8.3397781713879099e+09 1.7305723939487779e+09 9.0285785663399499e+25 1.7311066033627411e+00 3.0000000000000000e+00 6.3401692304658503e+01
6.2397792368572950e+09 8.9924220098068665e-05 8.9166312666259727e+09 6.9156835201008315e+05 8.3397740846533670e+09 1.7305715459178200e+09 9.1512430852096598e+25 1.7389105782030465e+00 3.0000000000000000e+00 6.3401668134900447e+01
6.2679110783259668e+09 8.9924186750283899e-05 8.9166268577302532e+09 6.9156826652226783e+05 8.3397699609890423e+09 1.7305706902236414e+09 9.2755741363238729e+25 1.7467497280159316e+00 3.0000000000000000e+00 6.3401643747174084e+01
6.2961697512856855e+09 8.9924153101147931e-05 8.9166224089935741e+09 6.9156818026190996e+05 8.3397658000612488e+09 1.7305698267969842e+09 9.4015943609334695e+25 1.7546242112646497e+00 3.0000000000000000e+00 6.3401619139515482e+01
6.3245558275520992e+09 8.9924119147937706e-05 8.9166179200559444e+09 6.9156809322202904e+05 8.3397616015332842e+09 1.7305689555679860e+09 9.5293267078803553e+25 1.7625341871252291e+00 3.0000000000000000e+00 6.3401594309943398e+01
6.3530698815188656e+09 8.9924084887905626e-05 8.9166133905541058e+09 6.9156800539557985e+05 8.3397573650653963e+09 1.7305680764661362e+09 9.6587944377759454e+25 1.7704798154896617e+00 3.0000000000000000e+00 6.3401569256458643e+01
6.3817124901692791e+09 8.9924050318279167e-05 8.9166088201215401e+09 6.9156791677545570e+05 8.3397530903147726e+09 1.7305671894203093e+09 9.7900211272364803e+25 1.7784612569691096e+00 3.0000000000000000e+00 6.3401543977044369e+01
6.4104842330879440e+09 8.9924015436260887e-05 8.9166042083884068e+09 6.9156782735448424e+05 8.3397487769355030e+09 1.7305662943587227e+09 9.9230306731758552e+25 1.7864786728971234e+00 3.0000000000000000e+00 6.3401518469665298e+01
6.4393856924725027e+09 8.9923980239028104e-05 8.9165995549815369e+09 6.9156773712542839e+05 8.3397444245785532e+09 1.7305653912089455e+09 1.0057847297156752e+26 1.7945322253328777e+00 3.0000000000000000e+00 6.3401492732267897e+01
6.4684174531454182e+09 8.9923944723732457e-05 8.9165948595243740e+09 6.9156764608098683e+05 8.3397400328917389e+09 1.7305644798979051e+09 1.0194495549800883e+26 1.8026220770644177e+00 3.0000000000000000e+00 6.3401466762780430e+01
6.4975801025658045e+09 8.9923908887500160e-05 8.9165901216369743e+09 6.9156755421379046e+05 8.3397356015196943e+09 1.7305635603518496e+09 1.0333000315259122e+26 1.8107483916119207e+00 3.0000000000000000e+00 6.3401440559111983e+01
6.5268742308413162e+09 8.9923872727431107e-05 8.9165853409359436e+09 6.9156746151640452e+05 8.3397311301038227e+09 1.7305626324963713e+09 1.0473386815742397e+26 1.8189113332309736e+00 3.0000000000000000e+00 6.3401414119153216e+01
6.5563004307400913e+09 8.9923836240599146e-05 8.9165805170344353e+09 6.9156736798132700e+05 8.3397266182823048e+09 1.7305616962563882e+09 1.0615680616114093e+26 1.8271110669158641e+00 3.0000000000000000e+00 6.3401387440775885e+01
6.5858592977027397e+09 8.9923799424051614e-05 8.9165756495421162e+09 6.9156727360098995e+05 8.3397220656900663e+09 1.7305607515561588e+09 1.0759907628544811e+26 1.8353477584028841e+00 3.0000000000000000e+00 6.3401360521832800e+01
6.6155514298543997e+09 8.9923762274809517e-05 8.9165707380651131e+09 6.9156717836775235e+05 8.3397174719587107e+09 1.7305597983192115e+09 1.0906094117230448e+26 1.8436215741736539e+00 3.0000000000000000e+00 6.3401333360156485e+01
6.6453774280168343e+09 8.9923724789866538e-05 8.9165657822059708e+09 6.9156708227390680e+05 8.3397128367165022e+09 1.7305588364684093e+09 1.1054266703174272e+26 1.8519326814584522e+00 3.0000000000000000e+00 6.3401305953560446e+01
6.6753378957205944e+09 8.9923686966189229e-05 8.9165607815637169e+09 6.9156698531167977e+05 8.3397081595884008e+09 1.7305578659259541e+09 1.1204452369033937e+26 1.8602812482395683e+00 3.0000000000000000e+00 6.3401278299839646e+01
6.7054334392172279e+09 8.9923648800716968e-05 8.9165557357337132e+09 6.9156688747322350e+05 8.3397034401959457e+09 1.7305568866133046e+09 1.1356678464034482e+26 1.8686674432546662e+00 3.0000000000000000e+00 6.3401250396768241e+01
6.7356646674915466e+09 8.9923610290361229e-05 8.9165506443076439e+09 6.9156678875061986e+05 8.3396986781572418e+09 1.7305558984512160e+09 1.1510972708947872e+26 1.8770914360001616e+00 3.0000000000000000e+00 6.3401222242100218e+01
6.7660321922739515e+09 8.9923571432005988e-05 8.9165455068735161e+09 6.9156668913587648e+05 8.3396938730869493e+09 1.7305549013597000e+09 1.1667363201140329e+26 1.8855533967346170e+00 3.0000000000000000e+00 6.3401193833568918e+01
6.7965366280528116e+09 8.9923532222506504e-05 8.9165403230156422e+09 6.9156658862093533e+05 8.3396890245962725e+09 1.7305538952581112e+09 1.1825878419688153e+26 1.8940534964821529e+00 3.0000000000000000e+00 6.3401165168888902e+01
6.8271785920868950e+09 8.9923492658690210e-05 8.9165350923145580e+09 6.9156648719765944e+05 8.3396841322928877e+09 1.7305528800650151e+09 1.1986547230563013e+26 1.9025919070358659e+00 3.0000000000000000e+00 6.3401136245752518e+01
6.8579587044178610e+09 8.9923452737355363e-05 8.9165298143470039e+09 6.9156638485784153e+05 8.3396791957809124e+09 1.7305518556982734e+09 1.2149398891887703e+26 1.9111688009612717e+00 3.0000000000000000e+00 6.3401107061832469e+01
6.8888775878828068e+09 8.9923412455271610e-05 8.9165244886859188e+09 6.9156628159320005e+05 8.3396742146609211e+09 1.7305508220750041e+09 1.2314463059263335e+26 1.9197843515997586e+00 3.0000000000000000e+00 6.3401077614780256e+01
6.9199358681268702e+09 8.9923371809179229e-05 8.9165191149003792e+09 6.9156617739537847e+05 8.3396691885298567e+09 1.7305497791115754e+09 1.2481769791168769e+26 1.9284387330720545e+00 3.0000000000000000e+00 6.3401047902226303e+01
6.9511341736158895e+09 8.9923330795789265e-05 8.9165136925555687e+09 6.9156607225594437e+05 8.3396641169810381e+09 1.7305487267235963e+09 1.2651349554433508e+26 1.9371321202817147e+00 3.0000000000000000e+00 6.3401017921779690e+01
6.9824731356491232e+09 8.9923289411782909e-05 8.9165082212126789e+09 6.9156596616638545e+05 8.3396589996040535e+09 1.7305476648258760e+09 1.2823233229784846e+26 1.9458646889186180e+00 3.0000000000000000e+00 6.3400987671026925e+01
7.0139533883720179e+09 8.9923247653811344e-05 8.9165027004290409e+09 6.9156585911811958e+05 8.3396538359848680e+09 1.7305465933325257e+09 1.2997452117470402e+26 1.9546366154624832e+00 3.0000000000000000e+00 6.3400957147534669e+01
7.0455755687890463e+09 8.9923205518495559e-05 8.9164971297579632e+09 6.9156575110248476e+05 8.3396486257056789e+09 1.7305455121568570e+09 1.3174037942957001e+26 1.9634480771864011e+00 3.0000000000000000e+00 6.3400926348847307e+01
7.0773403167765961e+09 8.9923163002426037e-05 8.9164915087486362e+09 6.9156564211073564e+05 8.3396433683448563e+09 1.7305444212113473e+09 1.3353022862707022e+26 1.9722992521603784e+00 3.0000000000000000e+00 6.3400895272485606e+01
7.1092482750959158e+09 8.9923120102162305e-05 8.9164858369462643e+09 6.9156553213405423e+05 8.3396380634770174e+09 1.7305433204077475e+09 1.3534439470033100e+26 1.9811903192548992e+00 3.0000000000000000e+00 6.3400863915949863e+01
7.1413000894061203e+09 8.9923076814233061e-05 8.9164801138919353e+09 6.9156542116354057e+05 8.3396327106729383e+09 1.7305422096569881e+09 1.3718320801032448e+26 1.9901214581445035e+00 3.0000000000000000e+00 6.3400832276717068e+01
7.1734964082772617e+09 8.9923033135135545e-05 8.9164743391225567e+09 6.9156530919021321e+05 8.3396273094994955e+09 1.7305410888691852e+09 1.3904700340601748e+26 1.9990928493113804e+00 3.0000000000000000e+00 6.3400800352241554e+01
7.2058378832034445e+09 8.9922989061335231e-05 8.9164685121708546e+09 6.9156519620500994e+05 8.3396218595196390e+09 1.7305399579536452e+09 1.4093612028533699e+26 2.0081046740489743e+00 3.0000000000000000e+00 6.3400768139954678e+01
7.2383251686160173e+09 8.9922944589265798e-05 8.9164626325653820e+09 6.9156508219878911e+05 8.3396163602924232e+09 1.7305388168188808e+09 1.4285090265696497e+26 2.0171571144656126e+00 3.0000000000000000e+00 6.3400735637265370e+01
7.2709589218968077e+09 8.9922899715328550e-05 8.9164566998303776e+09 6.9156496716232365e+05 8.3396108113728609e+09 1.7305376653725495e+09 1.4479169920297045e+26 2.0262503534881429e+00 3.0000000000000000e+00 6.3400702841558676e+01
7.3037398033914299e+09 8.9922854435892479e-05 8.9164507134857826e+09 6.9156485108630243e+05 8.3396052123119640e+09 1.7305365035214684e+09 1.4675886334229462e+26 2.0353845748655925e+00 3.0000000000000000e+00 6.3400669750195824e+01
7.3366684764226437e+09 8.9922808747293592e-05 8.9164446730472870e+09 6.9156473396133585e+05 8.3395995626567307e+09 1.7305353311716688e+09 1.4875275329509627e+26 2.0445599631728371e+00 3.0000000000000000e+00 6.3400636360515861e+01
7.3697456073037796e+09 8.9922762645835099e-05 8.9164385780260944e+09 6.9156461577794165e+05 8.3395938619500132e+09 1.7305341482282550e+09 1.5077373214797294e+26 2.0537767038142936e+00 3.0000000000000000e+00 6.3400602669831727e+01
7.4029718653522177e+09 8.9922716127786571e-05 8.9164324279290295e+09 6.9156449652655469e+05 8.3395881097305307e+09 1.7305329545955026e+09 1.5282216792006606e+26 2.0630349830276216e+00 3.0000000000000000e+00 6.3400568675433128e+01
7.4363479229029350e+09 8.9922669189383686e-05 8.9164262222585239e+09 6.9156437619752903e+05 8.3395823055328999e+09 1.7305317501768777e+09 1.5489843363006600e+26 2.0723349878874444e+00 3.0000000000000000e+00 6.3400534374587011e+01
7.4698744553221102e+09 8.9922621826828619e-05 8.9164199605124474e+09 6.9156425478112441e+05 8.3395764488874807e+09 1.7305305348749042e+09 1.5700290736412516e+26 2.0816769063090872e+00 3.0000000000000000e+00 6.3400499764533379e+01
7.5035521410207853e+09 8.9922574036288742e-05 8.9164136421841393e+09 6.9156413226751541e+05 8.3395705393203878e+09 1.7305293085912521e+09 1.5913597234469518e+26 2.0910609270523310e+00 3.0000000000000000e+00 6.3400464842488837e+01
7.5373816614685984e+09 8.9922525813897073e-05 8.9164072667623520e+09 6.9156400864678598e+05 8.3395645763534584e+09 1.7305280712266862e+09 1.6129801700029825e+26 2.1004872397251808e+00 3.0000000000000000e+00 6.3400429605644021e+01
7.5713637012075720e+09 8.9922477155751851e-05 8.9164008337313118e+09 6.9156388390893512e+05 8.3395585595042734e+09 1.7305268226811209e+09 1.6348943503624615e+26 2.1099560347876531e+00 3.0000000000000000e+00 6.3400394051165513e+01
7.6054989478659620e+09 8.9922428057915513e-05 8.9163943425704594e+09 6.9156375804386660e+05 8.3395524882859535e+09 1.7305255628535173e+09 1.6571062550632000e+26 2.1194675035555788e+00 3.0000000000000000e+00 6.3400358176193670e+01
7.6397880921721754e+09 8.9922378516415718e-05 8.9163877927545853e+09 6.9156363104139222e+05 8.3395463622072802e+09 1.7305242916419168e+09 1.6796199288542367e+26 2.1290218382044230e+00 3.0000000000000000e+00 6.3400321977842218e+01
7.6742318279687443e+09 8.9922328527243398e-05 8.9163811837537937e+09 6.9156350289123971e+05 8.3395401807726202e+09 1.7305230089435196e+09 1.7024394714322337e+26 2.1386192317731205e+00 3.0000000000000000e+00 6.3400285453201832e+01
7.7088308522263689e+09 8.9922278086353868e-05 8.9163745150332794e+09 6.9156337358303298e+05 8.3395339434817839e+09 1.7305217146544874e+09 1.7255690381878846e+26 2.1482598781679298e+00 3.0000000000000000e+00 6.3400248599333416e+01
7.7435858650580187e+09 8.9922227189665732e-05 8.9163677860535545e+09 6.9156324310631258e+05 8.3395276498301754e+09 1.7305204086701474e+09 1.7490128409624506e+26 2.1579439721663025e+00 3.0000000000000000e+00 6.3400211413274739e+01
7.7784975697330990e+09 8.9922175833060538e-05 8.9163609962701302e+09 6.9156311145051732e+05 8.3395212993085289e+09 1.7305190908848093e+09 1.7727751488145794e+26 2.1676717094207700e+00 3.0000000000000000e+00 6.3400173892035014e+01
7.8135666726916819e+09 8.9922124012383137e-05 8.9163541451336689e+09 6.9156297860499215e+05 8.3395148914030533e+09 1.7305177611918433e+09 1.7968602887975286e+26 2.1774432864628461e+00 3.0000000000000000e+00 6.3400136032596563e+01
7.8487938835588026e+09 8.9922071723440037e-05 8.9163472320898342e+09 6.9156284455898870e+05 8.3395084255952740e+09 1.7305164194836862e+09 1.8212726467469628e+26 2.1872589007069525e+00 3.0000000000000000e+00 6.3400097831915865e+01
7.8841799151588182e+09 8.9922018962000695e-05 8.9163402565793209e+09 6.9156270930165797e+05 8.3395019013620672e+09 1.7305150656517684e+09 1.8460166680794332e+26 2.1971187504543490e+00 3.0000000000000000e+00 6.3400059286920715e+01
7.9197254835298300e+09 8.9921965723795971e-05 8.9163332180377235e+09 6.9156257282205299e+05 8.3394953181755476e+09 1.7305136995865397e+09 1.8710968586017085e+26 2.2070230348970967e+00 3.0000000000000000e+00 6.3400020394511643e+01
7.9554313079381742e+09 8.9921912004518057e-05 8.9163261158956356e+09 6.9156243510913406e+05 8.3394886755031290e+09 1.7305123211775224e+09 1.8965177853311038e+26 2.2169719541220250e+00 3.0000000000000000e+00 6.3399981151562983e+01
7.9912981108929758e+09 8.9921857799820347e-05 8.9163189495783653e+09 6.9156229615175258e+05 8.3394819728073149e+09 1.7305109303131487e+09 1.9222840773269416e+26 2.2269657091147215e+00 3.0000000000000000e+00 6.3399941554918243e+01
8.0273266181607685e+09 8.9921803105316972e-05 8.9163117185061226e+09 6.9156215593866492e+05 8.3394752095458241e+09 1.7305095268809006e+09 1.9484004265333125e+26 2.2370045017635425e+00 3.0000000000000000e+00 6.3399901601394504e+01
8.0635175587801809e+09 8.9921747916582448e-05 8.9163044220938625e+09 6.9156201445852453e+05 8.3394683851714563e+09 1.7305081107672307e+09 1.9748715886332746e+26 2.2470885348636336e+00 3.0000000000000000e+00 6.3399861287779480e+01
8.0998716650766888e+09 8.9921692229151572e-05 8.9162970597512856e+09 6.9156187169988244e+05 8.3394614991320982e+09 1.7305066818575661e+09 2.0017023839146692e+26 2.2572180121209753e+00 3.0000000000000000e+00 6.3399820610832329e+01
8.1363896726774330e+09 8.9921636038518235e-05 8.9162896308826790e+09 6.9156172765118512e+05 8.3394545508705816e+09 1.7305052400362885e+09 2.0288976981476733e+26 2.2673931381564385e+00 3.0000000000000000e+00 6.3399779567282870e+01
8.1730723205261059e+09 8.9921579340136108e-05 8.9162821348870411e+09 6.9156158230077755e+05 8.3394475398247871e+09 1.7305037851867640e+09 2.0564624834742944e+26 2.2776141185098657e+00 3.0000000000000000e+00 6.3399738153832004e+01
8.2099203508979025e+09 8.9921522129417510e-05 8.9162745711578999e+09 6.9156143563689804e+05 8.3394404654274721e+09 1.7305023171912918e+09 2.0844017593099271e+26 2.2878811596441642e+00 3.0000000000000000e+00 6.3399696367150945e+01
8.2469345094145432e+09 8.9921464401733562e-05 8.9162669390832653e+09 6.9156128764767433e+05 8.3394333271062441e+09 1.7305008359310644e+09 2.1127206132571689e+26 2.2981944689494189e+00 3.0000000000000000e+00 6.3399654203879813e+01
8.2841155450593576e+09 8.9921406152413563e-05 8.9162592380457115e+09 6.9156113832113380e+05 8.3394261242836227e+09 1.7304993412862709e+09 2.1414242020320306e+26 2.3085542547470230e+00 3.0000000000000000e+00 6.3399611660630001e+01
8.3214642101924438e+09 8.9921347376744200e-05 8.9162514674221420e+09 6.9156098764519137e+05 8.3394188563768187e+09 1.7304978331359746e+09 2.1705177524027473e+26 2.3189607262938274e+00 3.0000000000000000e+00 6.3399568733982086e+01
8.3589812605658894e+09 8.9921288069970000e-05 8.9162436265839214e+09 6.9156083560765628e+05 8.3394115227978611e+09 1.7304963113581822e+09 2.2000065621413180e+26 2.3294140937863066e+00 3.0000000000000000e+00 6.3399525420486277e+01
8.3966674553390675e+09 8.9921228227292664e-05 8.9162357148966827e+09 6.9156068219622364e+05 8.3394041229534321e+09 1.7304947758297586e+09 2.2298960009879865e+26 2.3399145683647449e+00 3.0000000000000000e+00 6.3399481716660681e+01
8.4345235570940294e+09 8.9921167843870064e-05 8.9162277317203026e+09 6.9156052739847777e+05 8.3393966562448177e+09 1.7304932264264598e+09 2.2601915116288313e+26 2.3504623621174470e+00 3.0000000000000000e+00 6.3399437618992863e+01
8.4725503318507996e+09 8.9921106914816757e-05 8.9162196764089260e+09 6.9156037120189238e+05 8.3393891220679483e+09 1.7304916630229354e+09 2.2908986106865176e+26 2.3610576880849217e+00 3.0000000000000000e+00 6.3399393123938516e+01
8.5107485490830822e+09 8.9921045435202769e-05 8.9162115483108673e+09 6.9156021359383035e+05 8.3393815198132944e+09 1.7304900854927270e+09 2.3220228897247505e+26 2.3717007602641806e+00 3.0000000000000000e+00 6.3399348227922736e+01
8.5491189817336960e+09 8.9920983400054049e-05 8.9162033467685318e+09 6.9156005456153583e+05 8.3393738488658047e+09 1.7304884937081876e+09 2.3535700162661265e+26 2.3823917936129542e+00 3.0000000000000000e+00 6.3399302927336947e+01
8.5876624062302446e+09 8.9920920804351407e-05 8.9161950711184006e+09 6.9155989409214025e+05 8.3393661086048889e+09 1.7304868875405431e+09 2.3855457348239212e+26 2.3931310040539815e+00 3.0000000000000000e+00 6.3399257218540946e+01
8.6263796025008316e+09 8.9920857643030277e-05 8.9161867206909370e+09 6.9155973217265727e+05 8.3393582984043236e+09 1.7304852668598406e+09 2.4179558679478756e+26 2.4039186084793021e+00 3.0000000000000000e+00 6.3399211097861446e+01
8.6652713539898415e+09 8.9920793910980122e-05 8.9161782948105965e+09 6.9155956878998759e+05 8.3393504176322660e+09 1.7304836315349982e+09 2.4508063172841792e+26 2.4147548247545729e+00 3.0000000000000000e+00 6.3399164561593373e+01
8.7043384476737900e+09 8.9920729603044924e-05 8.9161697927956562e+09 6.9155940393090365e+05 8.3393424656511078e+09 1.7304819814336493e+09 2.4841030646498508e+26 2.4256398717233973e+00 3.0000000000000000e+00 6.3399117605995770e+01
8.7435816740772533e+09 8.9920664714021381e-05 8.9161612139583855e+09 6.9155923758207285e+05 8.3393344418175936e+09 1.7304803164223788e+09 2.5178521731217157e+26 2.4365739692116772e+00 3.0000000000000000e+00 6.3399070227297855e+01
8.7830018272888603e+09 8.9920599238659757e-05 8.9161525576046562e+09 6.9155906973002665e+05 8.3393263454825201e+09 1.7304786363664095e+09 2.5520597881401589e+26 2.4475573380319826e+00 3.0000000000000000e+00 6.3399022421690844e+01
8.8225997049773636e+09 8.9920533171662249e-05 8.9161438230342293e+09 6.9155890036118892e+05 8.3393181759909325e+09 1.7304769411298897e+09 2.5867321386278861e+26 2.4585901999879427e+00 3.0000000000000000e+00 6.3398974185335852e+01
8.8623761084077816e+09 8.9920466507683835e-05 8.9161350095404129e+09 6.9155872946184874e+05 8.3393099326818724e+09 1.7304752305756178e+09 2.6218755381238615e+26 2.4696727778786496e+00 3.0000000000000000e+00 6.3398925514355810e+01
8.9023318424576015e+09 8.9920399241330933e-05 8.9161261164102745e+09 6.9155855701818224e+05 8.3393016148885193e+09 1.7304735045652635e+09 2.6574963859326485e+26 2.4808052955030875e+00 3.0000000000000000e+00 6.3398876404841971e+01
8.9424677156330853e+09 8.9920331367161256e-05 8.9161171429242744e+09 6.9155838301622961e+05 8.3392932219378967e+09 1.7304717629591358e+09 2.6936011682893809e+26 2.4919879776645790e+00 3.0000000000000000e+00 6.3398826852847741e+01
8.9827845400856133e+09 8.9920262879683373e-05 8.9161080883565655e+09 6.9155820744191715e+05 8.3392847531511002e+09 1.7304700056164052e+09 2.7301964595405178e+26 2.5032210501752492e+00 3.0000000000000000e+00 6.3398776854394058e+01
9.0232831316281242e+09 8.9920193773356227e-05 8.9160989519745617e+09 6.9155803028103220e+05 8.3392762078429461e+09 1.7304682323948517e+09 2.7672889233406638e+26 2.5145047398605112e+00 3.0000000000000000e+00 6.3398726405463343e+01
9.0639643097516232e+09 8.9920124042588734e-05 8.9160897330391617e+09 6.9155785151924053e+05 8.3392675853221493e+09 1.7304664431510389e+09 2.8048853138656291e+26 2.5258392745635661e+00 3.0000000000000000e+00 6.3398675502003357e+01
9.1048288976417637e+09 8.9920053681739439e-05 8.9160804308046093e+09 6.9155767114207870e+05 8.3392588848911982e+09 1.7304646377402384e+09 2.8429924770419710e+26 2.5372248831499320e+00 3.0000000000000000e+00 6.3398624139925829e+01
9.1458777221955051e+09 8.9919982685115739e-05 8.9160710445183506e+09 6.9155748913494963e+05 8.3392501058462257e+09 1.7304628160163853e+09 2.8816173517932236e+26 2.5486617955119826e+00 3.0000000000000000e+00 6.3398572315105064e+01
9.1871116140378456e+09 8.9919911046973665e-05 8.9160615734210224e+09 6.9155730548312305e+05 8.3392412474769974e+09 1.7304609778320818e+09 2.9207669713030623e+26 2.5601502425735112e+00 3.0000000000000000e+00 6.3398520023377806e+01
9.2285314075386276e+09 8.9919838761517521e-05 8.9160520167465229e+09 6.9155712017174275e+05 8.3392323090669661e+09 1.7304591230386701e+09 2.9604484642956136e+26 2.5716904562943110e+00 3.0000000000000000e+00 6.3398467260545502e+01
9.2701379408294258e+09 8.9919765822899105e-05 8.9160423737216873e+09 6.9155693318580999e+05 8.3392232898929977e+09 1.7304572514860678e+09 3.0006690563331575e+26 2.5832826696747797e+00 3.0000000000000000e+00 6.3398414022369401e+01
9.3119320558204994e+09 8.9919692225217337e-05 8.9160326435664597e+09 6.9155674451019662e+05 8.3392141892254953e+09 1.7304553630228970e+09 3.0414360711314480e+26 2.5949271167605366e+00 3.0000000000000000e+00 6.3398360304574751e+01
9.3539145982178364e+09 8.9919617962518021e-05 8.9160228254937172e+09 6.9155655412963498e+05 8.3392050063282585e+09 1.7304534574963846e+09 3.0827569318929055e+26 2.6066240326470687e+00 3.0000000000000000e+00 6.3398306102847492e+01
9.3960864175402603e+09 8.9919543028793174e-05 8.9160129187092228e+09 6.9155636202871962e+05 8.3391957404584332e+09 1.7304515347523797e+09 3.1246391626579032e+26 2.6183736534843893e+00 3.0000000000000000e+00 6.3398251412834838e+01
9.4384483671366234e+09 8.9919467417980315e-05 8.9160029224115200e+09 6.9155616819190374e+05 8.3391863908664141e+09 1.7304495946353166e+09 3.1670903896744029e+26 2.6301762164817197e+00 3.0000000000000000e+00 6.3398196230144571e+01
9.4810013042030716e+09 8.9919391123962459e-05 8.9159928357920303e+09 6.9155597260350711e+05 8.3391769567959347e+09 1.7304476369882958e+09 3.2101183427862072e+26 2.6420319599121900e+00 3.0000000000000000e+00 6.3398140550346675e+01
9.5237460898003979e+09 8.9919314140567323e-05 8.9159826580347767e+09 6.9155577524770051e+05 8.3391674374838018e+09 1.7304456616529272e+09 3.2537308568400480e+26 2.6539411231175656e+00 3.0000000000000000e+00 6.3398084368969535e+01
9.5666835888714523e+09 8.9919236461566789e-05 8.9159723883164616e+09 6.9155557610851666e+05 8.3391578321599846e+09 1.7304436684694402e+09 3.2979358731117827e+26 2.6659039465129792e+00 3.0000000000000000e+00 6.3398027681502754e+01
9.6098146702586555e+09 8.9919158080676713e-05 8.9159620258062916e+09 6.9155537516983761e+05 8.3391481400474405e+09 1.7304416572765565e+09 3.3427414407519712e+26 2.6779206715917052e+00 3.0000000000000000e+00 6.3397970483393777e+01
9.6531402067215748e+09 8.9919078991555773e-05 8.9159515696660385e+09 6.9155517241540784e+05 8.3391383603621683e+09 1.7304396279116218e+09 3.3881557182510683e+26 2.6899915409299329e+00 3.0000000000000000e+00 6.3397912770051363e+01
9.6966610749545860e+09 8.9918999187805874e-05 8.9159410190499096e+09 6.9155496782882116e+05 8.3391284923130865e+09 1.7304375802104754e+09 3.4341869749245252e+26 2.7021167981915752e+00 3.0000000000000000e+00 6.3397854536841962e+01
9.7403781556046143e+09 8.9918918662970784e-05 8.9159303731044159e+09 6.9155476139352238e+05 8.3391185351019287e+09 1.7304355140074658e+09 3.4808435924180499e+26 2.7142966881330910e+00 3.0000000000000000e+00 6.3397795779090437e+01
9.7842923332889500e+09 8.9918837410536017e-05 8.9159196309683857e+09 6.9155455309280753e+05 8.3391084879232349e+09 1.7304334291354537e+09 3.5281340662333137e+26 2.7265314566083281e+00 3.0000000000000000e+00 6.3397736492079751e+01
9.8284044966131535e+09 8.9918755423928505e-05 8.9159087917728901e+09 6.9155434290982201e+05 8.3390983499642944e+09 1.7304313254257929e+09 3.5760670072743681e+26 2.7388213505733914e+00 3.0000000000000000e+00 6.3397676671050483e+01
9.8727155381890335e+09 8.9918672696515491e-05 8.9158978546411552e+09 6.9155413082756009e+05 8.3390881204050465e+09 1.7304292027083261e+09 3.6246511434150721e+26 2.7511666180915268e+00 3.0000000000000000e+00 6.3397616311201318e+01
9.9172263546527119e+09 8.9918589221604534e-05 8.9158868186884613e+09 6.9155391682886030e+05 8.3390777984180174e+09 1.7304270608113372e+09 3.6738953210878020e+26 2.7635675083380282e+00 3.0000000000000000e+00 6.3397555407686816e+01
9.9619378466827621e+09 8.9918504992442518e-05 8.9158756830220814e+09 6.9155370089640538e+05 8.3390673831682301e+09 1.7304248995615537e+09 3.7238085068937191e+26 2.7760242716051673e+00 3.0000000000000000e+00 6.3397493955618295e+01
1.0006850919018440e+10 8.9918420002215829e-05 8.9158644467413177e+09 6.9155348301272537e+05 8.3390568738132610e+09 1.7304227187841740e+09 3.7743997892349270e+26 2.7885371593071420e+00 3.0000000000000000e+00 6.3397431950063698e+01
1.0051966480477989e+10 8.9918334244048646e-05 8.9158531089372425e+09 6.9155326316018985e+05 8.3390462695029793e+09 1.7304205183027933e+09 3.8256783799687830e+26 2.8011064239850456e+00 3.0000000000000000e+00 6.3397369386046627e+01
1.0097285443977030e+10 8.9918247711003662e-05 8.9158416686927643e+09 6.9155304132100847e+05 8.3390355693796310e+09 1.7304182979394057e+09 3.8776536160846597e+26 2.8137323193118595e+00 3.0000000000000000e+00 6.3397306258545292e+01
1.0142808726547031e+10 8.9918160396080521e-05 8.9158301250825310e+09 6.9155281747723348e+05 8.3390247725777206e+09 1.7304160575144322e+09 3.9303349614034990e+26 2.8264151000974636e+00 3.0000000000000000e+00 6.3397242562494327e+01
1.0188537249353872e+10 8.9918072292215849e-05 8.9158184771727753e+09 6.9155259161075042e+05 8.3390138782238998e+09 1.7304137968466260e+09 3.9837320083004266e+26 2.8391550222936748e+00 3.0000000000000000e+00 6.3397178292781355e+01
1.0234471937716475e+10 8.9917983392282414e-05 8.9158067240213776e+09 6.9155236370328674e+05 8.3390028854369936e+09 1.7304115157531598e+09 4.0378544794507688e+26 2.8519523429992972e+00 3.0000000000000000e+00 6.3397113444249591e+01
1.0280613721125532e+10 8.9917893689088661e-05 8.9157948646776390e+09 6.9155213373639924e+05 8.3389917933278074e+09 1.7304092140494986e+09 4.0927122295997676e+26 2.8648073204652027e+00 3.0000000000000000e+00 6.3397048011694849e+01
1.0326963533262318e+10 8.9917803175377931e-05 8.9157828981822872e+09 6.9155190169148054e+05 8.3389806009991341e+09 1.7304068915494657e+09 4.1483152473563422e+26 2.8777202140994325e+00 3.0000000000000000e+00 6.3396981989866660e+01
1.0373522312017574e+10 8.9917711843828267e-05 8.9157708235674438e+09 6.9155166754975705e+05 8.3389693075457039e+09 1.7304045480652232e+09 4.2046736570111820e+26 2.8906912844723078e+00 3.0000000000000000e+00 6.3396915373468119e+01
1.0420290999510498e+10 8.9917619687051673e-05 8.9157586398564644e+09 6.9155143129228335e+05 8.3389579120540628e+09 1.7304021834072130e+09 4.2617977203795605e+26 2.9037207933215834e+00 3.0000000000000000e+00 6.3396848157153912e+01
1.0467270542107792e+10 8.9917526697592902e-05 8.9157463460638485e+09 6.9155119289994333e+05 8.3389464136024580e+09 1.7303997973841715e+09 4.3196978386691342e+26 2.9168090035576038e+00 3.0000000000000000e+00 6.3396780335531560e+01
1.0514461890442829e+10 8.9917432867930058e-05 8.9157339411952305e+09 6.9155095235344698e+05 8.3389348112608652e+09 1.7303973898030949e+09 4.3783845543731429e+26 2.9299561792684927e+00 3.0000000000000000e+00 6.3396711903159229e+01
1.0561865999434881e+10 8.9917338190472751e-05 8.9157214242472630e+09 6.9155070963333268e+05 8.3389231040908422e+09 1.7303949604692638e+09 4.4378685531892806e+26 2.9431625857253616e+00 3.0000000000000000e+00 6.3396642854547451e+01
1.0609483828308439e+10 8.9917242657562433e-05 8.9157087942075462e+09 6.9155046471996140e+05 8.3389112911454868e+09 1.7303925091861842e+09 4.4981606659646479e+26 2.9564284893875374e+00 3.0000000000000000e+00 6.3396573184156928e+01
1.0657316340612631e+10 8.9917146261471304e-05 8.9156960500545387e+09 6.9155021759351692e+05 8.3388993714693441e+09 1.7303900357555907e+09 4.5592718706670975e+26 2.9697541579078179e+00 3.0000000000000000e+00 6.3396502886398835e+01
1.0705364504240707e+10 8.9917048994401675e-05 8.9156831907574596e+09 6.9154996823400375e+05 8.3388873440983200e+09 1.7303875399774241e+09 4.6212132943833515e+26 2.9831398601377415e+00 3.0000000000000000e+00 6.3396431955634171e+01
1.0753629291449640e+10 8.9916950848485612e-05 8.9156702152762260e+09 6.9154971662124526e+05 8.3388752080596228e+09 1.7303850216498148e+09 4.6839962153442561e+26 2.9965858661328895e+00 3.0000000000000000e+00 6.3396360386173157e+01
1.0802111678879791e+10 8.9916851815783854e-05 8.9156571225614223e+09 6.9154946273488761e+05 8.3388629623717165e+09 1.7303824805691202e+09 4.7476320649775326e+26 3.0100924471582031e+00 3.0000000000000000e+00 6.3396288172276549e+01
1.0850812647574667e+10 8.9916751888285815e-05 8.9156439115540104e+09 6.9154920655438164e+05 8.3388506060440950e+09 1.7303799165297451e+09 4.8121324299883827e+26 3.0236598756933271e+00 3.0000000000000000e+00 6.3396215308150495e+01
1.0899733183000784e+10 8.9916651057908294e-05 8.9156305811855946e+09 6.9154894805900753e+05 8.3388381380774660e+09 1.7303773293243873e+09 4.8775090544683770e+26 3.0372884254379695e+00 3.0000000000000000e+00 6.3396141787953056e+01
1.0948874275067598e+10 8.9916549316495297e-05 8.9156171303779659e+09 6.9154868722784589e+05 8.3388255574633856e+09 1.7303747187437491e+09 4.9437738420329490e+26 3.0509783713172949e+00 3.0000000000000000e+00 6.3396067605786904e+01
1.0998236918147539e+10 8.9916446655816958e-05 8.9156035580432358e+09 6.9154842403979343e+05 8.3388128631843414e+09 1.7303720845766938e+09 5.0109388579879197e+26 3.0647299894873301e+00 3.0000000000000000e+00 6.3395992755703176e+01
1.1047822111096136e+10 8.9916343067569386e-05 8.9155898630837383e+09 6.9154815847355733e+05 8.3388000542136765e+09 1.7303694266101892e+09 5.0790163315254535e+26 3.0785435573403990e+00 3.0000000000000000e+00 6.3395917231699762e+01
1.1097630857272223e+10 8.9916238543373501e-05 8.9155760443918438e+09 6.9154789050765056e+05 8.3387871295154247e+09 1.7303667446292613e+09 5.1480186579498084e+26 3.0924193535105777e+00 3.0000000000000000e+00 6.3395841027720493e+01
1.1147664164558245e+10 8.9916133074774573e-05 8.9155621008499260e+09 6.9154762012039172e+05 8.3387740880442638e+09 1.7303640384169922e+09 5.2179584009430654e+26 3.1063576578796965e+00 3.0000000000000000e+00 6.3395764137665417e+01
1.1197923045380651e+10 8.9916026653241461e-05 8.9155480313302975e+09 6.9154734728990588e+05 8.3387609287454557e+09 1.7303613077545295e+09 5.2888482948581630e+26 3.1203587515831614e+00 3.0000000000000000e+00 6.3395686555397567e+01
1.1248408516730387e+10 8.9915919270166088e-05 8.9155338346950512e+09 6.9154707199411769e+05 8.3387476505547132e+09 1.7303585524210153e+09 5.3607012469954788e+26 3.1344229170132709e+00 3.0000000000000000e+00 6.3395608274695689e+01
1.1299121600183462e+10 8.9915810916862694e-05 8.9155195097960320e+09 6.9154679421075364e+05 8.3387342523981619e+09 1.7303557721936119e+09 5.4335303399754041e+26 3.1485504378260565e+00 3.0000000000000000e+00 6.3395529289281740e+01
1.1350063321921633e+10 8.9915701584567279e-05 8.9155050554747391e+09 6.9154651391733903e+05 8.3387207331922522e+09 1.7303529668474689e+09 5.5073488341208057e+26 3.1627415989469259e+00 3.0000000000000000e+00 6.3395449592821279e+01
1.1401234712753160e+10 8.9915591264436265e-05 8.9154904705621700e+09 6.9154623109119595e+05 8.3387070918436041e+09 1.7303501361557033e+09 5.5821701698703684e+26 3.1769966865762598e+00 3.0000000000000000e+00 6.3395369178923460e+01
1.1452636808133675e+10 8.9915479947546572e-05 8.9154757538787861e+09 6.9154594570944109e+05 8.3386933272489929e+09 1.7303472798893800e+09 5.6580079702247046e+26 3.1913159881950341e+00 3.0000000000000000e+00 6.3395288041139857e+01
1.1504270648187119e+10 8.9915367624894402e-05 8.9154609042344532e+09 6.9154565774898860e+05 8.3386794382952766e+09 1.7303443978175375e+09 5.7348760432256801e+26 3.2056997925704591e+00 3.0000000000000000e+00 6.3395206172965622e+01
1.1556137277726801e+10 8.9915254287394874e-05 8.9154459204282207e+09 6.9154536718653771e+05 8.3386654238591995e+09 1.7303414897070661e+09 5.8127883844693820e+26 3.2201483897616390e+00 3.0000000000000000e+00 6.3395123567835640e+01
1.1608237746276543e+10 8.9915139925880801e-05 8.9154308012483463e+09 6.9154507399858278e+05 8.3386512828074141e+09 1.7303385553228064e+09 5.8917591796532514e+26 3.2346620711252747e+00 3.0000000000000000e+00 6.3395040219128099e+01
1.1660573108091904e+10 8.9915024531102487e-05 8.9154155454721146e+09 6.9154477816140139e+05 8.3386370139963055e+09 1.7303355944274328e+09 5.9718028071577310e+26 3.2492411293213661e+00 3.0000000000000000e+00 6.3394956120160295e+01
1.1713144422181520e+10 8.9914908093726442e-05 8.9154001518658028e+09 6.9154447965106089e+05 8.3386226162719650e+09 1.7303326067815168e+09 6.0529338406630148e+26 3.2638858583189543e+00 3.0000000000000000e+00 6.3394871264191103e+01
1.1765952752328537e+10 8.9914790604335288e-05 8.9153846191844845e+09 6.9154417844340601e+05 8.3386080884700184e+09 1.7303295921434047e+09 6.1351670518013062e+26 3.2785965534018819e+00 3.0000000000000000e+00 6.3394785644417119e+01
1.1818999167112131e+10 8.9914672053426086e-05 8.9153689461721096e+09 6.9154387451407313e+05 8.3385934294156551e+09 1.7303265502693594e+09 6.2185174128450843e+26 3.2933735111745763e+00 3.0000000000000000e+00 6.3394699253976988e+01
1.1872284739929129e+10 8.9914552431410736e-05 8.9153531315611992e+09 6.9154356783846999e+05 8.3385786379234133e+09 1.7303234809133575e+09 6.3030000994318624e+26 3.3082170295678628e+00 3.0000000000000000e+00 6.3394612085945255e+01
1.1925810549015739e+10 8.9914431728613979e-05 8.9153371740728626e+09 6.9154325839178683e+05 8.3385637127971287e+09 1.7303203838272014e+09 6.3886304933259538e+26 3.3231274078447939e+00 3.0000000000000000e+00 6.3394524133336226e+01
1.1979577677469357e+10 8.9914309935273769e-05 8.9153210724166908e+09 6.9154294614898833e+05 8.3385486528298798e+09 1.7303172587604382e+09 6.4754241852176930e+26 3.3381049466065127e+00 3.0000000000000000e+00 6.3394435389100884e+01
1.2033587213270489e+10 8.9914187041539368e-05 8.9153048252905788e+09 6.9154263108481327e+05 8.3385334568037949e+09 1.7303141054603565e+09 6.5633969775607345e+26 3.3531499477981299e+00 3.0000000000000000e+00 6.3394345846127550e+01
1.2087840249304766e+10 8.9914063037471625e-05 8.9152884313806801e+09 6.9154231317376997e+05 8.3385181234900370e+09 1.7303109236719406e+09 6.6525648874477868e+26 3.3682627147146356e+00 3.0000000000000000e+00 6.3394255497239996e+01
1.2142337883385059e+10 8.9913937913041264e-05 8.9152718893613529e+09 6.9154199239014299e+05 8.3385026516487103e+09 1.7303077131379378e+09 6.7429441495254248e+26 3.3834435520068271e+00 3.0000000000000000e+00 6.3394164335199797e+01
1.2197081218273695e+10 8.9913811658128530e-05 8.9152551978948765e+09 6.9154166870797658e+05 8.3384870400286474e+09 1.7303044735986931e+09 6.8345512189484885e+26 3.3986927656872656e+00 3.0000000000000000e+00 6.3394072352701635e+01
1.2252071361704763e+10 8.9913684262522719e-05 8.9152383556315403e+09 6.9154134210108430e+05 8.3384712873674612e+09 1.7303012047922449e+09 6.9274027743745753e+26 3.4140106631362599e+00 3.0000000000000000e+00 6.3393979542375426e+01
1.2307309426406540e+10 8.9913555715920456e-05 8.9152213612094612e+09 6.9154101254304615e+05 8.3384553923913651e+09 1.7302979064542966e+09 7.0215157209991413e+26 3.4293975531078691e+00 3.0000000000000000e+00 6.3393885896786287e+01
1.2362796530124001e+10 8.9913426007925338e-05 8.9152042132543831e+09 6.9154068000719836e+05 8.3384393538150129e+09 1.7302945783181150e+09 7.1169071936318945e+26 3.4448537457359354e+00 3.0000000000000000e+00 6.3393791408431660e+01
1.2418533795641434e+10 8.9913295128047643e-05 8.9151869103797531e+09 6.9154034446664061e+05 8.3384231703415556e+09 1.7302912201146016e+09 7.2135945598148890e+26 3.4603795525401382e+00 3.0000000000000000e+00 6.3393696069742347e+01
1.2474522350805170e+10 8.9913163065702384e-05 8.9151694511863976e+09 6.9154000589422532e+05 8.3384068406623373e+09 1.7302878315721860e+09 7.3115954229829360e+26 3.4759752864320754e+00 3.0000000000000000e+00 6.3393599873080952e+01
1.2530763328546396e+10 8.9913029810209346e-05 8.9151518342625904e+09 6.9153966426256346e+05 8.3383903634569626e+09 1.7302844124168844e+09 7.4109276256669799e+26 3.4916412617213708e+00 3.0000000000000000e+00 6.3393502810742390e+01
1.2587257866904079e+10 8.9912895350791638e-05 8.9151340581838264e+09 6.9153931954401755e+05 8.3383737373930864e+09 1.7302809623722289e+09 7.5116092527408828e+26 3.5073777941218012e+00 3.0000000000000000e+00 6.3393404874952502e+01
1.2644007109048000e+10 8.9912759676575527e-05 8.9151161215127602e+09 6.9153897171069821e+05 8.3383569611263485e+09 1.7302774811592340e+09 7.6136586347123624e+26 3.5231852007574571e+00 3.0000000000000000e+00 6.3393306057866916e+01
1.2701012203301888e+10 8.9912622776588535e-05 8.9150980227990513e+09 6.9153862073446764e+05 8.3383400333002453e+09 1.7302739684964299e+09 7.7170943510585554e+26 3.5390638001689254e+00 3.0000000000000000e+00 6.3393206351572132e+01
1.2758274303166643e+10 8.9912484639759736e-05 8.9150797605793304e+09 6.9153826658693259e+05 8.3383229525460672e+09 1.7302704240997944e+09 7.8219352336068425e+26 3.5550139123194922e+00 3.0000000000000000e+00 6.3393105748083286e+01
1.2815794567343693e+10 8.9912345254917743e-05 8.9150613333769779e+09 6.9153790923944488e+05 8.3383057174827261e+09 1.7302668476827559e+09 7.9282003699616347e+26 3.5710358586013755e+00 3.0000000000000000e+00 6.3393004239344791e+01
1.2873574159758434e+10 8.9912204610790620e-05 8.9150427397020283e+09 6.9153754866309441e+05 8.3382883267166557e+09 1.7302632389561250e+09 8.0359091069776188e+26 3.5871299618419914e+00 3.0000000000000000e+00 6.3392901817227973e+01
1.2931614249583776e+10 8.9912062696004844e-05 8.9150239780510807e+09 6.9153718482870911e+05 8.3382707788417168e+09 1.7302595976280937e+09 8.1450810542801633e+26 3.6032965463102324e+00 3.0000000000000000e+00 6.3392798473531137e+01
1.2989916011263815e+10 8.9911919499083685e-05 8.9150050469071960e+09 6.9153681770685944e+05 8.3382530724391060e+09 1.7302559234042807e+09 8.2557360878335285e+26 3.6195359377227749e+00 3.0000000000000000e+00 6.3392694199981158e+01
1.3048480624537582e+10 8.9911775008447500e-05 8.9149859447397461e+09 6.9153644726784527e+05 8.3382352060772152e+09 1.7302522159875989e+09 8.3678943535575016e+26 3.6358484632504267e+00 3.0000000000000000e+00 6.3392588988229285e+01
1.3107309274462929e+10 8.9911629212411395e-05 8.9149666700042534e+09 6.9153607348170085e+05 8.3382171783114853e+09 1.7302484750783067e+09 8.4815762709931091e+26 3.6522344515244742e+00 3.0000000000000000e+00 6.3392482829853144e+01
1.3166403151440496e+10 8.9911482099185646e-05 8.9149472211423264e+09 6.9153569631818729e+05 8.3381989876843519e+09 1.7302447003739331e+09 8.5968025370180646e+26 3.6686942326430798e+00 3.0000000000000000e+00 6.3392375716353996e+01
1.3225763451237818e+10 8.9911333656873832e-05 8.9149275965815048e+09 6.9153531574679352e+05 8.3381806327250767e+09 1.7302408915692852e+09 8.7135941296127953e+26 3.6852281381776999e+00 3.0000000000000000e+00 6.3392267639157694e+01
1.3285391375013493e+10 8.9911183873472031e-05 8.9149077947351627e+09 6.9153493173673609e+05 8.3381621119496822e+09 1.7302370483564479e+09 8.8319723116773846e+26 3.7018365011795131e+00 3.0000000000000000e+00 6.3392158589614020e+01
1.3345288129341515e+10 8.9911032736868135e-05 8.9148878140022869e+09 6.9153454425694724e+05 8.3381434238607340e+09 1.7302331704246650e+09 8.9519586349004230e+26 3.7185196561858986e+00 3.0000000000000000e+00 6.3392048558993991e+01
1.3405454926235672e+10 8.9910880234840974e-05 8.9148676527675133e+09 6.9153415327608376e+05 8.3381245669473705e+09 1.7302292574604268e+09 9.0735749436803950e+26 3.7352779392269215e+00 3.0000000000000000e+00 6.3391937538491462e+01
1.3465892983174082e+10 8.9910726355058360e-05 8.9148473094008350e+09 6.9153375876251934e+05 8.3381055396850367e+09 1.7302253091473939e+09 9.1968433791003061e+26 3.7521116878318619e+00 3.0000000000000000e+00 6.3391825519222131e+01
1.3526603523123816e+10 8.9910571085077704e-05 8.9148267822575455e+09 6.9153336068433709e+05 8.3380863405354385e+09 1.7302213251663229e+09 9.3217863829560721e+26 3.7690212410357495e+00 3.0000000000000000e+00 6.3391712492220385e+01
1.3587587774565659e+10 8.9910414412343185e-05 8.9148060696781139e+09 6.9153295900933864e+05 8.3380669679463978e+09 1.7302173051951568e+09 9.4484267018399255e+26 3.7860069393859463e+00 3.0000000000000000e+00 6.3391598448442743e+01
1.3648846971518955e+10 8.9910256324186402e-05 8.9147851699880505e+09 6.9153255370503105e+05 8.3380474203517532e+09 1.7302132489088948e+09 9.5767873912788862e+26 3.8030691249487414e+00 3.0000000000000000e+00 6.3391483378763638e+01
1.3710382353566593e+10 8.9910096807824382e-05 8.9147640814976921e+09 6.9153214473862574e+05 8.3380276961711655e+09 1.7302091559795809e+09 9.7068918199296982e+26 3.8202081413159812e+00 3.0000000000000000e+00 6.3391367273975142e+01
1.3772195165880072e+10 8.9909935850358562e-05 8.9147428025022373e+09 6.9153173207704606e+05 8.3380077938101130e+09 1.7302050260763810e+09 9.8387636738304611e+26 3.8374243336117182e+00 3.0000000000000000e+00 6.3391250124789472e+01
1.3834286659244711e+10 8.9909773438774109e-05 8.9147213312813873e+09 6.9153131568690808e+05 8.3379877116595917e+09 1.7302008588653886e+09 9.9724269607101670e+26 3.8547180484988948e+00 3.0000000000000000e+00 6.3391131921833519e+01
1.3896658090084953e+10 8.9909609559939101e-05 8.9146996660994186e+09 6.9153089553453121e+05 8.3379674480961761e+09 1.7301966540097339e+09 1.0107906014356593e+27 3.8720896341860507e+00 3.0000000000000000e+00 6.3391012655651146e+01
1.3959310720489792e+10 8.9909444200602498e-05 8.9146778052048378e+09 6.9153047158592637e+05 8.3379470014816847e+09 1.7301924111694629e+09 1.0245225499043566e+27 3.8895394404340591e+00 3.0000000000000000e+00 6.3390892316701454e+01
1.4022245818238302e+10 8.9909277347393975e-05 8.9146557468304672e+09 6.9153004380680411e+05 8.3379263701632614e+09 1.7301881300016208e+09 1.0384410414018191e+27 3.9070678185628802e+00 3.0000000000000000e+00 6.3390770895359125e+01
1.4085464656825306e+10 8.9909108986822452e-05 8.9146334891931362e+09 6.9152961216256255e+05 8.3379055524730949e+09 1.7301838101601298e+09 1.0525486098049212e+27 3.9246751214583613e+00 3.0000000000000000e+00 6.3390648381912584e+01
1.4148968515487133e+10 8.9908939105275335e-05 8.9146110304935207e+09 6.9152917661828129e+05 8.3378845467282791e+09 1.7301794512957289e+09 1.0668478234036801e+27 3.9423617035790501e+00 3.0000000000000000e+00 6.3390524766561754e+01
1.4212758679227507e+10 8.9908767689017086e-05 8.9145883689162064e+09 6.9152873713873513e+05 8.3378633512308378e+09 1.7301750530561123e+09 1.0813412853685171e+27 3.9601279209630338e+00 3.0000000000000000e+00 6.3390400039421529e+01
1.4276836438843548e+10 8.9908594724187778e-05 8.9145655026292534e+09 6.9152829368837317e+05 8.3378419642673464e+09 1.7301706150857182e+09 1.0960316342238464e+27 3.9779741312348156e+00 3.0000000000000000e+00 6.3390274190516884e+01
1.4341203090951899e+10 8.9908420196803073e-05 8.9145424297843094e+09 6.9152784623132786e+05 8.3378203841090374e+09 1.7301661370258210e+09 1.1109215443280932e+27 3.9959006936122137e+00 3.0000000000000000e+00 6.3390147209784409e+01
1.4405859938014948e+10 8.9908244092752040e-05 8.9145191485162754e+09 6.9152739473140473e+05 8.3377986090114679e+09 1.7301616185144289e+09 1.1260137263602292e+27 4.0139079689132844e+00 3.0000000000000000e+00 6.3390019087070151e+01
1.4470808288367201e+10 8.9908066397796638e-05 8.9144956569432373e+09 6.9152693915208173e+05 8.3377766372144794e+09 1.7301570591862755e+09 1.1413109278129137e+27 4.0319963195632829e+00 3.0000000000000000e+00 6.3389889812129205e+01
1.4536049456241741e+10 8.9907887097569967e-05 8.9144719531663361e+09 6.9152647945651226e+05 8.3377544669420519e+09 1.7301524586728523e+09 1.1568159334923153e+27 4.0501661096016388e+00 3.0000000000000000e+00 6.3389759374626479e+01
1.4601584761796833e+10 8.9907706177575852e-05 8.9144480352695560e+09 6.9152601560751256e+05 8.3377320964021320e+09 1.7301478166022811e+09 1.1725315660247349e+27 4.0684177046889758e+00 3.0000000000000000e+00 6.3389627764133444e+01
1.4667415531142630e+10 8.9907523623187295e-05 8.9144239013196220e+09 6.9152554756756430e+05 8.3377095237865076e+09 1.7301431325993416e+09 1.1884606863700838e+27 4.0867514721141376e+00 3.0000000000000000e+00 6.3389494970128588e+01
1.4733543096368006e+10 8.9907339419644997e-05 8.9143995493657837e+09 6.9152507529881108e+05 8.3376867472706394e+09 1.7301384062854350e+09 1.2046061943423453e+27 4.1051677808012670e+00 3.0000000000000000e+00 6.3389360981996639e+01
1.4799968795567520e+10 8.9907153552056966e-05 8.9143749774397182e+09 6.9152459876305261e+05 8.3376637650135431e+09 1.7301336372785258e+09 1.2209710291370960e+27 4.1236670013168917e+00 3.0000000000000000e+00 6.3389225789026881e+01
1.4866693972868486e+10 8.9906966005396337e-05 8.9143501835553417e+09 6.9152411792174657e+05 8.3376405751576204e+09 1.7301288251931622e+09 1.2375581698661800e+27 4.1422495058770537e+00 3.0000000000000000e+00 6.3389089380413843e+01
1.4933719978458170e+10 8.9906776764500868e-05 8.9143251657086525e+09 6.9152363273600116e+05 8.3376171758285217e+09 1.7301239696403999e+09 1.2543706360996478e+27 4.1609156683544590e+00 3.0000000000000000e+00 6.3388951745255163e+01
1.5001048168611115e+10 8.9906585814071653e-05 8.9142999218775749e+09 6.9152314316657255e+05 8.3375935651349840e+09 1.7301190702277772e+09 1.2714114884150371e+27 4.1796658642856510e+00 3.0000000000000000e+00 6.3388812872550680e+01
1.5068679905716640e+10 8.9906393138671712e-05 8.9142744500217972e+09 6.9152264917386346e+05 8.3375697411686993e+09 1.7301141265593019e+09 1.2886838289541410e+27 4.1985004708782458e+00 3.0000000000000000e+00 6.3388672751202002e+01
1.5136616558306177e+10 8.9906198722724423e-05 8.9142487480826168e+09 6.9152215071792132e+05 8.3375457020041399e+09 1.7301091382354307e+09 1.3061908019872281e+27 4.2174198670180942e+00 3.0000000000000000e+00 6.3388531370012984e+01
1.5204859501081312e+10 8.9906002550513135e-05 8.9142228139827194e+09 6.9152164775842801e+05 8.3375214456983967e+09 1.7301041048529699e+09 1.3239355944851058e+27 4.2364244332766505e+00 3.0000000000000000e+00 6.3388388717685245e+01
1.5273410114941376e+10 8.9905804606178858e-05 8.9141966456261158e+09 6.9152114025470777e+05 8.3374969702910662e+09 1.7300990260051513e+09 1.3419214366987654e+27 4.2555145519182025e+00 3.0000000000000000e+00 6.3388244782822056e+01
1.5342269787011431e+10 8.9905604873720217e-05 8.9141702408978615e+09 6.9152062816571048e+05 8.3374722738040409e+09 1.7300939012814677e+09 1.3601516027469768e+27 4.2746906069072050e+00 3.0000000000000000e+00 6.3388099553922316e+01
1.5411439910670353e+10 8.9905403336990570e-05 8.9141435976639538e+09 6.9152011145002162e+05 8.3374473542413635e+09 1.7300887302677705e+09 1.3786294112118553e+27 4.2939529839156370e+00 3.0000000000000000e+00 6.3387953019384526e+01
1.5480921885579018e+10 8.9905199979698559e-05 8.9141167137711525e+09 6.9151959006584808e+05 8.3374222095891104e+09 1.7300835125461299e+09 1.3973582257424836e+27 4.3133020703303790e+00 3.0000000000000000e+00 6.3387805167501767e+01
1.5550717117708632e+10 8.9904994785405186e-05 8.9140895870467815e+09 6.9151906397102214e+05 8.3373968378151608e+09 1.7300782476948729e+09 1.4163414556667496e+27 4.3327382552606268e+00 3.0000000000000000e+00 6.3387655986463670e+01
1.5620827019369169e+10 8.9904787737523308e-05 8.9140622152985516e+09 6.9151853312299284e+05 8.3373712368690529e+09 1.7300729352884991e+09 1.4355825566114719e+27 4.3522619295453229e+00 3.0000000000000000e+00 6.3387505464353573e+01
1.5691253009237965e+10 8.9904578819316003e-05 8.9140345963144817e+09 6.9151799747883179e+05 8.3373454046819057e+09 1.7300675748977368e+09 1.4550850311309350e+27 4.3718734857606325e+00 3.0000000000000000e+00 6.3387353589150493e+01
1.5761996512388411e+10 8.9904368013895953e-05 8.9140067278625679e+09 6.9151745699521387e+05 8.3373193391661177e+09 1.7300621660893512e+09 1.4748524293439802e+27 4.3915733182274375e+00 3.0000000000000000e+00 6.3387200348723240e+01
1.5833058960318794e+10 8.9904155304222687e-05 8.9139786076907101e+09 6.9151691162843071e+05 8.3372930382152853e+09 1.7300567084262800e+09 1.4948883495797075e+27 4.4113618230188658e+00 3.0000000000000000e+00 6.3387045730834828e+01
1.5904441790981270e+10 8.9903940673102681e-05 8.9139502335264645e+09 6.9151636133437208e+05 8.3372664997039852e+09 1.7300512014674461e+09 1.5151964390319426e+27 4.4312393979678379e+00 3.0000000000000000e+00 6.3386889723136832e+01
1.5976146448810949e+10 8.9903724103186682e-05 8.9139216030769157e+09 6.9151580606853520e+05 8.3372397214876328e+09 1.7300456447678514e+09 1.5357803944226146e+27 4.4512064426746605e+00 3.0000000000000000e+00 6.3386732313172537e+01
1.6048174384755136e+10 8.9903505576969541e-05 8.9138927140284901e+09 6.9151524578601331e+05 8.3372127014023390e+09 1.7300400378784628e+09 1.5566439626741139e+27 4.4712633585146477e+00 3.0000000000000000e+00 6.3386573488372868e+01
1.6120527056302681e+10 8.9903285076787802e-05 8.9138635640467644e+09 6.9151468044149689e+05 8.3371854372646904e+09 1.7300343803462238e+09 1.5777909415907387e+27 4.4914105486457476e+00 3.0000000000000000e+00 6.3386413236057649e+01
1.6193205927513475e+10 8.9903062584818956e-05 8.9138341507761803e+09 6.9151410998926079e+05 8.3371579268715391e+09 1.7300286717139270e+09 1.5992251805494650e+27 4.5116484180162306e+00 3.0000000000000000e+00 6.3386251543431676e+01
1.6266212469048075e+10 8.9902838083079343e-05 8.9138044718400192e+09 6.9151353438317403e+05 8.3371301679999161e+09 1.7300229115203114e+09 1.6209505812000130e+27 4.5319773733723894e+00 3.0000000000000000e+00 6.3386088397587621e+01
1.6339548158197466e+10 8.9902611553423361e-05 8.9137745248401470e+09 6.9151295357668935e+05 8.3371021584068298e+09 1.7300170992999585e+09 1.6429710981744499e+27 4.5523978232662685e+00 3.0000000000000000e+00 6.3385923785502555e+01
1.6413214478912947e+10 8.9902382977541696e-05 8.9137443073566971e+09 6.9151236752283154e+05 8.3370738958289738e+09 1.7300112345831749e+09 1.6652907398064159e+27 4.5729101780634362e+00 3.0000000000000000e+00 6.3385757694035952e+01
1.6487212921836168e+10 8.9902152336959949e-05 8.9137138169481030e+09 6.9151177617420908e+05 8.3370453779827328e+09 1.7300053168961098e+09 1.6879135688601092e+27 4.5935148499507710e+00 3.0000000000000000e+00 6.3385590109931421e+01
1.6561544984329285e+10 8.9901919613036971e-05 8.9136830511506920e+09 6.9151117948299763e+05 8.3370166025638275e+09 1.7299993457605903e+09 1.7108437032691355e+27 4.6142122529442879e+00 3.0000000000000000e+00 6.3385421019813400e+01
1.6636212170505260e+10 8.9901684786963657e-05 8.9136520074786835e+09 6.9151057740094652e+05 8.3369875672472887e+09 1.7299933206941845e+09 1.7340853168854240e+27 4.6350028028969898e+00 3.0000000000000000e+00 6.3385250410188107e+01
1.6711215991258308e+10 8.9901447839760669e-05 8.9136206834237728e+09 6.9150996987936599e+05 8.3369582696870823e+09 1.7299872412100766e+09 1.7576426402382661e+27 4.6558869175067557e+00 3.0000000000000000e+00 6.3385078267440988e+01
1.6786557964294455e+10 8.9901208752278327e-05 8.9135890764551144e+09 6.9150935686912620e+05 8.3369287075160971e+09 1.7299811068170550e+09 1.7815199613036760e+27 4.6768650163242471e+00 3.0000000000000000e+00 6.3384904577835272e+01
1.6862239614162254e+10 8.9900967505193694e-05 8.9135571840190258e+09 6.9150873832065635e+05 8.3368988783458595e+09 1.7299749170195050e+09 1.8057216262841676e+27 4.6979375207608607e+00 3.0000000000000000e+00 6.3384729327512652e+01
1.6938262472283638e+10 8.9900724079009807e-05 8.9135250035387688e+09 6.9150811418393394e+05 8.3368687797663383e+09 1.7299686713173010e+09 1.8302520403991304e+27 4.7191048540966936e+00 3.0000000000000000e+00 6.3384552502490003e+01
1.7014628076984907e+10 8.9900478454053628e-05 8.9134925324144630e+09 6.9150748440849246e+05 8.3368384093458357e+09 1.7299623692058837e+09 1.8551156686859116e+27 4.7403674414885604e+00 3.0000000000000000e+00 6.3384374088661644e+01
1.7091337973527853e+10 8.9900230610474906e-05 8.9134597680226707e+09 6.9150684894340090e+05 8.3368077646306543e+09 1.7299560101760552e+09 1.8803170368117751e+27 4.7617257099780144e+00 3.0000000000000000e+00 6.3384194071793445e+01
1.7168393714141031e+10 8.9899980528244103e-05 8.9134267077163925e+09 6.9150620773727563e+05 8.3367768431450291e+09 1.7299495937140982e+09 1.9058607318968606e+27 4.7831800884994209e+00 3.0000000000000000e+00 6.3384012437526522e+01
1.7245796858051167e+10 8.9899728187151624e-05 8.9133933488247337e+09 6.9150556073826365e+05 8.3367456423908653e+09 1.7299431193016083e+09 1.9317514033483377e+27 4.8047310078880576e+00 3.0000000000000000e+00 6.3383829171372142e+01
1.7323548971514713e+10 8.9899473566804790e-05 8.9133596886527634e+09 6.9150490789405187e+05 8.3367141598475666e+09 1.7299365864155872e+09 1.9579937637058254e+27 4.8263789008882334e+00 3.0000000000000000e+00 6.3383644258714796e+01
1.7401651627849533e+10 8.9899216646627681e-05 8.9133257244811802e+09 6.9150424915184570e+05 8.3366823929717703e+09 1.7299299945282292e+09 1.9845925894983322e+27 4.8481242021614479e+00 3.0000000000000000e+00 6.3383457684806004e+01
1.7480106407466751e+10 8.9898957405858571e-05 8.9132914535662441e+09 6.9150358445838047e+05 8.3366503391972332e+09 1.7299233431070349e+09 2.0115527221127840e+27 4.8699673482945842e+00 3.0000000000000000e+00 6.3383269434767513e+01
1.7558914897902710e+10 8.9898695823548681e-05 8.9132568731394310e+09 6.9150291375990608e+05 8.3366179959345446e+09 1.7299166316146574e+09 2.0388790686743389e+27 4.8919087778081245e+00 3.0000000000000000e+00 6.3383079493587232e+01
1.7638078693851116e+10 8.9898431878559945e-05 8.9132219804073067e+09 6.9150223700219300e+05 8.3365853605709877e+09 1.7299098595089641e+09 2.0665766029386620e+27 4.9139489311644002e+00 3.0000000000000000e+00 6.3382887846120880e+01
1.7717599397195309e+10 8.9898165549564060e-05 8.9131867725512447e+09 6.9150155413051834e+05 8.3365524304702778e+09 1.7299030262428968e+09 2.0946503661962821e+27 4.9360882507758754e+00 3.0000000000000000e+00 6.3382694477088087e+01
1.7797478617040649e+10 8.9897896815040263e-05 8.9131512467271729e+09 6.9150086508966470e+05 8.3365192029723549e+09 1.7298961312644591e+09 2.1231054681892213e+27 4.9583271810134564e+00 3.0000000000000000e+00 6.3382499371071724e+01
1.7877717969747112e+10 8.9897625653273706e-05 8.9131154000654831e+09 6.9150016982392175e+05 8.3364856753932409e+09 1.7298891740167348e+09 2.1519470880400488e+27 4.9806661682148334e+00 3.0000000000000000e+00 6.3382302512519374e+01
1.7958319078961971e+10 8.9897352042353964e-05 8.9130792296705818e+09 6.9149946827706741e+05 8.3364518450246849e+09 1.7298821539376981e+09 2.1811804751935696e+27 5.0031056606928619e+00 3.0000000000000000e+00 6.3382103885737102e+01
1.8039283575652664e+10 8.9897075960172827e-05 8.9130427326208401e+09 6.9149876039237785e+05 8.3364177091340694e+09 1.7298750704603140e+09 2.2108109503712345e+27 5.0256461087439597e+00 3.0000000000000000e+00 6.3381903474892844e+01
1.8120613098139786e+10 8.9896797384422537e-05 8.9130059059683304e+09 6.9149804611262050e+05 8.3363832649641733e+09 1.7298679230124695e+09 2.2408439065385231e+27 5.0482879646565468e+00 3.0000000000000000e+00 6.3381701264014488e+01
1.8202309292130257e+10 8.9896516292594893e-05 8.9129687467385178e+09 6.9149732538003963e+05 8.3363485097329092e+09 1.7298607110168290e+09 2.2712848098854683e+27 5.0710316827195161e+00 3.0000000000000000e+00 6.3381497236985304e+01
1.8284373810750603e+10 8.9896232661977948e-05 8.9129312519300728e+09 6.9149659813636355e+05 8.3363134406331053e+09 1.7298534338909063e+09 2.3021392008204203e+27 5.0938777192307247e+00 3.0000000000000000e+00 6.3381291377546965e+01
1.8366808314580425e+10 8.9895946469655693e-05 8.9128934185145817e+09 6.9149586432278855e+05 8.3362780548322811e+09 1.7298460910469046e+09 2.3334126949773426e+27 5.1168265325055335e+00 3.0000000000000000e+00 6.3381083669294163e+01
1.8449614471685993e+10 8.9895657692505064e-05 8.9128552434364300e+09 6.9149512387998821e+05 8.3362423494724941e+09 1.7298386818918099e+09 2.3651109842367481e+27 5.1398785828853608e+00 3.0000000000000000e+00 6.3380874095677882e+01
1.8532793957653988e+10 8.9895366307194625e-05 8.9128167236123524e+09 6.9149437674809340e+05 8.3362063216699572e+09 1.7298312058271906e+09 2.3972398377604837e+27 5.1630343327462835e+00 3.0000000000000000e+00 6.3380662639999755e+01
1.8616348455625439e+10 8.9895072290182676e-05 8.9127778559314079e+09 6.9149362286670040e+05 8.3361699685149841e+09 1.7298236622492797e+09 2.4298051030405223e+27 5.1862942465076536e+00 3.0000000000000000e+00 6.3380449285413945e+01
1.8700279656329739e+10 8.9894775617715213e-05 8.9127386372545414e+09 6.9149286217485601e+05 8.3361332870716000e+09 1.7298160505488257e+09 2.4628127069620415e+27 5.2096587906407610e+00 3.0000000000000000e+00 6.3380234014923715e+01
1.8784589258118896e+10 8.9894476265824308e-05 8.9126990644144802e+09 6.9149209461106011e+05 8.3360962743774395e+09 1.7298083701111183e+09 2.4962686568808392e+27 5.2331284336775177e+00 3.0000000000000000e+00 6.3380016811381374e+01
1.8869278967001877e+10 8.9894174210325748e-05 8.9126591342153645e+09 6.9149132011325564e+05 8.3360589274434023e+09 1.7298006203158889e+09 2.5301790417154203e+27 5.2567036462191794e+00 3.0000000000000000e+00 6.3379797657486264e+01
1.8954350496679131e+10 8.9893869426817122e-05 8.9126188434325600e+09 6.9149053861882794e+05 8.3360212432534609e+09 1.7297928005373044e+09 2.5645500330538686e+27 5.2803849009450925e+00 3.0000000000000000e+00 6.3379576535784381e+01
1.9039805568577278e+10 8.9893561890676716e-05 8.9125781888123989e+09 6.9148975006459421e+05 8.3359832187644463e+09 1.7297849101438603e+09 2.5993878862757230e+27 5.3041726726214833e+00 3.0000000000000000e+00 6.3379353428665311e+01
1.9125645911883930e+10 8.9893251577060157e-05 8.9125371670718441e+09 6.9148895438680332e+05 8.3359448509057169e+09 1.7297769484983826e+09 2.6346989416891042e+27 5.3280674381102715e+00 3.0000000000000000e+00 6.3379128318362305e+01
1.9211873263582680e+10 8.9892938460899485e-05 8.9124957748983517e+09 6.9148815152113046e+05 8.3359061365790291e+09 1.7297689149579701e+09 2.6704896256831728e+27 5.3520696763779112e+00 3.0000000000000000e+00 6.3378901186951047e+01
1.9298489368488266e+10 8.9892622516900603e-05 8.9124540089494724e+09 6.9148734140266781e+05 8.3358670726581736e+09 1.7297608088739052e+09 2.7067664518963292e+27 5.3761798685042690e+00 3.0000000000000000e+00 6.3378672016346741e+01
1.9385495979281853e+10 8.9892303719541866e-05 8.9124118658526611e+09 6.9148652396591986e+05 8.3358276559887943e+09 1.7297526295916049e+09 2.7435360224001575e+27 5.4003984976915431e+00 3.0000000000000000e+00 6.3378440788303237e+01
1.9472894856546524e+10 8.9891982043071168e-05 8.9123693422050533e+09 6.9148569914480741e+05 8.3357878833881683e+09 1.7297443764506631e+09 2.7808050288995040e+27 5.4247260492732003e+00 3.0000000000000000e+00 6.3378207484413608e+01
1.9560687768802883e+10 8.9891657461504262e-05 8.9123264345730267e+09 6.9148486687264778e+05 8.3357477516448097e+09 1.7297360487846503e+09 2.8185802539487250e+27 5.4491630107229394e+00 3.0000000000000000e+00 6.3377972086105714e+01
1.9648876492544861e+10 8.9891329948622986e-05 8.9122831394921417e+09 6.9148402708216314e+05 8.3357072575184088e+09 1.7297276459212010e+09 2.8568685721845482e+27 5.4737098716637176e+00 3.0000000000000000e+00 6.3377734574643206e+01
1.9737462812275650e+10 8.9890999477972724e-05 8.9122394534666328e+09 6.9148317970546125e+05 8.3356663977393627e+09 1.7297191671818166e+09 2.8956769515755348e+27 5.4983671238767702e+00 3.0000000000000000e+00 6.3377494931121525e+01
1.9826448520543816e+10 8.9890666022860650e-05 8.9121953729693222e+09 6.9148232467404101e+05 8.3356251690086823e+09 1.7297106118819256e+09 2.9350124546885716e+27 5.5231352613106939e+00 3.0000000000000000e+00 6.3377253136468617e+01
1.9915835417979568e+10 8.9890329556352878e-05 8.9121508944412975e+09 6.9148146191878873e+05 8.3355835679976826e+09 1.7297019793308444e+09 2.9748822399724861e+27 5.5480147800905391e+00 3.0000000000000000e+00 6.3377009171444477e+01
2.0005625313331207e+10 8.9889990051273528e-05 8.9121060142914772e+09 6.9148059136995557e+05 8.3355415913476276e+09 1.7296932688315516e+09 3.0152935630590375e+27 5.5730061785269411e+00 3.0000000000000000e+00 6.3376763016634229e+01
2.0095820023501713e+10 8.9889647480201229e-05 8.9120607288965492e+09 6.9147971295717405e+05 8.3354992356695995e+09 1.7296844796808555e+09 3.0562537780816555e+27 5.5981099571253026e+00 3.0000000000000000e+00 6.3376514652453658e+01
2.0186421373585506e+10 8.9889301815467644e-05 8.9120150346005268e+09 6.9147882660943805e+05 8.3354564975441303e+09 1.7296756111691921e+09 3.0977703390119030e+27 5.6233266185949740e+00 3.0000000000000000e+00 6.3376264059143246e+01
2.0277431196905399e+10 8.9888953029155326e-05 8.9119689277144356e+09 6.9147793225509627e+05 8.3354133735209169e+09 1.7296666625805614e+09 3.1398508010142108e+27 5.6486566678584964e+00 3.0000000000000000e+00 6.3376011216766237e+01
2.0368851335049667e+10 8.9888601093095143e-05 8.9119224045161610e+09 6.9147702982185641e+05 8.3353698601186390e+09 1.7296576331925697e+09 3.1825028218188604e+27 5.6741006120608528e+00 3.0000000000000000e+00 6.3375756105210044e+01
2.0460683637909336e+10 8.9888245978863855e-05 8.9118754612500935e+09 6.9147611923677754e+05 8.3353259538246431e+09 1.7296485222763522e+09 3.2257341631136249e+27 5.6996589605787742e+00 3.0000000000000000e+00 6.3375498704184523e+01
2.0552929963715603e+10 8.9887887657782593e-05 8.9118280941266727e+09 6.9147520042624953e+05 8.3352816510945501e+09 1.7296393290963697e+09 3.2695526919542920e+27 5.7253322250300558e+00 3.0000000000000000e+00 6.3375238993215582e+01
2.0645592179077435e+10 8.9887526100913853e-05 8.9117802993223705e+09 6.9147427331600944e+05 8.3352369483521814e+09 1.7296300529105706e+09 3.3139663821942947e+27 5.7511209192829256e+00 3.0000000000000000e+00 6.3374976951650204e+01
2.0738672159019348e+10 8.9887161279059337e-05 8.9117320729791088e+09 6.9147333783111721e+05 8.3351918419890614e+09 1.7296206929701500e+09 3.3589833159336823e+27 5.7770255594654287e+00 3.0000000000000000e+00 6.3374712558650110e+01
2.0832171787019348e+10 8.9886793162757857e-05 8.9116834112041264e+09 6.9147239389595925e+05 8.3351463283642664e+09 1.7296112485195861e+09 3.4046116849878018e+27 5.8030466639748521e+00 3.0000000000000000e+00 6.3374445793191988e+01
2.0926092955047035e+10 8.9886421722282556e-05 8.9116343100696011e+09 6.9147144143424067e+05 8.3351004038040819e+09 1.7296017187965598e+09 3.4508597923758442e+27 5.8291847534871897e+00 3.0000000000000000e+00 6.3374176634066195e+01
2.1020437563601898e+10 8.9886046927639020e-05 8.9115847656123772e+09 6.9147048036897904e+05 8.3350540646017466e+09 1.7295921030318978e+09 3.4977360538295490e+27 5.8554403509666137e+00 3.0000000000000000e+00 6.3373905059874424e+01
2.1115207521751762e+10 8.9885668748562601e-05 8.9115347738335457e+09 6.9146951062249276e+05 8.3350073070170660e+09 1.7295824004494517e+09 3.5452489993224154e+27 5.8818139816750037e+00 3.0000000000000000e+00 6.3373631049026883e+01
2.1210404747171421e+10 8.9885287154515550e-05 8.9114843306982307e+09 6.9146853211640427e+05 8.3349601272761860e+09 1.7295726102661333e+09 3.5934072746195863e+27 5.9083061731815061e+00 3.0000000000000000e+00 6.3373354579743662e+01
2.1306031166181450e+10 8.9884902114685763e-05 8.9114334321352768e+09 6.9146754477162845e+05 8.3349125215713444e+09 1.7295627316917994e+09 3.6422196428487895e+27 5.9349174553721076e+00 3.0000000000000000e+00 6.3373075630050259e+01
2.1402088713787167e+10 8.9884513597982945e-05 8.9113820740368099e+09 6.9146654850836541e+05 8.3348644860604172e+09 1.7295527639291773e+09 3.6916949860925151e+27 5.9616483604592592e+00 3.0000000000000000e+00 6.3372794177777315e+01
2.1498579333717808e+10 8.9884121573037087e-05 8.9113302522580128e+09 6.9146554324609623e+05 8.3348160168667402e+09 1.7295427061738262e+09 3.7418423070017924e+27 5.9884994229915192e+00 3.0000000000000000e+00 6.3372510200558025e+01
2.1595504978465843e+10 8.9883726008195504e-05 8.9112779626167526e+09 6.9146452890357561e+05 8.3347671100787334e+09 1.7295325576140611e+09 3.7926707304318826e+27 6.0154711798632450e+00 3.0000000000000000e+00 6.3372223675827328e+01
2.1692867609326496e+10 8.9883326871520268e-05 8.9112252008932400e+09 6.9146350539882598e+05 8.3347177617496090e+09 1.7295223174308958e+09 3.8441895051000659e+27 6.0425641703242965e+00 3.0000000000000000e+00 6.3371934580819499e+01
2.1790669196437424e+10 8.9882924130786060e-05 8.9111719628297043e+09 6.9146247264912887e+05 8.3346679678970537e+09 1.7295119847979579e+09 3.8964080052659617e+27 6.0697789359897945e+00 3.0000000000000000e+00 6.3371642892566236e+01
2.1888911718818581e+10 8.9882517753477167e-05 8.9111182441300640e+09 6.9146143057102128e+05 8.3346177245029163e+09 1.7295015588814507e+09 3.9493357324345355e+27 6.0971160208498798e+00 3.0000000000000000e+00 6.3371348587895454e+01
2.1987597164412277e+10 8.9882107706785024e-05 8.9110640404595661e+09 6.9146037908028718e+05 8.3345670275128765e+09 1.7294910388400705e+09 4.0029823170823190e+27 6.1245759712795511e+00 3.0000000000000000e+00 6.3371051643429553e+01
2.2086727530123386e+10 8.9881693957605385e-05 8.9110093474444542e+09 6.9145931809195294e+05 8.3345158728361359e+09 1.7294804238249602e+09 4.0573575204068581e+27 6.1521593360484799e+00 3.0000000000000000e+00 6.3370752035583401e+01
2.2186304821859772e+10 8.9881276472536395e-05 8.9109541606715527e+09 6.9145824752027169e+05 8.3344642563450346e+09 1.7294697129795551e+09 4.1124712361000115e+27 6.1798666663309083e+00 3.0000000000000000e+00 6.3370449740560709e+01
2.2286331054572857e+10 8.9880855217874722e-05 8.9108984756880856e+09 6.9145716727873520e+05 8.3344121738748531e+09 1.7294589054397004e+09 4.1683334921451822e+27 6.2076985157155438e+00 3.0000000000000000e+00 6.3370144734357119e+01
2.2386808252298420e+10 8.9880430159614119e-05 8.9108422880010414e+09 6.9145607728004036e+05 8.3343596212232723e+09 1.7294480003333166e+09 4.2249544526389559e+27 6.2356554402155000e+00 3.0000000000000000e+00 6.3369836992750962e+01
2.2487738448197529e+10 8.9880001263441676e-05 8.9107855930771503e+09 6.9145497743611061e+05 8.3343065941502800e+09 1.7294369967806158e+09 4.2823444196373977e+27 6.2637379982782777e+00 3.0000000000000000e+00 6.3369526491309578e+01
2.2589123684597698e+10 8.9879568494735700e-05 8.9107283863422222e+09 6.9145386765806633e+05 8.3342530883776236e+09 1.7294258938938048e+09 4.3405138350273877e+27 6.2919467507957592e+00 3.0000000000000000e+00 6.3369213205380611e+01
2.2690966013034206e+10 8.9879131818562763e-05 8.9106706631809616e+09 6.9145274785622861e+05 8.3341990995885859e+09 1.7294146907771239e+09 4.3994732824232578e+27 6.3202822611142428e+00 3.0000000000000000e+00 6.3368897110093904e+01
2.2793267494291607e+10 8.9878691199674627e-05 8.9106124189365501e+09 6.9145161794011318e+05 8.3341446234276209e+09 1.7294033865267868e+09 4.4592334890891888e+27 6.3487450950445234e+00 3.0000000000000000e+00 6.3368578180358895e+01
2.2896030198445446e+10 8.9878246602506274e-05 8.9105536489102592e+09 6.9145047781841457e+05 8.3340896554999895e+09 1.7293919802308218e+09 4.5198053278876677e+27 6.3773358208719841e+00 3.0000000000000000e+00 6.3368256390861198e+01
2.2999256204904129e+10 8.9877797991171697e-05 8.9104943483610516e+09 6.9144932739900635e+05 8.3340341913713598e+09 1.7293804709690764e+09 4.5811998192542029e+27 6.4060550093667237e+00 3.0000000000000000e+00 6.3367931716062628e+01
2.3102947602451004e+10 8.9877345329462353e-05 8.9104345125052891e+09 6.9144816658893228e+05 8.3339782265675802e+09 1.7293688578131282e+09 4.6434281331990128e+27 6.4349032337937340e+00 3.0000000000000000e+00 6.3367604130197961e+01
2.3207106489286640e+10 8.9876888580843418e-05 8.9103741365162754e+09 6.9144699529439746e+05 8.3339217565742111e+09 1.7293571398261974e+09 4.7065015913356113e+27 6.4638810699230866e+00 3.0000000000000000e+00 6.3367273607273901e+01
2.3311734973071270e+10 8.9876427708451316e-05 8.9103132155238953e+09 6.9144581342076091e+05 8.3338647768362055e+09 1.7293453160630727e+09 4.7704316689370757e+27 6.4929890960401648e+00 3.0000000000000000e+00 6.3366940121065952e+01
2.3416835170967442e+10 8.9875962675090620e-05 8.9102517446142349e+09 6.9144462087252876e+05 8.3338072827575541e+09 1.7293333855700445e+09 4.8352299970199576e+27 6.5222278929559243e+00 3.0000000000000000e+00 6.3366603645117216e+01
2.3522409209682865e+10 8.9875493443230845e-05 8.9101897188291683e+09 6.9144341755334684e+05 8.3337492697008915e+09 1.7293213473848319e+09 4.9009083644566490e+27 6.5515980440171786e+00 3.0000000000000000e+00 6.3366264152736278e+01
2.3628459225513439e+10 8.9875019975003967e-05 8.9101271331659260e+09 6.9144220336598740e+05 8.3336907329871101e+09 1.7293092005364482e+09 4.9674787201161708e+27 6.5811001351169329e+00 3.0000000000000000e+00 6.3365921616993610e+01
2.3734987364386490e+10 8.9874542232200736e-05 8.9100639825768490e+09 6.9144097821235564e+05 8.3336316678950958e+09 1.7292969440452702e+09 5.0349531750341023e+27 6.6107347547047377e+00 3.0000000000000000e+00 6.3365576010723352e+01
2.3841995781904182e+10 8.9874060176268469e-05 8.9100002619687786e+09 6.9143974199346197e+05 8.3335720696611929e+09 1.7292845769227583e+09 5.1033440046117842e+27 6.6405024937970634e+00 3.0000000000000000e+00 6.3365227306516012e+01
2.3949486643387138e+10 8.9873573768306790e-05 8.9099359662027931e+09 6.9143849460943229e+05 8.3335119334789419e+09 1.7292720981715622e+09 5.1726636508453964e+27 6.6704039459877356e+00 3.0000000000000000e+00 6.3364875476721231e+01
2.4057462123918266e+10 8.9873082969065915e-05 8.9098710900937576e+09 6.9143723595948727e+05 8.3334512544986553e+09 1.7292595067853136e+09 5.2429247245852381e+27 6.7004397074583828e+00 3.0000000000000000e+00 6.3364520493441944e+01
2.4165924408386765e+10 8.9872587738942309e-05 8.9098056284098625e+09 6.9143596594193950e+05 8.3333900278269987e+09 1.7292468017485979e+09 5.3141400078254982e+27 6.7306103769889072e+00 3.0000000000000000e+00 6.3364162328533965e+01
2.4274875691532326e+10 8.9872088037976048e-05 8.9097395758723640e+09 6.9143468445419194e+05 8.3333282485267200e+09 1.7292339820369396e+09 5.3863224560251454e+27 6.7609165559680093e+00 3.0000000000000000e+00 6.3363800953605583e+01
2.4384318177989559e+10 8.9871583825847998e-05 8.9096729271549091e+09 6.9143339139271062e+05 8.3332659116160660e+09 1.7292210466165318e+09 5.4594852004601990e+27 6.7913588484037257e+00 3.0000000000000000e+00 6.3363436340009834e+01
2.4494254082332603e+10 8.9871075061875614e-05 8.9096056768833370e+09 6.9143208665303793e+05 8.3332030120685511e+09 1.7292079944443672e+09 5.5336415506079152e+27 6.8219378609340113e+00 3.0000000000000000e+00 6.3363068458848780e+01
2.4604685629119919e+10 8.9870561705010662e-05 8.9095378196351509e+09 6.9143077012977027e+05 8.3331395448124809e+09 1.7291948244680164e+09 5.6088049965631743e+27 6.8526542028373427e+00 3.0000000000000000e+00 6.3362697280966970e+01
2.4715615052939331e+10 8.9870043713835508e-05 8.9094693499391155e+09 6.9142944171655597e+05 8.3330755047305813e+09 1.7291815356256089e+09 5.6849892114876415e+27 6.8835084860433575e+00 3.0000000000000000e+00 6.3362322776951160e+01
2.4827044598453217e+10 8.9869521046559404e-05 8.9094002622747536e+09 6.9142810130608315e+05 8.3330108866595173e+09 1.7291681268457108e+09 5.7622080540921169e+27 6.9145013251435250e+00 3.0000000000000000e+00 6.3361944917127140e+01
2.4938976520443954e+10 8.9868993661016181e-05 8.9093305510720005e+09 6.9142674879007251e+05 8.3329456853895855e+09 1.7291545970472546e+09 5.8404755711524552e+27 6.9456333374018460e+00 3.0000000000000000e+00 6.3361563671557498e+01
2.5051413083859520e+10 8.9868461514659891e-05 8.9092602107107430e+09 6.9142538405927178e+05 8.3328798956642504e+09 1.7291409451394842e+09 5.9198060000595504e+27 6.9769051427655784e+00 3.0000000000000000e+00 6.3361179010040523e+01
2.5164356563859348e+10 8.9867924564561940e-05 8.9091892355202732e+09 6.9142400700343889e+05 8.3328135121796789e+09 1.7291271700217876e+09 6.0002137714039219e+27 7.0083173638760181e+00 3.0000000000000000e+00 6.3360790902105542e+01
2.5277809245860348e+10 8.9867382767407273e-05 8.9091176197789669e+09 6.9142261751134344e+05 8.3327465295843983e+09 1.7291132705837119e+09 6.0817135115952038e+27 7.0398706260792627e+00 3.0000000000000000e+00 6.3360399317013481e+01
2.5391773425583157e+10 8.9866836079491728e-05 8.9090453577137947e+09 6.9142121547074988e+05 8.3326789424788637e+09 1.7290992457047970e+09 6.1643200455171305e+27 7.0715655574370642e+00 3.0000000000000000e+00 6.3360004223751929e+01
2.5506251409098598e+10 8.9866284456717116e-05 8.9089724434997406e+09 6.9141980076841055e+05 8.3326107454149055e+09 1.7290850942545054e+09 6.2480483992185502e+27 7.1034027887376672e+00 3.0000000000000000e+00 6.3359605591034253e+01
2.5621245512874332e+10 8.9865727854589487e-05 8.9088988712595482e+09 6.9141837329005869e+05 8.3325419328954992e+09 1.7290708150921552e+09 6.3329138026407172e+27 7.1353829535066930e+00 3.0000000000000000e+00 6.3359203387296496e+01
2.5736758063821743e+10 8.9865166228213900e-05 8.9088246350630970e+09 6.9141693292039866e+05 8.3324724993741570e+09 1.7290564070668206e+09 6.4189316923816563e+27 7.1675066880180633e+00 3.0000000000000000e+00 6.3358797580696020e+01
2.5852791399343025e+10 8.9864599532292063e-05 8.9087497289269314e+09 6.9141547954309126e+05 8.3324024392545357e+09 1.7290418690171890e+09 6.5061177144978747e+27 7.1997746313049369e+00 3.0000000000000000e+00 6.3358388139106630e+01
2.5969347867378464e+10 8.9864027721118104e-05 8.9086741468138905e+09 6.9141401304075308e+05 8.3323317468900394e+09 1.7290271997715530e+09 6.5944877273439972e+27 7.2321874251706921e+00 3.0000000000000000e+00 6.3357975030118951e+01
2.6086429826453960e+10 8.9863450748574875e-05 8.9085978826325798e+09 6.9141253329494502e+05 8.3322604165833464e+09 1.7290123981476972e+09 6.6840578044508892e+27 7.2647457141999237e+00 3.0000000000000000e+00 6.3357558221037415e+01
2.6204039645728760e+10 8.9862868568130682e-05 8.9085209302367706e+09 6.9141104018615303e+05 8.3321884425858679e+09 1.7289974629527080e+09 6.7748442374427013e+27 7.2974501457694876e+00 3.0000000000000000e+00 6.3357137678874793e+01
2.6322179705043373e+10 8.9862281132835288e-05 8.9084432834251194e+09 6.9140953359379317e+05 8.3321158190974464e+09 1.7289823929830236e+09 6.8668635389933990e+27 7.3303013700595514e+00 3.0000000000000000e+00 6.3356713370353894e+01
2.6440852394967754e+10 8.9861688395316227e-05 8.9083649359405270e+09 6.9140801339619257e+05 8.3320425402657795e+09 1.7289671870242450e+09 6.9601324458233980e+27 7.3633000400647131e+00 3.0000000000000000e+00 6.3356285261902492e+01
2.6560060116849659e+10 8.9861090307775024e-05 8.9082858814696808e+09 6.9140647947058198e+05 8.3319686001859961e+09 1.7289518438510628e+09 7.0546679217365764e+27 7.3964468116050961e+00 3.0000000000000000e+00 6.3355853319651075e+01
2.6679805282863247e+10 8.9860486821983533e-05 8.9082061136425114e+09 6.9140493169308174e+05 8.3318939929001379e+09 1.7289363622271178e+09 7.1504871606985763e+27 7.4297423433375194e+00 3.0000000000000000e+00 6.3355417509429472e+01
2.6800090316057873e+10 8.9859877889279766e-05 8.9081256260318680e+09 6.9140336993870768e+05 8.3318187123968487e+09 1.7289207409050605e+09 7.2476075899566879e+27 7.4631872967666766e+00 3.0000000000000000e+00 6.3354977796767997e+01
2.6920917650407146e+10 8.9859263460564151e-05 8.9080444121526890e+09 6.9140179408133659e+05 8.3317427526106215e+09 1.7289049786262095e+09 7.3460468732019945e+27 7.4967823362563513e+00 3.0000000000000000e+00 6.3354534146889101e+01
2.7042289730858162e+10 8.9858643486295992e-05 8.9079624654617710e+09 6.9140020399371441e+05 8.3316661074215612e+09 1.7288890741206305e+09 7.4458229137742246e+27 7.5305281290406469e+00 3.0000000000000000e+00 6.3354086524708784e+01
2.7164209013380974e+10 8.9858017916488638e-05 8.9078797793571568e+09 6.9139859954744508e+05 8.3315887706548138e+09 1.7288730261070287e+09 7.5469538579100498e+27 7.5644253452352634e+00 3.0000000000000000e+00 6.3353634894834052e+01
2.7286677965018303e+10 8.9857386700706630e-05 8.9077963471775303e+09 6.9139698061296786e+05 8.3315107360800228e+09 1.7288568332925229e+09 7.6494580980354110e+27 7.5984746578487918e+00 3.0000000000000000e+00 6.3353179221556445e+01
2.7409699063935452e+10 8.9856749788060634e-05 8.9077121622018299e+09 6.9139534705956234e+05 8.3314319974109344e+09 1.7288404943726959e+09 7.7533542761021975e+27 7.6326767427940441e+00 3.0000000000000000e+00 6.3352719468854318e+01
2.7533274799470444e+10 8.9856107127204475e-05 8.9076272176485424e+09 6.9139369875532016e+05 8.3313525483047733e+09 1.7288240080313134e+09 7.8586612869702710e+27 7.6670322788994003e+00 3.0000000000000000e+00 6.3352255600384318e+01
2.7657407672184414e+10 8.9855458666329566e-05 8.9075415066753788e+09 6.9139203556715837e+05 8.3312723823618937e+09 1.7288073729404593e+09 7.9653982818351855e+27 7.7015419479202016e+00 3.0000000000000000e+00 6.3351787579485745e+01
2.7782100193912182e+10 8.9854804353162442e-05 8.9074550223785439e+09 6.9139035736078490e+05 8.3311914931251469e+09 1.7287905877601902e+09 8.0735846717021735e+27 7.7362064345501427e+00 3.0000000000000000e+00 6.3351315369170884e+01
2.7907354887813103e+10 8.9854144134959526e-05 8.9073677577922173e+09 6.9138866400069790e+05 8.3311098740793734e+09 1.7287736511385322e+09 8.1832401309074011e+27 7.7710264264327273e+00 3.0000000000000000e+00 6.3350838932124979e+01
2.8033174288422108e+10 8.9853477958502863e-05 8.9072797058881721e+09 6.9138695535018481e+05 8.3310275186510162e+09 1.7287565617114711e+09 8.2943846006865453e+27 7.8060026141727228e+00 3.0000000000000000e+00 6.3350358230706505e+01
2.8159560941701004e+10 8.9852805770096526e-05 8.9071908595749722e+09 6.9138523127129278e+05 8.3309444202074232e+09 1.7287393181026590e+09 8.4070382927919123e+27 7.8411356913476631e+00 3.0000000000000000e+00 6.3349873226938733e+01
2.8286517405089973e+10 8.9852127515562338e-05 8.9071012116975594e+09 6.9138349162482633e+05 8.3308605720564280e+09 1.7287219189233913e+09 8.5212216931583487e+27 7.8764263545193520e+00 3.0000000000000000e+00 6.3349383882509159e+01
2.8414046247559338e+10 8.9851443140234811e-05 8.9070107550366726e+09 6.9138173627034156e+05 8.3307759674458237e+09 1.7287043627725515e+09 8.6369555656187503e+27 7.9118753032454165e+00 3.0000000000000000e+00 6.3348890158768306e+01
2.8542150049661549e+10 8.9850752588957410e-05 8.9069194823082504e+09 6.9137996506612725e+05 8.3306905995627766e+09 1.7286866482364221e+09 8.7542609556699765e+27 7.9474832400908948e+00 3.0000000000000000e+00 6.3348392016724759e+01
2.8670831403583378e+10 8.9850055806077955e-05 8.9068273861628380e+09 6.9137817786919558e+05 8.3306044615333052e+09 1.7286687738885944e+09 8.8731591942894659e+27 7.9832508706398126e+00 3.0000000000000000e+00 6.3347889417042516e+01
2.8800092913198395e+10 8.9849352735444193e-05 8.9067344591850014e+09 6.9137637453527027e+05 8.3305175464217215e+09 1.7286507382898512e+09 8.9936719018036962e+27 8.0191789035068268e+00 3.0000000000000000e+00 6.3347382320037944e+01
2.8929937194119648e+10 8.9848643320399580e-05 8.9066406938928280e+09 6.9137455491877766e+05 8.3304298472301378e+09 1.7286325399880784e+09 9.1158209918088083e+27 8.0552680503488574e+00 3.0000000000000000e+00 6.3346870685677523e+01
2.9060366873752590e+10 8.9847927503778556e-05 8.9065460827372112e+09 6.9137271887283074e+05 8.3303413568978453e+09 1.7286141775181074e+09 9.2396286751444504e+27 8.0915190258767957e+00 3.0000000000000000e+00 6.3346354473573399e+01
2.9191384591348251e+10 8.9847205227901753e-05 8.9064506181013508e+09 6.9137086624922347e+05 8.3302520683007984e+09 1.7285956494016597e+09 9.3651174639210990e+27 8.1279325478671787e+00 3.0000000000000000e+00 6.3345833642982520e+01
2.9322992998056633e+10 8.9846476434572018e-05 8.9063542923000431e+09 6.9136899689840968e+05 8.3301619742509995e+09 1.7285769541471376e+09 9.4923101756020989e+27 8.1645093371739286e+00 3.0000000000000000e+00 6.3345308152800193e+01
2.9455194756980362e+10 8.9845741065069083e-05 8.9062570975792446e+09 6.9136711066950485e+05 8.3300710674960289e+09 1.7285580902496438e+09 9.6212299371407637e+27 8.2012501177401145e+00 3.0000000000000000e+00 6.3344777961561448e+01
2.9587992543228573e+10 8.9844999060145433e-05 8.9061590261152287e+09 6.9136520741025824e+05 8.3299793407183285e+09 1.7285390561907034e+09 9.7519001891735013e+27 8.2381556166097116e+00 3.0000000000000000e+00 6.3344243027433194e+01
2.9721389043971050e+10 8.9844250360021671e-05 8.9060600700142155e+09 6.9136328696705401e+05 8.3298867865347900e+09 1.7285198504382775e+09 9.8843446902695543e+27 8.2752265639394267e+00 3.0000000000000000e+00 6.3343703308214451e+01
2.9855386958492596e+10 8.9843494904381352e-05 8.9059602213114738e+09 6.9136134918488539e+05 8.3297933974959736e+09 1.7285004714465070e+09 1.0018587521238296e+28 8.3124636930105140e+00 3.0000000000000000e+00 6.3343158761329946e+01
2.9989988998247635e+10 8.9842732632365918e-05 8.9058594719709473e+09 6.9135939390735934e+05 8.3296991660856934e+09 1.7284809176557598e+09 1.0154653089494677e+28 8.3498677402406134e+00 3.0000000000000000e+00 6.3342609343831661e+01
3.0125197886915119e+10 8.9841963482571120e-05 8.9057578138844738e+09 6.9135742097666883e+05 8.3296040847203550e+09 1.7284611874923565e+09 1.0292566133483862e+28 8.3874394451956622e+00 3.0000000000000000e+00 6.3342055012390340e+01
3.0261016360453598e+10 8.9841187393040710e-05 8.9056552388711700e+09 6.9135543023358844e+05 8.3295081457483282e+09 1.7284412793685279e+09 1.0432351727165393e+28 8.4251795506017473e+00 3.0000000000000000e+00 6.3341495723295509e+01
3.0397447167156609e+10 8.9840404301262303e-05 8.9055517386768417e+09 6.9135342151746200e+05 8.3294113414494133e+09 1.7284211916822917e+09 1.0574035284558356e+28 8.4630888023570705e+00 3.0000000000000000e+00 6.3340931432452059e+01
3.0534493067708286e+10 8.9839614144162613e-05 8.9054473049731712e+09 6.9135139466617769e+05 8.3293136640341053e+09 1.7284009228172083e+09 1.0717642564347626e+28 8.5011679495438592e+00 3.0000000000000000e+00 6.3340362095373024e+01
3.0672156835239212e+10 8.9838816858101494e-05 8.9053419293572922e+09 6.9134934951617592e+05 8.3292151056431408e+09 1.7283804711424592e+09 1.0863199674552666e+28 8.5394177444403585e+00 3.0000000000000000e+00 6.3339787667182684e+01
3.0810441255382538e+10 8.9838012378867804e-05 8.9052356033509731e+09 6.9134728590242146e+05 8.3291156583467836e+09 1.7283598350125704e+09 1.1010733077259265e+28 8.5778389425328001e+00 3.0000000000000000e+00 6.3339208102608495e+01
3.0949349126330353e+10 8.9837200641674039e-05 8.9051283183998795e+09 6.9134520365838637e+05 8.3290153141441336e+09 1.7283390127672451e+09 1.1160269593415331e+28 8.6164323025274339e+00 3.0000000000000000e+00 6.3338623355976942e+01
3.1088883258890305e+10 8.9836381581151088e-05 8.9050200658731403e+09 6.9134310261605377e+05 8.3289140649626732e+09 1.7283180027314017e+09 1.1311836407691431e+28 8.6551985863625394e+00 3.0000000000000000e+00 6.3338033381214679e+01
3.1229046476542477e+10 8.9835555131343275e-05 8.9049108370624123e+09 6.9134098260588688e+05 8.3288119026574574e+09 1.7282968032148676e+09 1.1465461073407104e+28 8.6941385592205087e+00 3.0000000000000000e+00 6.3337438131839860e+01
3.1369841615496521e+10 8.9834721225702486e-05 8.9048006231813927e+09 6.9133884345683130e+05 8.3287088190105944e+09 1.7282754125124030e+09 1.1621171517523705e+28 8.7332529895398832e+00 3.0000000000000000e+00 6.3336837560963680e+01
3.1511271524749039e+10 8.9833879797083648e-05 8.9046894153649387e+09 6.9133668499628548e+05 8.3286048057304688e+09 1.7282538289034090e+09 1.1778996045704692e+28 8.7725426490274838e+00 3.0000000000000000e+00 6.3336231621282032e+01
3.1653339066141251e+10 8.9833030777739575e-05 8.9045772046685600e+09 6.9133450705009839e+05 8.3284998544512587e+09 1.7282320506519046e+09 1.1938963347444431e+28 8.8120083126705175e+00 3.0000000000000000e+00 6.3335620265074560e+01
3.1796047114416897e+10 8.9832174099314287e-05 8.9044639820675278e+09 6.9133230944255111e+05 8.3283939567320814e+09 1.7282100760063469e+09 1.2101102501266166e+28 8.8516507587487041e+00 3.0000000000000000e+00 6.3335003444200922e+01
3.1939398557280392e+10 8.9831309692839150e-05 8.9043497384563084e+09 6.9133009199634264e+05 8.3282871040564795e+09 1.7281879031994901e+09 1.2265442979990284e+28 8.8914707688464407e+00 3.0000000000000000e+00 6.3334381110096409e+01
3.2083396295455288e+10 8.9830437488726573e-05 8.9042344646477757e+09 6.9132785453257733e+05 8.3281792878316908e+09 1.7281655304482622e+09 1.2432014656073750e+28 8.9314691278649754e+00 3.0000000000000000e+00 6.3333753213768411e+01
3.2228043242742943e+10 8.9829557416764178e-05 8.9041181513725033e+09 6.9132559687075228e+05 8.3280704993879566e+09 1.7281429559536414e+09 1.2600847807021738e+28 8.9716466240345927e+00 3.0000000000000000e+00 6.3333119705794303e+01
3.2373342326081501e+10 8.9828669406110480e-05 8.9040007892780533e+09 6.9132331882873806e+05 8.3279607299779005e+09 1.7281201779004664e+09 1.2771973120872337e+28 9.0120040489268458e+00 3.0000000000000000e+00 6.3332480536314755e+01
3.2519296485605106e+10 8.9827773385288041e-05 8.9038823689281406e+09 6.9132102022276376e+05 8.3278499707757139e+09 1.7280971944572887e+09 1.2945421701755298e+28 9.0525421974667601e+00 3.0000000000000000e+00 6.3331835655031270e+01
3.2665908674703407e+10 8.9826869282178185e-05 8.9037628808020420e+09 6.9131870086741121e+05 8.3277382128766060e+09 1.7280740037763164e+09 1.3121225075526016e+28 9.0932618679451043e+00 3.0000000000000000e+00 6.3331185011204269e+01
3.2813181860081306e+10 8.9825957024015836e-05 8.9036423152937050e+09 6.9131636057558679e+05 8.3276254472959938e+09 1.7280506039931366e+09 1.3299415195475474e+28 9.1341638620306398e+00 3.0000000000000000e+00 6.3330528553645387e+01
3.2961119021819004e+10 8.9825036537382740e-05 8.9035206627111549e+09 6.9131399915852468e+05 8.3275116649689083e+09 1.7280269932267492e+09 1.3480024448117393e+28 9.1752489847824084e+00 3.0000000000000000e+00 6.3329866230718693e+01
3.3109723153432297e+10 8.9824107748202598e-05 8.9033979132755432e+09 6.9131161642575171e+05 8.3273968567491398e+09 1.7280031695792184e+09 1.3663085659053613e+28 9.2165180446620347e+00 3.0000000000000000e+00 6.3329197990331764e+01
3.3258997261933140e+10 8.9823170581734837e-05 8.9032740571204567e+09 6.9130921218508156e+05 8.3272810134085865e+09 1.7279791311356173e+09 1.3848632098918460e+28 9.2579718535460227e+00 3.0000000000000000e+00 6.3328523779933548e+01
3.3408944367890518e+10 8.9822224962568615e-05 8.9031490842912178e+09 6.9130678624260356e+05 8.3271641256365795e+09 1.7279548759639184e+09 1.4036697489403748e+28 9.2996112267381150e+00 3.0000000000000000e+00 6.3327843546512035e+01
3.3559567505491539e+10 8.9821270814616859e-05 8.9030229847440128e+09 6.9130433840266243e+05 8.3270461840390816e+09 1.7279304021147943e+09 1.4227316009364804e+28 9.3414369829816000e+00 3.0000000000000000e+00 6.3327157236588825e+01
3.3710869722602856e+10 8.9820308061110493e-05 8.9028957483450947e+09 6.9130186846784037e+05 8.3269271791379499e+09 1.7279057076214404e+09 1.4420522301009159e+28 9.3834499444717032e+00 3.0000000000000000e+00 6.3326464796214289e+01
3.3862854080832321e+10 8.9819336624592162e-05 8.9027673648700333e+09 6.9129937623894471e+05 8.3268071013702154e+09 1.7278807904994555e+09 1.4616351476168800e+28 9.4256509368679424e+00 3.0000000000000000e+00 6.3325766170964982e+01
3.4015523655590950e+10 8.9818356426910108e-05 8.9026378240029221e+09 6.9129686151499464e+05 8.3266859410873528e+09 1.7278556487467110e+09 1.4814839122656989e+28 9.4680407893065173e+00 3.0000000000000000e+00 6.3325061305939393e+01
3.4168881536155148e+10 8.9817367389212040e-05 8.9025071153354759e+09 6.9129432409319747e+05 8.3265636885544405e+09 1.7278302803431170e+09 1.5016021310711035e+28 9.5106203344127138e+00 3.0000000000000000e+00 6.3324350145752391e+01
3.4322930825729221e+10 8.9816369431938961e-05 8.9023752283663273e+09 6.9129176376893953e+05 8.3264403339494829e+09 1.7278046832505341e+09 1.5219934599521992e+28 9.5533904083132999e+00 3.0000000000000000e+00 6.3323632634532935e+01
3.4477674641508179e+10 8.9815362474819088e-05 8.9022421525001240e+09 6.9128918033576524e+05 8.3263158673626032e+09 1.7277788554125671e+09 1.5426616043852569e+28 9.5963518506489880e+00 3.0000000000000000e+00 6.3322908715917741e+01
3.4633116114740784e+10 8.9814346436860594e-05 8.9021078770467339e+09 6.9128657358536613e+05 8.3261902787952490e+09 1.7277527947544587e+09 1.5636103200744280e+28 9.6395055045868148e+00 3.0000000000000000e+00 6.3322178333050189e+01
3.4789258390792953e+10 8.9813321236346716e-05 8.9019723912204132e+09 6.9128394330755807e+05 8.3260635581594610e+09 1.7277264991828640e+09 1.5848434136315211e+28 9.6828522168326305e+00 3.0000000000000000e+00 6.3321441428572399e+01
3.4946104629211380e+10 8.9812286790828078e-05 8.9018356841389065e+09 6.9128128929026658e+05 8.3259356952770052e+09 1.7276999665857081e+09 1.6063647432649593e+28 9.7263928376435622e+00 3.0000000000000000e+00 6.3320697944623106e+01
3.5103658003787453e+10 8.9811243017116451e-05 8.9016977448226147e+09 6.9127861131951120e+05 8.3258066798786058e+09 1.7276731948320332e+09 1.6281782194780140e+28 9.7701282208404230e+00 3.0000000000000000e+00 6.3319947822832710e+01
3.5261921702621513e+10 8.9810189831278649e-05 8.9015585621938057e+09 6.9127590917938901e+05 8.3256765016031933e+09 1.7276461817718351e+09 1.6502878057764983e+28 9.8140592238202604e+00 3.0000000000000000e+00 6.3319191004319485e+01
3.5420898928187340e+10 8.9809127148629441e-05 8.9014181250756741e+09 6.9127318265205738e+05 8.3255451499970436e+09 1.7276189252358966e+09 1.6726975193859768e+28 9.8581867075687928e+00 3.0000000000000000e+00 6.3318427429684689e+01
3.5580592897396973e+10 8.9808054883725092e-05 8.9012764221914272e+09 6.9127043151771068e+05 8.3254126145129099e+09 1.7275914230355563e+09 1.6954114319786717e+28 9.9025115366729235e+00 3.0000000000000000e+00 6.3317657039006960e+01
3.5741006841665787e+10 8.9806972950356377e-05 8.9011334421634827e+09 6.9126765555457142e+05 8.3252788845092754e+09 1.7275636729626248e+09 1.7184336704101827e+28 9.9470345793332360e+00 3.0000000000000000e+00 6.3316879771840128e+01
3.5902144006977875e+10 8.9805881261542349e-05 8.9009891735125408e+09 6.9126485453886585e+05 8.3251439492494946e+09 1.7275356727891436e+09 1.7417684174661282e+28 9.9917567073765046e+00 3.0000000000000000e+00 6.3316095567206325e+01
3.6064007653951775e+10 8.9804779729522901e-05 8.9008436046567345e+09 6.9126202824481344e+05 8.3250077979009752e+09 1.7275074202672834e+09 1.7654199126188801e+28 1.0036678796268207e+01 3.0000000000000000e+00 6.3315304363593924e+01
3.6226601057906380e+10 8.9803668265752109e-05 8.9006967239105968e+09 6.9125917644459871e+05 8.3248704195342436e+09 1.7274789131290669e+09 1.7893924527944963e+28 1.0081801725125038e+01 3.0000000000000000e+00 6.3314506098950062e+01
3.6389927508927284e+10 8.9802546780890969e-05 8.9005485194842777e+09 6.9125629890836356e+05 8.3247318031221800e+09 1.7274501490862961e+09 1.8136903931500064e+28 1.0127126376727453e+01 3.0000000000000000e+00 6.3313700710678781e+01
3.6553990311933311e+10 8.9801415184801269e-05 8.9003989794825497e+09 6.9125339540417935e+05 8.3245919375391264e+09 1.7274211258302748e+09 1.8383181478611768e+28 1.0172653637532184e+01 3.0000000000000000e+00 6.3312888135633223e+01
3.6718792786743393e+10 8.9800273386537110e-05 8.9002480919039536e+09 6.9125046569804079e+05 8.3244508115600348e+09 1.7273918410317550e+09 1.8632801909209047e+28 1.0218384397684767e+01 3.0000000000000000e+00 6.3312068310115286e+01
3.6884338268143776e+10 8.9799121294339100e-05 8.9000958446397495e+09 6.9124750955383340e+05 8.3243084138595467e+09 1.7273622923406119e+09 1.8885810569483872e+28 1.0264319551032099e+01 3.0000000000000000e+00 6.3311241169866008e+01
3.7050630105955475e+10 8.9797958815626078e-05 8.8999422254729939e+09 6.9124452673332114e+05 8.3241647330110855e+09 1.7273324773857276e+09 1.9142253420091922e+28 1.0310459995134959e+01 3.0000000000000000e+00 6.3310406650063229e+01
3.7217671665102058e+10 8.9796785856988687e-05 8.8997872220777187e+09 6.9124151699613198e+05 8.3240197574861040e+09 1.7273023937748482e+09 1.9402177044463976e+28 1.0356806631280559e+01 3.0000000000000000e+00 6.3309564685317596e+01
3.7385466325677750e+10 8.9795602324181190e-05 8.8996308220177841e+09 6.9123848009973182e+05 8.3238734756530104e+09 1.7272720390943289e+09 1.9665628657229351e+28 1.0403360364495088e+01 3.0000000000000000e+00 6.3308715209665948e+01
3.7554017483015816e+10 8.9794408122114935e-05 8.8994730127459946e+09 6.9123541579940496e+05 8.3237258757763481e+09 1.7272414109089429e+09 1.9932656112752894e+28 1.0450122103556245e+01 3.0000000000000000e+00 6.3307858156566262e+01
3.7723328547757263e+10 8.9793203154850255e-05 8.8993137816031532e+09 6.9123232384824171e+05 8.3235769460159006e+09 1.7272105067617614e+09 2.0203307913787193e+28 1.0497092761005785e+01 3.0000000000000000e+00 6.3306993458894404e+01
3.7893402945919884e+10 8.9791987325588970e-05 8.8991531158169727e+09 6.9122920399711141e+05 8.3234266744256792e+09 1.7271793241738884e+09 2.0477633220241356e+28 1.0544273253162073e+01 3.0000000000000000e+00 6.3306121048937392e+01
3.8064244118967537e+10 8.9790760536667368e-05 8.8989910025012341e+09 6.9122605599464872e+05 8.3232750489531279e+09 1.7271478606443286e+09 2.0755681858067977e+28 1.0591664500132598e+01 3.0000000000000000e+00 6.3305240858389773e+01
3.8235855523879829e+10 8.9789522689547640e-05 8.8988274286545753e+09 6.9122287958722655e+05 8.3231220574380016e+09 1.7271161136497211e+09 2.1037504328270028e+28 1.0639267425826535e+01 3.0000000000000000e+00 6.3304352818347098e+01
3.8408240633222023e+10 8.9788273684811035e-05 8.8986623811596756e+09 6.9121967451894353e+05 8.3229676876116066e+09 1.7270840806442184e+09 2.1323151816028933e+28 1.0687082957967259e+01 3.0000000000000000e+00 6.3303456859301775e+01
3.8581402935215347e+10 8.9787013422149256e-05 8.8984958467821178e+09 6.9121644053159934e+05 8.3228119270957012e+09 1.7270517590592461e+09 2.1612676199956125e+28 1.0735112028104890e+01 3.0000000000000000e+00 6.3302552911137930e+01
3.8755345933807571e+10 8.9785741800357328e-05 8.8983278121693439e+09 6.9121317736467160e+05 8.3226547634015856e+09 1.7270191463032744e+09 2.1906130061468672e+28 1.0783355571628809e+01 3.0000000000000000e+00 6.3301640903124586e+01
3.8930073148743866e+10 8.9784458717325172e-05 8.8981582638497086e+09 6.9120988475530199e+05 8.3224961839291487e+09 1.7269862397616863e+09 2.2203566694291775e+28 1.0831814527780166e+01 3.0000000000000000e+00 6.3300720763912651e+01
3.9105588115638084e+10 8.9783164070029851e-05 8.8979871882313480e+09 6.9120656243826915e+05 8.3223361759658470e+09 1.7269530367965107e+09 2.2505040114089077e+28 1.0880489839664415e+01 3.0000000000000000e+00 6.3299792421527904e+01
3.9281894386044273e+10 8.9781857754527074e-05 8.8978145716012001e+09 6.9120321014597593e+05 8.3221747266857691e+09 1.7269195347463005e+09 2.2810605068222808e+28 1.0929382454263797e+01 3.0000000000000000e+00 6.3298855803367580e+01
3.9458995527528542e+10 8.9780539665944024e-05 8.8976404001238365e+09 6.9119982760841516e+05 8.3220118231485720e+09 1.7268857309257958e+09 2.3120317045645417e+28 1.0978493322449847e+01 3.0000000000000000e+00 6.3297910836191740e+01
3.9636895123741264e+10 8.9779209698469562e-05 8.8974646598403988e+09 6.9119641455315868e+05 8.3218474522984619e+09 1.7268516226258187e+09 2.3434232286924443e+28 1.1027823398995881e+01 3.0000000000000000e+00 6.3296957446120722e+01
3.9815596774489578e+10 8.9777867745347804e-05 8.8972873366676807e+09 6.9119297070533503e+05 8.3216816009633284e+09 1.7268172071130569e+09 2.3752407794402599e+28 1.1077373642589460e+01 3.0000000000000000e+00 6.3295995558628896e+01
3.9995104095810234e+10 8.9776513698868141e-05 8.8971084163967819e+09 6.9118949578760215e+05 8.3215142558535166e+09 1.7267824816297953e+09 2.4074901342494354e+28 1.1127145015844871e+01 3.0000000000000000e+00 6.3295025098538254e+01
4.0175420720042763e+10 8.9775147450358035e-05 8.8969278846922188e+09 6.9118598952013068e+05 8.3213454035609694e+09 1.7267474433937557e+09 2.4401771488121690e+28 1.1177138485315563e+01 3.0000000000000000e+00 6.3294045990014062e+01
4.0356550295902992e+10 8.9773768890173464e-05 8.8967457270906162e+09 6.9118245162057597e+05 8.3211750305580082e+09 1.7267120895978212e+09 2.4733077581290104e+28 1.1227355021506611e+01 3.0000000000000000e+00 6.3293058156557606e+01
4.0538496488556854e+10 8.9772377907691394e-05 8.8965619289997921e+09 6.9117888180406368e+05 8.3210031231964931e+09 1.7266764174099000e+09 2.5068879775806935e+28 1.1277795598887112e+01 3.0000000000000000e+00 6.3292061521002367e+01
4.0721262979694565e+10 8.9770974391300193e-05 8.8963764756974373e+09 6.9117527978315926e+05 8.3208296677065630e+09 1.7266404239726245e+09 2.5409239040144492e+28 1.1328461195902618e+01 3.0000000000000000e+00 6.3291056005506761e+01
4.0904853467605133e+10 8.9769558228391518e-05 8.8961893523301201e+09 6.9117164526785212e+05 8.3206546501957188e+09 1.7266041064032011e+09 2.5754217168448992e+28 1.1379352794987529e+01 3.0000000000000000e+00 6.3290041531549790e+01
4.1089271667251160e+10 8.9768129305351188e-05 8.8960005439120235e+09 6.9116797796552698e+05 8.3204780566476507e+09 1.7265674617931275e+09 2.6103876791697904e+28 1.1430471382577469e+01 3.0000000000000000e+00 6.3289018019923894e+01
4.1274521310344055e+10 8.9766687507550789e-05 8.8958100353238621e+09 6.9116427758094249e+05 8.3202998729211998e+09 1.7265304872079871e+09 2.6458281389007568e+28 1.1481817949121634e+01 3.0000000000000000e+00 6.3287985390729226e+01
4.1460606145419525e+10 8.9765232719337879e-05 8.8956178113116131e+09 6.9116054381620814e+05 8.3201200847492065e+09 1.7264931796872239e+09 2.6817495299093017e+28 1.1533393489095159e+01 3.0000000000000000e+00 6.3286943563368219e+01
4.1647529937913406e+10 8.9763764824027787e-05 8.8954238564855022e+09 6.9115677637076448e+05 8.3199386777375202e+09 1.7264555362439520e+09 2.7181583731881880e+28 1.1585199001011420e+01 3.0000000000000000e+00 6.3285892456540587e+01
4.1835296470237907e+10 8.9762283703894170e-05 8.8952281553186493e+09 6.9115297494135262e+05 8.3197556373637667e+09 1.7264175538646562e+09 2.7550612780284882e+28 1.1637235487434339e+01 3.0000000000000000e+00 6.3284831988235155e+01
4.2023909541858109e+10 8.9760789240159630e-05 8.8950306921459122e+09 6.9114913922199304e+05 8.3195709489762526e+09 1.7263792295089877e+09 2.7924649432124573e+28 1.1689503954990668e+01 3.0000000000000000e+00 6.3283762075724979e+01
4.2213372969368851e+10 8.9759281312986990e-05 8.8948314511626740e+09 6.9114526890395931e+05 8.3193845977928400e+09 1.7263405601095078e+09 2.8303761582224646e+28 1.1742005414382241e+01 3.0000000000000000e+00 6.3282682635560143e+01
4.2403690586571968e+10 8.9757759801469260e-05 8.8946304164237194e+09 6.9114136367576313e+05 8.3191965688998709e+09 1.7263015425715461e+09 2.8688018044661945e+28 1.1794740880398205e+01 3.0000000000000000e+00 6.3281593583564828e+01
4.2594866244553879e+10 8.9756224583620905e-05 8.8944275718418274e+09 6.9113742322311504e+05 8.3190068472508907e+09 1.7262621737728140e+09 2.9077488565183251e+28 1.1847711371927220e+01 3.0000000000000000e+00 6.3280494834826420e+01
4.2786903811763481e+10 8.9754675536367888e-05 8.8942229011866856e+09 6.9113344722891203e+05 8.3188154176655922e+09 1.7262224505632892e+09 2.9472243833789284e+28 1.1900917911969652e+01 3.0000000000000000e+00 6.3279386303693151e+01
4.2979807174090454e+10 8.9753112535538186e-05 8.8940163880835438e+09 6.9112943537320569e+05 8.3186222648285770e+09 1.7261823697649033e+09 2.9872355497487756e+28 1.1954361527649700e+01 3.0000000000000000e+00 6.3278267903765574e+01
4.3173580234943893e+10 8.9751535455852280e-05 8.8938080160119171e+09 6.9112538733317470e+05 8.3184273732881584e+09 1.7261419281712759e+09 3.0277896173218284e+28 1.2008043250227550e+01 3.0000000000000000e+00 6.3277139547889874e+01
4.3368226915331276e+10 8.9749944170913014e-05 8.8935977683044586e+09 6.9112130278311064e+05 8.3182307274552689e+09 1.7261011225475788e+09 3.0688939460950839e+28 1.2061964115111438e+01 3.0000000000000000e+00 6.3276001148154307e+01
4.3563751153937828e+10 8.9748338553196337e-05 8.8933856281455307e+09 6.9111718139437912e+05 8.3180323116021481e+09 1.7260599496301568e+09 3.1105559956960539e+28 1.2116125161869730e+01 3.0000000000000000e+00 6.3274852615879190e+01
4.3760156907206184e+10 8.9746718474040845e-05 8.8931715785699959e+09 6.9111302283540345e+05 8.3178321098612070e+09 1.7260184061263714e+09 3.1527833267280843e+28 1.2170527434242929e+01 3.0000000000000000e+00 6.3273693861613069e+01
4.3957448149416504e+10 8.9745083803638388e-05 8.8929556024618492e+09 6.9110882677163114e+05 8.3176301062237577e+09 1.7259764887142746e+09 3.1955836021337945e+28 1.2225171980155693e+01 3.0000000000000000e+00 6.3272524795123751e+01
4.4155628872766830e+10 8.9743434411023197e-05 8.8927376825528831e+09 6.9110459286551038e+05 8.3174262845387583e+09 1.7259341940423818e+09 3.2389645885767957e+28 1.2280059851728771e+01 3.0000000000000000e+00 6.3271345325393192e+01
4.4354703087453918e+10 8.9741770164062252e-05 8.8925178014215069e+09 6.9110032077646977e+05 8.3172206285116844e+09 1.7258915187294776e+09 3.2829341578420357e+28 1.2335192105290929e+01 3.0000000000000000e+00 6.3270155360611859e+01
4.4554674821754356e+10 8.9740090929445280e-05 8.8922959414912071e+09 6.9109601016087760e+05 8.3170131217031355e+09 1.7258484593642168e+09 3.3275002882549376e+28 1.2390569801390853e+01 3.0000000000000000e+00 6.3268954808168381e+01
4.4755548122106102e+10 8.9738396572673247e-05 8.8920720850292931e+09 6.9109166067202808e+05 8.3168037475276299e+09 1.7258050125049968e+09 3.3726710661196397e+28 1.2446194004808971e+01 3.0000000000000000e+00 6.3267743574646786e+01
4.4957327053190323e+10 8.9736686958049496e-05 8.8918462141455803e+09 6.9108727196010668e+05 8.3165924892523727e+09 1.7257611746796188e+09 3.4184546871765256e+28 1.2502065784569250e+01 3.0000000000000000e+00 6.3266521565816916e+01
4.5160015698013687e+10 8.9734961948667984e-05 8.8916183107909317e+09 6.9108284367216611e+05 8.3163793299959126e+09 1.7257169423850574e+09 3.4648594580793872e+28 1.2558186213950989e+01 3.0000000000000000e+00 6.3265288686628800e+01
4.5363618157990952e+10 8.9733221406403373e-05 8.8913883567558575e+09 6.9107837545209168e+05 8.3161642527268181e+09 1.7256723120871232e+09 3.5118937978924072e+28 1.2614556370500509e+01 3.0000000000000000e+00 6.3264044841204196e+01
4.5568138553027992e+10 8.9731465191899824e-05 8.8911563336692047e+09 6.9107386694058264e+05 8.3159472402624435e+09 1.7256272802202854e+09 3.5595662396072691e+28 1.2671177336042836e+01 3.0000000000000000e+00 6.3262789932831730e+01
4.5773581021605110e+10 8.9729693164560629e-05 8.8909222229967499e+09 6.9106931777512189e+05 8.3157282752676239e+09 1.7255818431873794e+09 3.6078854316806328e+28 1.2728050196693315e+01 3.0000000000000000e+00 6.3261523863959084e+01
4.5979949720860847e+10 8.9727905182537124e-05 8.8906860060396099e+09 6.9106472758993739e+05 8.3155073402532015e+09 1.7255359973592300e+09 3.6568601395922991e+28 1.2785176042869223e+01 3.0000000000000000e+00 6.3260246536183523e+01
4.6187248826676041e+10 8.9726101102717603e-05 8.8904476639329929e+09 6.9106009601598559e+05 8.3152844175748272e+09 1.7254897390744965e+09 3.7064992474242526e+28 1.2842555969301246e+01 3.0000000000000000e+00 6.3258957850247967e+01
4.6395482533758369e+10 8.9724280780716532e-05 8.8902071776447334e+09 6.9105542268092022e+05 8.3150594894316101e+09 1.7254430646393695e+09 3.7568117594609613e+28 1.2900191075045008e+01 3.0000000000000000e+00 6.3257657706032731e+01
4.6604655055727203e+10 8.9722444070863285e-05 8.8899645279737148e+09 6.9105070720905508e+05 8.3148325378646460e+09 1.7253959703272102e+09 3.8078068018111316e+28 1.2958082463492454e+01 3.0000000000000000e+00 6.3256346002546387e+01
4.6814770625198883e+10 8.9720590826190504e-05 8.8897196955484810e+09 6.9104594922134234e+05 8.3146035447557020e+09 1.7253484523783441e+09 3.8594936240512588e+28 1.3016231242383249e+01 3.0000000000000000e+00 6.3255022637920810e+01
4.7025833493872360e+10 8.9718720898423554e-05 8.8894726608257694e+09 6.9104114833533857e+05 8.3143724918258600e+09 1.7253005069997315e+09 3.9118816008912442e+28 1.3074638523816091e+01 3.0000000000000000e+00 6.3253687509401679e+01
4.7237847932615234e+10 8.9716834137968136e-05 8.8892234040889988e+09 6.9103630416517984e+05 8.3141393606340914e+09 1.7252521303647294e+09 3.9649802338623618e+28 1.3133305424259953e+01 3.0000000000000000e+00 6.3252340513343484e+01
4.7450818231550179e+10 8.9714930393899471e-05 8.8889719054467316e+09 6.9103141632154398e+05 8.3139041325758257e+09 1.7252033186127260e+09 4.0187991530278876e+28 1.3192233064565299e+01 3.0000000000000000e+00 6.3250981545198997e+01
4.7664748700141731e+10 8.9713009513950364e-05 8.8887181448311729e+09 6.9102648441162333e+05 8.3136667888815460e+09 1.7251540678488789e+09 4.0733481187166990e+28 1.3251422569975201e+01 3.0000000000000000e+00 6.3249610499513210e+01
4.7879643667283516e+10 8.9711071344498975e-05 8.8884621019966373e+09 6.9102150803909753e+05 8.3134273106153536e+09 1.7251043741438546e+09 4.1286370232801291e+28 1.3310875070136445e+01 3.0000000000000000e+00 6.3248227269916363e+01
4.8095507481385834e+10 8.9709115730558347e-05 8.8882037565180779e+09 6.9101648680409719e+05 8.3131856786735868e+09 1.7250542335334778e+09 4.1846758928723929e+28 1.3370591699110527e+01 3.0000000000000000e+00 6.3246831749114676e+01
4.8312344510463661e+10 8.9707142515762592e-05 8.8879430877893333e+09 6.9101142030317266e+05 8.3129418737831936e+09 1.7250036420184293e+09 4.2414748892549252e+28 1.3430573595384594e+01 3.0000000000000000e+00 6.3245423828883006e+01
4.8530159142225014e+10 8.9705151542356784e-05 8.8876800750218220e+09 6.9100630812926684e+05 8.3126958765004959e+09 1.7249525955639880e+09 4.2990443116248833e+28 1.3490821901882331e+01 3.0000000000000000e+00 6.3244003400057451e+01
4.8748955784159752e+10 8.9703142651183107e-05 8.8874146972427292e+09 6.9100114987167926e+05 8.3124476672095041e+09 1.7249010900996842e+09 4.3573945984682291e+28 1.3551337765974759e+01 3.0000000000000000e+00 6.3242570352527075e+01
4.8968738863628754e+10 8.9701115681669661e-05 8.8871469332935085e+09 6.9099594511603354e+05 8.3121972261205168e+09 1.7248491215189860e+09 4.4165363294376234e+28 1.3612122339490993e+01 3.0000000000000000e+00 6.3241124575225463e+01
4.9189512827953529e+10 8.9699070471817817e-05 8.8868767618282967e+09 6.9099069344424806e+05 8.3119445332686243e+09 1.7247966856790183e+09 4.4764802272555380e+28 1.3673176778728891e+01 3.0000000000000000e+00 6.3239665956123503e+01
4.9411282144506165e+10 8.9697006858189952e-05 8.8866041613122025e+09 6.9098539443449723e+05 8.3116895685121403e+09 1.7247437784001904e+09 4.5372371596428444e+28 1.3734502244465640e+01 3.0000000000000000e+00 6.3238194382219447e+01
4.9634051300799767e+10 8.9694924675896167e-05 8.8863291100197830e+09 6.9098004766118852e+05 8.3114323115311241e+09 1.7246903954659786e+09 4.5988181412733271e+28 1.3796099901968290e+01 3.0000000000000000e+00 6.3236709739534270e+01
4.9857824804579247e+10 8.9692823758582446e-05 8.8860515860332718e+09 6.9097465269491798e+05 8.3111727418257751e+09 1.7246365326224949e+09 4.6612343357543326e+28 1.3857970921004155e+01 3.0000000000000000e+00 6.3235211913099185e+01
5.0082607183912529e+10 8.9690703938417651e-05 8.8857715672409916e+09 6.9096920910244132e+05 8.3109108387149210e+09 1.7245821855782123e+09 4.7244970576340064e+28 1.3920116475851197e+01 3.0000000000000000e+00 6.3233700786949576e+01
5.0308402987282196e+10 8.9688565046080576e-05 8.8854890313357239e+09 6.9096371644664509e+05 8.3106465813344946e+09 1.7245273500036900e+09 4.7886177744354287e+28 1.3982537745308274e+01 3.0000000000000000e+00 6.3232176244117298e+01
5.0535216783677513e+10 8.9686406910746683e-05 8.8852039558128300e+09 6.9095817428650055e+05 8.3103799486357908e+09 1.7244720215311270e+09 4.8536081087180083e+28 1.4045235912705349e+01 3.0000000000000000e+00 6.3230638166619464e+01
5.0763053162686874e+10 8.9684229360075505e-05 8.8849163179687862e+09 6.9095258217704180e+05 8.3101109193840666e+09 1.7244161957541578e+09 4.9194798401664925e+28 1.4108212165913558e+01 3.0000000000000000e+00 6.3229086435453304e+01
5.0991916734590691e+10 8.9682032220197145e-05 8.8846260948992519e+09 6.9094693966932059e+05 8.3098394721567822e+09 1.7243598682274148e+09 4.9862449077079596e+28 1.4171467697355235e+01 3.0000000000000000e+00 6.3227520930584120e+01
5.1221812130454674e+10 8.9679815315699035e-05 8.8843332634974937e+09 6.9094124631037866e+05 8.3095655853420725e+09 1.7243030344662690e+09 5.0539154116572082e+28 1.4235003704013829e+01 3.0000000000000000e+00 6.3225941530939430e+01
5.1452744002223549e+10 8.9677578469612437e-05 8.8840378004525414e+09 6.9093550164320786e+05 8.3092892371370592e+09 1.7242456899464436e+09 5.1225036158908456e+28 1.4298821387443731e+01 3.0000000000000000e+00 6.3224348114398687e+01
5.1684717022815178e+10 8.9675321503398852e-05 8.8837396822474232e+09 6.9092970520671480e+05 8.3090104055461979e+09 1.7241878301036785e+09 5.1920219500504930e+28 1.4362921953780003e+01 3.0000000000000000e+00 6.3222740557784526e+01
5.1917735886215111e+10 8.9673044236936861e-05 8.8834388851574688e+09 6.9092385653568571e+05 8.3087290683796721e+09 1.7241294503333936e+09 5.2624830117755207e+28 1.4427306613747989e+01 3.0000000000000000e+00 6.3221118736853889e+01
5.2151805307571587e+10 8.9670746488507470e-05 8.8831353852485008e+09 6.9091795516075543e+05 8.3084452032517042e+09 1.7240705459903963e+09 5.3338995689656716e+28 1.4491976582672880e+01 3.0000000000000000e+00 6.3219482526291081e+01
5.2386930023290939e+10 8.9668428074781293e-05 8.8828291583748817e+09 6.9091200060835411e+05 8.3081587875787640e+09 1.7240111123883641e+09 5.4062845620739488e+28 1.4556933080489106e+01 3.0000000000000000e+00 6.3217831799693649e+01
5.2623114791133446e+10 8.9666088810803348e-05 8.8825201801779022e+09 6.9090599240069138e+05 8.3078697985780029e+09 1.7239511447997024e+09 5.4796511064302416e+28 1.4622177331749699e+01 3.0000000000000000e+00 6.3216166429569597e+01
5.2860364390309563e+10 8.9663728509980069e-05 8.8822084260838604e+09 6.9089993005570676e+05 8.3075782132655048e+09 1.7238906384550681e+09 5.5540124945959984e+28 1.4687710565635468e+01 3.0000000000000000e+00 6.3214486287324156e+01
5.3098683621576691e+10 8.9661346984064143e-05 8.8818938713020802e+09 6.9089381308702892e+05 8.3072840084544230e+09 1.7238295885429778e+09 5.6293821987504505e+28 1.4753534015964137e+01 3.0000000000000000e+00 6.3212791243250457e+01
5.3338077307336258e+10 8.9658944043141336e-05 8.8815764908233070e+09 6.9088764100394724e+05 8.3069871607534609e+09 1.7237679902095420e+09 5.7057738731087532e+28 1.4819648921199335e+01 3.0000000000000000e+00 6.3211081166521971e+01
5.3578550291731369e+10 8.9656519495614464e-05 8.8812562594176292e+09 6.9088141331137111e+05 8.3066876465649385e+09 1.7237058385580759e+09 5.7832013563724725e+28 1.4886056524459466e+01 3.0000000000000000e+00 6.3209355925183182e+01
5.3820107440744766e+10 8.9654073148190053e-05 8.8809331516326141e+09 6.9087512950978475e+05 8.3063854420830603e+09 1.7236431286486661e+09 5.8616786742128555e+28 1.4952758073526489e+01 3.0000000000000000e+00 6.3207615386138009e+01
5.4062753642297318e+10 8.9651604805863119e-05 8.8806071417914028e+09 6.9086878909521247e+05 8.3060805232921257e+09 1.7235798554978428e+09 5.9412200417873019e+28 1.5019754820854548e+01 3.0000000000000000e+00 6.3205859415141212e+01
5.4306493806346924e+10 8.9649114271902442e-05 8.8802782039909210e+09 6.9086239155918709e+05 8.3057728659648285e+09 1.7235160140782819e+09 6.0218398662895127e+28 1.5087048023578495e+01 3.0000000000000000e+00 6.3204087876791235e+01
5.4551332864987885e+10 8.9646601347835732e-05 8.8799463120996361e+09 6.9085593638869096e+05 8.3054624456602268e+09 1.7234515993182352e+09 6.1035527495337213e+28 1.5154638943522329e+01 3.0000000000000000e+00 6.3202300634514792e+01
5.4797275772550667e+10 8.9644065833434025e-05 8.8796114397559204e+09 6.9084942306613922e+05 8.3051492377221289e+09 1.7233866061013832e+09 6.1863734905734542e+28 1.5222528847207403e+01 3.0000000000000000e+00 6.3200497550563917e+01
5.5044327505702187e+10 8.9641507526697255e-05 8.8792735603658543e+09 6.9084285106932046e+05 8.3048332172771015e+09 1.7233210292662623e+09 6.2703170883553448e+28 1.5290719005860613e+01 3.0000000000000000e+00 6.3198678486000382e+01
5.5292493063546501e+10 8.9638926223838280e-05 8.8789326471013412e+09 6.9083621987136733e+05 8.3045143592326775e+09 1.7232548636059895e+09 6.3553987444083565e+28 1.5359210695422400e+01 3.0000000000000000e+00 6.3196843300689338e+01
5.5541777467725952e+10 8.9636321719267838e-05 8.8785886728980350e+09 6.9082952894070861e+05 8.3041926382754354e+09 1.7231881038678062e+09 6.4416338655689906e+28 1.5428005196554601e+01 3.0000000000000000e+00 6.3194991853286652e+01
5.5792185762522812e+10 8.9633693805578582e-05 8.8782416104534321e+09 6.9082277774103661e+05 8.3038680288691769e+09 1.7231207447527723e+09 6.5290380667428778e+28 1.5497103794648227e+01 3.0000000000000000e+00 6.3193124001232277e+01
5.6043723014961327e+10 8.9631042273530010e-05 8.8778914322246475e+09 6.9081596573125105e+05 8.3035405052529087e+09 1.7230527809152277e+09 6.6176271737032771e+28 1.5566507779831021e+01 3.0000000000000000e+00 6.3191239600735123e+01
5.6296394314910248e+10 8.9628366912031699e-05 8.8775381104266033e+09 6.9080909236543719e+05 8.3032100414390726e+09 1.7229842069625938e+09 6.7074172259269269e+28 1.5636218446974928e+01 3.0000000000000000e+00 6.3189338506768749e+01
5.6550204775185844e+10 8.9625667508128222e-05 8.8771816170296268e+09 6.9080215709279757e+05 8.3028766112113876e+09 1.7229150174547164e+09 6.7984244794678105e+28 1.5706237095703399e+01 3.0000000000000000e+00 6.3187420573054112e+01
5.6805159531655350e+10 8.9622943846982427e-05 8.8768219237577705e+09 6.9079515935763903e+05 8.3025401881231861e+09 1.7228452069037557e+09 6.8906654098692462e+28 1.5776565030398539e+01 3.0000000000000000e+00 6.3185485652056748e+01
5.7061263743340889e+10 8.9620195711859681e-05 8.8764590020863113e+09 6.9078809859930049e+05 8.3022007454951496e+09 1.7227747697734895e+09 6.9841567151148990e+28 1.5847203560208127e+01 3.0000000000000000e+00 6.3183533594969020e+01
5.7318522592523857e+10 8.9617422884111022e-05 8.8760928232398949e+09 6.9078097425213037e+05 8.3018582564135275e+09 1.7227037004791100e+09 7.0789153186191470e+28 1.5918153999052446e+01 3.0000000000000000e+00 6.3181564251704536e+01
5.7576941284849815e+10 8.9614625143157061e-05 8.8757233581903210e+09 6.9077378574543493e+05 8.3015126937280760e+09 1.7226319933867323e+09 7.1749583722573821e+28 1.5989417665630981e+01 3.0000000000000000e+00 6.3179577470886024e+01
5.7836525049433800e+10 8.9611802266471063e-05 8.8753505776542912e+09 6.9076653250343003e+05 8.3011640300499802e+09 1.7225596428129354e+09 7.2723032594367358e+28 1.6060995883428948e+01 3.0000000000000000e+00 6.3177573099832827e+01
5.8097279138966141e+10 8.9608954029562517e-05 8.8749744520913830e+09 6.9075921394520276e+05 8.3008122377499142e+09 1.7224866430244052e+09 7.3709675982077760e+28 1.6132889980723647e+01 3.0000000000000000e+00 6.3175550984552302e+01
5.8359208829818748e+10 8.9606080205959830e-05 8.8745949517017670e+09 6.9075182948466437e+05 8.3004572889559383e+09 1.7224129882374873e+09 7.4709692444176993e+28 1.6205101290590672e+01 3.0000000000000000e+00 6.3173510969728028e+01
5.8622319422151886e+10 8.9603180567193592e-05 8.8742120464240398e+09 6.9074437853050418e+05 8.3000991555514545e+09 1.7223386726177537e+09 7.5723262949056227e+28 1.6277631150909915e+01 3.0000000000000000e+00 6.3171452898708580e+01
5.8886616240021423e+10 8.9600254882778941e-05 8.8738257059330082e+09 6.9073686048614839e+05 8.2997378091731358e+09 1.7222636902796166e+09 7.6750570907404177e+28 1.6350480904371430e+01 3.0000000000000000e+00 6.3169376613498081e+01
5.9152104631486557e+10 8.9597302920199086e-05 8.8734358996373005e+09 6.9072927474969835e+05 8.2993732212087240e+09 1.7221880352857385e+09 7.7791802205017697e+28 1.6423651898481097e+01 3.0000000000000000e+00 6.3167281954740034e+01
5.9418789968718033e+10 8.9594324444886874e-05 8.8730425966773834e+09 6.9072162071390799e+05 8.2990053627951069e+09 1.7221117016468325e+09 7.8847145236049545e+28 1.6497145485566115e+01 3.0000000000000000e+00 6.3165168761713474e+01
5.9686677648106850e+10 8.9591319220207725e-05 8.8726457659230289e+09 6.9071389776611771e+05 8.2986342048160200e+09 1.7220346833210309e+09 7.9916790936699054e+28 1.6570963022780280e+01 3.0000000000000000e+00 6.3163036872315644e+01
5.9955773090373482e+10 8.9588287007442088e-05 8.8722453759711037e+09 6.9070610528821079e+05 8.2982597178999443e+09 1.7219569742134767e+09 8.1000932819352397e+28 1.6645105872109152e+01 3.0000000000000000e+00 6.3160886123051647e+01
6.0226081740677513e+10 8.9585227565766880e-05 8.8718413951432991e+09 6.9069824265657272e+05 8.2978818724179840e+09 1.7218785681759460e+09 8.2099767007176724e+28 1.6719575400374932e+01 3.0000000000000000e+00 6.3158716349025596e+01
6.0497609068727875e+10 8.9582140652237874e-05 8.8714337914837475e+09 6.9069030924203689e+05 8.2975006384816360e+09 1.7217994590063341e+09 8.3213492269176282e+28 1.6794372979241199e+01 3.0000000000000000e+00 6.3156527383926210e+01
6.0770360568893494e+10 8.9579026021771507e-05 8.8710225327566891e+09 6.9068230440983782e+05 8.2971159859406195e+09 1.7217196404482176e+09 8.4342310055714445e+28 1.6869499985217473e+01 3.0000000000000000e+00 6.3154319060016391e+01
6.1044341760314484e+10 8.9575883427126654e-05 8.8706075864440269e+09 6.9067422751955548e+05 8.2967278843805838e+09 1.7216391061903291e+09 8.5486424534509283e+28 1.6944957799663488e+01 3.0000000000000000e+00 6.3152091208119138e+01
6.1319558187013817e+10 8.9572712618885548e-05 8.8701889197431374e+09 6.9066607792508439e+05 8.2963363031210451e+09 1.7215578498662779e+09 8.6646042627108332e+28 1.7020747808793352e+01 3.0000000000000000e+00 6.3149843657610894e+01
6.1596015418009521e+10 8.9569513345436074e-05 8.8697664995641785e+09 6.9065785497455765e+05 8.2959412112129059e+09 1.7214758650538228e+09 8.7821374045848692e+28 1.7096871403679451e+01 3.0000000000000000e+00 6.3147576236402450e+01
6.1873719047427345e+10 8.9566285352952343e-05 8.8693402925279312e+09 6.9064955801031925e+05 8.2955425774363909e+09 1.7213931452746265e+09 8.9012631331309062e+28 1.7173329980256110e+01 3.0000000000000000e+00 6.3145288770932474e+01
6.2152674694613998e+10 8.9563028385375833e-05 8.8689102649631271e+09 6.9064118636885751e+05 8.2951403702985878e+09 1.7213096839936242e+09 9.0220029890260473e+28 1.7250124939323136e+01 3.0000000000000000e+00 6.3142981086152020e+01
6.2432888004250801e+10 8.9559742184396488e-05 8.8684763829042263e+09 6.9063273938076920e+05 8.2947345580313272e+09 1.7212254746186962e+09 9.1443788034121177e+28 1.7327257686548990e+01 3.0000000000000000e+00 6.3140653005515183e+01
6.2714364646467949e+10 8.9556426489433214e-05 8.8680386120886898e+09 6.9062421637069364e+05 8.2943251085886774e+09 1.7211405105000441e+09 9.2684127017923845e+28 1.7404729632473899e+01 3.0000000000000000e+00 6.3138304350963857e+01
6.2997110316959251e+10 8.9553081037615069e-05 8.8675969179545879e+09 6.9061561665726360e+05 8.2939119896446762e+09 1.7210547849297342e+09 9.3941271079800372e+28 1.7482542192512593e+01 3.0000000000000000e+00 6.3135934942915149e+01
6.3281130737097328e+10 8.9549705563760811e-05 8.8671512656381493e+09 6.9060693955306453e+05 8.2934951685910435e+09 1.7209682911413250e+09 9.5215447480991848e+28 1.7560696786956903e+01 3.0000000000000000e+00 6.3133544600252677e+01
6.3566431654049469e+10 8.9546299800360359e-05 8.8667016199710693e+09 6.9059818436456309e+05 8.2930746125346746e+09 1.7208810223091872e+09 9.6506886546390746e+28 1.7639194840978096e+01 3.0000000000000000e+00 6.3131133140308329e+01
6.3853018840893837e+10 8.9542863477553867e-05 8.8662479454780712e+09 6.9058935039207013e+05 8.2926502882953491e+09 1.7207929715481713e+09 9.7815821705620987e+28 1.7718037784628898e+01 3.0000000000000000e+00 6.3128700378854063e+01
6.4140898096736366e+10 8.9539396323111940e-05 8.8657902063742485e+09 6.9058043692967901e+05 8.2922221624032421e+09 1.7207041319130273e+09 9.9142489534665181e+28 1.7797227052845439e+01 3.0000000000000000e+00 6.3126246130087324e+01
6.4430075246828041e+10 8.9535898062416237e-05 8.8653283665624809e+09 6.9057144326520874e+05 8.2917902010965242e+09 1.7206144963978732e+09 1.0048712979804368e+29 1.7876764085448723e+01 3.0000000000000000e+00 6.3123770206616449e+01
6.4720556142682816e+10 8.9532368418438141e-05 8.8648623896308174e+09 6.9056236868015537e+05 8.2913543703189030e+09 1.7205240579357491e+09 1.0184998549155473e+29 1.7956650327146050e+01 3.0000000000000000e+00 6.3121272419450044e+01
6.5012346662195999e+10 8.9528807111718741e-05 8.8643922388499012e+09 6.9055321244963817e+05 8.2909146357171974e+09 1.7204328093981161e+09 1.0323130288558157e+29 1.8036887227532031e+01 3.0000000000000000e+00 6.3118752577983606e+01
6.5305452709763214e+10 8.9525213860348410e-05 8.8639178771701736e+09 6.9054397384233354e+05 8.2904709626387606e+09 1.7203407435942359e+09 1.0463133156897513e+29 1.8117476241089431e+01 3.0000000000000000e+00 6.3116210489983750e+01
6.5599880216399841e+10 8.9521588379945066e-05 8.8634392672192726e+09 6.9053465212043095e+05 8.2900233161290178e+09 1.7202478532707713e+09 1.0605032449351852e+29 1.8198418827189688e+01 3.0000000000000000e+00 6.3113645961578143e+01
6.5895635139861053e+10 8.9517930383634545e-05 8.8629563712993450e+09 6.9052524653956736e+05 8.2895716609289570e+09 1.7201541311111712e+09 1.0748853801898234e+29 1.8279716450093169e+01 3.0000000000000000e+00 6.3111058797238819e+01
6.6192723464762375e+10 8.9514239582028204e-05 8.8624691513842678e+09 6.9051575634877547e+05 8.2891159614725370e+09 1.7200595697351949e+09 1.0894623195877720e+29 1.8361370578949195e+01 3.0000000000000000e+00 6.3108448799771288e+01
6.6491151202700775e+10 8.9510515683202210e-05 8.8619775691169357e+09 6.9050618079042435e+05 8.2886561818841496e+09 1.7199641616983614e+09 1.1042366962621231e+29 1.8443382687795701e+01 3.0000000000000000e+00 6.3105815770299188e+01
6.6790924392376297e+10 8.9506758392676140e-05 8.8614815858065243e+09 6.9049651910016243e+05 8.2881922859760542e+09 1.7198678994914222e+09 1.1192111788136705e+29 1.8525754255558660e+01 3.0000000000000000e+00 6.3103159508250968e+01
6.7092049099714294e+10 8.9502967413390930e-05 8.8609811624255962e+09 6.9048677050685417e+05 8.2877242372456722e+09 1.7197707755397735e+09 1.1343884717858462e+29 1.8608486766051243e+01 3.0000000000000000e+00 6.3100479811345444e+01
6.7394531417988121e+10 8.9499142445687358e-05 8.8604762596074486e+09 6.9047693423253065e+05 8.2872519988731136e+09 1.7196727822030056e+09 1.1497713161459491e+29 1.8691581707972599e+01 3.0000000000000000e+00 6.3097776475579181e+01
6.7698377467942467e+10 8.9495283187284003e-05 8.8599668376431580e+09 6.9046700949232047e+05 8.2867755337184057e+09 1.7195739117742596e+09 1.1653624897727526e+29 1.8775040574906381e+01 3.0000000000000000e+00 6.3095049295210728e+01
6.8003593397917198e+10 8.9491389333254927e-05 8.8594528564788074e+09 6.9045699549439666e+05 8.2862948043188953e+09 1.7194741564797409e+09 1.1811648079505729e+29 1.8858864865318999e+01 3.0000000000000000e+00 6.3092298062747631e+01
6.8310185383971779e+10 8.9487460576007352e-05 8.8589342757125244e+09 6.9044689143990981e+05 8.2858097728864918e+09 1.7193735084781003e+09 1.1971811238698849e+29 1.8943056082557476e+01 3.0000000000000000e+00 6.3089522568930803e+01
6.8618159630010216e+10 8.9483496605259380e-05 8.8584110545916538e+09 6.9043669652293040e+05 8.2853204013050184e+09 1.7192719598599043e+09 1.2134143291345637e+29 1.9027615734847060e+01 3.0000000000000000e+00 6.3086722602720620e+01
6.8927522367906647e+10 8.9479497108017132e-05 8.8578831520099220e+09 6.9042640993039333e+05 8.2848266511275473e+09 1.7191695026471300e+09 1.2298673542758469e+29 1.9112545335288488e+01 3.0000000000000000e+00 6.3083897951283852e+01
6.9238279857631363e+10 8.9475461768551815e-05 8.8573505265043163e+09 6.9041603084202367e+05 8.2843284835734921e+09 1.7190661287924724e+09 1.2465431692730996e+29 1.9197846401854875e+01 3.0000000000000000e+00 6.3081048399976424e+01
6.9550438387377594e+10 8.9471390268376763e-05 8.8568131362522316e+09 6.9040555843028170e+05 8.2838258595259495e+09 1.7189618301788466e+09 1.2634447840814723e+29 1.9283520457388374e+01 3.0000000000000000e+00 6.3078173732329645e+01
6.9864004273688614e+10 8.9467282286224292e-05 8.8562709390685139e+09 6.9039499186030007e+05 8.2833187395289116e+09 1.7188565986188107e+09 1.2805752491665359e+29 1.9369569029596370e+01 3.0000000000000000e+00 6.3075273730036095e+01
7.0178983861585693e+10 8.9463137498022185e-05 8.8557238924024296e+09 6.9038433028981928e+05 8.2828070837844381e+09 1.7187504258539732e+09 1.2979376560459986e+29 1.9455993651047457e+01 3.0000000000000000e+00 6.3072348172934056e+01
7.0495383524696350e+10 8.9458955576869772e-05 8.8551719533345680e+09 6.9037357286912133e+05 8.2822908521497765e+09 1.7186433035543842e+09 1.3155351378385756e+29 1.9542795859166922e+01 3.0000000000000000e+00 6.3069396838991942e+01
7.0813209665383469e+10 8.9454736193015133e-05 8.8546150785739212e+09 6.9036271874096664e+05 8.2817700041346025e+09 1.7185352233179584e+09 1.3333708698201280e+29 1.9629977196232041e+01 3.0000000000000000e+00 6.3066419504293229e+01
7.1132468714874725e+10 8.9450479013830086e-05 8.8540532244547272e+09 6.9035176704053092e+05 8.2812444988980942e+09 1.7184261766699004e+09 1.3514480699871424e+29 1.9717539209366841e+01 3.0000000000000000e+00 6.3063415943021688e+01
7.1453167133392807e+10 8.9446183703786650e-05 8.8534863469333763e+09 6.9034071689533512e+05 8.2807142952460232e+09 1.7183161550620596e+09 1.3697699996276634e+29 1.9805483450536620e+01 3.0000000000000000e+00 6.3060385927444905e+01
7.1775311410286087e+10 8.9441849924432523e-05 8.8529144015853424e+09 6.9032956742518325e+05 8.2801793516278877e+09 1.7182051498723683e+09 1.3883399638997685e+29 1.9893811476542030e+01 3.0000000000000000e+00 6.3057329227899700e+01
7.2098908064159958e+10 8.9437477334366618e-05 8.8523373436020279e+09 6.9031831774209463e+05 8.2796396261339560e+09 1.7180931524042199e+09 1.4071613124176802e+29 1.9982524849012805e+01 3.0000000000000000e+00 6.3054245612776008e+01
7.2423963643008743e+10 8.9433065589214557e-05 8.8517551277875824e+09 6.9030696695023426e+05 8.2790950764923058e+09 1.7179801538858356e+09 1.4262374398456252e+29 2.0071625134401078e+01 3.0000000000000000e+00 6.3051134848500602e+01
7.2750484724348175e+10 8.9428614341603168e-05 8.8511677085557117e+09 6.9029551414584811e+05 8.2785456600658226e+09 1.7178661454696765e+09 1.4455717864995231e+29 2.0161113903974357e+01 3.0000000000000000e+00 6.3047996699522002e+01
7.3078477915348480e+10 8.9424123241136415e-05 8.8505750399265251e+09 6.9028395841719187e+05 8.2779913338492641e+09 1.7177511182317922e+09 1.4651678389566238e+29 2.0250992733808012e+01 3.0000000000000000e+00 6.3044830928293408e+01
7.3407949852968155e+10 8.9419591934368999e-05 8.8499770755232162e+09 6.9027229884446389e+05 8.2774320544661484e+09 1.7176350631712155e+09 1.4850291306731920e+29 2.0341263204777484e+01 3.0000000000000000e+00 6.3041637295257452e+01
7.3738907204088165e+10 8.9415020064781932e-05 8.8493737685688896e+09 6.9026053449973371e+05 8.2768677781657867e+09 1.7175179712093105e+09 1.5051592426103265e+29 2.0431926902549950e+01 3.0000000000000000e+00 6.3038415558829065e+01
7.4071356665646881e+10 8.9410407272756318e-05 8.8487650718832207e+09 6.9024866444687266e+05 8.2762984608201733e+09 1.7173998331891434e+09 1.5255618038680435e+29 2.0522985417575644e+01 3.0000000000000000e+00 6.3035165475379053e+01
7.4405304964775635e+10 8.9405753195547465e-05 8.8481509378792419e+09 6.9023668774148775e+05 8.2757240579209490e+09 1.7172806398748891e+09 1.5462404923277211e+29 2.0614440345078776e+01 3.0000000000000000e+00 6.3031886799219521e+01
7.4740758858934784e+10 8.9401057467258999e-05 8.8475313185598888e+09 6.9022460343084158e+05 8.2751445245761900e+09 1.7171603819510972e+09 1.5671990353029987e+29 2.0706293285047931e+01 3.0000000000000000e+00 6.3028579282584083e+01
7.5077725136050507e+10 8.9396319718816752e-05 8.8469061655147362e+09 6.9021241055378621e+05 8.2745598155073709e+09 1.7170390500221004e+09 1.5884412101992663e+29 2.0798545842226126e+01 3.0000000000000000e+00 6.3025242675612809e+01
7.5416210614652084e+10 8.9391539577942248e-05 8.8462754299165974e+09 6.9020010814068792e+05 8.2739698850461540e+09 1.7169166346113312e+09 1.6099708451818336e+29 2.0891199626100345e+01 3.0000000000000000e+00 6.3021876726334860e+01
7.5756222144009949e+10 8.9386716669126131e-05 8.8456390625181885e+09 6.9018769521335908e+05 8.2733746871312847e+09 1.7167931261607118e+09 1.6317918198529012e+29 2.0984256250890706e+01 3.0000000000000000e+00 6.3018481180652330e+01
7.6097766604274246e+10 8.9381850613600623e-05 8.8449970136485729e+09 6.9017517078497959e+05 8.2727741753052616e+09 1.7166685150299423e+09 1.6539080659374428e+29 2.1077717335539067e+01 3.0000000000000000e+00 6.3015055782322278e+01
7.6440850906614014e+10 8.9376941029314008e-05 8.8443492332098484e+09 6.9016253386002197e+05 8.2721683027112417e+09 1.7165427914958241e+09 1.6763235679781113e+29 2.1171584503697222e+01 3.0000000000000000e+00 6.3011600272938367e+01
7.6785481993357132e+10 8.9371987530901707e-05 8.8436956706735554e+09 6.9014978343417938e+05 8.2715570220896826e+09 1.7164159457516172e+09 1.6990423640393003e+29 2.1265859383714684e+01 3.0000000000000000e+00 6.3008114391915569e+01
7.7131666838130676e+10 8.9366989729660300e-05 8.8430362750773392e+09 6.9013691849429137e+05 8.2709402857752171e+09 1.7162879679063721e+09 1.7220685464204456e+29 2.1360543608625836e+01 3.0000000000000000e+00 6.3004597876471230e+01
7.7479412446002136e+10 8.9361947233518511e-05 8.8423709950212498e+09 6.9012393801826402e+05 8.2703180456931820e+09 1.7161588479842098e+09 1.7454062623787289e+29 2.1455638816136741e+01 3.0000000000000000e+00 6.3001050461608003e+01
7.7828725853621109e+10 8.9356859647010819e-05 8.8416997786643429e+09 6.9011084097499447e+05 8.2696902533564596e+09 1.7160285759236474e+09 1.7690597148612657e+29 2.1551146648611397e+01 3.0000000000000000e+00 6.2997471880095105e+01
7.8179614129361694e+10 8.9351726571248240e-05 8.8410225737209854e+09 6.9009762632429251e+05 8.2690568598620195e+09 1.7158971415768931e+09 1.7930331632469230e+29 2.1647068753057461e+01 3.0000000000000000e+00 6.2993861862450856e+01
7.8532084373465530e+10 8.9346547603890382e-05 8.8403393274573479e+09 6.9008429301680601e+05 8.2684178158876200e+09 1.7157645347091837e+09 1.8173309240978777e+29 2.1743406781111510e+01 3.0000000000000000e+00 6.2990220136925352e+01
7.8886143718185440e+10 8.9341322339117228e-05 8.8396499866878033e+09 6.9007083999394230e+05 8.2677730716884451e+09 1.7156307449980814e+09 1.8419573719210501e+29 2.1840162389023757e+01 3.0000000000000000e+00 6.2986546429481862e+01
7.9241799327929825e+10 8.9336050367600512e-05 8.8389544977712135e+09 6.9005726618778403e+05 8.2671225770936422e+09 1.7154957620327182e+09 1.8669169399395345e+29 2.1937337237642279e+01 3.0000000000000000e+00 6.2982840463777492e+01
7.9599058399407547e+10 8.9330731276474569e-05 8.8382528066072235e+09 6.9004357052100869e+05 8.2664662815028677e+09 1.7153595753130765e+09 1.8922141208741497e+29 2.2034932992396637e+01 3.0000000000000000e+00 6.2979101961144544e+01
7.9957928161773605e+10 8.9325364649306996e-05 8.8375448586326580e+09 6.9002975190681568e+05 8.2658041338828773e+09 1.7152221742493486e+09 1.9178534677352446e+29 2.2132951323281027e+01 3.0000000000000000e+00 6.2975330640573880e+01
8.0318415876775421e+10 8.9319950066069859e-05 8.8368305988178425e+09 6.9001580924884463e+05 8.2651360827641087e+09 1.7150835481612091e+09 1.9438395946249027e+29 2.2231393904836860e+01 3.0000000000000000e+00 6.2971526218695963e+01
8.0680528838899750e+10 8.9314487103110159e-05 8.8361099716627102e+09 6.9000174144108407e+05 8.2644620762370462e+09 1.7149436862769938e+09 1.9701771775496416e+29 2.2330262416134726e+01 3.0000000000000000e+00 6.2967688409759326e+01
8.1044274375520309e+10 8.9308975333119599e-05 8.8353829211930389e+09 6.8998754736779258e+05 8.2637820619487076e+09 1.7148025777330024e+09 1.9968709552437874e+29 2.2429558540755909e+01 3.0000000000000000e+00 6.2963816925612811e+01
8.1409659847046051e+10 8.9303414325105050e-05 8.8346493909568405e+09 6.8997322590342513e+05 8.2630959870992203e+09 1.7146602115728583e+09 2.0239257300036277e+29 2.2529283966773210e+01 3.0000000000000000e+00 6.2959911475688870e+01
8.1776692647070084e+10 8.9297803644358250e-05 8.8339093240203362e+09 6.8995877591253794e+05 8.2624037984381208e+09 1.7145165767466512e+09 2.0513463685324919e+29 2.2629440386731261e+01 3.0000000000000000e+00 6.2955971766980809e+01
8.2145380202519287e+10 8.9292142852425403e-05 8.8331626629641724e+09 6.8994419624970667e+05 8.2617054422607670e+09 1.7143716621102188e+09 2.0791378027968986e+29 2.2730029497626187e+01 3.0000000000000000e+00 6.2951997504024590e+01
8.2515729973804611e+10 8.9286431507076773e-05 8.8324093498795586e+09 6.8992948575944244e+05 8.2610008644047585e+09 1.7142254564244051e+09 2.1073050308939125e+29 2.2831053000884747e+01 3.0000000000000000e+00 6.2947988388879452e+01
8.2887749454972015e+10 8.9280669162275435e-05 8.8316493263644047e+09 6.8991464327611029e+05 8.2602900102462912e+09 1.7140779483543477e+09 2.1358531179298479e+29 2.2932512602342761e+01 3.0000000000000000e+00 6.2943944121108906e+01
8.3261446173854111e+10 8.9274855368146524e-05 8.8308825335192928e+09 6.8989966762383468e+05 8.2595728246964178e+09 1.7139291264686341e+09 2.1647871969104657e+29 2.3034410012223024e+01 3.0000000000000000e+00 6.2939864397759330e+01
8.3636827692222519e+10 8.9268989670945984e-05 8.8301089119435768e+09 6.8988455761641543e+05 8.2588492521973886e+09 1.7137789792385681e+09 2.1941124696428195e+29 2.3136746945112492e+01 3.0000000000000000e+00 6.2935748913340532e+01
8.4013901605940857e+10 8.9263071613028972e-05 8.8293284017313824e+09 6.8986931205723947e+05 8.2581192367189207e+09 1.7136274950373921e+09 2.2238342076488798e+29 2.3239525119938943e+01 3.0000000000000000e+00 6.2931597359805352e+01
8.4392675545118774e+10 8.9257100732818154e-05 8.8285409424677029e+09 6.8985392973919841e+05 8.2573827217545118e+09 1.7134746621395729e+09 2.2539577530911259e+29 2.3342746259946928e+01 3.0000000000000000e+00 6.2927409426531341e+01
8.4773157174265015e+10 8.9251076564771928e-05 8.8277464732241955e+09 6.8983840944458800e+05 8.2566396503175611e+09 1.7133204687199059e+09 2.2844885197101039e+29 2.3446412092672801e+01 3.0000000000000000e+00 6.2923184800296788e+01
8.5155354192444504e+10 8.9244998639351905e-05 8.8269449325552158e+09 6.8982274994502519e+05 8.2558899649376192e+09 1.7131649028527987e+09 2.3154319937744789e+29 2.3550524349919794e+01 3.0000000000000000e+00 6.2918923165262683e+01
8.5539274333432861e+10 8.9238866482990815e-05 8.8261362584937649e+09 6.8980695000135829e+05 8.2551336076566029e+09 1.7130079525114877e+09 2.3467937350432401e+29 2.3655084767731694e+01 3.0000000000000000e+00 6.2914624202952062e+01
8.5924925365873123e+10 8.9232679618059856e-05 8.8253203885472717e+09 6.8979100836356985e+05 8.2543705200248785e+09 1.7128496055671825e+09 2.3785793777405688e+29 2.3760095086366107e+01 3.0000000000000000e+00 6.2910287592227014e+01
8.6312315093433029e+10 8.9226437562835766e-05 8.8244972596935635e+09 6.8977492377069057e+05 8.2536006430974598e+09 1.7126898497883236e+09 2.4107946315434230e+29 2.3865557050267117e+01 3.0000000000000000e+00 6.2905913009269995e+01
8.6701451354962921e+10 8.9220139831467832e-05 8.8236668083765812e+09 6.8975869495069864e+05 8.2528239174300156e+09 1.7125286728396971e+09 2.4434452825819777e+29 2.3971472408037091e+01 3.0000000000000000e+00 6.2901500127560418e+01
8.7092342024654312e+10 8.9213785933944269e-05 8.8228289705023479e+09 6.8974232062043995e+05 8.2520402830750952e+09 1.7123660622817588e+09 2.4765371944531128e+29 2.4077842912407831e+01 3.0000000000000000e+00 6.2897048617856505e+01
8.7484995012199249e+10 8.9207375376059177e-05 8.8219836814345627e+09 6.8972579948551650e+05 8.2512496795780153e+09 1.7122020055696440e+09 2.5100763092470994e+29 2.4184670320211001e+01 3.0000000000000000e+00 6.2892558148169961e+01
8.7879418262950378e+10 8.9200907659378403e-05 8.8211308759904671e+09 6.8970913024020218e+05 8.2504520459729834e+09 1.7120364900524518e+09 2.5440686485876665e+29 2.4291956392347839e+01 3.0000000000000000e+00 6.2888028383746928e+01
8.8275619758081726e+10 8.9194382281205823e-05 8.8202704884365559e+09 6.8969231156734424e+05 8.2496473207790956e+09 1.7118695029723897e+09 2.5785203146855970e+29 2.4399702893758057e+01 3.0000000000000000e+00 6.2883458987045110e+01
8.8673607514750153e+10 8.9187798734548999e-05 8.8194024524842377e+09 6.8967534213826363e+05 8.2488354419962683e+09 1.7117010314639082e+09 2.6134374914060348e+29 2.4507911593388016e+01 3.0000000000000000e+00 6.2878849617711715e+01
8.9073389586257629e+10 8.9181156508084052e-05 8.8185267012855740e+09 6.8965822061266820e+05 8.2480163471012545e+09 1.7115310625529661e+09 2.6488264453496830e+29 2.4616584264158170e+01 3.0000000000000000e+00 6.2874199932563805e+01
8.9474974062214157e+10 8.9174455086122483e-05 8.8176431674288673e+09 6.8964094563853927e+05 8.2471899730435247e+09 1.7113595831560340e+09 2.6846935269480462e+29 2.4725722682929661e+01 3.0000000000000000e+00 6.2869509585561786e+01
8.9878369068701508e+10 8.9167693948574611e-05 8.8167517829342480e+09 6.8962351585204201e+05 8.2463562562411394e+09 1.7111865800793359e+09 2.7210451715729249e+29 2.4835328630470183e+01 3.0000000000000000e+00 6.2864778227790005e+01
9.0283582768437607e+10 8.9160872570915188e-05 8.8158524792493668e+09 6.8960592987742741e+05 8.2455151325767002e+09 1.7110120400180094e+09 2.7578879006603050e+29 2.4945403891418987e+01 3.0000000000000000e+00 6.2860005507434224e+01
9.0690623360941742e+10 8.9153990424148286e-05 8.8149451872448177e+09 6.8958818632692029e+05 8.2446665373931074e+09 1.7108359495551310e+09 2.7952283228488529e+29 2.5055950254251144e+01 3.0000000000000000e+00 6.2855191069755932e+01
9.1099499082700439e+10 8.9147046974770528e-05 8.8140298372098637e+09 6.8957028380063828e+05 8.2438104054895134e+09 1.7106582951610496e+09 2.8330731351331885e+29 2.5166969511240893e+01 3.0000000000000000e+00 6.2850334557074881e+01
9.1510218207334198e+10 8.9140041684736707e-05 8.8131063588477116e+09 6.8955222088646446e+05 8.2429466711169567e+09 1.7104790631922643e+09 2.8714291240321216e+29 2.5278463458424255e+01 3.0000000000000000e+00 6.2845435608739272e+01
9.1922789045764832e+10 8.9132974011422257e-05 8.8121746812712078e+09 6.8953399615996727e+05 8.2420752679742861e+09 1.7102982398907723e+09 2.9103031667720292e+29 2.5390433895560701e+01 3.0000000000000000e+00 6.2840493861108634e+01
9.2337219946383682e+10 8.9125843407587583e-05 8.8112347329981174e+09 6.8951560818428127e+05 8.2411961292037754e+09 1.7101158113830326e+09 2.9497022324855901e+29 2.5502882626094024e+01 3.0000000000000000e+00 6.2835508947526698e+01
9.2753519295220551e+10 8.9118649321341496e-05 8.8102864419466953e+09 6.8949705551001220e+05 8.2403091873869724e+09 1.7099317636791704e+09 2.9896333834260389e+29 2.5615811457112311e+01 3.0000000000000000e+00 6.2830480498299558e+01
9.3171695516113373e+10 8.9111391196104069e-05 8.8093297354309483e+09 6.8947833667512448e+05 8.2394143745402803e+09 1.7097460826720145e+09 3.0301037761971559e+29 2.5729222199307031e+01 3.0000000000000000e+00 6.2825408140670667e+01
9.3591757070878693e+10 8.9104068470569647e-05 8.8083645401561432e+09 6.8945945020484296e+05 8.2385116221107206e+09 1.7095587541362743e+09 3.0711206629991757e+29 2.5843116666931252e+01 3.0000000000000000e+00 6.2820291498799250e+01
9.4013712459482864e+10 8.9096680578669229e-05 8.8073907822140388e+09 6.8944039461154118e+05 8.2376008609715118e+09 1.7093697637275887e+09 3.1126913928909374e+29 2.5957496677757000e+01 3.0000000000000000e+00 6.2815130193734561e+01
9.4437570220214081e+10 8.9089226949520632e-05 8.8064083870765419e+09 6.8942116839459841e+05 8.2366820214161224e+09 1.7091790969812675e+09 3.1548234130796016e+29 2.6072364053040111e+01 3.0000000000000000e+00 6.2809923843412342e+01
9.4863338929855103e+10 8.9081707007405999e-05 8.8054172795930595e+09 6.8940177004033397e+05 8.2357550331557932e+09 1.7089867393117998e+09 3.1975242702011290e+29 2.6187720617464610e+01 3.0000000000000000e+00 6.2804672062603444e+01
9.5291027203856857e+10 8.9074120171737898e-05 8.8044173839864464e+09 6.8938219802191737e+05 8.2348198253157358e+09 1.7087926760121307e+09 3.2408016116276899e+29 2.6303568199094201e+01 3.0000000000000000e+00 6.2799374462884884e+01
9.5720643696512756e+10 8.9066465857014522e-05 8.8034086238470650e+09 6.8936245079922047e+05 8.2338763264296112e+09 1.7085968922523606e+09 3.2846631868034818e+29 2.6419908629331310e+01 3.0000000000000000e+00 6.2794030652623469e+01
9.6152197101133804e+10 8.9058743472779909e-05 8.8023909221281681e+09 6.8934252681872505e+05 8.2329244644351683e+09 1.7083993730789986e+09 3.3291168485904393e+29 2.6536743742869618e+01 3.0000000000000000e+00 6.2788640236956113e+01
9.6585696150224503e+10 8.9050952423585700e-05 8.8013642011409378e+09 6.8932242451339890e+05 8.2319641666696367e+09 1.7082001034139092e+09 3.3741705546313106e+29 2.6654075377645633e+01 3.0000000000000000e+00 6.2783202817761612e+01
9.7021149615659592e+10 8.9043092108951889e-05 8.8003283825497952e+09 6.8930214230259415e+05 8.2309953598653040e+09 1.7079990680534794e+09 3.4198323687303203e+29 2.6771905374789224e+01 3.0000000000000000e+00 6.2777717993638362e+01
9.7458566308861496e+10 8.9035161923327764e-05 8.7992833873673153e+09 6.8928167859191820e+05 8.2300179701448088e+09 1.7077962516675198e+09 3.4661104622516206e+29 2.6890235578573197e+01 3.0000000000000000e+00 6.2772185359874968e+01
9.7897955080978653e+10 8.9027161256051670e-05 8.7982291359494343e+09 6.8926103177313181e+05 8.2290319230166225e+09 1.7075916387984362e+09 3.5130131155357715e+29 2.7009067836361734e+01 3.0000000000000000e+00 6.2766604508428244e+01
9.8339324823064636e+10 8.9019089491312130e-05 8.7971655479905643e+09 6.8924020022402960e+05 8.2280371433704863e+09 1.7073852138602304e+09 3.5605487193344609e+29 2.7128403998557935e+01 3.0000000000000000e+00 6.2760975027895903e+01
9.8782684466258041e+10 8.9010946008106977e-05 8.7960925425185337e+09 6.8921918230832345e+05 8.2270335554726887e+09 1.7071769611375358e+09 3.6087257762636865e+29 2.7248245918550182e+01 3.0000000000000000e+00 6.2755296503491081e+01
9.9228042981963181e+10 8.9002730180203301e-05 8.7950100378896770e+09 6.8919797637552768e+05 8.2260210829614553e+09 1.7069668647846696e+09 3.6575529022756405e+29 2.7368595452657473e+01 3.0000000000000000e+00 6.2749568517016904e+01
9.9675409382031693e+10 8.8994441376097193e-05 8.7939179517837658e+09 6.8917658076083614e+05 8.2249996488422289e+09 1.7067549088246119e+09 3.7070388281495245e+29 2.7489454460073699e+01 3.0000000000000000e+00 6.2743790646838654e+01
1.0012479271894484e+11 8.8986078958972368e-05 8.7928162011990051e+09 6.8915499378500972e+05 8.2239691754829779e+09 1.7065410771480894e+09 3.7571924010015103e+29 2.7610824802810765e+01 3.0000000000000000e+00 6.2737962467859376e+01
1.0057620208599667e+11 8.8977642286659227e-05 8.7917047024469261e+09 6.8913321375425206e+05 8.2229295846094141e+09 1.7063253535125475e+09 3.8080225858141113e+29 2.7732708345640628e+01 3.0000000000000000e+00 6.2732083551492138e+01
1.0102964661747810e+11 8.8969130711594131e-05 8.7905833711473217e+09 6.8911123896008800e+05 8.2218807973002739e+09 1.7061077215411508e+09 3.8595384669851900e+29 2.7855106956036209e+01 3.0000000000000000e+00 6.2726153465632720e+01
1.0148513548886168e+11 8.8960543580776638e-05 8.7894521222231560e+09 6.8908906767925131e+05 8.2208227339825287e+09 1.7058881647218826e+09 3.9117492498968273e+29 2.7978022504111131e+01 3.0000000000000000e+00 6.2720171774635830e+01
1.0194267791698726e+11 8.8951880235728961e-05 8.7883108698953323e+09 6.8906669817354949e+05 8.2197553144265289e+09 1.7056666664064169e+09 3.9646642625043277e+29 2.8101456862558322e+01 3.0000000000000000e+00 6.2714138039283803e+01
1.0240228316024855e+11 8.8943140012453189e-05 8.7871595276775646e+09 6.8904412868974614e+05 8.2186784577411747e+09 1.7054432098091714e+09 4.0182929569455879e+29 2.8225411906587414e+01 3.0000000000000000e+00 6.2708051816761625e+01
1.0286396051878038e+11 8.8934322241388818e-05 8.7859980083711929e+09 6.8902135745944059e+05 8.2175920823690805e+09 1.7052177780063372e+09 4.0726449111710745e+29 2.8349889513860965e+01 3.0000000000000000e+00 6.2701912660630200e+01
1.0332771933464700e+11 8.8925426247370441e-05 8.7848262240598927e+09 6.8899838269893639e+05 8.2164961060816298e+09 1.7049903539347980e+09 4.1277298305946936e+29 2.8474891564429502e+01 3.0000000000000000e+00 6.2695720120797141e+01
1.0379356899203098e+11 8.8916451349584999e-05 8.7836440861044846e+09 6.8897520260911784e+05 8.2153904459741068e+09 1.7047609203911405e+09 4.1835575497657514e+29 2.8600419940665248e+01 3.0000000000000000e+00 6.2689473743489742e+01
1.0426151891742322e+11 8.8907396861528660e-05 8.7824515051376724e+09 6.8895181537532643e+05 8.2142750184607859e+09 1.7045294600306592e+09 4.2401380340623387e+29 2.8726476527194741e+01 3.0000000000000000e+00 6.2683173071227806e+01
1.0473157857981363e+11 8.8898262090963246e-05 8.7812483910585537e+09 6.8892821916722134e+05 8.2131497392698183e+09 1.7042959553662148e+09 4.2974813814063268e+29 2.8853063210830015e+01 3.0000000000000000e+00 6.2676817642792450e+01
1.0520375749088275e+11 8.8889046339872446e-05 8.7800346530275536e+09 6.8890441213866882e+05 8.2120145234384289e+09 1.7040603887673779e+09 4.3555978240002873e+29 2.8980181880498694e+01 3.0000000000000000e+00 6.2670406993203066e+01
1.0567806520519424e+11 8.8879748904419016e-05 8.7788101994608345e+09 6.8888039242759207e+05 8.2108692853077726e+09 1.7038227424591887e+09 4.4144977300865921e+29 2.9107834427172698e+01 3.0000000000000000e+00 6.2663940653682680e+01
1.0615451132038818e+11 8.8870369074899218e-05 8.7775749380250969e+09 6.8885615815586131e+05 8.2097139385179930e+09 1.7035829985213187e+09 4.4741916057289434e+29 2.9236022743795594e+01 3.0000000000000000e+00 6.2657418151635582e+01
1.0663310547737529e+11 8.8860906135699650e-05 8.7763287756319962e+09 6.8883170742914244e+05 8.2085483960030556e+09 1.7033411388868239e+09 4.5346900966166345e+29 2.9364748725208738e+01 3.0000000000000000e+00 6.2650839010612984e+01
1.0711385736053206e+11 8.8851359365251878e-05 8.7750716184327812e+09 6.8880703833677643e+05 8.2073725699857130e+09 1.7030971453412118e+09 4.5960039898918058e+29 2.9494014268075990e+01 3.0000000000000000e+00 6.2644202750286837e+01
1.0759677669789664e+11 8.8841728035988333e-05 8.7738033718128414e+09 6.8878214895163919e+05 8.2061863719724035e+09 1.7028509995213151e+09 4.6581442159999605e+29 2.9623821270807078e+01 3.0000000000000000e+00 6.2637508886419432e+01
1.0808187326136574e+11 8.8832011414296109e-05 8.7725239403862801e+09 6.8875703733001975e+05 8.2049897127481651e+09 1.7026026829143527e+09 4.7211218505640493e+29 2.9754171633479583e+01 3.0000000000000000e+00 6.2630756930837293e+01
1.0856915686689232e+11 8.8822208760473031e-05 8.7712332279902439e+09 6.8873170151146408e+05 8.2037825023713589e+09 1.7023521768566580e+09 4.7849481162823852e+29 2.9885067257759573e+01 3.0000000000000000e+00 6.2623946391395599e+01
1.0905863737468430e+11 8.8812319328680553e-05 8.7699311376794491e+09 6.8870613951865351e+05 8.2025646501685333e+09 1.7020994625327506e+09 4.8496343848507008e+29 3.0016510046820756e+01 3.0000000000000000e+00 6.2617076771953393e+01
1.0955032468940396e+11 8.8802342366899162e-05 8.7686175717206936e+09 6.8868034935726319e+05 8.2013360647292900e+09 1.7018445209742165e+09 4.9151921789086022e+29 3.0148501905262215e+01 3.0000000000000000e+00 6.2610147572341290e+01
1.1004422876036850e+11 8.8792277116881322e-05 8.7672924315872307e+09 6.8865432901582704e+05 8.2000966539010105e+09 1.7015873330586600e+09 4.9816331740107619e+29 3.0281044739024729e+01 3.0000000000000000e+00 6.2603158288333645e+01
1.1054035958175124e+11 8.8782122814105746e-05 8.7659556179530487e+09 6.8862807646558830e+05 8.1988463247835455e+09 1.7013278795085146e+09 5.0489692006231006e+29 3.0414140455305574e+01 3.0000000000000000e+00 6.2596108411614345e+01
1.1103872719278389e+11 8.8771878687730684e-05 8.7646070306873722e+09 6.8860158966036723e+05 8.1975849837240276e+09 1.7010661408900299e+09 5.1172122461442970e+29 3.0547790962471836e+01 3.0000000000000000e+00 6.2588997429749178e+01
1.1153934167795976e+11 8.8761543960546433e-05 8.7632465688489552e+09 6.8857486653642193e+05 8.1963125363115559e+09 1.7008020976121979e+09 5.1863744569529119e+29 3.0681998169972267e+01 3.0000000000000000e+00 6.2581824826155952e+01
1.1204221316723776e+11 8.8751117848929377e-05 8.7618741306803970e+09 6.8854790501229768e+05 8.1950288873718758e+09 1.7005357299255667e+09 5.2564681404804288e+29 3.0816763988247544e+01 3.0000000000000000e+00 6.2574590080070415e+01
1.1254735183624736e+11 8.8740599562793653e-05 8.7604896136024265e+09 6.8852070298868953e+05 8.1937339409620285e+09 1.7002670179211953e+09 5.3275057673105318e+29 3.0952090328638992e+01 3.0000000000000000e+00 6.2567292666518064e+01
1.1305476790649454e+11 8.8729988305544049e-05 8.7590929142081089e+09 6.8849325834829081e+05 8.1924276003649540e+09 1.6999959415294724e+09 5.3994999733049386e+29 3.1087979103295766e+01 3.0000000000000000e+00 6.2559932056280132e+01
1.1356447164556862e+11 8.8719283274027799e-05 8.7576839282572575e+09 6.8846556895566010e+05 8.1911097680842190e+09 1.6997224805191212e+09 5.4724635617560912e+29 3.1224432225080463e+01 3.0000000000000000e+00 6.2552507715865929e+01
1.1407647336734998e+11 8.8708483658486977e-05 8.7562625506704750e+09 6.8843763265706063e+05 8.1897803458384981e+09 1.6994466144959419e+09 5.5464095055670298e+29 3.1361451607472990e+01 3.0000000000000000e+00 6.2545019107477245e+01
1.1459078343221884e+11 8.8697588642509839e-05 8.7548286755234604e+09 6.8840944728032104e+05 8.1884392345562086e+09 1.6991683229017670e+09 5.6213509494588008e+29 3.1499039164473004e+01 3.0000000000000000e+00 6.2537465688978685e+01
1.1510741224726480e+11 8.8686597402982400e-05 8.7533821960411949e+09 6.8838101063468610e+05 8.1870863343700848e+09 1.6988875850133269e+09 5.6973012122056575e+29 3.1637196810500498e+01 3.0000000000000000e+00 6.2529846913865775e+01
1.1562637026649754e+11 8.8675509110039419e-05 8.7519230045920162e+09 6.8835232051066472e+05 8.1857215446116543e+09 1.6986043799410896e+09 5.7742737888984854e+29 3.1775926460294887e+01 3.0000000000000000e+00 6.2522162231231611e+01
1.1614766799105829e+11 8.8664322927015617e-05 8.7504509926818237e+09 6.8832337467987929e+05 8.1843447638057833e+09 1.6983186866281266e+09 5.8522823532366855e+29 3.1915230028812257e+01 3.0000000000000000e+00 6.2514411085735148e+01
1.1667131596943227e+11 8.8653038010396296e-05 8.7489660509481792e+09 6.8829417089491617e+05 8.1829558896651850e+09 1.6980304838489890e+09 5.9313407598489143e+29 3.2055109431120975e+01 3.0000000000000000e+00 6.2506592917568462e+01
1.1719732479766229e+11 8.8641653509767467e-05 8.7474680691543503e+09 6.8826470688917045e+05 8.1815548190848398e+09 1.6977397502085383e+09 6.0114630466430254e+29 3.2195566582295577e+01 3.0000000000000000e+00 6.2498707162423941e+01
1.1772570511956303e+11 8.8630168567766852e-05 8.7459569361834984e+09 6.8823498037669528e+05 8.1801414481365566e+09 1.6974464641408269e+09 6.0926634371855000e+29 3.2336603397308828e+01 3.0000000000000000e+00 6.2490753251461811e+01
1.1825646762693648e+11 8.8618582320033120e-05 8.7444325400325584e+09 6.8820498905204097e+05 8.1787156720632639e+09 1.6971506039078839e+09 6.1749563431107892e+29 3.2478221790922035e+01 3.0000000000000000e+00 6.2482730611275144e+01
1.1878962305978824e+11 8.8606893895155811e-05 8.7428947678064594e+09 6.8817473059010948e+05 8.1772773852735739e+09 1.6968521475986605e+09 6.2583563665608644e+29 3.2620423677573562e+01 3.0000000000000000e+00 6.2474638663859835e+01
1.1932518220654489e+11 8.8595102414625420e-05 8.7413435057120037e+09 6.8814420264598588e+05 8.1758264813360882e+09 1.6965510731277518e+09 6.3428783026553583e+29 3.2763210971265508e+01 3.0000000000000000e+00 6.2466476826577342e+01
1.1986315590427229e+11 8.8583206992782170e-05 8.7397786390519009e+09 6.8811340285478602e+05 8.1743628529738045e+09 1.6962473582342908e+09 6.4285371419926526e+29 3.2906585585448532e+01 3.0000000000000000e+00 6.2458244512122945e+01
1.2040355503889488e+11 8.8571206736765026e-05 8.7382000522187748e+09 6.8808232883150014e+05 8.1728863920585098e+09 1.6959409804808023e+09 6.5153480731822664e+29 3.3050549432904823e+01 3.0000000000000000e+00 6.2449941128492277e+01
1.2094639054541588e+11 8.8559100746460901e-05 8.7366076286890678e+09 6.8805097817082633e+05 8.1713969896050787e+09 1.6956319172519701e+09 6.6033264854089182e+29 3.3195104425629118e+01 3.0000000000000000e+00 6.2441566078945527e+01
1.2149167340813866e+11 8.8546888114453130e-05 8.7350012510170326e+09 6.8801934844701481e+05 8.1698945357658644e+09 1.6953201457535141e+09 6.6924879710286386e+29 3.3340252474707881e+01 3.0000000000000000e+00 6.2433118761974562e+01
1.2203941466088893e+11 8.8534567925969656e-05 8.7333808008285847e+09 6.8798743721370073e+05 8.1683789198249302e+09 1.6950056430109622e+09 6.7828483281972938e+29 3.3485995490196416e+01 3.0000000000000000e+00 6.2424598571267211e+01
1.2258962538723807e+11 8.8522139258831697e-05 8.7317461588152580e+09 6.8795524200374330e+05 8.1668500301924286e+09 1.6946883858684931e+09 6.8744235635319055e+29 3.3632335380994178e+01 3.0000000000000000e+00 6.2416004895672891e+01
1.2314231672072739e+11 8.8509601183401037e-05 8.7300972047281361e+09 6.8792276032906561e+05 8.1653077543988714e+09 1.6943683509877918e+09 6.9672298948051707e+29 3.3779274054717952e+01 3.0000000000000000e+00 6.2407337119169519e+01
1.2369749984509337e+11 8.8496952762528514e-05 8.7284338173716068e+09 6.8788998968047928e+05 8.1637519790893517e+09 1.6940455148467646e+09 7.0612837536734985e+29 3.3926813417573008e+01 3.0000000000000000e+00 6.2398594620824795e+01
1.2425518599449403e+11 8.8484193051500772e-05 8.7267558745973320e+09 6.8785692752752802e+05 8.1621825900178518e+09 1.6937198537384465e+09 7.1566017884390496e+29 3.4074955374222348e+01 3.0000000000000000e+00 6.2389776774764513e+01
1.2481538645373624e+11 8.8471321097988477e-05 8.7250632532979927e+09 6.8782357131830882e+05 8.1605994720414276e+09 1.6933913437696989e+09 7.2532008668460971e+29 3.4223701827653748e+01 3.0000000000000000e+00 6.2380882950133710e+01
1.2537811255850400e+11 8.8458335941992309e-05 8.7233558294012375e+09 6.8778991847931803e+05 8.1590025091145210e+09 1.6930599608601563e+09 7.3510980789121290e+29 3.4373054679044735e+01 3.0000000000000000e+00 6.2371912511064949e+01
1.2594337569558792e+11 8.8445236615790991e-05 8.7216334778633289e+09 6.8775596641526301e+05 8.1573915842830486e+09 1.6927256807408452e+09 7.4503107397941116e+29 3.4523015827625507e+01 3.0000000000000000e+00 6.2362864816637618e+01
1.2651118730311557e+11 8.8432022143887035e-05 8.7198960726631432e+09 6.8772171250891034e+05 8.1557665796787529e+09 1.6923884789531713e+09 7.5508563926902914e+29 3.4673587170539619e+01 3.0000000000000000e+00 6.2353739220846926e+01
1.2708155887078294e+11 8.8418691542953726e-05 8.7181434867957764e+09 6.8768715412089857e+05 8.1541273765132561e+09 1.6920483308475633e+09 7.6527528117779590e+29 3.4824770602702536e+01 3.0000000000000000e+00 6.2344535072563559e+01
1.2765450194008696e+11 8.8405243821781671e-05 8.7163755922663803e+09 6.8765228858956741e+05 8.1524738550722847e+09 1.6917052115822887e+09 7.7560180051875856e+29 3.4976568016658035e+01 3.0000000000000000e+00 6.2335251715497748e+01
1.2823002810455899e+11 8.8391677981223816e-05 8.7145922600840454e+09 6.8761711323079769e+05 8.1508058947099180e+09 1.6913590961223860e+09 7.8606702180137513e+29 3.5128981302432251e+01 3.0000000000000000e+00 6.2325888488167060e+01
1.2880814900999948e+11 8.8377993014142591e-05 8.7127933602553291e+09 6.8758162533781398e+05 8.1491233738425875e+09 1.6910099592382340e+09 7.9667279353632764e+29 3.5282012347385638e+01 3.0000000000000000e+00 6.2316444723852612e+01
1.2938887635471359e+11 8.8364187905354779e-05 8.7109787617781906e+09 6.8754582218102482e+05 8.1474261699433556e+09 1.6906577755045042e+09 8.0742098854410067e+29 3.5435663036062451e+01 3.0000000000000000e+00 6.2306919750567459e+01
1.2997222188974786e+11 8.8350261631577710e-05 8.7091483326356220e+09 6.8750970100783580e+05 8.1457141595360069e+09 1.6903025192988513e+09 8.1831350426736240e+29 3.5589935250038138e+01 3.0000000000000000e+00 6.2297312891016098e+01
1.3055819741912813e+11 8.8336213161373510e-05 8.7073019397894020e+09 6.8747325904247770e+05 8.1439872181891499e+09 1.6899441648007662e+09 8.2935226308720191e+29 3.5744830867764193e+01 3.0000000000000000e+00 6.2287623462559637e+01
1.3114681480009821e+11 8.8322041455095581e-05 8.7054394491737823e+09 6.8743649348581769e+05 8.1422452205103617e+09 1.6895826859902649e+09 8.4053921264325261e+29 3.5900351764410793e+01 3.0000000000000000e+00 6.2277850777175274e+01
1.3173808594335995e+11 8.8307745464832530e-05 8.7035607256892338e+09 6.8739940151518723e+05 8.1404880401403160e+09 1.6892180566467583e+09 8.5187632615775861e+29 3.6056499811706928e+01 3.0000000000000000e+00 6.2267994141420900e+01
1.3233202281331425e+11 8.8293324134353489e-05 8.7016656331961670e+09 6.8736198028419726e+05 8.1387155497469015e+09 1.6888502503478000e+09 8.6336560276362216e+29 3.6213276877778199e+01 3.0000000000000000e+00 6.2258052856396468e+01
1.3292863742830305e+11 8.8278776399052238e-05 8.6997540345084705e+09 6.8732422692254907e+05 8.1369276210192032e+09 1.6884792404678068e+09 8.7500906783647580e+29 3.6370684826982121e+01 3.0000000000000000e+00 6.2248026217704350e+01
1.3352794186085265e+11 8.8264101185892422e-05 8.6978257913874397e+09 6.8728613853585976e+05 8.1351241246617994e+09 1.6881050001769295e+09 8.8680877333083110e+29 3.6528725519740917e+01 3.0000000000000000e+00 6.2237913515413148e+01
1.3412994823791791e+11 8.8249297413351191e-05 8.6958807645352631e+09 6.8724771220546868e+05 8.1333049303886824e+09 1.6877275024397478e+09 8.9876679812034232e+29 3.6687400812371877e+01 3.0000000000000000e+00 6.2227714034017261e+01
1.3473466874112767e+11 8.8234363991363684e-05 8.6939188135888214e+09 6.8720894498825655e+05 8.1314699069174557e+09 1.6873467200141003e+09 9.1088524834223624e+29 3.6846712556915094e+01 3.0000000000000000e+00 6.2217427052399621e+01
1.3534211560703128e+11 8.8219299821266735e-05 8.6919397971132164e+09 6.8716983391644922e+05 8.1296189219632940e+09 1.6869626254497724e+09 9.2316625774595395e+29 3.7006662600958670e+01 3.0000000000000000e+00 6.2207051843790239e+01
1.3595230112734613e+11 8.8204103795742696e-05 8.6899435725956059e+09 6.8713037599743996e+05 8.1277518422331486e+09 1.6865751910873799e+09 9.3561198804604871e+29 3.7167252787461322e+01 3.0000000000000000e+00 6.2196587675730271e+01
1.3656523764920647e+11 8.8188774798763440e-05 8.6879299964388485e+09 6.8709056821359484e+05 8.1258685334198170e+09 1.6861843890570943e+09 9.4822462927939216e+29 3.7328484954572360e+01 3.0000000000000000e+00 6.2186033810031304e+01
1.3718093757541312e+11 8.8173311705533886e-05 8.6858989239550152e+09 6.8705040752205276e+05 8.1239688601959076e+09 1.6857901912773283e+09 9.6100640016673178e+29 3.7490360935448926e+01 3.0000000000000000e+00 6.2175389502733104e+01
1.3779941336468463e+11 8.8157713382434576e-05 8.6838502093592682e+09 6.8700989085455006e+05 8.1220526862080460e+09 1.6853925694536717e+09 9.7395954847865423e+29 3.7652882558070701e+01 3.0000000000000000e+00 6.2164654004069241e+01
1.3842067753190918e+11 8.8141978686966045e-05 8.6817837057634239e+09 6.8696901511721476e+05 8.1201198740709124e+09 1.6849914950775445e+09 9.8708635140599331e+29 3.7816051645051644e+01 3.0000000000000000e+00 6.2153826558422786e+01
1.3904474264839798e+11 8.8126106467691423e-05 8.6796992651695976e+09 6.8692777719037212e+05 8.1181702853612795e+09 1.6845869394249668e+09 1.0003891159347458e+30 3.7979870013449279e+01 3.0000000000000000e+00 6.2142906404287132e+01
1.3967162134213956e+11 8.8110095564179395e-05 8.6775967384639874e+09 6.8688617392835696e+05 8.1162037806121836e+09 1.6841788735554118e+09 1.0138701792255297e+30 3.8144339474570813e+01 3.0000000000000000e+00 6.2131892774227097e+01
1.4030132629805533e+11 8.8093944806946870e-05 8.6754759754104328e+09 6.8684420215931092e+05 8.1142202193069286e+09 1.6837672683105202e+09 1.0275319089976474e+30 3.8309461833776851e+01 3.0000000000000000e+00 6.2120784894837470e+01
1.4093387025825626e+11 8.8077653017402675e-05 8.6733368246442165e+09 6.8680185868498497e+05 8.1122194598732576e+09 1.6833520943128788e+09 1.0413767039177965e+30 3.8475238890281844e+01 3.0000000000000000e+00 6.2109581986701798e+01
1.4156926602230069e+11 8.8061219007789195e-05 8.6711791336656685e+09 6.8675914028054290e+05 8.1102013596773987e+09 1.6829333219648204e+09 1.0554069939934831e+30 3.8641672436951943e+01 3.0000000000000000e+00 6.2098283264352538e+01
1.4220752644745340e+11 8.8044641581125289e-05 8.6690027488338375e+09 6.8671604369435506e+05 8.1081657750181255e+09 1.6825109214471416e+09 1.0696252409711864e+30 3.8808764260099835e+01 3.0000000000000000e+00 6.2086887936228848e+01
1.4284866444894568e+11 8.8027919531149347e-05 8.6668075153603764e+09 6.8667256564780767e+05 8.1061125611210518e+09 1.6820848627179835e+09 1.0840339387393283e+30 3.8976516139276541e+01 3.0000000000000000e+00 6.2075395204636855e+01
1.4349269300023672e+11 8.8011051642260368e-05 8.6645932773030128e+09 6.8662870283509046e+05 8.1040415721325073e+09 1.6816551155115170e+09 1.0986356137361008e+30 3.9144929847060304e+01 3.0000000000000000e+00 6.2063804265707148e+01
1.4413962513327618e+11 8.7994036689461742e-05 8.6623598775594463e+09 6.8658445192299690e+05 8.1019526611138620e+09 1.6812216493367589e+09 1.1134328253622004e+30 3.9314007148842464e+01 3.0000000000000000e+00 6.2052114309352937e+01
1.4478947393876779e+11 8.7976873438302397e-05 8.6601071578610077e+09 6.8653980955071934e+05 8.0998456800355558e+09 1.6807844334763558e+09 1.1284281663985264e+30 3.9483749802610205e+01 3.0000000000000000e+00 6.2040324519229074e+01
1.4544225256643430e+11 8.7959560644819431e-05 8.6578349587664986e+09 6.8649477232964803e+05 8.0977204797713594e+09 1.6803434369854174e+09 1.1436242634288955e+30 3.9654159558726256e+01 3.0000000000000000e+00 6.2028434072690580e+01
1.4609797422528357e+11 8.7942097055480141e-05 8.6555431196558170e+09 6.8644933684315416e+05 8.0955769100924149e+09 1.6798986286902068e+09 1.1590237772678252e+30 3.9825238159705435e+01 3.0000000000000000e+00 6.2016442140748545e+01
1.4675665218387589e+11 8.7924481407124024e-05 8.6532314787238178e+09 6.8640349964638846e+05 8.0934148196614866e+09 1.6794499771869979e+09 1.1746294033934424e+30 3.9996987339987996e+01 3.0000000000000000e+00 6.2004347888029024e+01
1.4741829977059229e+11 8.7906712426904384e-05 8.6508998729740906e+09 6.8635725726607256e+05 8.0912340560271349e+09 1.6789974508408749e+09 1.1904438723855675e+30 4.0169408825709823e+01 3.0000000000000000e+00 6.1992150472731339e+01
1.4808293037390448e+11 8.7888788832231004e-05 8.6485481382128353e+09 6.8631060620028898e+05 8.0890344656179934e+09 1.6785410177845328e+09 1.2064699503690419e+30 4.0342504334469382e+01 3.0000000000000000e+00 6.1979849046584512e+01
1.4875055744264563e+11 8.7870709330711258e-05 8.6461761090424843e+09 6.8626354291826114e+05 8.0868158937368231e+09 1.6780806459169953e+09 1.2227104394623357e+30 4.0516275575091328e+01 3.0000000000000000e+00 6.1967442754802924e+01
1.4942119448628256e+11 8.7852472620092732e-05 8.6437836188558922e+09 6.8621606386015774e+05 8.0845781845550318e+09 1.6776163029025848e+09 1.2391681782315087e+30 4.0690724247386861e+01 3.0000000000000000e+00 6.1954930736047345e+01
1.5009485507518903e+11 8.7834077388204256e-05 8.6413704998297997e+09 6.8616816543685878e+05 8.0823211811066256e+09 1.6771479561695333e+09 1.2558460421495691e+30 4.0865852041910713e+01 3.0000000000000000e+00 6.1942312122376642e+01
1.5077155284092102e+11 8.7815522312898389e-05 8.6389365829191208e+09 6.8611984402976162e+05 8.0800447252827902e+09 1.6766755729089992e+09 1.2727469440613134e+30 4.1041660639714877e+01 3.0000000000000000e+00 6.1929586039209418e+01
1.5145130147649011e+11 8.7796806061992948e-05 8.6364816978505783e+09 6.8607109599054931e+05 8.0777486578260040e+09 1.6761991200737295e+09 1.2898738346536019e+30 4.1218151712098098e+01 3.0000000000000000e+00 6.1916751605276730e+01
1.5213411473664426e+11 8.7777927293212861e-05 8.6340056731167297e+09 6.8602191764097847e+05 8.0754328183244200e+09 1.6757185643769302e+09 1.3072297029313659e+30 4.1395326920353611e+01 3.0000000000000000e+00 6.1903807932579411e+01
1.5282000643814352e+11 8.7758884654131765e-05 8.6315083359699936e+09 6.8597230527266744e+05 8.0730970452062759e+09 1.6752338722911553e+09 1.3248175766990931e+30 4.1573187915511568e+01 3.0000000000000000e+00 6.1890754126345904e+01
1.5350899046004053e+11 8.7739676782114503e-05 8.6289895124166031e+09 6.8592225514686923e+05 8.0707411757342510e+09 1.6747450100470617e+09 1.3426405230480870e+30 4.1751736338078913e+01 3.0000000000000000e+00 6.1877589284985902e+01
1.5420108074396100e+11 8.7720302304257968e-05 8.6264490272106438e+09 6.8587176349425944e+05 8.0683650459998703e+09 1.6742519436323285e+09 1.3607016488494528e+30 4.1930973817775424e+01 3.0000000000000000e+00 6.1864312500048669e+01
1.5489629129438614e+11 8.7700759837334115e-05 8.6238867038480225e+09 6.8582082651470182e+05 8.0659684909179001e+09 1.6737546387903721e+09 1.3790041012529079e+30 4.2110901973266074e+01 3.0000000000000000e+00 6.1850922856174904e+01
1.5559463617893585e+11 8.7681047987731264e-05 8.6213023645607414e+09 6.8576944037704286e+05 8.0635513442209549e+09 1.6732530610193639e+09 1.3975510681914528e+30 4.2291522411889865e+01 3.0000000000000000e+00 6.1837419431056375e+01
1.5629612952865344e+11 8.7661165351396163e-05 8.6186958303108883e+09 6.8571760121887829e+05 8.0611134384538918e+09 1.6727471755709898e+09 1.4163457788919777e+30 4.2472836729384817e+01 3.0000000000000000e+00 6.1823801295389174e+01
1.5700078553829163e+11 8.7641110513775929e-05 8.6160669207848225e+09 6.8566530514633190e+05 8.0586546049683733e+09 1.6722369474493465e+09 1.4353915043918658e+30 4.2654846509609321e+01 3.0000000000000000e+00 6.1810067512829413e+01
1.5770861846659961e+11 8.7620882049760710e-05 8.6134154543873997e+09 6.8561254823382827e+05 8.0561746739174690e+09 1.6717223414097974e+09 1.4546915580616398e+30 4.2837553324259623e+01 3.0000000000000000e+00 6.1796217139947750e+01
1.5841964263661179e+11 8.7600478523625538e-05 8.6107412482361698e+09 6.8555932652386534e+05 8.0536734742502241e+09 1.6712033219578424e+09 1.4742492961337396e+30 4.3020958732583516e+01 3.0000000000000000e+00 6.1782249226183829e+01
1.5913387243593738e+11 8.7579898488972455e-05 8.6080441181557388e+09 6.8550563602679502e+05 8.0511508337063770e+09 1.6706798533480878e+09 1.4940681182374608e+30 4.3205064281090124e+01 3.0000000000000000e+00 6.1768162813803578e+01
1.5985132231705182e+11 8.7559140488673300e-05 8.6053238786720257e+09 6.8545147272058646e+05 8.0486065788110046e+09 1.6701518995830617e+09 1.5141514679401525e+30 4.3389871503255868e+01 3.0000000000000000e+00 6.1753956937851228e+01
1.6057200679758893e+11 8.7538203054812169e-05 8.6025803430066204e+09 6.8539683255059761e+05 8.0460405348692455e+09 1.6696194244121311e+09 1.5345028332946988e+30 4.3575381919226338e+01 3.0000000000000000e+00 6.1739630626103995e+01
1.6129594046063489e+11 8.7517084708627966e-05 8.5998133230713348e+09 6.8534171142935287e+05 8.0434525259611702e+09 1.6690823913304951e+09 1.5551257473933835e+30 4.3761597035514299e+01 3.0000000000000000e+00 6.1725182899028987e+01
1.6202313795502322e+11 8.7495783960457032e-05 8.5970226294623947e+09 6.8528610523629654e+05 8.0408423749364080e+09 1.6685407635779657e+09 1.5760237889281773e+30 4.3948518344693511e+01 3.0000000000000000e+00 6.1710612769732734e+01
1.6275361399563120e+11 8.7474299309676527e-05 8.5942080714553108e+09 6.8523000981757906e+05 8.0382099034092846e+09 1.6679945041380816e+09 1.5972005827575184e+30 4.4136147325088643e+01 3.0000000000000000e+00 6.1695919243920962e+01
1.6348738336367767e+11 8.7452629244647140e-05 8.5913694569991169e+09 6.8517342098580650e+05 8.0355549317534895e+09 1.6674435757368879e+09 1.6186598004796609e+30 4.4324485440460847e+01 3.0000000000000000e+00 6.1681101319846974e+01
1.6422446090702219e+11 8.7430772242656454e-05 8.5885065927112236e+09 6.8511633451981866e+05 8.0328772790972195e+09 1.6668879408420148e+09 1.6404051610126410e+30 4.4513534139689376e+01 3.0000000000000000e+00 6.1666157988269802e+01
1.6496486154046533e+11 8.7408726769862635e-05 8.5856192838720026e+09 6.8505874616444786e+05 8.0301767633181419e+09 1.6663275616615839e+09 1.6624404311809320e+30 4.4703294856448814e+01 3.0000000000000000e+00 6.1651088232405378e+01
1.6570860024605054e+11 8.7386491281237703e-05 8.5827073344195051e+09 6.8500065163028287e+05 8.0274532010384426e+09 1.6657624001431906e+09 1.6847694263088587e+30 4.4893769008882103e+01 3.0000000000000000e+00 6.1635891027880753e+01
1.6645569207336737e+11 8.7364064220511598e-05 8.5797705469443092e+09 6.8494204659343348e+05 8.0247064076200066e+09 1.6651924179729109e+09 1.7073960108208351e+30 4.5084957999269285e+01 3.0000000000000000e+00 6.1620565342687534e+01
1.6720615213985593e+11 8.7341444020116359e-05 8.5768087226843481e+09 6.8488292669529002e+05 8.0219361971595907e+09 1.6646175765742798e+09 1.7303240988484828e+30 4.5276863213691840e+01 3.0000000000000000e+00 6.1605110137134787e+01
1.6795999563111285e+11 8.7318629101129934e-05 8.5738216615198870e+09 6.8482328754229052e+05 8.0191423824840975e+09 1.6640378371073668e+09 1.7535576548447151e+30 4.5469486021692724e+01 3.0000000000000000e+00 6.1589524363804124e+01
1.6871723780119852e+11 8.7295617873221280e-05 8.5708091619684658e+09 6.8476312470567436e+05 8.0163247751458845e+09 1.6634531604677417e+09 1.7771006942048329e+30 4.5662827775931802e+01 3.0000000000000000e+00 6.1573806967500488e+01
1.6947789397294568e+11 8.7272408734595066e-05 8.5677710211799517e+09 6.8470243372124108e+05 8.0134831854181147e+09 1.6628635072855115e+09 1.8009572838947170e+30 4.5856889811836908e+01 3.0000000000000000e+00 6.1557956885205229e+01
1.7024197953826971e+11 8.7249000071936412e-05 8.5647070349317369e+09 6.8464121008911519e+05 8.0106174222902575e+09 1.6622688379244390e+09 1.8251315430861807e+30 4.6051673447250359e+01 3.0000000000000000e+00 6.1541973046030961e+01
1.7100950995847983e+11 8.7225390260356819e-05 8.5616169976239223e+09 6.8457944927349850e+05 8.0077272934636011e+09 1.6616691124809639e+09 1.8496276437995394e+30 4.6247179982070804e+01 3.0000000000000000e+00 6.1525854371172564e+01
1.7178050076459207e+11 8.7201577663339086e-05 8.5585007022745152e+09 6.8451714670242555e+05 8.0048126053467579e+09 1.6610642907832739e+09 1.8744498115534854e+30 4.6443410697890556e+01 3.0000000000000000e+00 6.1509599773860103e+01
1.7255496755764362e+11 8.7177560632684288e-05 8.5553579405149698e+09 6.8445429776752531e+05 8.0018731630514832e+09 1.6604543323904643e+09 1.8996023260223228e+30 4.6640366857628123e+01 3.0000000000000000e+00 6.1493208159312019e+01
1.7333292600900836e+11 8.7153337508457079e-05 8.5521885025854769e+09 6.8439089782377169e+05 7.9989087703882723e+09 1.6598391965916083e+09 1.9250895217006314e+30 4.6838049705156116e+01 3.0000000000000000e+00 6.1476678424687549e+01
1.7411439186071408e+11 8.7128906618933190e-05 8.5489921773305426e+09 6.8432694218923664e+05 7.9959192298622494e+09 1.6592188424048803e+09 1.9509157885754429e+30 4.7036460464924268e+01 3.0000000000000000e+00 6.1460009459037693e+01
1.7489938092576099e+11 8.7104266280545694e-05 8.5457687521946812e+09 6.8426242614485230e+05 7.9929043426690874e+09 1.6585932285767896e+09 1.9770855728059826e+30 4.7235600341577708e+01 3.0000000000000000e+00 6.1443200143261109e+01
1.7568790908844171e+11 8.7079414797833313e-05 8.5425180132179222e+09 6.8419734493414569e+05 7.9898639086908665e+09 1.6579623135811715e+09 2.0036033774110582e+30 4.7435470519570394e+01 3.0000000000000000e+00 6.1426249350050554e+01
1.7647999230466263e+11 8.7054350463384195e-05 8.5392397450314913e+09 6.8413169376300764e+05 7.9867977264919806e+09 1.6573260556185389e+09 2.0304737629637822e+30 4.7636072162772656e+01 3.0000000000000000e+00 6.1409155943851189e+01
1.7727564660226685e+11 8.7029071557777170e-05 8.5359337308523760e+09 6.8406546779939742e+05 7.9837055933140974e+09 1.6566844126148319e+09 2.0577013482932880e+30 4.7837406414072284e+01 3.0000000000000000e+00 6.1391918780802371e+01
1.7807488808135849e+11 8.7003576349550097e-05 8.5325997524822254e+09 6.8399866217316804e+05 7.9805873050751047e+09 1.6560373422213662e+09 2.0852908111977100e+30 4.8039474394977802e+01 3.0000000000000000e+00 6.1374536708702017e+01
1.7887773291462848e+11 8.6977863095140718e-05 8.5292375903021603e+09 6.8393127197577967e+05 7.9774426563642540e+09 1.6553848018137217e+09 2.1132468891621643e+30 4.8242277205210321e+01 3.0000000000000000e+00 6.1357008566952764e+01
1.7968419734768173e+11 8.6951930038834521e-05 8.5258470232688055e+09 6.8386329226004984e+05 7.9742714404384680e+09 1.6547267484910126e+09 2.1415743800852689e+30 4.8445815922291544e+01 3.0000000000000000e+00 6.1339333186514857e+01
1.8049429769936603e+11 8.6925775412715576e-05 8.5224278289106321e+09 6.8379471803989983e+05 7.9710734492189169e+09 1.6540631390751524e+09 2.1702781430138630e+30 4.8650091601126775e+01 3.0000000000000000e+00 6.1321509389857205e+01
1.8130805036210208e+11 8.6899397436615881e-05 8.5189797833243818e+09 6.8372554429010954e+05 7.9678484732876396e+09 1.6533939301102214e+09 2.1993630988858593e+30 4.8855105273582595e+01 3.0000000000000000e+00 6.1303535990911470e+01
1.8212547180221530e+11 8.6872794318067326e-05 8.5155026611714945e+09 6.8365576594605600e+05 7.9645963018842573e+09 1.6527190778617098e+09 2.2288342312813152e+30 4.9060857948059578e+01 3.0000000000000000e+00 6.1285411795020956e+01
1.8294657856026904e+11 8.6845964252252859e-05 8.5119962356747494e+09 6.8358537790346052e+05 7.9613167229027920e+09 1.6520385383158691e+09 2.2586965871817927e+30 4.9267350609059335e+01 3.0000000000000000e+00 6.1267135598893184e+01
1.8377138725139920e+11 8.6818905421958675e-05 8.5084602786151276e+09 6.8351437501814356e+05 7.9580095228887405e+09 1.6513522671791651e+09 2.2889552777380708e+30 4.9474584216746358e+01 3.0000000000000000e+00 6.1248706190553307e+01
1.8459991456565045e+11 8.6791615997526848e-05 8.5048945603284683e+09 6.8344275210575573e+05 7.9546744870359564e+09 1.6506602198775346e+09 2.3196154790462942e+30 4.9682559706504357e+01 3.0000000000000000e+00 6.1230122349292486e+01
1.8543217726831406e+11 8.6764094136808644e-05 8.5012988497026587e+09 6.8337050394153711e+05 7.9513113991840143e+09 1.6499623515559390e+09 2.3506824329326309e+30 4.9891277988487197e+01 3.0000000000000000e+00 6.1211382845623021e+01
1.8626819220026703e+11 8.6736337985118196e-05 8.4976729141745548e+09 6.8329762526004855e+05 7.9479200418153315e+09 1.6492586170776782e+09 2.3821614477465019e+30 5.0100739947164129e+01 3.0000000000000000e+00 6.1192486441226833e+01
1.8710797627831290e+11 8.6708345675187419e-05 8.4940165197273893e+09 6.8322411075492459e+05 7.9445001960527401e+09 1.6485489710239472e+09 2.4140578991624642e+30 5.0310946440859603e+01 3.0000000000000000e+00 6.1173431888909285e+01
1.8795154649552408e+11 8.6680115327120700e-05 8.4903294308880329e+09 6.8314995507861301e+05 7.9410516416569376e+09 1.6478333676932883e+09 2.4463772309908248e+30 5.0521898301287273e+01 3.0000000000000000e+00 6.1154217932549734e+01
1.8879891992158566e+11 8.6651645048351438e-05 8.4866114107246017e+09 6.8307515284211817e+05 7.9375741570242310e+09 1.6471117611011140e+09 2.4791249559970462e+30 5.0733596333078431e+01 3.0000000000000000e+00 6.1134843307053423e+01
1.8965011370314090e+11 8.6622932933597778e-05 8.4828622208440094e+09 6.8299969861474307e+05 7.9340675191842632e+09 1.6463841049792480e+09 2.5123066567300339e+30 5.0946041313304598e+01 3.0000000000000000e+00 6.1115306738302849e+01
1.9050514506413809e+11 8.6593977064820167e-05 8.4790816213898134e+09 6.8292358692383184e+05 7.9305315037979803e+09 1.6456503527755024e+09 2.5459279863593641e+30 5.1159233990994281e+01 3.0000000000000000e+00 6.1095606943109807e+01
1.9136403130617923e+11 8.6564775511179871e-05 8.4752693710401106e+09 6.8284681225450663e+05 7.9269658851557016e+09 1.6449104576532311e+09 2.5799946695215386e+30 5.1373175086644018e+01 3.0000000000000000e+00 6.1075742629165219e+01
1.9222678980886990e+11 8.6535326328996659e-05 8.4714252270057764e+09 6.8276936904942431e+05 7.9233704361754093e+09 1.6441643724911089e+09 2.6145125031753263e+30 5.1587865291723269e+01 3.0000000000000000e+00 6.1055712494995532e+01
1.9309343803017111e+11 8.6505627561709494e-05 8.4675489450284719e+09 6.8269125170849473e+05 7.9197449284009504e+09 1.6434120498825717e+09 2.6494873574662841e+30 5.1803305268173489e+01 3.0000000000000000e+00 6.1035515229907801e+01
1.9396399350675259e+11 8.6475677239836193e-05 8.4636402793792410e+09 6.8261245458863908e+05 7.9160891320006838e+09 1.6426534421356757e+09 2.6849251766005211e+30 5.2019495647901174e+01 3.0000000000000000e+00 6.1015149513946405e+01
1.9483847385434750e+11 8.6445473380935000e-05 8.4596989828569975e+09 6.8253297200352279e+05 7.9124028157660818e+09 1.6418885012727473e+09 2.7208319797277718e+30 5.2236437032264703e+01 3.0000000000000000e+00 6.0994614017842522e+01
1.9571689676810895e+11 8.6415013989566103e-05 8.4557248067872791e+09 6.8245279822330107e+05 7.9086857471105518e+09 1.6411171790301857e+09 2.7572138618338676e+30 5.2454129991555128e+01 3.0000000000000000e+00 6.0973907402967740e+01
1.9659928002296811e+11 8.6384297057255128e-05 8.4517175010210810e+09 6.8237192747434997e+05 7.9049376920683613e+09 1.6403394268581638e+09 2.7940769946426808e+30 5.2672575064470749e+01 3.0000000000000000e+00 6.0953028321283483e+01
1.9748564147399384e+11 8.6353320562456996e-05 8.4476768139340200e+09 6.8229035393901402e+05 7.9011584152938452e+09 1.6395551959205217e+09 2.8314276275275977e+30 5.2891772757585414e+01 3.0000000000000000e+00 6.0931975415294623e+01
1.9837599905675400e+11 8.6322082470520286e-05 8.4436024924255257e+09 6.8220807175534451e+05 7.8973476800606565e+09 1.6387644370946057e+09 2.8692720884326167e+30 5.3111723544810495e+01 3.0000000000000000e+00 6.0910747318001221e+01
1.9927037078767834e+11 8.6290580733653158e-05 8.4394942819182844e+09 6.8212507501683827e+05 7.8935052482612333e+09 1.6379671009711483e+09 2.9076167848031265e+30 5.3332427866850537e+01 3.0000000000000000e+00 6.0889342652850999e+01
2.0016877476442316e+11 8.6258813290890335e-05 8.4353519263578253e+09 6.8204135777217499e+05 7.8896308804064350e+09 1.6371631378541722e+09 2.9464682045264593e+30 5.3553886130652465e+01 3.0000000000000000e+00 6.0867760033689912e+01
2.0107122916623740e+11 8.6226778068060336e-05 8.4311751682123785e+09 6.8195691402496281e+05 7.8857243356253757e+09 1.6363524977610073e+09 2.9858329168822684e+30 5.3776098708848210e+01 3.0000000000000000e+00 6.0845998064716916e+01
2.0197775225433057e+11 8.6194472977754898e-05 8.4269637484728432e+09 6.8187173773347354e+05 7.8817853716654272e+09 1.6355351304222469e+09 3.0257175735028237e+30 5.3999065939191006e+01 3.0000000000000000e+00 6.0824055340434491e+01
2.0288836237224225e+11 8.6161895919298362e-05 8.4227174066529207e+09 6.8178582281037979e+05 7.8778137448923330e+09 1.6347109852817616e+09 3.0661289093432935e+30 5.4222788123984905e+01 3.0000000000000000e+00 6.0801930445600902e+01
2.0380307794621323e+11 8.6129044778718766e-05 8.4184358807896662e+09 6.8169916312250588e+05 7.8738092102907066e+09 1.6338800114968810e+09 3.1070737436620741e+30 5.4447265529507632e+01 3.0000000000000000e+00 6.0779621955185398e+01
2.0472191748555850e+11 8.6095917428720024e-05 8.4141189074438982e+09 6.8161175249055331e+05 7.8697715214644423e+09 1.6330421579383707e+09 3.1485589810112684e+30 5.4672498385426891e+01 3.0000000000000000e+00 6.0757128434317480e+01
2.0564489958304163e+11 8.6062511728655114e-05 8.4097662217011471e+09 6.8152358468885091e+05 7.8657004306375866e+09 1.6321973731906869e+09 3.1905916122373469e+30 5.4898486884209767e+01 3.0000000000000000e+00 6.0734448438242296e+01
2.0657204291525104e+11 8.6028825524500142e-05 8.4053775571726303e+09 6.8143465344509413e+05 7.8615956886552429e+09 1.6313456055521641e+09 3.2331787154921032e+30 5.5125231180525283e+01 3.0000000000000000e+00 6.0711580512273379e+01
2.0750336624297800e+11 8.5994856648830828e-05 8.4009526459964762e+09 6.8134495244007884e+05 7.8574570449847488e+09 1.6304868030351908e+09 3.2763274572539501e+30 5.5352731390640159e+01 3.0000000000000000e+00 6.0688523191743855e+01
2.0843888841159610e+11 8.5960602920798530e-05 8.3964912188392658e+09 6.8125447530745203e+05 7.8532842477170725e+09 1.6296209133665900e+09 3.3200450933596380e+30 5.5580987591807627e+01 3.0000000000000000e+00 6.0665275001962861e+01
2.0937862835144284e+11 8.5926062146108616e-05 8.3919930048976622e+09 6.8116321563344775e+05 7.8490770435683641e+09 1.6287478839878948e+09 3.3643389700464777e+30 5.5809999821649114e+01 3.0000000000000000e+00 6.0641834458167352e+01
2.1032260507820236e+11 8.5891232117000610e-05 8.3874577319004040e+09 6.8107116695662891e+05 7.8448351778818302e+09 1.6278676620557265e+09 3.4092165250051060e+30 5.6039768077528990e+01 3.0000000000000000e+00 6.0618200065475463e+01
2.1127083769329053e+11 8.5856110612228076e-05 8.3828851261103687e+09 6.8097832276762673e+05 7.8405583946296377e+09 1.6269801944421892e+09 3.4546852884429144e+30 5.6270292315922198e+01 3.0000000000000000e+00 6.0594370318840731e+01
2.1222334538424121e+11 8.5820695397041154e-05 8.3782749123271217e+09 6.8088467650889186e+05 7.8362464364153147e+09 1.6260854277354190e+09 3.5007528841581627e+30 5.6501572451774592e+01 3.0000000000000000e+00 6.0570343703007531e+01
2.1318014742509476e+11 8.5784984223170592e-05 8.3736268138895397e+09 6.8079022157443105e+05 7.8318990444761944e+09 1.6251833082400391e+09 3.5474270306248871e+30 5.6733608357856191e+01 3.0000000000000000e+00 6.0546118692464084e+01
2.1414126317678781e+11 8.5748974828811782e-05 8.3689405526786661e+09 6.8069495130955358e+05 7.8275159586860857e+09 1.6242737819777501e+09 3.5947155420886425e+30 5.6966399864107046e+01 3.0000000000000000e+00 6.0521693751398004e+01
2.1510671208754520e+11 8.5712664938612562e-05 8.3642158491208830e+09 6.8059885901060700e+05 7.8230969175582600e+09 1.6233567946878638e+09 3.6426263296731722e+30 5.7199946756975713e+01 3.0000000000000000e+00 6.0497067333648204e+01
2.1607651369327344e+11 8.5676052263660099e-05 8.3594524221915035e+09 6.8050193792474107e+05 7.8186416582487860e+09 1.6224322918281503e+09 3.6911674024980583e+30 5.7434248778750437e+01 3.0000000000000000e+00 6.0472237882665347e+01
2.1705068761795605e+11 8.5639134501470750e-05 8.3546499894182129e+09 6.8040418124963250e+05 7.8141499165597630e+09 1.6215002185753541e+09 3.7403468688074280e+30 5.7669305626882839e+01 3.0000000000000000e+00 6.0447203831461756e+01
2.1802925357405063e+11 8.5601909335982052e-05 8.3498082668853798e+09 6.8030558213324915e+05 7.8096214269433365e+09 1.6205605198261352e+09 3.7901729371097783e+30 5.7905116953303938e+01 3.0000000000000000e+00 6.0421963602570898e+01
2.1901223136288779e+11 8.5564374437543914e-05 8.3449269692379599e+09 6.8020613367358316e+05 7.8050559225053749e+09 1.6196131401977572e+09 3.8406539173290027e+30 5.8141682363732819e+01 3.0000000000000000e+00 6.0396515608000612e+01
2.1999964087507175e+11 8.5526527462914594e-05 8.3400058096863108e+09 6.8010582891840907e+05 7.8004531350099573e+09 1.6186580240290632e+09 3.8917982219666541e+30 5.8379001416977424e+01 3.0000000000000000e+00 6.0370858249190682e+01
2.2099150209088284e+11 8.5488366055255706e-05 8.3350445000108995e+09 6.8000466086503002e+05 7.7958127948837748e+09 1.6176951153813813e+09 3.9436143672755452e+30 5.8617073624227842e+01 3.0000000000000000e+00 6.0344989916969254e+01
2.2198783508068192e+11 8.5449887844130451e-05 8.3300427505675135e+09 6.7990262246003188e+05 7.7911346312209949e+09 1.6167243580395563e+09 3.9961109744447325e+30 5.8855898448341712e+01 3.0000000000000000e+00 6.0318908991510398e+01
2.2298866000531638e+11 8.5411090445503327e-05 8.3250002702924938e+09 6.7979970659902133e+05 7.7864183717882032e+09 1.6157456955128751e+09 4.0492967707959510e+30 5.9095475303121844e+01 3.0000000000000000e+00 6.0292613842287622e+01
2.2399399711652811e+11 8.5371971461741433e-05 8.3199167667087774e+09 6.7969590612639883e+05 7.7816637430299873e+09 1.6147590710363734e+09 4.1031805909915570e+30 5.9335803552585979e+01 3.0000000000000000e+00 6.0266102828036530e+01
2.2500386675736331e+11 8.5332528481617248e-05 8.3147919459316711e+09 6.7959121383509762e+05 7.7768704700743828e+09 1.6137644275718687e+09 4.1577713782540615e+30 5.9576882510228678e+01 3.0000000000000000e+00 6.0239374296709514e+01
2.2601828936258426e+11 8.5292759080314619e-05 8.3096255126753511e+09 6.7948562246634183e+05 7.7720382767389441e+09 1.6127617078092222e+09 4.2130781855972991e+30 5.9818711438275059e+01 3.0000000000000000e+00 6.0212426585433960e+01
2.2703728545908252e+11 8.5252660819435376e-05 8.3044171702595568e+09 6.7937912470940663e+05 7.7671668855369978e+09 1.6117508541676738e+09 4.2691101770692863e+30 6.0061289546926631e+01 3.0000000000000000e+00 6.0185258020471778e+01
2.2806087566629459e+11 8.5212231247007677e-05 8.2991666206165333e+09 6.7927171320137475e+05 7.7622560176841373e+09 1.6107318087971911e+09 4.3258766290068613e+30 6.0304615993599029e+01 3.0000000000000000e+00 6.0157866917179064e+01
2.2908908069661902e+11 8.5171467897498512e-05 8.2938735642984505e+09 6.7916338052689028e+05 7.7573053931051712e+09 1.6097045135798433e+09 4.3833869313021297e+30 6.0548689882151471e+01 3.0000000000000000e+00 6.0130251579962618e+01
2.3012192135583551e+11 8.5130368291825442e-05 8.2885377004851370e+09 6.7905411921793153e+05 7.7523147304413328e+09 1.6086689101314094e+09 4.4416505886807934e+30 6.0793510262108150e+01 3.0000000000000000e+00 6.0102410302243918e+01
2.3115941854352591e+11 8.5088929937372247e-05 8.2831587269919395e+09 6.7894392175355717e+05 7.7472837470576792e+09 1.6076249398027842e+09 4.5006772219924106e+30 6.1039076127871219e+01 3.0000000000000000e+00 6.0074341366415027e+01
2.3220159325349719e+11 8.5047150328006446e-05 8.2777363402784166e+09 6.7883278055968904e+05 7.7422121590511570e+09 1.6065725436817842e+09 4.5604765695126592e+30 6.1285386417925572e+01 3.0000000000000000e+00 6.0046043043803692e+01
2.3324846657420627e+11 8.5005026944098147e-05 8.2722702354568052e+09 6.7872068800886231e+05 7.7370996812585745e+09 1.6055116625946980e+09 4.6210584882576350e+30 6.1532440014035195e+01 3.0000000000000000e+00 6.0017513594631133e+01
2.3430005968918658e+11 8.4962557252542739e-05 8.2667601063013620e+09 6.7860763642000174e+05 7.7319460272653179e+09 1.6044422371081383e+09 4.6824329553102523e+30 6.1780235740430982e+01 3.0000000000000000e+00 5.9988751267975189e+01
2.3535639387747690e+11 8.4919738706783587e-05 8.2612056452577524e+09 6.7849361805819185e+05 7.7267509094141245e+09 1.6033642075308890e+09 4.7446100691588046e+30 6.2028772362990310e+01 3.0000000000000000e+00 5.9959754301733348e+01
2.3641749051405185e+11 8.4876568746839492e-05 8.2556065434528751e+09 6.7837862513443711e+05 7.7215140388143053e+09 1.6022775139157140e+09 4.8076000510477219e+30 6.2278048588407771e+01 3.0000000000000000e+00 5.9930520922582105e+01
2.3748337107025436e+11 8.4833044799332639e-05 8.2499624907053423e+09 6.7826264980545593e+05 7.7162351253514957e+09 1.6011820960615404e+09 4.8714132463405764e+30 6.2528063063357521e+01 3.0000000000000000e+00 5.9901049345945381e+01
2.3855405711423032e+11 8.4789164277519665e-05 8.2442731755358982e+09 6.7814568417343916e+05 7.7109138776974459e+09 1.6000778935153618e+09 4.9360601258954140e+30 6.2778814373646931e+01 3.0000000000000000e+00 5.9871337775954167e+01
2.3962957031136484e+11 8.4744924581325510e-05 8.2385382851785851e+09 6.7802772028583358e+05 7.7055500033204422e+09 1.5989648455744345e+09 5.0015512874524085e+30 6.3030301043361490e+01 3.0000000000000000e+00 5.9841384405412427e+01
2.4070993242472070e+11 8.4700323097379416e-05 8.2327575055922480e+09 6.7790875013512606e+05 7.7001432084960690e+09 1.5978428912885373e+09 5.0678974570339252e+30 6.3282521534000978e+01 3.0000000000000000e+00 5.9811187415762141e+01
2.4179516531547876e+11 8.4655357199052721e-05 8.2269305214722576e+09 6.7778876565862098e+05 7.6946931983181820e+09 1.5967119694622247e+09 5.1351094903570183e+30 6.3535474243606821e+01 3.0000000000000000e+00 5.9780744977048720e+01
2.4288529094338034e+11 8.4610024246501255e-05 8.2210570162630005e+09 6.7766775873823068e+05 7.6891996767105827e+09 1.5955720186572597e+09 5.2031983742584242e+30 6.3789157505880674e+01 3.0000000000000000e+00 5.9750055247887552e+01
2.4398033136717148e+11 8.4564321586708067e-05 8.2151366721704445e+09 6.7754572120025940e+05 7.6836623464387627e+09 1.5944229771950455e+09 5.2721752281320496e+30 6.4043569589293938e+01 3.0000000000000000e+00 5.9719116375430467e+01
2.4508030874504935e+11 8.4518246553530284e-05 8.2091691701753302e+09 6.7742264481519582e+05 7.6780809091222649e+09 1.5932647831591964e+09 5.3420513053790537e+30 6.4298708696188470e+01 3.0000000000000000e+00 5.9687926495333556e+01
2.4618524533511072e+11 8.4471796467748984e-05 8.2031541900468054e+09 6.7729852129750419e+05 7.6724550652474203e+09 1.5920973743981543e+09 5.4128379948705121e+30 6.4554572961868260e+01 3.0000000000000000e+00 5.9656483731724393e+01
2.4729516349580215e+11 8.4424968637120143e-05 8.1970914103563957e+09 6.7717334230542323e+05 7.6667845141804171e+09 1.5909206885279391e+09 5.4845468224227157e+30 6.4811160453681921e+01 3.0000000000000000e+00 5.9624786197172448e+01
2.4841008568637262e+11 8.4377760356430496e-05 8.1909805084925499e+09 6.7704709944076301e+05 7.6610689541809025e+09 1.5897346629349406e+09 5.5571894522851522e+30 6.5068469170096279e+01 3.0000000000000000e+00 5.9592831992657402e+01
2.4953003446732785e+11 8.4330168907554624e-05 8.1848211606756067e+09 6.7691978424871317e+05 7.6553080824159822e+09 1.5885392347788758e+09 5.6307776886411777e+30 6.5326497039760710e+01 3.0000000000000000e+00 5.9560619207541563e+01
2.5065503250088690e+11 8.4282191559516544e-05 8.1786130419731522e+09 6.7679138821763755e+05 7.6495015949745913e+09 1.5873343409956830e+09 5.7053234771214274e+30 6.5585241920562225e+01 3.0000000000000000e+00 5.9528145919537849e+01
2.5178510255144064e+11 8.4233825568552883e-05 8.1723558263160067e+09 6.7666190277889394e+05 7.6436491868824377e+09 1.5861199183007114e+09 5.7808389063299790e+30 6.5844701598671548e+01 3.0000000000000000e+00 5.9495410194684830e+01
2.5292026748601257e+11 8.4185068178179988e-05 8.1660491865144911e+09 6.7653131930663576e+05 7.6377505521172228e+09 1.5848959031918044e+09 5.8573362093833234e+30 6.6104873787579606e+01 3.0000000000000000e+00 5.9462410087316727e+01
2.5406055027472131e+11 8.4135916619263950e-05 8.1596927942754259e+09 6.7639962911763694e+05 7.6318053836245384e+09 1.5836622319526625e+09 5.9348277654621164e+30 6.6365756127124882e+01 3.0000000000000000e+00 5.9429143640039257e+01
2.5520597399124554e+11 8.4086368110093657e-05 8.1532863202194395e+09 6.7626682347110659e+05 7.6258133733340483e+09 1.5824188406561756e+09 6.0133261013757909e+30 6.6627346182511445e+01 3.0000000000000000e+00 5.9395608883703119e+01
2.5635656181329092e+11 8.4036419856457428e-05 8.1468294338988171e+09 6.7613289356850879e+05 7.6197742121761961e+09 1.5811656651678638e+09 6.0928438931400069e+30 6.6889641443317458e+01 3.0000000000000000e+00 5.9361803837378517e+01
2.5751233702305899e+11 8.3986069051722828e-05 8.1403218038159599e+09 6.7599783055339288e+05 7.6136875900994673e+09 1.5799026411494844e+09 6.1733939675669772e+30 6.7152639322494252e+01 3.0000000000000000e+00 5.9327726508331970e+01
2.5867332300771832e+11 8.3935312876919118e-05 8.1337630974422474e+09 6.7586162551122485e+05 7.6075531960880127e+09 1.5786297040627098e+09 6.2549893038686782e+30 6.7416337155356032e+01 3.0000000000000000e+00 5.9293374892004074e+01
2.5983954325987787e+11 8.3884148500824740e-05 8.1271529812375145e+09 6.7572426946921763e+05 7.6013707181798935e+09 1.5773467891728656e+09 6.3376430352729638e+30 6.7680732198559880e+01 3.0000000000000000e+00 5.9258746971986220e+01
2.6101102137806213e+11 8.3832573080056100e-05 8.1204911206700029e+09 6.7558575339617557e+05 7.5951398434857168e+09 1.5760538315528593e+09 6.4213684506525754e+30 6.7945821629076448e+01 3.0000000000000000e+00 5.9223840720001398e+01
2.6218778106718887e+11 8.3780583759162172e-05 8.1137771802368708e+09 6.7544606820232910e+05 7.5888602582078409e+09 1.5747507660870914e+09 6.5061789961670876e+30 6.8211602543150732e+01 3.0000000000000000e+00 5.9188654095881404e+01
2.6336984613904865e+11 8.3728177670721067e-05 8.1070108234853096e+09 6.7530520473918831e+05 7.5825316476601095e+09 1.5734375274756024e+09 6.5920882769177571e+30 6.8478071955253554e+01 3.0000000000000000e+00 5.9153185047550316e+01
2.6455724051278674e+11 8.3675351935440305e-05 8.1001917130340767e+09 6.7516315379939065e+05 7.5761536962880001e+09 1.5721140502382362e+09 6.6791100586150028e+30 6.8745226797022951e+01 3.0000000000000000e+00 5.9117431511005009e+01
2.6574998821538708e+11 8.3622103662247562e-05 8.0933195105939465e+09 6.7501990611652122e+05 7.5697260876877441e+09 1.5707802687186136e+09 6.7672582692470506e+30 6.9013063916184706e+01 3.0000000000000000e+00 5.9081391410289093e+01
2.6694811338215851e+11 8.3568429948415788e-05 8.0863938769926767e+09 6.7487545236502029e+05 7.5632485046296816e+09 1.5694361170889874e+09 6.8565470007860272e+30 6.9281580075486815e+01 3.0000000000000000e+00 5.9045062657487854e+01
2.6815164025722311e+11 8.3514327879678215e-05 8.0794144721986923e+09 6.7472978316005296e+05 7.5567206290804224e+09 1.5680815293548095e+09 6.9469905108976687e+30 6.9550771951615076e+01 3.0000000000000000e+00 5.9008443152714960e+01
2.6936059319400677e+11 8.3459794530337344e-05 8.0723809553442240e+09 6.7458288905736757e+05 7.5501421422244692e+09 1.5667164393592646e+09 7.0386032246558664e+30 6.9820636134091060e+01 3.0000000000000000e+00 5.8971530784096657e+01
2.7057499665573209e+11 8.3404826963385495e-05 8.0652929847498522e+09 6.7443476055316697e+05 7.5435127244871922e+09 1.5653407807879901e+09 7.1313997362747294e+30 7.0091169124164992e+01 3.0000000000000000e+00 5.8934323427757491e+01
2.7179487521591318e+11 8.3349422230628368e-05 8.0581502179496174e+09 6.7428538808398857e+05 7.5368320555583038e+09 1.5639544871739471e+09 7.2253948108534855e+30 7.0362367333698586e+01 3.0000000000000000e+00 5.8896818947809003e+01
2.7302025355885312e+11 8.3293577372813083e-05 8.0509523117169209e+09 6.7413476202660077e+05 7.5300998144160814e+09 1.5625574919025152e+09 7.3206033861342344e+30 7.0634227084038272e+01 3.0000000000000000e+00 5.8859015196342149e+01
2.7425115648014343e+11 8.3237289419759916e-05 8.0436989220907812e+09 6.7398287269788818e+05 7.5233156793519335e+09 1.5611497282165463e+09 7.4170405742725131e+30 7.0906744604878327e+01 3.0000000000000000e+00 5.8820910013416636e+01
2.7548760888716559e+11 8.3180555390499473e-05 8.0363897044028292e+09 6.7382971035474073e+05 7.5164793279956522e+09 1.5597311292215343e+09 7.5147216636206106e+30 7.1179916033114239e+01 3.0000000000000000e+00 5.8782501227051327e+01
2.7672963579959534e+11 8.3123372293412444e-05 8.0290243133051157e+09 6.7367526519397483e+05 7.5095904373414011e+09 1.5583016278911412e+09 7.6136621205236929e+30 7.1453737411686205e+01 3.0000000000000000e+00 5.8743786653222330e+01
2.7797726234990875e+11 8.3065737126374972e-05 8.0216024027982750e+09 6.7351952735222992e+05 7.5026486837740860e+09 1.5568611570725732e+09 7.7138775911285958e+30 7.1728204688412589e+01 3.0000000000000000e+00 5.8704764095854941e+01
2.7923051378389081e+11 8.3007646876908159e-05 8.0141236262606153e+09 6.7336248690589098e+05 7.4956537430965290e+09 1.5554096494922657e+09 7.8153839032053204e+30 7.2003313714813530e+01 3.0000000000000000e+00 5.8665431346821592e+01
2.8048941546114636e+11 8.2949098522331469e-05 8.0065876364776011e+09 6.7320413387100468e+05 7.4886052905570774e+09 1.5539470377615793e+09 7.9181970679811771e+30 7.2279060244924693e+01 3.0000000000000000e+00 5.8625786185939042e+01
2.8175399285561316e+11 8.2890089029921904e-05 7.9989940856722965e+09 6.7304445820321236e+05 7.4815030008780556e+09 1.5524732543827221e+09 8.0223332819874979e+30 7.2555439934100832e+01 3.0000000000000000e+00 5.8585826380967568e+01
2.8302427155607751e+11 8.2830615357076023e-05 7.9913426255362339e+09 6.7288344979768363e+05 7.4743465482846489e+09 1.5509882317547524e+09 8.1278089289189280e+30 7.2832448337809680e+01 3.0000000000000000e+00 5.8545549687612692e+01
2.8430027726669171e+11 8.2770674451478792e-05 7.9836329072612009e+09 6.7272109848905890e+05 7.4671356065346241e+09 1.5494919021797309e+09 8.2346405815051529e+30 7.3110080910415590e+01 3.0000000000000000e+00 5.8504953849526800e+01
2.8558203580749451e+11 8.2710263251275135e-05 7.9758645815715036e+09 6.7255739405139675e+05 7.4598698489485083e+09 1.5479841978689919e+09 8.3428450033951204e+30 7.3388333003953647e+01 3.0000000000000000e+00 5.8464036598313413e+01
2.8686957311493347e+11 8.2649378685248308e-05 7.9680372987571001e+09 6.7239232619812666e+05 7.4525489484405880e+09 1.5464650509495356e+09 8.4524391510535949e+30 7.3667199866893242e+01 3.0000000000000000e+00 5.8422795653530798e+01
2.8816291524238977e+11 8.2588017673000666e-05 7.9601507087074461e+09 6.7222588458202616e+05 7.4451725775505419e+09 1.5449343934707162e+09 8.5634401756700299e+30 7.3946676642892342e+01 3.0000000000000000e+00 5.8381228722703803e+01
2.8946208836070544e+11 8.2526177125142721e-05 7.9522044609458466e+09 6.7205805879516690e+05 7.4377404084756098e+09 1.5433921574107165e+09 8.6758654250796626e+30 7.4226758369541230e+01 3.0000000000000000e+00 5.8339333501325370e+01
2.9076711875871277e+11 8.2463853943483945e-05 7.9441982046649170e+09 6.7188883836891782e+05 7.4302521131037111e+09 1.5418382746836190e+09 8.7897324456967711e+30 7.4507439977096595e+01 3.0000000000000000e+00 5.8297107672873487e+01
2.9207803284376660e+11 8.2401045021230599e-05 7.9361315887623568e+09 6.7171821277391305e+05 7.4227073630469475e+09 1.5402726771462278e+09 8.9050589844600418e+30 7.4788716287205915e+01 3.0000000000000000e+00 5.8254548908819196e+01
2.9339485714227826e+11 8.2337747243188666e-05 7.9280042618778715e+09 6.7154617142005637e+05 7.4151058296761065e+09 1.5386952966052933e+09 9.0218629907898652e+30 7.5070582011621411e+01 3.0000000000000000e+00 5.8211654868642270e+01
2.9471761830025269e+11 8.2273957485971372e-05 7.9198158724305477e+09 6.7137270365651720e+05 7.4074471841556358e+09 1.5371060648247368e+09 9.1401626185576093e+30 7.5353031750904563e+01 3.0000000000000000e+00 5.8168423199845904e+01
2.9604634308382733e+11 8.2209672618212252e-05 7.9115660686571493e+09 6.7119779877174413e+05 7.3997310974794502e+09 1.5355049135331049e+09 9.2599762280666515e+30 7.5636059993120440e+01 3.0000000000000000e+00 5.8124851537974877e+01
2.9738105837981415e+11 8.2144889500784517e-05 7.9032544986511593e+09 6.7102144599347981e+05 7.3919572405074577e+09 1.5338917744311087e+09 9.3813223880451766e+30 7.5919661112522618e+01 3.0000000000000000e+00 5.8080937506633298e+01
2.9872179119624310e+11 8.2079604987023733e-05 7.8948808104025221e+09 6.7084363448879262e+05 7.3841252840027275e+09 1.5322665791993904e+09 9.5042198776505049e+30 7.6203829368227673e+01 3.0000000000000000e+00 5.8036678717507840e+01
3.0006856866290918e+11 8.2013815922958797e-05 7.8864446518383799e+09 6.7066435336411349e+05 7.3762348986695795e+09 1.5306292595064065e+09 9.6286876884850101e+30 7.6488558902880527e+01 3.0000000000000000e+00 5.7992072770390230e+01
3.0142141803192108e+11 8.1947519147546871e-05 7.8779456708643465e+09 6.7048359166527539e+05 7.3682857551922112e+09 1.5289797470164094e+09 9.7547450266233646e+30 7.6773843741309577e+01 3.0000000000000000e+00 5.7947117253200886e+01
3.0278036667825287e+11 8.1880711492913802e-05 7.8693835154067764e+09 6.7030133837757586e+05 7.3602775242742100e+09 1.5273179733977101e+09 9.8824113146510887e+30 7.7059677789172270e+01 3.0000000000000000e+00 5.7901809742018408e+01
3.0414544210029755e+11 8.1813389784601810e-05 7.8607578334557457e+09 6.7011758242583182e+05 7.3522098766787634e+09 1.5256438703309426e+09 1.0011706193714184e+31 7.7346054831591161e+01 3.0000000000000000e+00 5.7856147801106260e+01
3.0551667192042401e+11 8.1745550841821169e-05 7.8520682731089697e+09 6.6993231267446722e+05 7.3440824832697382e+09 1.5239573695176971e+09 1.0142649525579881e+31 7.7632968531780122e+01 3.0000000000000000e+00 5.7810128982947312e+01
3.0689408388553546e+11 8.1677191477709730e-05 7.8433144826163454e+09 6.6974551792757842e+05 7.3358950150533371e+09 1.5222584026890240e+09 1.0275261394708139e+31 7.7920412429661070e+01 3.0000000000000000e+00 5.7763750828273118e+01
3.0827770586763135e+11 8.1608308499596998e-05 7.8344961104256334e+09 6.6955718692904641e+05 7.3276471432208223e+09 1.5205469016144328e+09 1.0409562110334008e+31 7.8208379940471360e+01 3.0000000000000000e+00 5.7717010866103671e+01
3.0966756586437085e+11 8.1538898709274647e-05 7.8256128052286549e+09 6.6936730836262857e+05 7.3193385391917286e+09 1.5188227981107781e+09 1.0545572208560448e+31 7.8496864353361218e+01 3.0000000000000000e+00 5.7669906613782729e+01
3.1106369199963995e+11 8.1468958903273882e-05 7.8166642160086145e+09 6.6917587085207924e+05 7.3109688746581249e+09 1.5170860240514729e+09 1.0683312454461724e+31 7.8785858829982445e+01 3.0000000000000000e+00 5.7622435577019210e+01
3.1246611252412006e+11 8.1398485873148392e-05 7.8076499920881214e+09 6.6898286296127154e+05 7.3025378216295271e+09 1.5153365113757880e+09 1.0822803844196948e+31 7.9075356403067246e+01 3.0000000000000000e+00 5.7574595249928684e+01
3.1387485581585992e+11 8.1327476405763718e-05 7.7985697831782141e+09 6.6878827319434052e+05 7.2940450524787455e+09 1.5135741920984104e+09 1.0964067607133823e+31 7.9365349974998139e+01 3.0000000000000000e+00 5.7526383115080151e+01
3.1528995038084991e+11 8.1255927283592624e-05 7.7894232394279957e+09 6.6859208999582008e+05 7.2854902399883232e+09 1.5117989983190162e+09 1.1107125207982286e+31 7.9655832316368389e+01 3.0000000000000000e+00 5.7477796643540785e+01
3.1671142485359851e+11 8.1183835285018546e-05 7.7802100114756136e+09 6.6839430175081431e+05 7.2768730573982067e+09 1.5100108622322226e+09 1.1251998348937922e+31 7.9946796064533686e+01 3.0000000000000000e+00 5.7428833294928417e+01
3.1813930799771210e+11 8.1111197184643061e-05 7.7709297504996462e+09 6.6819489678516123e+05 7.2681931784538002e+09 1.5082097161375382e+09 1.1398708971834964e+31 8.0238233722154476e+01 3.0000000000000000e+00 5.7379490517462798e+01
3.1957362870647681e+11 8.1038009753602486e-05 7.7615821082716637e+09 6.6799386336561339e+05 7.2594502774551544e+09 1.5063954924495339e+09 1.1547279260308686e+31 8.0530137655729689e+01 3.0000000000000000e+00 5.7329765748019433e+01
3.2101441600344318e+11 8.0964269759889698e-05 7.7521667372096672e+09 6.6779118970003608e+05 7.2506440293069210e+09 1.5045681237082398e+09 1.1697731641966976e+31 8.0822500094121295e+01 3.0000000000000000e+00 5.7279656412188423e+01
3.2246169904301355e+11 8.0889973968682714e-05 7.7426832904324732e+09 6.6758686393762310e+05 7.2417741095692186e+09 1.5027275425897641e+09 1.1850088790570911e+31 8.1115313127070351e+01 3.0000000000000000e+00 5.7229159924336393e+01
3.2391550711103192e+11 8.0815119142681253e-05 7.7331314218147802e+09 6.6738087416909751e+05 7.2328401945091648e+09 1.5008736819168437e+09 1.2004373628224132e+31 8.1408568703704503e+01 3.0000000000000000e+00 5.7178273687665296e+01
3.2537586962537646e+11 8.0739702042448983e-05 7.7235107860435038e+09 6.6717320842696005e+05 7.2238419611535416e+09 1.4990064746698883e+09 1.2160609327570724e+31 8.1702258631036685e+01 3.0000000000000000e+00 5.7126995094281767e+01
3.2684281613655499e+11 8.0663719426763507e-05 7.7138210386748972e+09 6.6696385468573403e+05 7.2147790873422117e+09 1.4971258539980545e+09 1.2318819314001526e+31 8.1996374572455636e+01 3.0000000000000000e+00 5.7075321525265750e+01
3.2831637632830286e+11 8.0587168052973548e-05 7.7040618361924467e+09 6.6675280086221197e+05 7.2056512517823162e+09 1.4952317532304008e+09 1.2479027267868496e+31 8.2290908046208258e+01 3.0000000000000000e+00 5.7023250350738557e+01
3.2979658001818347e+11 8.0510044677362274e-05 7.6942328360660295e+09 6.6654003481574310e+05 7.1964581341035404e+09 1.4933241058874691e+09 1.2641257126706956e+31 8.2585850423873481e+01 3.0000000000000000e+00 5.6970778929941581e+01
3.3128345715819171e+11 8.0432346055519396e-05 7.6843336968118696e+09 6.6632554434851650e+05 7.1871994149142427e+09 1.4914028456928883e+09 1.2805533087465489e+31 8.2881192928828440e+01 3.0000000000000000e+00 5.6917904611312466e+01
3.3277703783536029e+11 8.0354068942719450e-05 7.6743640780533686e+09 6.6610931720585609e+05 7.1778747758583202e+09 1.4894679065851450e+09 1.2971879608743243e+31 8.3176926634706732e+01 3.0000000000000000e+00 5.6864624732564316e+01
3.3427735227236810e+11 8.0275210094307999e-05 7.6643236405830984e+09 6.6589134107654402e+05 7.1684838996732111e+09 1.4875192227296650e+09 1.3140321413034276e+31 8.3473042463848870e+01 3.0000000000000000e+00 5.6810936620771550e+01
3.3578443082815204e+11 8.0195766266094847e-05 7.6542120464255333e+09 6.6567160359314177e+05 7.1590264702485590e+09 1.4855567285309341e+09 1.3310883488978854e+31 8.3769531185745109e+01 3.0000000000000000e+00 5.6756837592454517e+01
3.3729830399852130e+11 8.0115734214755577e-05 7.6440289589011164e+09 6.6545009233234869e+05 7.1495021726861162e+09 1.4835803586450071e+09 1.3483591093621289e+31 8.4066383415471307e+01 3.0000000000000000e+00 5.6702324953673077e+01
3.3881900241677454e+11 8.0035110698239829e-05 7.6337740426908112e+09 6.6522679481534520e+05 7.1399106933601665e+09 1.4815900479919384e+09 1.3658469754674108e+31 8.4363589612116954e+01 3.0000000000000000e+00 5.6647396000116025e+01
3.4034655685431946e+11 7.9953892476187908e-05 7.6234469639022236e+09 6.6500169850818906e+05 7.1302517199793119e+09 1.4795857317687352e+09 1.3835545272788198e+31 8.4661140077206653e+01 3.0000000000000000e+00 5.6592048017202544e+01
3.4188099822129578e+11 7.9872076310354896e-05 7.6130473901362152e+09 6.6477479082219233e+05 7.1205249416488199e+09 1.4775673454621940e+09 1.4014843723828739e+31 8.4959024953114536e+01 3.0000000000000000e+00 5.6536278280179467e+01
3.4342235756720056e+11 7.9789658965043059e-05 7.6025749905547800e+09 6.6454605911432998e+05 7.1107300489340897e+09 1.4755348248620696e+09 1.4196391461156536e+31 8.5257234221471919e+01 3.0000000000000000e+00 5.6480084054225046e+01
3.4497066608151648e+11 7.9706637207541044e-05 7.5920294359498901e+09 6.6431549068767251e+05 7.1008667339250546e+09 1.4734881060745058e+09 1.4380215117914447e+31 8.5555757701568780e+01 3.0000000000000000e+00 5.6423462594558515e+01
3.4652595509434302e+11 7.9623007808572711e-05 7.5814103988134193e+09 6.6408307279182551e+05 7.0909346903015633e+09 1.4714271255355747e+09 1.4566341609318635e+31 8.5854585048748646e+01 3.0000000000000000e+00 5.6366411146550519e+01
3.4808825607703033e+11 7.9538767542752442e-05 7.5707175534077997e+09 6.6384879262337810e+05 7.0809336133994875e+09 1.4693518200249436e+09 1.4754798134954287e+31 8.6153705752797734e+01 3.0000000000000000e+00 5.6308926945836312e+01
3.4965760064281616e+11 7.9453913189049755e-05 7.5599505758381310e+09 6.6361263732639281e+05 7.0708632002781477e+09 1.4672621266799512e+09 1.4945612181075471e+31 8.6453109136327996e+01 3.0000000000000000e+00 5.6251007218437344e+01
3.5123402054746552e+11 7.9368441531261466e-05 7.5491091441249123e+09 6.6337459399288800e+05 7.0607231497883587e+09 1.4651579830096619e+09 1.5138811522908807e+31 8.6752784353154865e+01 3.0000000000000000e+00 5.6192649180881098e+01
3.5281754768991327e+11 7.9282349358492403e-05 7.5381929382781296e+09 6.6313464966335893e+05 7.0505131626416979e+09 1.4630393269092999e+09 1.5334424226960575e+31 8.7052720386669435e+01 3.0000000000000000e+00 5.6133850040330252e+01
3.5440821411290955e+11 7.9195633465644472e-05 7.5272016403719997e+09 6.6289279132729140e+05 7.0402329414804478e+09 1.4609060966746612e+09 1.5532478653326928e+31 8.7352906048205696e+01 3.0000000000000000e+00 5.6074606994709342e+01
3.5600605200366809e+11 7.9108290653914025e-05 7.5161349346212358e+09 6.6264900592372962e+05 7.0298821909488907e+09 1.4587582310170362e+09 1.5733003458006826e+31 8.7653329975402741e+01 3.0000000000000000e+00 5.6014917232843771e+01
3.5761109369451788e+11 7.9020317731297841e-05 7.5049925074578695e+09 6.6240328034182754e+05 7.0194606177651958e+09 1.4565956690780244e+09 1.5936027595217403e+31 8.7953980630562853e+01 3.0000000000000000e+00 5.5954777934594979e+01
3.5922337166355695e+11 7.8931711513107648e-05 7.4937740476094894e+09 6.6215560142144538e+05 7.0089679307945671e+09 1.4544183504447775e+09 1.6141580319711205e+31 8.8254846299004697e+01 3.0000000000000000e+00 5.5894186271005815e+01
3.6084291853530981e+11 7.8842468822492602e-05 7.4824792461781960e+09 6.6190595595374773e+05 6.9984038411231012e+09 1.4522262151652887e+09 1.6349691189095110e+31 8.8555915087413041e+01 3.0000000000000000e+00 5.5833139404446371e+01
3.6246976708138770e+11 7.8752586490972250e-05 7.4711077967209015e+09 6.6165433068183227e+05 6.9877680621329098e+09 1.4500192037639763e+09 1.6560390066150458e+31 8.8857174922184683e+01 3.0000000000000000e+00 5.5771634488765294e+01
3.6410395022115137e+11 7.8662061358971953e-05 7.4596593953300753e+09 6.6140071230137302e+05 6.9770603095776014e+09 1.4477972572574236e+09 1.6773707121140853e+31 8.9158613547764077e+01 3.0000000000000000e+00 5.5709668669445037e+01
3.6574550102237769e+11 7.8570890276360189e-05 7.4481337407141962e+09 6.6114508746123221e+05 6.9662803016575747e+09 1.4455603171698649e+09 1.6989672834087809e+31 8.9460218524960581e+01 3.0000000000000000e+00 5.5647239083743358e+01
3.6739445270192841e+11 7.8479070103032678e-05 7.4365305342845678e+09 6.6088744276423776e+05 6.9554277591011877e+09 1.4433083255501442e+09 1.7208317997178968e+31 8.9761977229329233e+01 3.0000000000000000e+00 5.5584342860890565e+01
3.6905083862642230e+11 7.8386597709470464e-05 7.4248494802385187e+09 6.6062776476786379e+05 6.9445024052425737e+09 1.4410412249878402e+09 1.7429673717057615e+31 9.0063876849489290e+01 3.0000000000000000e+00 5.5520977122249086e+01
3.7071469231291071e+11 7.8293469977313649e-05 7.4130902856444216e+09 6.6036603998494893e+05 6.9335039661011753e+09 1.4387589586297374e+09 1.7653771417134988e+31 9.0365904385452765e+01 3.0000000000000000e+00 5.5457138981484654e+01
3.7238604742955530e+11 7.8199683799947344e-05 7.4012526605282888e+09 6.6010225488445302e+05 6.9224321704627399e+09 1.4364614701966445e+09 1.7880642839907060e+31 9.0668046646954537e+01 3.0000000000000000e+00 5.5392825544746231e+01
3.7406493779630963e+11 7.8105236083094722e-05 7.3893363179611712e+09 6.5983639589223079e+05 6.9112867499610472e+09 1.4341487040003707e+09 1.8110320049269434e+31 9.0970290251781037e+01 3.0000000000000000e+00 5.5328033910850770e+01
3.7575139738560339e+11 7.8010123745420385e-05 7.3773409741477289e+09 6.5956844939183001e+05 6.9000674391607580e+09 1.4318206049609203e+09 1.8342835432829746e+31 9.1272621624098008e+01 3.0000000000000000e+00 5.5262761171473279e+01
3.7744546032302991e+11 7.7914343719143330e-05 7.3652663485157728e+09 6.5929840172530455e+05 6.8887739756411686e+09 1.4294771186238196e+09 1.8578221704217155e+31 9.1575026992777921e+01 3.0000000000000000e+00 5.5197004411339194e+01
3.7914716088803662e+11 7.7817892950657322e-05 7.3531121638068943e+09 6.5902623919406603e+05 6.8774061000809679e+09 1.4271181911777792e+09 1.8816511905388396e+31 9.1877492389726953e+01 3.0000000000000000e+00 5.5130760708426820e+01
3.8085653351461871e+11 7.7720768401162707e-05 7.3408781461681566e+09 6.5875194805974676e+05 6.8659635563440075e+09 1.4247437694724512e+09 1.9057739408929887e+31 9.2180003648212491e+01 3.0000000000000000e+00 5.5064027134171148e+01
3.8257361279201593e+11 7.7622967047306135e-05 7.3285640252447834e+09 6.5847551454509096e+05 6.8544460915659771e+09 1.4223538010364220e+09 1.9301937920355417e+31 9.2482546401191371e+01 3.0000000000000000e+00 5.4996800753674727e+01
3.8429843346541248e+11 7.7524485881830225e-05 7.3161695342738628e+09 6.5819692483486841e+05 6.8428534562420683e+09 1.4199482340953906e+09 1.9549141480398862e+31 9.2785106079639235e+01 3.0000000000000000e+00 5.4929078625923061e+01
3.8603103043664001e+11 7.7425321914232194e-05 7.3036944101791105e+09 6.5791616507681436e+05 6.8311854043155909e+09 1.4175270175905578e+09 1.9799384467301369e+31 9.3087667910881677e+01 3.0000000000000000e+00 5.4860857804006699e+01
3.8777143876488422e+11 7.7325472171432266e-05 7.2911383936667671e+09 6.5763322138260398e+05 6.8194416932676678e+09 1.4150901011972976e+09 2.0052701599092598e+31 9.3390216916927400e+01 3.0000000000000000e+00 5.4792135335350054e+01
3.8951969366739362e+11 7.7224933698451920e-05 7.2785012293223171e+09 6.5734807982883090e+05 6.8076220842077065e+09 1.4126374353438373e+09 2.0309127935865227e+31 9.3692737912804120e+01 3.0000000000000000e+00 5.4722908261942067e+01
3.9127583052019287e+11 7.7123703559100641e-05 7.2657826657083483e+09 6.5706072645803029e+05 6.7957263419649143e+09 1.4101689712303016e+09 2.0568698882042491e+31 9.3995215504897672e+01 3.0000000000000000e+00 5.4653173620576688e+01
3.9303988485879810e+11 7.7021778836673207e-05 7.2529824554634724e+09 6.5677114727972541e+05 6.7837542351808319e+09 1.4076846608479209e+09 2.0831450188637862e+31 9.4297634089294633e+01 3.0000000000000000e+00 5.4582928443098254e+01
3.9481189237893616e+11 7.6919156634655821e-05 7.2401003554021025e+09 6.5647932827149192e+05 6.7717055364026489e+09 1.4051844569983621e+09 2.1097417955506538e+31 9.4599977850129491e+01 3.0000000000000000e+00 5.4512169756651787e+01
3.9659188893726703e+11 7.6815834077442261e-05 7.2271361266153889e+09 6.5618525538006122e+05 6.7595800221776037e+09 1.4026683133133559e+09 2.1366638633588066e+31 9.4902230757936152e+01 3.0000000000000000e+00 5.4440894583941478e+01
3.9837991055210919e+11 7.6711808311059434e-05 7.2140895345730114e+09 6.5588891452244064e+05 6.7473774731482038e+09 1.4001361842744203e+09 2.1639149027139442e+31 9.5204376568005415e+01 3.0000000000000000e+00 5.4369099943493403e+01
4.0017599340416852e+11 7.6607076503903019e-05 7.2009603492260513e+09 6.5559029158706660e+05 6.7350976741484432e+09 1.3975880252328236e+09 2.1914986295958228e+31 9.5506398818747854e+01 3.0000000000000000e+00 5.4296782849925542e+01
4.0198017383727051e+11 7.6501635847481768e-05 7.1877483451108904e+09 6.5528937243499584e+05 6.7227404143009510e+09 1.3950237924298160e+09 2.2194187957594967e+31 9.5808280830063566e+01 3.0000000000000000e+00 5.4223940314226958e+01
4.0379248835909558e+11 7.6395483557172686e-05 7.1744533014538450e+09 6.5498614290110045e+05 6.7103054871149006e+09 1.3924434430168381e+09 2.2476791889554334e+31 9.6110005701719132e+01 3.0000000000000000e+00 5.4150569344037308e+01
4.0561297364191785e+11 7.6288616872984956e-05 7.1610750022770061e+09 6.5468058879531571e+05 6.6977926905849686e+09 1.3898469350761156e+09 2.2762836331484361e+31 9.6411556311732454e+01 3.0000000000000000e+00 5.4076666943939486e+01
4.0744166652334705e+11 7.6181033060334141e-05 7.1476132365050268e+09 6.5437269590391545e+05 6.6852018272912188e+09 1.3872342276414220e+09 2.3052359887353130e+31 9.6712915314765894e+01 3.0000000000000000e+00 5.4002230115757307e+01
4.0927860400707428e+11 7.6072729410825494e-05 7.1340677980725317e+09 6.5406244999079546e+05 6.6725327044995880e+09 1.3846052807188339e+09 2.3345401527612325e+31 9.7014065140528956e+01 3.0000000000000000e+00 5.3927255858856633e+01
4.1112382326362048e+11 7.5963703243047662e-05 7.1204384860329084e+09 6.5374983679881762e+05 6.6597851342636013e+09 1.3819600553079267e+09 2.3642000591346896e+31 9.7314987992190609e+01 3.0000000000000000e+00 5.3851741170459434e+01
4.1297736163108862e+11 7.5853951903375643e-05 7.1067251046676435e+09 6.5343484205116052e+05 6.6469589335266647e+09 1.3792985134229388e+09 2.3942196788410280e+31 9.7615665844802336e+01 3.0000000000000000e+00 5.3775683045959987e+01
4.1483925661591943e+11 7.5743472766783048e-05 7.0929274635967855e+09 6.5311745145271998e+05 6.6340539242253609e+09 1.3766206181142702e+09 2.4246030201544488e+31 9.7916080443732710e+01 3.0000000000000000e+00 5.3699078479252947e+01
4.1670954589365009e+11 7.5632263237665210e-05 7.0790453778901730e+09 6.5279765069152508e+05 6.6210699333935022e+09 1.3739263334900157e+09 2.4553541288484324e+31 9.8216213303113946e+01 3.0000000000000000e+00 5.3621924463064417e+01
4.1858826730967676e+11 7.5520320750670729e-05 7.0650786681795530e+09 6.5247542544019339e+05 6.6080067932669764e+09 1.3712156247377279e+09 2.4864770884045182e+31 9.8516045704301447e+01 3.0000000000000000e+00 5.3544217989293152e+01
4.2047545888002026e+11 7.5407642771543190e-05 7.0510271607716932e+09 6.5215076135742897e+05 6.5948643413895493e+09 1.3684884581464353e+09 2.5179760202193598e+31 9.8815558694347104e+01 3.0000000000000000e+00 5.3465956049361168e+01
4.2237115879209558e+11 7.5294226797972575e-05 7.0368906877620564e+09 6.5182364408952743e+05 6.5816424207191906e+09 1.3657448011286020e+09 2.5498550838100034e+31 9.9114733084487298e+01 3.0000000000000000e+00 5.3387135634566867e+01
4.2427540540548419e+11 7.5180070360456253e-05 7.0226690871496363e+09 6.5149405927194306e+05 6.5683408797354698e+09 1.3629846222424948e+09 2.5821184770172954e+31 9.9413549448646037e+01 3.0000000000000000e+00 5.3307753736452106e+01
4.2618823725271069e+11 7.5065171023169029e-05 7.0083622029524031e+09 6.5116199253087677e+05 6.5549595725475397e+09 1.3602078912145939e+09 2.6147704362073828e+31 9.9711988121954846e+01 3.0000000000000000e+00 5.3227807347175023e+01
4.2810969304002222e+11 7.4949526384843405e-05 6.9939698853234682e+09 6.5082742948488612e+05 6.5414983590027819e+09 1.3574145789620566e+09 2.6478152364711980e+31 1.0001002919928945e+02 3.0000000000000000e+00 5.3147293459888182e+01
4.3003981164817181e+11 7.4833134079659220e-05 6.9794919906682777e+09 6.5049035574655421e+05 6.5279571047964325e+09 1.3546046576155374e+09 2.6812571918218907e+31 1.0030765253382492e+02 3.0000000000000000e+00 5.3066209069130139e+01
4.3197863213320496e+11 7.4715991778141931e-05 6.9649283817623806e+09 6.5015075692418148e+05 6.5143356815816984e+09 1.3517781005420470e+09 2.7151006553901048e+31 1.0060483773560975e+02 3.0000000000000000e+00 5.2984551171223977e+01
4.3392619372725031e+11 7.4598097188071602e-05 6.9502789278699169e+09 6.4980861862350535e+05 6.5006339670806198e+09 1.3489348823678939e+09 2.7493500196170642e+31 1.0090156417016003e+02 3.0000000000000000e+00 5.2902316764681174e+01
4.3588253583931311e+11 7.4479448055399846e-05 6.9355435048628569e+09 6.4946392644946696e+05 6.4868518451955748e+09 1.3460749790018561e+09 2.7840097164453505e+31 1.0119781095707488e+02 3.0000000000000000e+00 5.2819502850618761e+01
4.3784769805607288e+11 7.4360042165177301e-05 6.9207219953410816e+09 6.4911666600801796e+05 6.4729892061215754e+09 1.3431983676585174e+09 2.8190842175073385e+31 1.0149355696867360e+02 3.0000000000000000e+00 5.2736106433184439e+01
4.3982172014268439e+11 7.4239877342489408e-05 6.9058142887528038e+09 6.4876682290794584e+05 6.4590459464589443e+09 1.3403050268815818e+09 2.8545780343111970e+31 1.0178878082865648e+02 3.0000000000000000e+00 5.2652124519987844e+01
4.4180464204358228e+11 7.4118951453401387e-05 6.8908202815159521e+09 6.4841438276275829e+05 6.4450219693267889e+09 1.3373949365674930e+09 2.8904957184243805e+31 1.0208346091078948e+02 3.0000000000000000e+00 5.2567554122546255e+01
4.4379650388328943e+11 7.3997262405913475e-05 6.8757398771399813e+09 6.4805933119258494e+05 6.4309171844769812e+09 1.3344680779890070e+09 2.9268418616545514e+31 1.0237757533761449e+02 3.0000000000000000e+00 5.2482392256733519e+01
4.4579734596722882e+11 7.3874808150923329e-05 6.8605729863483219e+09 6.4770165382613125e+05 6.4167315084086571e+09 1.3315244338189981e+09 2.9636210962278408e+31 1.0267110197918598e+02 3.0000000000000000e+00 5.2396635943244014e+01
4.4780720878253912e+11 7.3751586683198217e-05 6.8453195272014551e+09 6.4734133630267042e+05 6.4024648644833326e+09 1.3285639881543665e+09 3.0008380949643857e+31 1.0296401845183541e+02 3.0000000000000000e+00 5.2310282208064706e+01
4.4982613299889386e+11 7.3627596042356874e-05 6.8299794252204990e+09 6.4697836427406617e+05 6.3881171830405035e+09 1.3255867265399885e+09 3.0384975714510645e+31 1.0325630211696460e+02 3.0000000000000000e+00 5.2223328082955611e+01
4.5185415946932452e+11 7.3502834313858250e-05 6.8145526135111694e+09 6.4661272340683523e+05 6.3736884015135803e+09 1.3225926359927673e+09 3.0766042802113602e+31 1.0354793007986905e+02 3.0000000000000000e+00 5.2135770605941090e+01
4.5389132923104724e+11 7.3377299630000430e-05 6.7990390328885098e+09 6.4624439938426344e+05 6.3591784645465479e+09 1.3195817050258904e+09 3.1151630168722690e+31 1.0383887918859267e+02 3.0000000000000000e+00 5.2047606821813140e+01
4.5593768350629291e+11 7.3250990170926905e-05 6.7834386320017452e+09 6.4587337790854252e+05 6.3445873241107416e+09 1.3165539236730163e+09 3.1541786183281839e+31 1.0412912603281544e+02 3.0000000000000000e+00 5.1958833782642607e+01
4.5799326370314172e+11 7.3123904165642352e-05 6.7677513674598131e+09 6.4549964470296074e+05 6.3299149396222649e+09 1.3135092835126500e+09 3.1936559629016882e+31 1.0441864694277481e+02 3.0000000000000000e+00 5.1869448548302302e+01
4.6005811141636078e+11 7.2996039893035642e-05 6.7519772039571466e+09 6.4512318551413063e+05 6.3151612780596266e+09 1.3104477776925631e+09 3.2335999705011638e+31 1.0470741798822259e+02 3.0000000000000000e+00 5.1779448187000526e+01
4.6213226842824567e+11 7.2867395682911355e-05 6.7361161143998070e+09 6.4474398611425539e+05 6.3003263140817223e+09 1.3073694009542587e+09 3.2740156027751589e+31 1.0499541497741869e+02 3.0000000000000000e+00 5.1688829775825511e+01
4.6421577670946631e+11 7.2737969917029550e-05 6.7201680800320778e+09 6.4436203230344574e+05 6.2854100301462212e+09 1.3042741496575708e+09 3.3149078632634430e+31 1.0528261345616302e+02 3.0000000000000000e+00 5.1597590401302227e+01
4.6630867841991595e+11 7.2607761030152787e-05 6.7041330905631227e+09 6.4397730991206644e+05 6.2704124166280527e+09 1.3011620218052142e+09 3.3562817975446549e+31 1.0556898870686710e+02 3.0000000000000000e+00 5.1505727159957772e+01
4.6841101590956439e+11 7.2476767511101415e-05 6.6880111442941055e+09 6.4358980480313743e+05 6.2553334719382792e+09 1.2980330170674822e+09 3.3981424933804967e+31 1.0585451574766684e+02 3.0000000000000000e+00 5.1413237158901218e+01
4.7052283171931470e+11 7.2344987903816136e-05 6.6718022482453108e+09 6.4319950287476438e+05 6.2401732026430178e+09 1.2948871368068748e+09 3.4404950808563812e+31 1.0613916933157819e+02 3.0000000000000000e+00 5.1320117516411706e+01
4.7264416858186450e+11 7.2212420808427606e-05 6.6555064182836428e+09 6.4280639006263018e+05 6.2249316235826759e+09 1.2917243841029005e+09 3.4833447325184829e+31 1.0642292394569701e+02 3.0000000000000000e+00 5.1226365362542637e+01
4.7477506942257013e+11 7.2079064882333649e-05 6.6391236792501507e+09 6.4241045234251861e+05 6.2096087579912138e+09 1.2885447637768116e+09 3.5266966635070914e+31 1.0670575381044496e+02 3.0000000000000000e+00 5.1131977839735484e+01
4.7691557736031573e+11 7.1944918841280285e-05 6.6226540650872221e+09 6.4201167573287198e+05 6.1942046376151295e+09 1.2853482824162757e+09 3.5705561316751183e+31 1.0698763287883035e+02 3.0000000000000000e+00 5.1036952103429250e+01
4.7906573570838538e+11 7.1809981460450620e-05 6.6060976189659929e+09 6.4161004629739700e+05 6.1787193028326321e+09 1.2821349484000854e+09 3.6149284377159592e+31 1.0726853483579858e+02 3.0000000000000000e+00 5.0941285322702811e+01
4.8122558797533972e+11 7.1674251575569206e-05 6.5894543934149227e+09 6.4120555014774902e+05 6.1631528027738762e+09 1.2789047719231400e+09 3.6598189253029572e+31 1.0754843309767779e+02 3.0000000000000000e+00 5.0844974680952028e+01
4.8339517786589630e+11 7.1537728084004467e-05 6.5727244504473047e+09 6.4079817344623734e+05 6.1475051954402313e+09 1.2756577650212231e+09 3.7052329811951269e+31 1.0782730081158945e+02 3.0000000000000000e+00 5.0748017376537504e+01
4.8557454928181396e+11 7.1400409945879300e-05 6.5559078616887703e+09 6.4038790240856656e+05 6.1317765478235407e+09 1.2723939415956888e+09 3.7511760353505286e+31 1.0810511085494902e+02 3.0000000000000000e+00 5.0650410623459173e+01
4.8776374632278137e+11 7.1262296185186481e-05 6.5390047085046368e+09 6.3997472330663214e+05 6.1159669360252409e+09 1.2691133174381883e+09 3.7976535610355312e+31 1.0838183583502270e+02 3.0000000000000000e+00 5.0552151652046653e+01
4.8996281328730890e+11 7.1123385890910145e-05 6.5220150821272650e+09 6.3955862247137306e+05 6.1000764453754501e+09 1.2658159102554491e+09 3.8446710749298384e+31 1.0865744808854285e+02 3.0000000000000000e+00 5.0453237709665167e+01
4.9217179467362555e+11 7.0983678218153860e-05 6.5049390837829943e+09 6.3913958629564825e+05 6.0841051705517178e+09 1.2625017396938276e+09 3.8922341372272242e+31 1.0893191968138370e+02 3.0000000000000000e+00 5.0353666061429500e+01
4.9439073518057898e+11 7.0843172389272168e-05 6.4877768248188114e+09 6.3871760123717482e+05 6.0680532156975031e+09 1.2591708273639281e+09 3.9403483517318850e+31 1.0920522240829933e+02 3.0000000000000000e+00 5.0253433990935541e+01
4.9661967970854034e+11 7.0701867695008129e-05 6.4705284268289022e+09 6.3829265382152004e+05 6.0519206945405006e+09 1.2558231968652070e+09 3.9890193659503633e+31 1.0947732779272592e+02 3.0000000000000000e+00 5.0152538801007772e+01
4.9885867336031250e+11 7.0559763495635814e-05 6.4531940217805538e+09 6.3786473064512084e+05 6.0357077305104399e+09 1.2524588738103483e+09 4.0382528711789536e+31 1.0974820708665075e+02 3.0000000000000000e+00 5.0050977814455500e+01
5.0110776144204279e+11 7.0416859222106982e-05 6.4357737521397429e+09 6.3743381837836024e+05 6.0194144568565369e+09 1.2490778858496253e+09 4.0880546025865465e+31 1.1001783127054972e+02 3.0000000000000000e+00 4.9948748374846147e+01
5.0336698946414001e+11 7.0273154377201204e-05 6.4182677709963522e+09 6.3699990376870777e+05 6.0030410167645903e+09 1.2456802626952937e+09 4.1384303392928421e+31 1.1028617105339563e+02 3.0000000000000000e+00 4.9845847847297442e+01
5.0563640314219501e+11 7.0128648536681027e-05 6.4006762421885881e+09 6.3656297364387824e+05 5.9865875634733763e+09 1.2422660361456418e+09 4.1893859044418493e+31 1.1055319687273972e+02 3.0000000000000000e+00 4.9742273619276823e+01
5.0791604839790594e+11 6.9983341350449721e-05 6.3829993404270306e+09 6.3612301491506561e+05 5.9700542603906536e+09 1.2388352401091352e+09 4.2409271652706471e+31 1.1081887889486865e+02 3.0000000000000000e+00 4.9638023101422455e+01
5.1020597136000751e+11 6.9837232543713129e-05 6.3652372514178963e+09 6.3568001458020858e+05 5.9534412812084665e+09 1.2353879106282961e+09 4.2930600331733180e+31 1.1108318701503923e+02 3.0000000000000000e+00 4.9533093728376073e+01
5.1250621836520416e+11 6.9690321918143691e-05 6.3473901719855881e+09 6.3523395972731151e+05 5.9367488100177584e+09 1.2319240859034944e+09 4.3457904637600118e+31 1.1134609085779326e+02 3.0000000000000000e+00 4.9427482959632343e+01
5.1481683595910797e+11 6.9542609353047397e-05 6.3294583101945610e+09 6.3478483753781929e+05 5.9199770414223547e+09 1.2284438063166234e+09 4.3991244569110779e+31 1.1160755977735535e+02 3.0000000000000000e+00 4.9321188280405643e+01
5.1713787089718042e+11 6.9394094806532803e-05 6.3114418854702301e+09 6.3433263529003435e+05 5.9031261806520462e+09 1.2249471144545557e+09 4.4530680568262196e+31 1.1186756285811580e+02 3.0000000000000000e+00 4.9214207202511354e+01
5.1946937014567828e+11 6.9244778316682212e-05 6.2933411287190218e+09 6.3387734036258352e+05 5.8861964436748800e+09 1.2214340551324246e+09 4.5076273520686095e+31 1.1212606891520136e+02 3.0000000000000000e+00 4.9106537265263221e+01
5.2181138088260449e+11 6.9094660002723941e-05 6.2751562824474773e+09 6.3341894023794122e+05 5.8691880573085546e+09 1.2179046754167681e+09 4.5628084756039354e+31 1.1238304649513660e+02 3.0000000000000000e+00 4.8998176036389360e+01
5.2416395049866217e+11 6.8943740066206119e-05 6.2568876008802681e+09 6.3295742250599363e+05 5.8521012593308010e+09 1.2143590246484044e+09 4.6186176048342977e+31 1.1263846387659832e+02 3.0000000000000000e+00 4.8889121112962911e+01
5.2652712659821399e+11 6.8792018792170607e-05 6.2385353500772133e+09 6.3249277486766665e+05 5.8349362985888138e+09 1.2107971544651978e+09 4.6750609616269542e+31 1.1289228907126616e+02 3.0000000000000000e+00 4.8779370122353228e+01
5.2890095700024536e+11 6.8639496550328285e-05 6.2200998080489101e+09 6.3202498513857974e+05 5.8176934351074400e+09 1.2072191188244112e+09 4.7321448123378422e+31 1.1314448982477217e+02 3.0000000000000000e+00 4.8668920723188315e+01
5.3128548973933203e+11 6.8486173796232961e-05 6.2015812648714037e+09 6.3155404125277884e+05 5.8003729401963911e+09 1.2036249740250406e+09 4.7898754678298520e+31 1.1339503361775166e+02 3.0000000000000000e+00 4.8557770606342878e+01
5.3368077306661206e+11 6.8332051072455586e-05 6.1829800227993174e+09 6.3107993126649922e+05 5.7829750965560732e+09 1.2000147787297397e+09 4.8482592834858098e+31 1.1364388766699965e+02 3.0000000000000000e+00 4.8445917495938495e+01
5.3608685545076215e+11 6.8177129009757719e-05 6.1642963963777943e+09 6.3060264336198918e+05 5.7655001983822775e+09 1.1963885939865546e+09 4.9073026592161384e+31 1.1389101892673420e+02 3.0000000000000000e+00 4.8333359150364998e+01
5.3850378557897852e+11 6.8021408328262266e-05 6.1455307125527134e+09 6.3012216585137416e+05 5.7479485514692793e+09 1.1927464832503028e+09 4.9670120394611812e+31 1.1413639408997160e+02 3.0000000000000000e+00 4.8220093363318703e+01
5.4093161235796204e+11 6.7864889838624239e-05 6.1266833107797155e+09 6.2963848718058388e+05 5.7303204733118000e+09 1.1890885124037504e+09 5.0273939131881351e+31 1.1437997959001497e+02 3.0000000000000000e+00 4.8106117964861028e+01
5.4337038491490765e+11 6.7707574443197702e-05 6.1077545431313076e+09 6.2915159593331465e+05 5.7126162932051859e+09 1.1854147497783666e+09 5.0884548138825836e+31 1.1462174160206057e+02 3.0000000000000000e+00 4.7991430822494273e+01
5.4582015259849902e+11 6.7549463137200221e-05 6.0887447744025269e+09 6.2866148083506012e+05 5.6948363523442326e+09 1.1817252661748860e+09 5.1502013195346406e+31 1.1486164604492500e+02 3.0000000000000000e+00 4.7876029842260358e+01
5.4828096497990637e+11 6.7390557009874494e-05 6.0696543822146749e+09 6.2816813075717306e+05 5.6769810039202147e+09 1.1780201348833864e+09 5.2126400526196113e+31 1.1509965858289624e+02 3.0000000000000000e+00 4.7759912969854724e+01
5.5075287185379016e+11 6.7230857245645378e-05 6.0504837571173182e+09 6.2767153472099314e+05 5.6590506132162752e+09 1.1742994317031326e+09 5.2757776800732562e+31 1.1533574462771269e+02 3.0000000000000000e+00 4.7643078191764644e+01
5.5323592323930835e+11 6.7070365125273501e-05 6.0312333026882858e+09 6.2717168190200906e+05 5.6410455577009764e+09 1.1705632349619300e+09 5.3396209132615692e+31 1.1556986934067302e+02 3.0000000000000000e+00 4.7525523536423542e+01
5.5573016938112878e+11 6.6909082027002953e-05 6.0119034356317577e+09 6.2666856163408631e+05 5.6229662271200199e+09 1.1668116255352092e+09 5.4041765079451196e+31 1.1580199763488132e+02 3.0000000000000000e+00 4.7407247075390103e+01
5.5823566075044556e+11 6.6747009427703819e-05 5.9924945858741779e+09 6.2616216341373464e+05 5.6048130235859671e+09 1.1630446868646350e+09 5.4694512642379129e+31 1.1603209417763065e+02 3.0000000000000000e+00 4.7288246924546534e+01
5.6075244804600049e+11 6.6584148904009374e-05 5.9730071966581059e+09 6.2565247690442717e+05 5.5865863616660013e+09 1.1592625049763129e+09 5.5354520265608273e+31 1.1626012339292909e+02 3.0000000000000000e+00 4.7168521245317926e+01
5.6328058219510938e+11 6.6420502133445857e-05 5.9534417246336031e+09 6.2513949194095866e+05 5.5682866684674416e+09 1.1554651684984865e+09 5.6021856835895965e+31 1.1648604946417200e+02 3.0000000000000000e+00 4.7048068245911324e+01
5.6582011435469189e+11 6.6256070895555469e-05 5.9337986399476299e+09 6.2462319853387750e+05 5.5499143837213087e+09 1.1516527686789687e+09 5.6696591681973508e+31 1.1670983633696497e+02 3.0000000000000000e+00 4.6926886182582635e+01
5.6837109591230676e+11 6.6090857073011086e-05 5.9140784263306379e+09 6.2410358687393670e+05 5.5314699598633442e+09 1.1478253994018857e+09 5.7378794573917620e+31 1.1693144772210066e+02 3.0000000000000000e+00 4.6804973360919568e+01
5.7093357848719238e+11 6.5924862652723493e-05 5.8942815811808977e+09 6.2358064733660896e+05 5.5129538621128807e+09 1.1439831572040529e+09 5.8068535722468169e+31 1.1715084709869487e+02 3.0000000000000000e+00 4.6682328137149788e+01
5.7350761393131055e+11 6.5758089726938637e-05 5.8744086156462069e+09 6.2305437048665294e+05 5.4943665685492468e+09 1.1401261412908781e+09 5.8765885778292058e+31 1.1736799771748493e+02 3.0000000000000000e+00 4.6558948919474048e+01
5.7609325433039575e+11 6.5590540494325742e-05 5.8544600547026987e+09 6.2252474708270514e+05 5.4757085701855059e+09 1.1362544535515800e+09 5.9470915831193957e+31 1.1758286260429558e+02 3.0000000000000000e+00 4.6434834169417528e+01
5.7869055200500977e+11 6.5422217261054902e-05 5.8344364372311430e+09 6.2199176808194281e+05 5.4569803710397902e+09 1.1323681985740559e+09 6.0183697409274452e+31 1.1779540456367656e+02 3.0000000000000000e+00 4.6309982403210100e+01
5.8129955951159937e+11 6.5253122441863499e-05 5.8143383160902033e+09 6.2145542464478058e+05 5.4381824882038374e+09 1.1284674836590960e+09 6.0904302478035437e+31 1.1800558618271626e+02 3.0000000000000000e+00 4.6184392193188479e+01
5.8392032964356079e+11 6.5083258561111283e-05 5.7941662581867161e+09 6.2091570813960698e+05 5.4193154519087191e+09 1.1245524188339901e+09 6.1632803439433994e+31 1.1821336983503647e+02 3.0000000000000000e+00 4.6058062169221138e+01
5.8655291543230750e+11 6.4912628253822817e-05 5.7739208445430260e+09 6.2037261014757887e+05 5.4003798055878162e+09 1.1206231168656321e+09 6.2369273130884800e+31 1.1841871768497279e+02 3.0000000000000000e+00 4.5930991020161372e+01
5.8919737014834314e+11 6.4741234266716779e-05 5.7536026703610106e+09 6.1982612246744544e+05 5.3813761059367065e+09 1.1166796932729156e+09 6.3113784824211774e+31 1.1862159169194520e+02 3.0000000000000000e+00 4.5803177495322267e+01
5.9185374730233997e+11 6.4569079459221495e-05 5.7332123450829592e+09 6.1927623712042463e+05 5.3623049229701052e+09 1.1127222663385625e+09 6.3866412224550024e+31 1.1882195361502473e+02 3.0000000000000000e+00 4.5674620405979404e+01
5.9452210064622107e+11 6.4396166804475707e-05 5.7127504924490814e+09 6.1872294635512191e+05 5.3431668400756474e+09 1.1087509571203058e+09 6.4627229469198294e+31 1.1901976501770022e+02 3.0000000000000000e+00 4.5545318626899061e+01
5.9720248417424878e+11 6.4222499390314240e-05 5.6922177505515108e+09 6.1816624265248119e+05 5.3239624540643997e+09 1.1047658894613380e+09 6.5396311126423287e+31 1.1921498727285115e+02 3.0000000000000000e+00 4.5415271097891804e+01
5.9989495212411621e+11 6.4048080420237710e-05 5.6716147718848372e+09 6.1760611873078300e+05 5.3046923752181292e+09 1.1007671900001218e+09 6.6173732194215978e+31 1.1940758156793127e+02 3.0000000000000000e+00 4.5284476825393121e+01
6.0259955897804578e+11 6.3872913214364088e-05 5.6509422233928947e+09 6.1704256755068386e+05 5.2853572273330593e+09 1.0967549881795089e+09 6.6959568099002015e+31 1.1959750891036910e+02 3.0000000000000000e+00 4.5152934884072394e+01
6.0531635946389111e+11 6.3697001210368567e-05 5.6302007865123549e+09 6.1647558232029364e+05 5.2659576477606459e+09 1.0927294162551296e+09 6.7753894694261862e+31 1.1978473013318204e+02 3.0000000000000000e+00 4.5020644418463569e+01
6.0804540855624463e+11 6.3520347964439165e-05 5.6093911572167683e+09 6.1590515650043054e+05 5.2464942874487581e+09 1.0886906093040309e+09 6.8556788258729820e+31 1.1996920590075089e+02 3.0000000000000000e+00 4.4887604644603037e+01
6.1078676147754980e+11 6.3342957152110816e-05 5.5885140460443010e+09 6.1533128380954987e+05 5.2269678109676409e+09 1.0846387052299807e+09 6.9368325495728368e+31 1.2015089671504272e+02 3.0000000000000000e+00 4.4753814851770976e+01
6.1354047369921863e+11 6.3164832569158710e-05 5.5675701781310539e+09 6.1475395822898764e+05 5.2073788965410604e+09 1.0805738447699821e+09 7.0188583531449540e+31 1.2032976292188634e+02 3.0000000000000000e+00 4.4619274404195870e+01
6.1630660094275439e+11 6.2985978132466821e-05 5.5465602932396250e+09 6.1417317400820996e+05 5.1877282360730286e+09 1.0764961714997849e+09 7.1017639913306930e+31 1.2050576471751558e+02 3.0000000000000000e+00 4.4483982742793437e+01
6.1908519918087891e+11 6.2806397880862326e-05 5.5254851457820768e+09 6.1358892567006592e+05 5.1680165351692877e+09 1.0724058318383694e+09 7.1855572608388735e+31 1.2067886215538967e+02 3.0000000000000000e+00 4.4347939386946983e+01
6.2187632463866492e+11 6.2626095975927624e-05 5.5043455048386002e+09 6.1300120801606914e+05 5.1482445131547432e+09 1.0683029750515743e+09 7.2702460001871472e+31 1.2084901515327144e+02 3.0000000000000000e+00 4.4211143936317690e+01
6.2468003379467444e+11 6.2445076702789169e-05 5.4831421541715870e+09 6.1241001613169513e+05 5.1284129030866632e+09 1.0641877532547715e+09 7.3558380895395885e+31 1.2101618350056980e+02 3.0000000000000000e+00 4.4073596072681951e+01
6.2749638338210107e+11 6.2263344470880880e-05 5.4618758922353849e+09 6.1181534539173217e+05 5.1085224517637749e+09 1.0600603214148378e+09 7.4423414505406227e+31 1.2118032686595228e+02 3.0000000000000000e+00 4.3935295561805439e+01
6.3032543038991809e+11 6.2080903814683131e-05 5.4405475321812115e+09 6.1121719146563252e+05 5.0885739197308636e+09 1.0559208373510494e+09 7.5297640461454858e+31 1.2134140480523573e+02 3.0000000000000000e+00 4.3796242255343124e+01
6.3316723206403186e+11 6.1897759394434482e-05 5.4191579018574028e+09 6.1061555032290425e+05 5.0685680812790127e+09 1.0517694617351699e+09 7.6181138804474148e+31 1.2149937676956074e+02 3.0000000000000000e+00 4.3656436092774719e+01
6.3602184590843994e+11 6.1713915996816927e-05 5.3977078438047409e+09 6.1001041823851177e+05 5.0485057244412413e+09 1.0476063580905029e+09 7.7073989985016867e+31 1.2165420211385754e+02 3.0000000000000000e+00 4.3515877103369228e+01
6.3888932968639478e+11 6.1529378535612496e-05 5.3761982152469864e+09 6.0940179179831338e+05 5.0283876509836206e+09 1.0434316927901006e+09 7.7976274861467710e+31 1.2180584010561040e+02 3.0000000000000000e+00 4.3374565408186349e+01
6.4176974142157275e+11 6.1344152052330404e-05 5.3546298880760622e+09 6.0878966790449456e+05 5.0082146763914499e+09 1.0392456350538359e+09 7.8888074698227520e+31 1.2195424993392785e+02 3.0000000000000000e+00 4.3232501222106201e+01
6.4466313939924780e+11 6.1158241716804314e-05 5.3330037488323755e+09 6.0817404378104093e+05 4.9879876298508320e+09 1.0350483569446354e+09 7.9809471163872338e+31 1.2209939071892603e+02 3.0000000000000000e+00 4.3089684855897922e+01
6.4756958216747144e+11 6.0971652827758089e-05 5.3113206986796827e+09 6.0755491697920905e+05 4.9677073542251558e+09 1.0308400333635834e+09 8.0740546329289870e+31 1.2224122152143318e+02 3.0000000000000000e+00 4.2946116718319537e+01
6.5048912853825684e+11 6.0784390813340002e-05 5.2895816533745689e+09 6.0693228538300353e+05 4.9473747060265856e+09 1.0266208420439496e+09 8.1681382665794985e+31 1.2237970135302250e+02 3.0000000000000000e+00 4.2801797318250827e+01
6.5342183758876953e+11 6.0596461231622272e-05 5.2677875432306452e+09 6.0630614721469046e+05 4.9269905553825331e+09 1.0223909635443411e+09 8.2632063043227435e+31 1.2251478918638220e+02 3.0000000000000000e+00 4.2656727266868231e+01
6.5636776866252234e+11 6.0407869771067594e-05 5.2459393130768642e+09 6.0567650104027730e+05 4.9065557859966965e+09 1.0181505812405046e+09 8.3592670728033483e+31 1.2264644396603012e+02 3.0000000000000000e+00 4.2510907279847146e+01
6.5932698137057629e+11 6.0218622250959619e-05 5.2240379222104597e+09 6.0504334577503335e+05 4.8860712951050348e+09 1.0138998813162763e+09 8.4563289381334526e+31 1.2277462461938127e+02 3.0000000000000000e+00 4.2364338179607579e+01
6.6229953559274719e+11 6.0028724621797050e-05 5.2020843443438787e+09 6.0440668068898492e+05 4.8655379934261351e+09 1.0096390527532352e+09 8.5544003056985375e+31 1.2289929006817756e+02 3.0000000000000000e+00 4.2217020897592626e+01
6.6528549147881702e+11 5.9838182965650001e-05 5.1800795675458727e+09 6.0376650541241653e+05 4.8449568051061163e+09 1.0053682873192716e+09 8.6534896199624503e+31 1.2302039924028745e+02 3.0000000000000000e+00 4.2068956476585363e+01
6.6828490944975073e+11 5.9647003496478138e-05 5.1580245941767254e+09 6.0312281994137447e+05 4.8243286676580439e+09 1.0010877795560442e+09 8.7536053642719432e+31 1.2313791108188484e+02 3.0000000000000000e+00 4.1920146073065766e+01
6.7129785019891968e+11 5.9455192560408508e-05 5.1359204408172035e+09 6.0247562464314769e+05 4.8036545318954830e+09 9.9679772676516426e+08 8.8547560606610455e+31 1.2325178457001624e+02 3.0000000000000000e+00 4.1770590959602934e+01
6.7432437469332910e+11 5.9262756635972446e-05 5.1137681381914339e+09 6.0182492026174767e+05 4.7829353618603525e+09 9.9249832899325013e+08 8.9569502696555066e+31 1.2336197872556551e+02 3.0000000000000000e+00 4.1620292527289870e+01
6.7736454417485205e+11 5.9069702334301089e-05 5.0915687310834408e+09 6.0117070792336320e+05 4.7621721347448750e+09 9.8818978901569867e+08 9.0601965900776769e+31 1.2346845262662514e+02 3.0000000000000000e+00 4.1469252288214705e+01
6.8041842016146838e+11 5.8876036399276710e-05 5.0693232782473030e+09 6.0051298914180533e+05 4.7413658408075438e+09 9.8387231231927776e+08 9.1645036588521178e+31 1.2357116542228430e+02 3.0000000000000000e+00 4.1317471877975294e+01
6.8348606444851001e+11 5.8681765707640119e-05 5.0470328523107643e+09 5.9985176582391863e+05 4.7205174832829676e+09 9.7954610708338928e+08 9.2698801508123126e+31 1.2367007634684305e+02 3.0000000000000000e+00 4.1164953058232172e+01
6.8656753910991101e+11 5.8486897269052469e-05 5.0246985396723757e+09 5.9918704027497838e+05 4.6996280782856627e+09 9.7521138416013777e+08 9.3763347785087323e+31 1.2376514473446319e+02 3.0000000000000000e+00 4.1011697719305879e+01
6.8966290649946362e+11 5.8291438226110444e-05 5.0023214403918419e+09 5.9851881520404504e+05 4.6786986547075014e+09 9.7086835705302489e+08 9.4838762920187185e+31 1.2385633003426535e+02 3.0000000000000000e+00 4.0857707882813735e+01
6.9277222925208044e+11 5.8095395854312320e-05 4.9799026680735683e+09 5.9784709372928925e+05 4.6577302541087818e+09 9.6651724189436591e+08 9.5925134787584422e+31 1.2394359182588335e+02 3.0000000000000000e+00 4.0702985704351676e+01
6.9589557028506116e+11 5.7898777561976402e-05 4.9574433497433882e+09 5.9717187938327226e+05 4.6367239306029425e+09 9.6215825742133963e+08 9.7022551632973428e+31 1.2402688983548613e+02 3.0000000000000000e+00 4.0547533476217190e+01
6.9903299279936633e+11 5.7701590890107814e-05 4.9349446257183104e+09 5.9649317611818947e+05 4.6156807507347317e+09 9.5779162495073473e+08 9.8131102071754512e+31 1.2410618395227870e+02 3.0000000000000000e+00 4.0391353630178891e+01
7.0218456028089587e+11 5.7503843512213726e-05 4.9124076494691296e+09 5.9581098831105675e+05 4.5946017933517075e+09 9.5341756835227084e+08 9.9250875087238964e+31 1.2418143424549217e+02 3.0000000000000000e+00 4.0234448740288954e+01
7.0535033650177380e+11 5.7305543234065961e-05 4.8898335874759369e+09 5.9512532076884573e+05 4.5734881494690876e+09 9.4903631402055144e+08 1.0038196002889066e+32 1.2425260098187573e+02 3.0000000000000000e+00 4.0076821525741515e+01
7.0853038552163879e+11 5.7106697993408452e-05 4.8672236190763512e+09 5.9443617873356468e+05 4.5523409221278067e+09 9.4464809084563982e+08 1.0152444661060764e+32 1.2431964464370061e+02 3.0000000000000000e+00 3.9918474853778520e+01
7.1172477168894019e+11 5.6907315859610442e-05 4.8445789363063412e+09 5.9374356788725662e+05 4.5311612262456436e+09 9.4025313018209672e+08 1.0267842490904783e+32 1.2438252594728894e+02 3.0000000000000000e+00 3.9759411742637980e+01
7.1493355964224023e+11 5.6707405033260957e-05 4.8219007437337332e+09 5.9304749435695447e+05 4.5099501884614849e+09 9.3585166581674838e+08 1.0384398536200299e+32 1.2444120586207924e+02 3.0000000000000000e+00 3.9599635364556207e+01
7.1815681431152209e+11 5.6506973845706730e-05 4.7991902582840824e+09 5.9234796471953485e+05 4.4887089469724703e+09 9.3144393393483472e+08 1.0502121876682501e+32 1.2449564563024079e+02 3.0000000000000000e+00 3.9439149048812219e+01
7.2139460091950366e+11 5.6306030758529295e-05 4.7764487090589895e+09 5.9164498600650555e+05 4.4674386513640623e+09 9.2703017308478236e+08 1.0621021627890869e+32 1.2454580678684940e+02 3.0000000000000000e+00 3.9277956284824768e+01
7.2464698498295715e+11 5.6104584362961981e-05 4.7536773371466446e+09 5.9093856570868916e+05 4.4461404624328489e+09 9.2261062414138746e+08 1.0741106941023506e+32 1.2459165118063794e+02 3.0000000000000000e+00 3.9116060725295817e+01
7.2791403231403528e+11 5.5902643379243817e-05 4.7308773954247141e+09 5.9022871178083261e+05 4.4248155520021753e+09 9.1818553026761854e+08 1.0862387002798009e+32 1.2463314099533380e+02 3.0000000000000000e+00 3.8953466189408246e+01
7.3119580902160254e+11 5.5700216655910211e-05 4.7080501483552399e+09 5.8951543264609715e+05 4.4034651027303123e+09 9.1375513687478364e+08 1.0984871035319223e+32 1.2467023877159795e+02 3.0000000000000000e+00 3.8790176666071197e+01
7.3449238151257300e+11 5.5497313169018659e-05 4.6851968717715673e+09 5.8879873720043711e+05 4.3820903079111891e+09 9.0931969158113718e+08 1.1108568295954367e+32 1.2470290742957771e+02 3.0000000000000000e+00 3.8626196317216532e+01
7.3780381649325439e+11 5.5293942021307409e-05 4.6623188526574593e+09 5.8807863481688779e+05 4.3606923712677641e+09 9.0487944416908979e+08 1.1233488077215964e+32 1.2473111029208876e+02 3.0000000000000000e+00 3.8461529481153278e+01
7.4113018097069751e+11 5.5090112441286475e-05 4.6394173889177809e+09 5.8735513534969580e+05 4.3392725067375708e+09 9.0043464654062903e+08 1.1359639706652964e+32 1.2475481110843910e+02 3.0000000000000000e+00 3.8296180675968102e+01
7.4447154225405212e+11 5.4885833782259544e-05 4.6164937891412792e+09 5.8662824913834385e+05 4.3178319382508402e+09 8.9598555267131627e+08 1.1487032546750530e+32 1.2477397407891098e+02 3.0000000000000000e+00 3.8130154602984973e+01
7.4782796795592944e+11 5.4681115521274120e-05 4.5935493723549404e+09 5.8589798701142706e+05 4.2963718995007334e+09 8.9153241856262112e+08 1.1615675994838927e+32 1.2478856387991412e+02 3.0000000000000000e+00 3.7963456150278517e+01
7.5119952599376965e+11 5.4475967258000708e-05 4.5705854677700424e+09 5.8516436029037321e+05 4.2748936337058463e+09 8.8707550219259071e+08 1.1745579483011875e+32 1.2479854568982644e+02 3.0000000000000000e+00 3.7796090396240366e+01
7.5458628459121667e+11 5.4270398713536932e-05 4.5476034145198030e+09 5.8442738079301780e+05 4.2533983933648181e+09 8.8261506346495569e+08 1.1876752478054884e+32 1.2480388521553743e+02 3.0000000000000000e+00 3.7628062613205323e+01
7.5798831227949841e+11 5.4064419729136826e-05 4.5246045613886309e+09 5.8368706083701830e+05 4.2318874400030913e+09 8.7815136415661931e+08 1.2009204481383902e+32 1.2480454871970953e+02 3.0000000000000000e+00 3.7459378271134781e+01
7.6140567789881360e+11 5.3858040264863660e-05 4.5015902665326481e+09 5.8294341324307094e+05 4.2103620439115319e+09 8.7368466786335075e+08 1.2142945028994742e+32 1.2480050304877393e+02 3.0000000000000000e+00 3.7290043041354195e+01
7.6483845059972473e+11 5.3651270398163914e-05 4.4785618971917295e+09 5.8219645133796148e+05 4.1888234838770909e+09 8.6921523994391835e+08 1.2277983691423669e+32 1.2479171566167742e+02 3.0000000000000000e+00 3.7120062800353260e+01
7.6828669984455737e+11 5.3444120322432965e-05 4.4555208294008732e+09 5.8144618895768747e+05 4.1672730469128346e+09 8.6474334746412051e+08 1.2414330073716310e+32 1.2477815465939240e+02 3.0000000000000000e+00 3.6949443633645551e+01
7.7175049540880579e+11 5.3236600345598100e-05 4.4324684477034197e+09 5.8069264045070461e+05 4.1457120279897447e+09 8.6026925914103007e+08 1.2551993815415245e+32 1.2475978881521988e+02 3.0000000000000000e+00 3.6778191839685206e+01
7.7522990738254480e+11 5.3028720888139325e-05 4.4094061448026438e+09 5.7993582067927020e+05 4.1241417297108169e+09 8.5579324527548671e+08 1.2690984590575209e+32 1.2473658760591073e+02 3.0000000000000000e+00 3.6606313933858999e+01
7.7872500617184790e+11 5.2820492481427328e-05 4.3863353212487373e+09 5.7917574502195651e+05 4.1025634620183272e+09 8.5131557769122839e+08 1.2831312107763275e+32 1.2470852124357516e+02 3.0000000000000000e+00 3.6433816652521166e+01
7.8223586250021216e+11 5.2611925765907017e-05 4.3632573851097412e+09 5.7841242937573767e+05 4.0809785418860259e+09 8.4683652967114544e+08 1.2972986110085365e+32 1.2467556070844515e+02 3.0000000000000000e+00 3.6260706957106557e+01
7.8576254740998926e+11 5.2403031489185452e-05 4.3401737516321278e+09 5.7764589015774266e+05 4.0593882930017018e+09 8.4235637589128375e+08 1.3116016375227618e+32 1.2463767778249442e+02 3.0000000000000000e+00 3.6086992038298057e+01
7.8930513226382312e+11 5.2193820504028571e-05 4.3170858428926296e+09 5.7687614430679730e+05 4.0377940454415021e+09 8.3787539235338449e+08 1.3260412715512303e+32 1.2459484508393463e+02 3.0000000000000000e+00 3.5912679320269127e+01
7.9286368874609351e+11 5.1984303766269146e-05 4.2939950874407449e+09 5.7610320928464807e+05 4.0161971353356123e+09 8.3339385631539822e+08 1.3406184977968742e+32 1.2454703610260648e+02 3.0000000000000000e+00 3.5737776464983050e+01
7.9643828886436707e+11 5.1774492332621160e-05 4.2709029199324551e+09 5.7532710307694413e+05 3.9945989045256276e+09 8.2891204622048104e+08 1.3553343044419701e+32 1.2449422523628580e+02 3.0000000000000000e+00 3.5562291376568460e+01
8.0002900495085425e+11 5.1564397358401137e-05 4.2478107807545357e+09 5.7454784419388720e+05 3.9730007002131972e+09 8.2443024162401974e+08 1.3701896831583620e+32 1.2443638782792516e+02 3.0000000000000000e+00 3.5386232205755512e+01
8.0363590966387292e+11 5.1354030095154338e-05 4.2247201156399908e+09 5.7376545167059707e+05 3.9514038746003127e+09 8.1994872311903179e+08 1.3851856291193128e+32 1.2437350020385102e+02 3.0000000000000000e+00 3.5209607354387032e+01
8.0725907598931836e+11 5.1143401888183927e-05 4.2016323752740951e+09 5.7297994506713492e+05 3.9298097845208702e+09 8.1546777225967824e+08 1.4003231410130226e+32 1.2430553971293757e+02 3.0000000000000000e+00 3.5032425479995410e+01
8.1089857724214087e+11 5.0932524173981902e-05 4.1785490148913922e+09 5.7219134446819918e+05 3.9082197910637059e+09 8.1098767148305678e+08 1.4156032210578551e+32 1.2423248476677908e+02 3.0000000000000000e+00 3.4854695500453957e+01
8.1455448706782825e+11 5.0721408477560381e-05 4.1554714938634238e+09 5.7139967048246670e+05 3.8866352591870275e+09 8.0650870402918792e+08 1.4310268750192979e+32 1.2415431488088208e+02 3.0000000000000000e+00 3.4676426598699180e+01
8.1822687944389709e+11 5.0510066409681257e-05 4.1324012752772822e+09 5.7060494424157054e+05 3.8650575573242040e+09 8.0203115385923636e+08 1.4465951122287062e+32 1.2407101071690002e+02 3.0000000000000000e+00 3.4497628227527500e+01
8.2191582868138879e+11 5.0298509663983175e-05 4.1093398255048294e+09 5.6980718739868375e+05 3.8434880569808722e+09 7.9755530557187009e+08 1.4623089456038426e+32 1.2398255412593316e+02 3.0000000000000000e+00 3.4318310114464701e+01
8.2562140942637390e+11 5.0086750014003975e-05 4.0862886137627544e+09 5.6900642212671670e+05 3.8219281323234568e+09 7.9308144431789303e+08 1.4781693916712599e+32 1.2388892819291667e+02 3.0000000000000000e+00 3.4138482266712259e+01
8.2934369666146240e+11 4.9874799310097037e-05 4.0632491116633635e+09 5.6820267111609736e+05 3.8003791597590103e+09 7.8860985571306336e+08 1.4941774705905368e+32 1.2379011728212102e+02 3.0000000000000000e+00 3.3958154976170796e+01
8.3308276570732068e+11 4.9662669476240117e-05 4.0402227927560768e+09 5.6739595757211768e+05 3.7788425175063767e+09 7.8414082574909973e+08 1.5103342061803978e+32 1.2368610708378833e+02 3.0000000000000000e+00 3.3777338824539981e+01
8.3683869222419604e+11 4.9450372506734818e-05 4.0172111320596523e+09 5.6658630521183205e+05 3.7573195851586900e+09 7.7967464070289075e+08 1.5266406259467363e+32 1.2357688466193008e+02 3.0000000000000000e+00 3.3596044688498246e+01
8.4061155221344751e+11 4.9237920462795377e-05 3.9942156055851974e+09 5.6577373826049385e+05 3.7358117432372212e+09 7.7521158704392827e+08 1.5430977611125497e+32 1.2346243850331042e+02 3.0000000000000000e+00 3.3414283744962859e+01
8.4440142201908740e+11 4.9025325469024797e-05 3.9712376898498540e+09 5.6495828144750488e+05 3.7143203727365460e+09 7.7075195133992708e+08 1.5597066466498201e+32 1.2334275856764120e+02 3.0000000000000000e+00 3.3232067476430764e+01
8.4820837832931189e+11 4.8812599709778392e-05 3.9482788613813338e+09 5.6413996000186005e+05 3.6928468546611228e+09 7.6629602016063714e+08 1.5764683213132486e+32 1.2321783633901582e+02 3.0000000000000000e+00 3.3049407676401898e+01
8.5203249817807397e+11 4.8599755425408954e-05 3.9253405962129674e+09 5.6331879964706814e+05 3.6713925695530167e+09 7.6184407997985256e+08 1.5933838276760786e+32 1.2308766487860613e+02 3.0000000000000000e+00 3.2866316454885734e+01
8.5587385894662793e+11 4.8386804908397191e-05 3.9024243693698254e+09 5.6249482659554505e+05 3.6499588970112576e+09 7.5739641707570410e+08 1.6104542121676954e+32 1.2295223887865276e+02 3.0000000000000000e+00 3.2682806243995110e+01
8.5973253836509937e+11 4.8173760499362399e-05 3.8795316543453646e+09 5.6166806754242303e+05 3.6285472152023501e+09 7.5295331742904508e+08 1.6276805251132285e+32 1.2281155471777377e+02 3.0000000000000000e+00 3.2498889803622646e+01
8.6360861451405725e+11 4.7960634582952349e-05 3.8566639225689645e+09 5.6083854965879139e+05 3.6071589003622546e+09 7.4851506662013006e+08 1.6450638207750359e+32 1.2266561051762285e+02 3.0000000000000000e+00 3.2314580227207379e+01
8.6750216582609448e+11 4.7747439583611057e-05 3.8338226428641911e+09 5.6000630058432370e+05 3.5857953262897043e+09 7.4408194972346056e+08 1.6626051573960771e+32 1.2251440620092268e+02 3.0000000000000000e+00 3.2129890947588329e+01
8.7141327108741467e+11 4.7534187961222978e-05 3.8110092808979869e+09 5.5917134841928747e+05 3.5644578638310184e+09 7.3965425120090389e+08 1.6803055972451420e+32 1.2235794355090613e+02 3.0000000000000000e+00 3.1944835742949735e+01
8.7534200943942639e+11 4.7320892206631134e-05 3.7882252986205292e+09 5.5833372171588894e+05 3.5431478803562126e+09 7.3523225479295337e+08 1.6981662066638887e+32 1.2219622627219344e+02 3.0000000000000000e+00 3.1759428742855469e+01
8.7928846038034473e+11 4.7107564837028205e-05 3.7654721536960616e+09 5.5749344946895447e+05 3.5218667392266388e+09 7.3081624340826964e+08 1.7161880561156629e+32 1.2202926005313648e+02 3.0000000000000000e+00 3.1573684434377633e+01
8.8325270376679993e+11 4.6894218391218279e-05 3.7427512989245434e+09 5.5665056110591302e+05 3.5006157992540612e+09 7.2640649901144612e+08 1.7343722202360320e+32 1.2185705262966192e+02 3.0000000000000000e+00 3.1387617668318839e+01
8.8723481981545312e+11 4.6680865424748012e-05 3.7200641816541772e+09 5.5580508647604985e+05 3.4793964141511855e+09 7.2200330250897789e+08 1.7527197778849715e+32 1.2167961385064380e+02 3.0000000000000000e+00 3.1201243665528882e+01
8.9123488910462000e+11 4.6467518504904906e-05 3.6974122431848602e+09 5.5495705583901517e+05 3.4582099319736996e+09 7.1760693363348472e+08 1.7712318122006420e+32 1.2149695565880633e+02 3.0000000000000000e+00 3.1014578001357439e+01
8.9525299257590039e+11 4.6254190205581416e-05 3.6747969181625190e+09 5.5410649985255068e+05 3.4370576945538054e+09 7.1321767082614267e+08 1.7899094106546585e+32 1.2130909134063874e+02 3.0000000000000000e+00 3.0827636404626578e+01
8.9928921153581726e+11 4.6040893103701352e-05 3.6522196341442094e+09 5.5325344956623670e+05 3.4159410370934353e+09 7.0883579115232468e+08 1.8087536651107464e+32 1.2111603483436100e+02 3.0000000000000000e+00 3.0640434576575551e+01
9.0334362765746106e+11 4.5827639781139491e-05 3.6296818117469759e+09 5.5239793643713091e+05 3.3948612883034992e+09 7.0446157033042884e+08 1.8277656718884032e+32 1.2091780068470418e+02 3.0000000000000000e+00 3.0452988177504871e+01
9.0741632298214270e+11 4.5614442818261382e-05 3.6071848639119468e+09 5.5153999231192563e+05 3.3738197697155743e+09 7.0009528258911753e+08 1.8469465318199779e+32 1.2071440405243369e+02 3.0000000000000000e+00 3.0265312827493798e+01
9.1150737992105371e+11 4.5401314792510609e-05 3.5847301957063289e+09 5.5067964942910546e+05 3.3528177954967222e+09 6.9573720062882316e+08 1.8662973503194760e+32 1.2050586072393091e+02 3.0000000000000000e+00 3.0077424107095258e+01
9.1561688125693408e+11 4.5188268276139796e-05 3.5623192040375156e+09 5.4981694041766552e+05 3.3318566721820788e+09 6.9138759556631064e+08 1.8858192374514123e+32 1.2029218712073356e+02 3.0000000000000000e+00 2.9889337557993844e+01
9.1974491014574658e+11 4.4975315833774283e-05 3.5399532773522282e+09 5.4895189829506539e+05 3.3109376983934703e+09 6.8704673687627125e+08 1.9055133080023639e+32 1.2007340030905017e+02 3.0000000000000000e+00 2.9701068683623564e+01
9.2389155011836023e+11 4.4762470019956877e-05 3.5176337953366222e+09 5.4808455646502157e+05 3.2900621645589242e+09 6.8271489233309329e+08 1.9253806815555226e+32 1.1984951800924888e+02 3.0000000000000000e+00 2.9512632949749516e+01
9.2805688508224036e+11 4.4549743376674145e-05 3.4953621286175904e+09 5.4721494871515618e+05 3.2692313526332798e+09 6.7839232795293403e+08 1.9454224825682837e+32 1.1962055860531561e+02 3.0000000000000000e+00 2.9324045785015507e+01
9.3224099932314612e+11 4.4337148430865823e-05 3.4731396384652019e+09 5.4634310921446397e+05 3.2484465358198886e+09 6.7407930793594003e+08 1.9656398404529299e+32 1.1938654115427850e+02 3.0000000000000000e+00 2.9135322581452193e+01
9.3644397750683630e+11 4.4124697691916935e-05 3.4509676764964437e+09 5.4546907251061220e+05 3.2277089782935338e+09 6.6977609460873306e+08 1.9860338896604615e+32 1.1914748539559217e+02 3.0000000000000000e+00 2.8946478694948091e+01
9.4066590468078271e+11 4.3912403649133048e-05 3.4288475843805275e+09 5.4459287352708890e+05 3.2070199349247723e+09 6.6548294836726928e+08 2.0066057697676150e+32 1.1890341176047995e+02 3.0000000000000000e+00 2.8757529445687240e+01
9.4490686627589075e+11 4.3700278769200308e-05 3.4067806935455198e+09 5.4371454756014212e+05 3.1863806510055761e+09 6.6120012761983335e+08 2.0273566255671188e+32 1.1865434138122849e+02 3.0000000000000000e+00 2.8568490118543956e+01
9.4916694810822827e+11 4.3488335493629312e-05 3.3847683248868051e+09 5.4283413027557312e+05 3.1657923619766359e+09 6.5692788873051107e+08 2.0482876071612361e+32 1.1840029610042887e+02 3.0000000000000000e+00 2.8379375963445000e+01
9.5344623638076196e+11 4.3276586236185217e-05 3.3628117884772291e+09 5.4195165770532610e+05 3.1452562931562614e+09 6.5266648596290278e+08 2.0693998700586324e+32 1.1814129848016184e+02 3.0000000000000000e+00 2.8190202195690560e+01
9.5774481768510217e+11 4.3065043380302885e-05 3.3409123832790933e+09 5.4106716624390054e+05 3.1247736594710145e+09 6.4841617142423868e+08 2.0906945752746149e+32 1.1787737181111993e+02 3.0000000000000000e+00 2.8000983996239057e+01
9.6206277900325439e+11 4.2853719276489441e-05 3.3190713968582258e+09 5.4018069264457538e+05 3.1043456651882644e+09 6.4417719500988507e+08 2.1121728894347762e+32 1.1760854012166210e+02 3.0000000000000000e+00 2.7811736511952642e+01
9.6640020770937964e+11 4.2642626239713938e-05 3.2972901051000552e+09 5.3929227401543269e+05 3.0839735036506500e+09 6.3994980434822106e+08 2.1338359848820906e+32 1.1733482818679619e+02 3.0000000000000000e+00 2.7622474855803752e+01
9.7075719157156250e+11 4.2431776546784694e-05 3.2755697719280066e+09 5.3840194781519938e+05 3.0636583570126700e+09 6.3573424474601078e+08 2.1556850397874907e+32 1.1705626153708293e+02 3.0000000000000000e+00 2.7433214107044801e+01
9.7513381875358740e+11 4.2221182433716382e-05 3.2539116490241866e+09 5.3750975184887764e+05 3.0434013959794636e+09 6.3153075913417149e+08 2.1777212382639654e+32 1.1677286646745635e+02 3.0000000000000000e+00 2.7243969311336148e+01
9.7953017781672192e+11 4.2010856093086028e-05 3.2323169755525794e+09 5.3661572426318261e+05 3.0232037795478921e+09 6.2733958801406133e+08 2.1999457704841955e+32 1.1648467004595310e+02 3.0000000000000000e+00 2.7054755480836441e+01
9.8394635772150940e+11 4.1800809671380241e-05 3.2107869778848372e+09 5.3571990354177332e+05 3.0030666547500844e+09 6.2316096940426111e+08 2.2223598328017780e+32 1.1619170012234862e+02 3.0000000000000000e+00 2.6865587594252691e+01
9.8838244782956897e+11 4.1591055266333145e-05 3.1893228693287354e+09 5.3482232850027154e+05 2.9829911563994493e+09 6.1899513878785813e+08 2.2449646278760446e+32 1.1589398533668887e+02 3.0000000000000000e+00 2.6676480596849693e+01
9.9283853790540356e+11 4.1381604924257566e-05 3.1679258498596020e+09 5.3392303828108287e+05 2.9629784068394880e+09 6.1484232906034219e+08 2.2677613648005042e+32 1.1559155512771562e+02 3.0000000000000000e+00 2.6487449400420473e+01
9.9731471811821667e+11 4.1172470637369061e-05 3.1465971058546205e+09 5.3302207234799280e+05 2.9430295156952820e+09 6.1070277047801614e+08 2.2907512592349361e+32 1.1528443974117555e+02 3.0000000000000000e+00 2.6298508883214190e+01
1.0018110790437363e+12 4.0963664341104264e-05 3.1253378098303165e+09 5.3211947048055963e+05 2.9231455796279631e+09 6.0657669060706377e+08 2.3139355335411340e+32 1.1497267023800865e+02 3.0000000000000000e+00 2.6109673889824812e+01
1.0063277116660487e+12 4.0755197911434933e-05 3.1041491201832991e+09 5.3121527276828792e+05 2.9033276820922208e+09 6.0246431427323413e+08 2.3373154169223314e+32 1.1465627850240797e+02 3.0000000000000000e+00 2.5920959231037767e+01
1.0108647073794385e+12 4.0547083162178746e-05 3.0830321809343185e+09 5.3030951960457303e+05 2.8835768930969415e+09 5.9836586351213133e+08 2.3608921455663006e+32 1.1433529724974311e+02 3.0000000000000000e+00 2.5732379683632765e+01
1.0154221579902386e+12 4.0339331842308692e-05 3.0619881214761648e+09 5.2940225168045773e+05 2.8638942689693866e+09 5.9428155752033579e+08 2.3846669627926079e+32 1.1400976003434408e+02 3.0000000000000000e+00 2.5543949990149503e+01
1.0200001557186879e+12 4.0131955633288931e-05 3.0410180563278413e+09 5.2849350997826620e+05 2.8442808521252851e+09 5.9021161260767078e+08 2.4086411192163223e+32 1.1367970125721614e+02 3.0000000000000000e+00 2.5355684858625452e+01
1.0245987932007970e+12 3.9924966146300637e-05 3.0201230848814516e+09 5.2758333576453570e+05 2.8247376708320980e+09 5.8615624214806128e+08 2.4328158728872325e+32 1.1334515617341233e+02 3.0000000000000000e+00 2.5167598962250018e+01
1.0292181634902231e+12 3.9718374919582788e-05 2.9993042911646643e+09 5.2667177058323659e+05 2.8052657389868422e+09 5.8211565653346837e+08 2.4571924894515717e+32 1.1300616089936335e+02 3.0000000000000000e+00 2.4979706939005183e+01
1.0338583600601530e+12 3.9512193415754872e-05 2.9785627436050034e+09 5.2575885624865349e+05 2.7858660558956389e+09 5.7809006312809432e+08 2.4817722423205454e+32 1.1266275242005112e+02 3.0000000000000000e+00 2.4792023391263402e+01
1.0385194768051936e+12 3.9306433019114238e-05 2.9578994947956338e+09 5.2484463483794499e+05 2.7665396060546403e+09 5.7407966622298050e+08 2.5065564128368333e+32 1.1231496859596132e+02 3.0000000000000000e+00 2.4604562885336563e+01
1.0432016080432734e+12 3.9101105032937870e-05 2.9373155812652659e+09 5.2392914868344227e+05 2.7472873589348307e+09 5.7008466699130738e+08 2.5315462904451570e+32 1.1196284816984638e+02 3.0000000000000000e+00 2.4417339950976984e+01
1.0479048485175498e+12 3.8896220676788375e-05 2.9168120232524986e+09 5.2301244036472973e+05 2.7281102687709613e+09 5.6610526344461548e+08 2.5567431728669191e+32 1.1160643077328989e+02 3.0000000000000000e+00 2.4230369080836528e+01
1.0526292933983265e+12 3.8691791083825304e-05 2.8963898244845209e+09 5.2209455270047789e+05 2.7090092743545718e+09 5.6214165038984835e+08 2.5821483662789244e+32 1.1124575693306359e+02 3.0000000000000000e+00 2.4043664729879488e+01
1.0573750382849800e+12 3.8487827298122307e-05 2.8760499719603329e+09 5.2117552874003898e+05 2.6899852988312368e+09 5.5819401938728857e+08 2.6077631854961885e+32 1.1088086807726623e+02 3.0000000000000000e+00 2.3857241314750468e+01
1.0621421792078926e+12 3.8284340271991703e-05 2.8557934357385659e+09 5.2025541175479430e+05 2.6710392495021100e+09 5.5426255870937002e+08 2.6335889541588255e+32 1.1051180654123615e+02 3.0000000000000000e+00 2.3671113213095843e+01
1.0669308126303973e+12 3.8081340863316139e-05 2.8356211687299204e+09 5.1933424522925331e+05 2.6521720176297898e+09 5.5034745330039287e+08 2.6596270049230256e+32 1.1013861557322829e+02 3.0000000000000000e+00 2.3485294762839359e+01
1.0717410354507284e+12 3.7878839832889666e-05 2.8155341064944301e+09 5.1841207285190700e+05 2.6333844782487044e+09 5.4644888473717809e+08 2.6858786796560942e+32 1.0976133933984175e+02 3.0000000000000000e+00 2.3299800261410056e+01
1.0765729450039829e+12 3.7676847841767384e-05 2.7955331670434890e+09 5.1748893850582722e+05 2.6146774899799385e+09 5.4256703119065273e+08 2.7123453296355637e+32 1.0938002293119197e+02 3.0000000000000000e+00 2.3114643964923538e+01
1.0814266390640897e+12 3.7475375448626469e-05 2.7756192506468220e+09 5.1656488625900634e+05 2.5960518948507009e+09 5.3870206738836634e+08 2.7390283157523371e+32 1.0899471236581419e+02 3.0000000000000000e+00 2.2929840087314130e+01
1.0863022158457888e+12 3.7274433107137566e-05 2.7557932396444235e+09 5.1563996035444632e+05 2.5775085181184235e+09 5.3485416457800221e+08 2.7659290087178655e+32 1.0860545459528728e+02 3.0000000000000000e+00 2.2745402799419402e+01
1.0911997740066176e+12 3.7074031163348883e-05 2.7360559982636204e+09 5.1471420519999345e+05 2.5590481680996575e+09 5.3102349049188900e+08 2.7930487892753081e+32 1.0821229750856666e+02 3.0000000000000000e+00 2.2561346228015946e+01
1.0961194126489080e+12 3.6874179853083550e-05 2.7164083724411731e+09 5.1378766535789391e+05 2.5406716360036950e+09 5.2721020931243336e+08 2.8203890484146693e+32 1.0781528993601631e+02 3.0000000000000000e+00 2.2377684454803369e+01
1.1010612313217915e+12 3.6674889299350558e-05 2.6968511896507168e+09 5.1286038553411246e+05 2.5223796957711606e+09 5.2341448163866985e+08 2.8479511875918577e+32 1.0741448165312514e+02 3.0000000000000000e+00 2.2194431515341087e+01
1.1060253300232136e+12 3.6476169509771123e-05 2.6773852587354016e+09 5.1193241056736768e+05 2.5041731039174838e+09 5.1963646445375580e+08 2.8757366189516315e+32 1.0700992338389753e+02 3.0000000000000000e+00 2.2011601397931937e+01
1.1110118092019578e+12 3.6278030374021062e-05 2.6580113697459574e+09 5.1100378541791288e+05 2.4860525993814411e+09 5.1587631109355003e+08 2.9037467655543902e+32 1.0660166680390398e+02 3.0000000000000000e+00 2.1829208042455260e+01
1.1160207697596765e+12 3.6080481661290063e-05 2.6387302937841778e+09 5.1007455515604955e+05 2.4680189033787642e+09 5.1213417121624154e+08 2.9319830616067400e+32 1.0618976454298112e+02 3.0000000000000000e+00 2.1647265339148312e+01
1.1210523130529351e+12 3.5883533017759428e-05 2.6195427828518877e+09 5.0914476495036390e+05 2.4500727192608862e+09 5.0841019077300560e+08 2.9604469526958068e+32 1.0577427018756462e+02 3.0000000000000000e+00 2.1465787127333311e+01
1.1261065408952612e+12 3.5687193964098322e-05 2.6004495697056212e+09 5.0821446005572542e+05 2.4322147323790016e+09 5.0470451197986007e+08 2.9891398960271975e+32 1.0535523828264394e+02 3.0000000000000000e+00 2.1284787194094786e+01
1.1311835555592056e+12 3.5491473892981283e-05 2.5814513677167783e+09 5.0728368580097600e+05 2.4144456099532948e+09 5.0101727329045153e+08 3.0180633606665606e+32 1.0493272433332402e+02 3.0000000000000000e+00 2.1104279272897880e+01
1.1362834597784111e+12 3.5296382066626020e-05 2.5625488707376804e+09 5.0635248757639283e+05 2.3967660009476423e+09 4.9734860937011564e+08 3.0472188277846618e+32 1.0450678480597975e+02 3.0000000000000000e+00 2.0924277042157090e+01
1.1414063567496924e+12 3.5101927614354749e-05 2.5437427529733472e+09 5.0542091082085832e+05 2.3791765359496946e+09 4.9369865107095945e+08 3.0766077909058987e+32 1.0407747712898768e+02 3.0000000000000000e+00 2.0744794123746146e+01
1.1465523501351230e+12 3.4908119530178438e-05 2.5250336688591609e+09 5.0448900100877613e+05 2.3616778270564513e+09 4.9006752540813053e+08 3.1062317561601480e+32 1.0364485969302058e+02 3.0000000000000000e+00 2.0565844081453722e+01
1.1517215440641345e+12 3.4714966670406360e-05 2.5064222529445181e+09 5.0355680363672320e+05 2.3442704677654371e+09 4.8645535553724372e+08 3.1360922425378678e+32 1.0320899185089027e+02 3.0000000000000000e+00 2.0387440419382433e+01
1.1569140431356216e+12 3.4522477751282206e-05 2.4879091197824678e+09 5.0262436420982960e+05 2.3269550328714886e+09 4.8286226073293996e+08 3.1661907821483327e+32 1.0276993391692089e+02 3.0000000000000000e+00 2.0209596580289038e+01
1.1621299524200601e+12 3.4330661346646838e-05 2.4694948638254433e+09 5.0169172822790442e+05 2.3097320783692245e+09 4.7928835636865669e+08 3.1965289204809050e+32 1.0232774716583680e+02 3.0000000000000000e+00 2.0032325943867754e+01
1.1673693774616328e+12 3.4139525885630683e-05 2.4511800593272676e+09 5.0075894117131259e+05 2.2926021413613911e+09 4.7573375389763206e+08 3.2271082166692174e+32 1.0188249383115071e+02 3.0000000000000000e+00 1.9855641824975471e+01
1.1726324242803647e+12 3.3949079650375999e-05 2.4329652602512565e+09 4.9982604848657199e+05 2.2755657399729137e+09 4.7219856083502853e+08 3.2579302437581352e+32 1.0143423710303053e+02 3.0000000000000000e+00 1.9679557471794642e+01
1.1779191993742693e+12 3.3759330773790621e-05 2.4148510001847878e+09 4.9889309557172644e+05 2.2586233732709904e+09 4.6868288074139202e+08 3.2889965889733772e+32 1.0098304112563216e+02 3.0000000000000000e+00 1.9504086063939024e+01
1.1832298097215020e+12 3.3570287237335370e-05 2.3968377922601991e+09 4.9796012776144792e+05 2.2417755211911101e+09 4.6518681320726651e+08 3.3203088539936365e+32 1.0052897099387648e+02 3.0000000000000000e+00 1.9329240710495423e+01
1.1885643627825259e+12 3.3381956868857625e-05 2.3789261290833793e+09 4.9702719031197485e+05 2.2250226444702573e+09 4.6171045383936518e+08 3.3518686552399185e+32 1.0007209274972405e+02 3.0000000000000000e+00 1.9155034448019268e+01
1.1939229665022869e+12 3.3194347340453201e-05 2.3611164826680555e+09 4.9609432838575332e+05 2.2083651845854597e+09 4.5825389424778897e+08 3.3836776242056791e+32 9.9612473378035034e+01 3.0000000000000000e+00 1.8981480238498545e+01
1.1993057293123962e+12 3.3007466166262978e-05 2.3434093043670545e+09 4.9516158703534608e+05 2.1918035636894889e+09 4.5481722203269881e+08 3.4157374076489113e+32 9.9150180801155386e+01 3.0000000000000000e+00 1.8808590967128719e+01
1.2047127601333262e+12 3.2821320700460786e-05 2.3258050248247142e+09 4.9422901118786156e+05 2.1753381845663533e+09 4.5140052077508259e+08 3.4480496679120115e+32 9.8685283873470908e+01 3.0000000000000000e+00 1.8636379440138086e+01
1.2101441683766128e+12 3.2635918135213360e-05 2.3083040539295335e+09 4.9329664562882110e+05 2.1589694305870118e+09 4.4800387002756649e+08 3.4806160832142444e+32 9.8217852375169798e+01 3.0000000000000000e+00 1.8464858382520344e+01
1.2156000639470713e+12 3.2451265498671901e-05 2.2909067807726321e+09 4.9236453498574696e+05 2.1426976656705215e+09 4.4462734530633336e+08 3.5134383479399972e+32 9.7747957005303974e+01 3.0000000000000000e+00 1.8294040435694580e+01
1.2210805572450183e+12 3.2267369653004673e-05 2.2736135736129513e+09 4.9143272371153929e+05 2.1265232342514894e+09 4.4127101808438784e+08 3.5465181729292205e+32 9.7275669374159094e+01 3.0000000000000000e+00 1.8123938155100085e+01
1.2265857591685073e+12 3.2084237292472035e-05 2.2564247798491402e+09 4.9050125606762816e+05 2.1104464612537723e+09 4.3793495578610355e+08 3.5798572857699316e+32 9.6801061994913553e+01 3.0000000000000000e+00 1.7954564007723249e+01
1.2321157811155718e+12 3.1901874941544568e-05 2.2393407259980688e+09 4.8957017610689800e+05 2.0944676520703919e+09 4.3461922178303218e+08 3.6134574310925761e+32 9.6324208274561016e+01 3.0000000000000000e+00 1.7785930369554748e+01
1.2376707349864797e+12 3.1720288953065157e-05 2.2223617176801324e+09 4.8863952765641676e+05 2.0785870925497758e+09 4.3132387539107114e+08 3.6473203708661039e+32 9.5845182504076689e+01 3.0000000000000000e+00 1.7618049522979351e+01
1.2432507331859978e+12 3.1539485506456751e-05 2.2054880396112165e+09 4.8770935429994646e+05 2.0628050489882524e+09 4.2804897186889225e+08 3.6814478846955503e+32 9.5364059847800661e+01 3.0000000000000000e+00 1.7450933654093738e+01
1.2488558886256658e+12 3.1359470605976452e-05 2.1887199556014385e+09 4.8677969936026179e+05 2.0471217681288705e+09 4.2479456241770512e+08 3.7158417701209479e+32 9.4880916332016653e+01 3.0000000000000000e+00 1.7284594849953827e+01
1.2544863147260815e+12 3.1180250079017163e-05 2.1720577085605879e+09 4.8585060588126676e+05 2.0315374771664882e+09 4.2156069418229991e+08 3.7505038429173625e+32 9.4395828832699536e+01 3.0000000000000000e+00 1.7119045095749051e+01
1.2601421254191963e+12 3.1001829574457844e-05 2.1555015205103793e+09 4.8492211660993774e+05 2.0160523837592306e+09 4.1834741025344723e+08 3.7854359373958431e+32 9.3908875062407631e+01 3.0000000000000000e+00 1.6954296271904301e+01
1.2658234351506191e+12 3.0824214561064399e-05 2.1390515926034422e+09 4.8399427397807338e+05 2.0006666760462554e+09 4.1515474967156166e+08 3.8206399067050676e+32 9.3420133556293706e+01 3.0000000000000000e+00 1.6790360151106086e+01
1.2715303588819338e+12 3.0647410325940726e-05 2.1227081051490982e+09 4.8306712008388643e+05 1.9853805226718564e+09 4.1198274743172622e+08 3.8561176231334691e+32 9.2929683657205842e+01 3.0000000000000000e+00 1.6627248395254448e+01
1.2772630120930249e+12 3.0471421973033447e-05 2.1064712176459258e+09 4.8214069667341805e+05 1.9701940728159318e+09 4.0883143448998201e+08 3.8918709784116012e+32 9.2437605499855323e+01 3.0000000000000000e+00 1.6464972552336619e+01
1.2830215107844138e+12 3.0296254421689462e-05 2.0903410688212035e+09 4.8121504512182309e+05 1.9551074562308633e+09 4.0570083777102113e+08 3.9279018840144933e+32 9.1943979994020026e+01 3.0000000000000000e+00 1.6303544053225565e+01
1.2888059714796069e+12 3.0121912405269446e-05 2.0743177766771064e+09 4.8029020641448838e+05 1.9401207832847328e+09 4.0259098017712098e+08 3.9642122714637599e+32 9.1448888806754866e+01 3.0000000000000000e+00 1.6142974208396847e+01
1.2946165112274526e+12 2.9948400469817367e-05 2.0584014385438230e+09 4.7936622112804023e+05 1.9252341450109973e+09 3.9950188059847826e+08 4.0008040926291934e+32 9.0952414343582532e+01 3.0000000000000000e+00 1.5983274204568000e+01
1.3004532476045103e+12 2.9775722972788911e-05 2.0425921311395204e+09 4.7844312941121543e+05 1.9104476131645803e+09 3.9643355392482108e+08 4.0376793200295813e+32 9.0454639728633069e+01 3.0000000000000000e+00 1.5824455101254697e+01
1.3063162987174299e+12 2.9603884081838456e-05 2.0268899106372249e+09 4.7752097096564085e+05 1.8957612402844203e+09 3.9338601105841351e+08 4.0748399471324702e+32 8.9955648783700369e+01 3.0000000000000000e+00 1.5666527827246620e+01
1.3122057832053411e+12 2.9432887773668369e-05 2.0112948127386520e+09 4.7659978502650873e+05 1.8811750597625291e+09 3.9035925892837030e+08 4.1122879886525771e+32 8.9455526006187370e+01 3.0000000000000000e+00 1.5509503176998400e+01
1.3181218202422537e+12 2.9262737832940594e-05 1.9958068527550037e+09 4.7567961034317850e+05 1.8666890859195564e+09 3.8735330050634325e+08 4.1500254808485835e+32 8.8954356545904815e+01 3.0000000000000000e+00 1.5353391806936854e+01
1.3240645295394705e+12 2.9093437851252685e-05 1.9804260256947410e+09 4.7476048515971203e+05 1.8523033140868881e+09 3.8436813482355970e+08 4.1880544818179976e+32 8.8452226180692506e+01 3.0000000000000000e+00 1.5198204231681816e+01
1.3300340313480081e+12 2.8924991226181162e-05 1.9651523063584623e+09 4.7384244719535985e+05 1.8380177206953874e+09 3.8140375698922521e+08 4.2263770717897631e+32 8.7949221290828802e+01 3.0000000000000000e+00 1.5043950820179770e+01
1.3360304464610312e+12 2.8757401160392132e-05 1.9499856494408488e+09 4.7292553362502472e+05 1.8238322633707392e+09 3.7846015821032906e+08 4.2649953534143330e+32 8.7445428832193869e+01 3.0000000000000000e+00 1.4890641791749884e+01
1.3420538962162971e+12 2.8590670660823028e-05 1.9349259896397374e+09 4.7200978105969785e+05 1.8097468810354750e+09 3.7553732581278884e+08 4.3039114520508586e+32 8.6940936308151421e+01 3.0000000000000000e+00 1.4738287212038941e+01
1.3481045024986091e+12 2.8424802537936416e-05 1.9199732417724712e+09 4.7109522552692122e+05 1.7957614940177865e+09 3.7263524326405424e+08 4.3431275160511618e+32 8.6435831740113969e+01 3.0000000000000000e+00 1.4586896988886988e+01
1.3541823877422854e+12 2.8259799405048296e-05 1.9051273008994467e+09 4.7018190245126339e+05 1.7818760041670880e+09 3.6975389019707608e+08 4.3826457170401903e+32 8.5930203636752822e+01 3.0000000000000000e+00 1.4436480868099251e+01
1.3602876749336350e+12 2.8095663677733533e-05 1.8903880424550424e+09 4.6926984663484746e+05 1.7680902949764733e+09 3.6689324243570822e+08 4.4224682501925677e+32 8.5424140961815866e+01 3.0000000000000000e+00 1.4287048429124699e+01
1.3664204876134460e+12 2.7932397573310221e-05 1.8757553223859863e+09 4.6835909223796136e+05 1.7544042317121277e+09 3.6405327202157855e+08 4.4625973345049120e+32 8.4917733100515790e+01 3.0000000000000000e+00 1.4138609080640299e+01
1.3725809498794871e+12 2.7770003110405881e-05 1.8612289772972229e+09 4.6744967275976052e+05 1.7408176615497561e+09 3.6123394724240071e+08 4.5030352130635854e+32 8.4411069824447196e+01 3.0000000000000000e+00 1.3991172056038428e+01
1.3787691863890173e+12 2.7608482108608224e-05 1.8468088246053414e+09 4.6654162101908517e+05 1.7273304137180974e+09 3.5843523266173214e+08 4.5437841533074814e+32 8.3904241254992769e+01 3.0000000000000000e+00 1.3844746408815316e+01
1.3849853223613086e+12 2.7447836188200984e-05 1.8324946626996248e+09 4.6563496913543483e+05 1.7139422996495428e+09 3.5565708915024662e+08 4.5848464472873029e+32 8.3397337825185076e+01 3.0000000000000000e+00 1.3699341007863028e+01
1.3912294835801802e+12 2.7288066769900922e-05 1.8182862711029673e+09 4.6472974850960809e+05 1.7006531131306477e+09 3.5289947391695976e+08 4.6262244119938899e+32 8.2890450240229427e+01 3.0000000000000000e+00 1.3554964532701465e+01
1.3975017963965437e+12 2.7129175074793229e-05 1.8041834106502168e+09 4.6382598980515124e+05 1.6874626304689326e+09 3.5016234054385364e+08 4.6679203895480249e+32 8.2383669435923679e+01 3.0000000000000000e+00 1.3411625468531915e+01
1.4038023877309597e+12 2.6971162124365612e-05 1.7901858236747193e+09 4.6292372293005115e+05 1.6743706106673658e+09 3.4744563902206105e+08 4.7099367474217737e+32 8.1877086535534147e+01 3.0000000000000000e+00 1.3269332101208910e+01
1.4101313850762053e+12 2.6814028740570533e-05 1.7762932341968396e+09 4.6202297701831674e+05 1.6613767956006825e+09 3.4474931578847170e+08 4.7522758787026248e+32 8.1370792805115158e+01 3.0000000000000000e+00 1.3128092512136035e+01
1.4164889164998560e+12 2.6657775546005497e-05 1.7625053481221914e+09 4.6112378041194507e+05 1.6484809102007909e+09 3.4207331376420271e+08 4.7949402023247831e+32 8.0864879606962475e+01 3.0000000000000000e+00 1.2987914573039019e+01
1.4228751106468740e+12 2.6502402964193424e-05 1.7488218534478505e+09 4.6022616064319527e+05 1.6356826626496446e+09 3.3941757239461738e+08 4.8379321632937563e+32 8.0359438351248585e+01 3.0000000000000000e+00 1.2848805940630571e+01
1.4292900967422148e+12 2.6347911219964975e-05 1.7352424204765661e+09 4.5933014441719721e+05 1.6229817445796020e+09 3.3678202769089299e+08 4.8812542329039539e+32 7.9854560445790128e+01 3.0000000000000000e+00 1.2710774051165405e+01
1.4357340045934397e+12 2.6194300339945971e-05 1.7217667020391672e+09 4.5843575759494712e+05 1.6103778312814314e+09 3.3416661227320898e+08 4.9249089089488983e+32 7.9350337243897798e+01 3.0000000000000000e+00 1.2573826114884874e+01
1.4422069645933428e+12 2.6041570153152952e-05 1.7083943337250814e+09 4.5754302517668426e+05 1.5978705819199300e+09 3.3157125541545528e+08 4.9688987159237415e+32 7.8846859990258196e+01 3.0000000000000000e+00 1.2437969110346518e+01
1.4487091077225906e+12 2.5889720291698925e-05 1.6951249341212478e+09 4.5665197128573665e+05 1.5854596397573709e+09 3.2899588309163070e+08 5.0132262052197498e+32 7.8344219764796605e+01 3.0000000000000000e+00 1.2303209778641234e+01
1.4552405655523708e+12 2.5738750191613931e-05 1.6819581050594404e+09 4.5576261915283184e+05 1.5731446323848302e+09 3.2644041802383143e+08 5.0578939553104081e+32 7.7842507424464728e+01 3.0000000000000000e+00 1.2169554617491961e+01
1.4618014702470564e+12 2.5588659093781840e-05 1.6688934318720682e+09 4.5487499110092444e+05 1.5609251719614394e+09 3.2390477973188782e+08 5.1029045719288418e+32 7.7341813542903878e+01 3.0000000000000000e+00 1.2037009875234897e+01
1.4683919545668787e+12 2.5439446044998393e-05 1.6559304836567869e+09 4.5398910853060684e+05 1.5488008554618716e+09 3.2138888458474708e+08 5.1482606882362165e+32 7.6842228347922401e+01 3.0000000000000000e+00 1.1905581544681249e+01
1.4750121518706143e+12 2.5291109899152911e-05 1.6430688135497754e+09 4.5310499190609413e+05 1.5367712649319489e+09 3.1889264585347921e+08 5.1939649649808225e+32 7.6343841656735862e+01 3.0000000000000000e+00 1.1775275356855747e+01
1.4816621961182834e+12 2.5143649318537651e-05 1.6303079590081034e+09 4.5222266074188880e+05 1.5248359677527339e+09 3.1641597376610863e+08 5.2400200906475353e+32 7.5846742808907891e+01 3.0000000000000000e+00 1.1646096774613101e+01
1.4883422218738608e+12 2.4997062775288919e-05 1.6176474421011670e+09 4.5134213359012327e+05 1.5129945169131129e+09 3.1395877556416309e+08 5.2864287815973704e+32 7.5351020596934831e+01 3.0000000000000000e+00 1.1518050986127934e+01
1.4950523643079980e+12 2.4851348552963381e-05 1.6050867698114343e+09 4.5046342802865512e+05 1.5012464512910855e+09 3.1152095556104767e+08 5.3331937821968540e+32 7.4856763194413105e+01 3.0000000000000000e+00 1.1391142898257726e+01
1.5017927592007600e+12 2.4706504748254302e-05 1.5926254343446677e+09 4.4958656064995204e+05 1.4895912959439216e+09 3.0910241520223945e+08 5.3803178649369706e+32 7.4364058081725034e+01 3.0000000000000000e+00 1.1265377129775663e+01
1.5085635429443772e+12 2.4562529272851034e-05 1.5802629134498713e+09 4.4871154705084604e+05 1.4780285624073997e+09 3.0670305312741506e+08 5.4278038305414507e+32 7.3872991969184383e+01 3.0000000000000000e+00 1.1140758004474362e+01
1.5153648525459814e+12 2.4419419855448366e-05 1.5679986707491086e+09 4.4783840182316874e+05 1.4665577490042989e+09 3.0432276523442918e+08 5.4756545080639592e+32 7.3383650717572067e+01 3.0000000000000000e+00 1.1017289544133829e+01
1.5221968256304155e+12 2.4277174043906879e-05 1.5558321560773787e+09 4.4696713854536589e+05 1.4551783411622789e+09 3.0196144474530083e+08 5.5238727549746225e+32 7.2896119255996879e+01 3.0000000000000000e+00 1.0894975461355777e+01
1.5290596004429934e+12 2.4135789207573003e-05 1.5437628058329234e+09 4.4609776977513067e+05 1.4438898117415259e+09 2.9961898227419358e+08 5.5724614572348412e+32 7.2410481497015923e+01 3.0000000000000000e+00 1.0773819152260394e+01
1.5359533158523027e+12 2.3995262539761385e-05 1.5317900433380828e+09 4.4523030704312341e+05 1.4326916213722646e+09 2.9729526589745444e+08 5.6214235293609035e+32 7.1926820248944239e+01 3.0000000000000000e+00 1.0653823689043863e+01
1.5428781113530166e+12 2.3855591060405509e-05 1.5199132792110031e+09 4.4436476084784092e+05 1.4215832188024189e+09 2.9499018122575355e+08 5.6707619144760360e+32 7.1445217125279953e+01 3.0000000000000000e+00 1.0534991812394221e+01
1.5498341270687148e+12 2.3716771618882191e-05 1.5081319117484899e+09 4.4350114065170777e+05 1.4105640412556922e+09 2.9270361147839332e+08 5.7204795843508098e+32 7.0965752451177764e+01 3.0000000000000000e+00 1.0417325923764297e+01
1.5568215037547195e+12 2.3578800897015455e-05 1.4964453273202639e+09 4.4263945487845421e+05 1.3996335148003223e+09 2.9043543755982530e+08 5.7705795394319025e+32 7.0488505166893077e+01 3.0000000000000000e+00 1.0300828077498608e+01
1.5638403828009443e+12 2.3441675412265543e-05 1.4848529007749124e+09 4.4177971091185405e+05 1.3887910547287676e+09 2.8818553813843471e+08 5.8210648088591757e+32 7.0013552728122022e+01 3.0000000000000000e+00 1.0185499972812346e+01
1.5708909062347542e+12 2.3305391521109761e-05 1.4733539958579466e+09 4.4092191509591218e+05 1.3780360659487174e+09 2.8595378972768879e+08 5.8719384504711069e+32 6.9540971003160337e+01 3.0000000000000000e+00 1.0071342945620920e+01
1.5779732167238398e+12 2.3169945422620499e-05 1.4619479656421094e+09 4.4006607273655129e+05 1.3673679433855639e+09 2.8374006676963651e+08 5.9232035507986620e+32 6.9070834166804218e+01 3.0000000000000000e+00 9.9583579602165049e+00
1.5850874575791050e+12 2.3035333162248144e-05 1.4506341529705150e+09 4.3921218810492125e+05 1.3567860723968706e+09 2.8154424172093379e+08 5.9748632250477392e+32 6.8603214590908152e+01 3.0000000000000000e+00 9.8465456007908791e+00
1.5922337727575652e+12 2.2901550635814705e-05 1.4394118909127526e+09 4.3836026444237260e+05 1.3462898291989698e+09 2.7936618514134914e+08 6.0269206170703546e+32 6.8138182731520899e+01 3.0000000000000000e+00 9.7359060628004990e+00
1.5994123068652625e+12 2.2768593593725862e-05 1.4282805032345057e+09 4.3751030396722094e+05 1.3358785813061984e+09 2.7720576578492224e+08 6.0793788993248352e+32 6.7675807012514753e+01 3.0000000000000000e+00 9.6264391441732826e+00
1.6066232051601895e+12 2.2636457645408533e-05 1.4172393048809531e+09 4.3666230788336275e+05 1.3255516879830301e+09 2.7506285069376916e+08 6.1322412728252990e+32 6.7216153705620329e+01 3.0000000000000000e+00 9.5181442363527982e+00
1.6138666135552305e+12 2.2505138263983625e-05 1.4062876024746518e+09 4.3581627639088419e+05 1.3153085007097418e+09 2.7293730529472917e+08 6.1855109670824965e+32 6.6759286806785596e+01 3.0000000000000000e+00 9.4110203151802700e+00
1.6211426786211133e+12 2.2374630790972895e-05 1.3954246948108261e+09 4.3497220869737712e+05 1.3051483636456652e+09 2.7082899349548304e+08 6.2391912400627339e+32 6.6305267908834679e+01 3.0000000000000000e+00 9.3050659316190742e+00
1.6284515475893743e+12 2.2244930441223179e-05 1.3846498733653634e+09 4.3413010303119139e+05 1.2950706141043131e+09 2.6873777778315061e+08 6.2932853780821410e+32 6.5854156070119160e+01 3.0000000000000000e+00 9.2002792022904671e+00
1.6357933683553394e+12 2.2116032308827769e-05 1.3739624228798268e+09 4.3328995666174428e+05 1.2850745831005533e+09 2.6666351933782122e+08 6.3477966957187245e+32 6.5406007679285253e+01 3.0000000000000000e+00 9.0966577998474651e+00
1.6431682894811152e+12 2.1987931372719516e-05 1.3633616219129462e+09 4.3245176591841143e+05 1.2751595958664103e+09 2.6460607813960913e+08 6.4027285357245947e+32 6.4960876316005198e+01 3.0000000000000000e+00 8.9941989431782634e+00
1.6505764601985959e+12 2.1860622502474194e-05 1.3528467434032764e+09 4.3161552621145395e+05 1.2653249723773303e+09 2.6256531307783818e+08 6.4580842689245774e+32 6.4518812607546536e+01 3.0000000000000000e+00 8.8928993874298836e+00
1.6580180304124829e+12 2.1734100464424813e-05 1.3424170552512813e+09 4.3078123205573333e+05 1.2555700278966062e+09 2.6054108206402603e+08 6.5138672941090197e+32 6.4079864081086654e+01 3.0000000000000000e+00 8.7927554138529782e+00
1.6654931507033179e+12 2.1608359928092820e-05 1.3320718209209306e+09 4.2994887709729106e+05 1.2458940735380521e+09 2.5853324214863616e+08 6.5700810379218384e+32 6.3644075011680627e+01 3.0000000000000000e+00 8.6937628194649292e+00
1.6730019723305303e+12 2.1483395472939719e-05 1.3218103000608547e+09 4.2911845414289937e+05 1.2362964168469768e+09 2.5654164964163455e+08 6.6267289547450101e+32 6.3211486265770091e+01 3.0000000000000000e+00 8.5959169065281316e+00
1.6805446472354971e+12 2.1359201595444768e-05 1.3116317491452341e+09 4.2828995519269246e+05 1.2267763623996053e+09 2.5456616023688841e+08 6.6838145265807552e+32 6.2782135140131743e+01 3.0000000000000000e+00 8.4992124718418101e+00
1.6881213280446189e+12 2.1235772716512350e-05 1.3015354221343226e+09 4.2746337147594767e+05 1.2173332124208741e+09 2.5260662914034641e+08 6.7413412629329093e+32 6.2356055196155417e+01 3.0000000000000000e+00 8.4036437958428483e+00
1.6957321680724070e+12 2.1113103189213568e-05 1.2915205711547759e+09 4.2663869349014841e+05 1.2079662674207485e+09 2.5066291120208260e+08 6.7993127006890050e+32 6.1933276089337255e+01 3.0000000000000000e+00 8.3092046315140404e+00
1.7033773213245859e+12 2.0991187306865289e-05 1.2815864471997302e+09 4.2581591104341892e+05 1.1986748268490028e+09 2.4873486105218312e+08 6.8577324040048477e+32 6.1513823393879669e+01 3.0000000000000000e+00 8.2158881930973298e+00
1.7110569425012109e+12 2.0870019311451257e-05 1.2717323008486018e+09 4.2499501330041175e+05 1.1894581897684591e+09 2.4682233324042898e+08 6.9166039641934515e+32 6.1097718422278170e+01 3.0000000000000000e+00 8.1236871446071408e+00
1.7187711869997964e+12 2.0749593402387382e-05 1.2619573830066185e+09 4.2417598883177899e+05 1.1803156555466716e+09 2.4492518237984174e+08 6.9759309996204113e+32 6.0684978039777903e+01 3.0000000000000000e+00 8.0325935881431985e+00
1.7265202109184617e+12 2.0629903745634872e-05 1.2522609456639481e+09 4.2335882566729619e+05 1.1712465245659451e+09 2.4304326329400977e+08 7.0357171556080021e+32 6.0275614473580120e+01 3.0000000000000000e+00 7.9425990519981884e+00
1.7343041710590896e+12 2.0510944483163549e-05 1.2426422426743710e+09 4.2254351135275362e+05 1.1622500989516327e+09 2.4117643116821501e+08 7.0959661043504196e+32 5.9869635116673443e+01 3.0000000000000000e+00 7.8536944785579426e+00
1.7421232249304990e+12 2.0392709742767247e-05 1.2331005305533471e+09 4.2173003301071015e+05 1.1533256833185701e+09 2.3932454170433208e+08 7.1566815448428388e+32 5.9467042326161412e+01 3.0000000000000000e+00 7.7658702119908289e+00
1.7499775307516326e+12 2.0275193648233491e-05 1.2236350692953033e+09 4.2091837740519678e+05 1.1444725855354874e+09 2.3748745127944785e+08 7.2178672028271847e+32 5.9067833215965081e+01 3.0000000000000000e+00 7.6791159857236373e+00
1.7578672474547568e+12 2.0158390329868199e-05 1.2142451232098944e+09 4.2010853101045918e+05 1.1356901175071764e+09 2.3566501710815358e+08 7.2795268307577157e+32 5.8671999443759788e+01 3.0000000000000000e+00 7.5934209096995673e+00
1.7657925346886804e+12 2.0042293935376156e-05 1.2049299617770975e+09 4.1930048008386092e+05 1.1269775959742544e+09 2.3385709740853044e+08 7.3416642077898037e+32 5.8279526992018361e+01 3.0000000000000000e+00 7.5087734574174725e+00
1.7737535528219829e+12 1.9926898641097915e-05 1.1956888605206833e+09 4.1849421074297966e+05 1.1183343433301351e+09 2.3206355157164451e+08 7.4042831397955119e+32 5.7890395943021389e+01 3.0000000000000000e+00 7.4251614527459617e+00
1.7817504629462605e+12 1.9812198663601967e-05 1.1865211018999081e+09 4.1768970904704952e+05 1.1097596884550288e+09 2.3028424033463821e+08 7.4673874594098855e+32 5.7504580488663365e+01 3.0000000000000000e+00 7.3425720872809093e+00
1.7897834268793855e+12 1.9698188271631782e-05 1.1774259762188799e+09 4.1688696108276991e+05 1.1012529675664787e+09 2.2851902595720318e+08 7.5309810261121657e+32 5.7122051663449184e+01 3.0000000000000000e+00 7.2609922836005749e+00
1.7978526071687805e+12 1.9584861794605524e-05 1.1684027822510090e+09 4.1608595302769472e+05 1.0928135248034136e+09 2.2676777234278715e+08 7.5950677263445628e+32 5.6742780438877524e+01 3.0000000000000000e+00 7.1804090946777812e+00
1.8059581670947087e+12 1.9472213605191477e-05 1.1594508257977314e+09 4.1528667103074805e+05 1.0844407108781121e+09 2.2503034475885877e+08 7.6596514736146783e+32 5.6366738036190412e+01 3.0000000000000000e+00 7.1008097422179208e+00
1.8141002706735767e+12 1.9360238130377129e-05 1.1505694205213416e+09 4.1448910129328689e+05 1.0761338838551562e+09 2.2330660999855673e+08 7.7247362085668310e+32 5.5993895924083986e+01 3.0000000000000000e+00 7.0221816144349916e+00
1.8222790826612532e+12 1.9248929850362150e-05 1.1417578878049266e+09 4.1369323006477614e+05 1.0678924090204295e+09 2.2159643635349166e+08 7.7903258990922613e+32 5.5624225816522802e+01 3.0000000000000000e+00 6.9445122638668204e+00
1.8304947685564038e+12 1.9138283296914497e-05 1.1330155565712616e+09 4.1289904363448243e+05 1.0597156587117263e+09 2.1989969357860640e+08 7.8564245404282699e+32 5.5257699670553507e+01 3.0000000000000000e+00 6.8677894052173070e+00
1.8387474946038394e+12 1.9028293052893189e-05 1.1243417631953633e+09 4.1210652833135554e+05 1.0516030122369632e+09 2.1821625287520099e+08 7.9230361552547198e+32 5.4894289684135877e+01 3.0000000000000000e+00 6.7920009132266195e+00
1.8470374277978806e+12 1.8918953751775786e-05 1.1157358514181113e+09 4.1131567052390974e+05 1.0435538557933891e+09 2.1654598687416705e+08 7.9901647937887581e+32 5.4533968293992359e+01 3.0000000000000000e+00 6.7171348205692896e+00
1.8553647358857358e+12 1.8810260077189878e-05 1.1071971722608910e+09 4.1052645662010403e+05 1.0355675823877490e+09 2.1488876961942637e+08 8.0578145338776730e+32 5.4176708173476811e+01 3.0000000000000000e+00 6.6431793157805217e+00
1.8637295873708965e+12 1.8702206762449543e-05 1.0987250839412789e+09 4.0973887306721706e+05 1.0276435917574252e+09 2.1324447655156264e+08 8.1259894810899189e+32 5.3822482230461439e+01 3.0000000000000000e+00 6.5701227412092775e+00
1.8721321515165469e+12 1.8594788590096427e-05 1.0903189517897668e+09 4.0895290635172126e+05 1.0197812902925493e+09 2.1161298449165338e+08 8.1946937688042557e+32 5.3471263605242513e+01 3.0000000000000000e+00 6.4979535909985895e+00
1.8805725983489883e+12 1.8488000391445648e-05 1.0819781481675544e+09 4.0816854299917060e+05 1.0119800909591116e+09 2.0999417162532923e+08 8.2639315582969660e+32 5.3123025668464486e+01 3.0000000000000000e+00 6.4266605090929252e+00
1.8890510986610806e+12 1.8381837046136789e-05 1.0737020523853419e+09 4.0738576957407338e+05 1.0042394132230092e+09 2.0838791748699832e+08 8.3337070388271945e+32 5.2777742019062487e+01 3.0000000000000000e+00 6.3562322872711334e+00
1.8975678240156970e+12 1.8276293481689931e-05 1.0654900506231982e+09 4.0660457267978392e+05 9.9655868297509718e+08 2.0679410294430324e+08 8.4040244277203356e+32 5.2435386482223201e+01 3.0000000000000000e+00 6.2866578632060302e+00
1.9061229467491975e+12 1.8171364673066703e-05 1.0573415358514345e+09 4.0582493895839050e+05 9.8893733245718086e+08 2.0521261018276089e+08 8.4748879704495276e+32 5.2095933107363862e+01 3.0000000000000000e+00 6.2179263185492681e+00
1.9147166399749136e+12 1.8067045642236374e-05 1.0492559077524966e+09 4.0504685509060975e+05 9.8137480018896198e+08 2.0364332269060338e+08 8.5463019407151976e+32 5.1759356166129621e+01 3.0000000000000000e+00 6.1500268770416380e+00
1.9233490775866538e+12 1.7963331457747060e-05 1.0412325726438673e+09 4.0427030779568537e+05 9.7387053089592946e+08 2.0208612524381292e+08 8.6182706405227321e+32 5.1425630150408892e+01 3.0000000000000000e+00 6.0829489026482806e+00
1.9320204342622202e+12 1.7860217234301899e-05 1.0332709434019698e+09 4.0349528383129521e+05 9.6642397543818438e+08 2.0054090389135611e+08 8.6907984002582207e+32 5.1094729770366932e+01 3.0000000000000000e+00 6.0166818977187724e+00
1.9407308854669446e+12 1.7757698132339847e-05 1.0253704393870145e+09 4.0272176999345748e+05 9.5903459074014938e+08 1.9900754594059557e+08 8.7638895787623647e+32 5.0766629952497340e+01 3.0000000000000000e+00 5.9512155011713102e+00
1.9494806074572385e+12 1.7655769357621494e-05 1.0175304863688195e+09 4.0194975311644166e+05 9.5170183972118962e+08 1.9748593994288895e+08 8.8375485634025373e+32 5.0441305837691907e+01 3.0000000000000000e+00 5.8865394867010767e+00
1.9582697772841599e+12 1.7554426160818777e-05 1.0097505164535506e+09 4.0117922007269110e+05 9.4442519122708869e+08 1.9597597567938504e+08 8.9117797701430586e+32 5.0118732779328091e+01 3.0000000000000000e+00 5.8226437610126807e+00
1.9670985727969951e+12 1.7453663837109561e-05 1.0020299680113337e+09 4.0041015777272556e+05 9.3720411996234941e+08 1.9447754414695275e+08 8.9865876436137177e+32 4.9798886341374853e+01 3.0000000000000000e+00 5.7595183620751449e+00
1.9759671726468589e+12 1.7353477725769884e-05 9.9436828560434341e+08 3.9964255316502461e+05 9.3003810642292893e+08 1.9299053754424408e+08 9.0619766571733440e+32 4.9481742296510632e+01 3.0000000000000000e+00 5.6971534574005682e+00
1.9848757562903079e+12 1.7253863209473545e-05 9.8676491989306951e+08 3.9887639323360042e+05 9.2292663680857325e+08 1.9151484925348943e+08 9.1379513127726837e+32 4.9167276623922660e+01 3.0000000000000000e+00 5.6355393423060747e+00
1.9938245039929736e+12 1.7154815714599117e-05 9.7921932762011707e+08 3.9811166500329308e+05 9.1586920300766420e+08 1.9005037383735955e+08 9.2145161414159757e+32 4.8855465508150210e+01 3.0000000000000000e+00 5.5746664383170632e+00
2.0028135968332090e+12 1.7056330710614435e-05 9.7173097152383971e+08 3.9734835553798999e+05 9.0886530251643956e+08 1.8859700702220121e+08 9.2916757031335529e+32 4.8546285337098510e+01 3.0000000000000000e+00 5.5145252914940972e+00
2.0118432167057524e+12 1.6958403709400524e-05 9.6429932024812210e+08 3.9658645193830412e+05 9.0191443835461342e+08 1.8715464568052623e+08 9.3694345868597183e+32 4.8239712699925128e+01 3.0000000000000000e+00 5.4551065707658823e+00
2.0209135463254097e+12 1.6861030264903322e-05 9.5692384827776527e+08 3.9582594134174078e+05 8.9501611900493968e+08 1.8572318781847718e+08 9.4477974104946522e+32 4.7935724385263548e+01 3.0000000000000000e+00 5.3964010663211130e+00
2.0300247692307493e+12 1.6764205972784785e-05 9.4960403587428308e+08 3.9506681092282222e+05 8.8816985835316515e+08 1.8430253256335467e+08 9.5267688209627486e+32 4.7634297379460719e+01 3.0000000000000000e+00 5.3383996880206803e+00
2.0391770697878181e+12 1.6667926470073790e-05 9.4233936901221919e+08 3.9430904789320263e+05 8.8137517562846327e+08 1.8289258015126753e+08 9.6063534942673288e+32 4.7335408864828146e+01 3.0000000000000000e+00 5.2810934638312528e+00
2.0483706331938711e+12 1.6572187434816894e-05 9.3512933931591964e+08 3.9355263950174989e+05 8.7463159534429884e+08 1.8149323191486228e+08 9.6865561355415945e+32 4.7039036217906776e+01 3.0000000000000000e+00 5.2244735382789287e+00
2.0576056454811191e+12 1.6476984585729515e-05 9.2797344399679983e+08 3.9279757303459640e+05 8.6793864723975468e+08 1.8010439027113593e+08 9.7673814790957706e+32 4.6745157007745476e+01 3.0000000000000000e+00 5.1685311709227637e+00
2.0668822935204929e+12 1.6382313681847465e-05 9.2087118579117215e+08 3.9204383581518696e+05 8.6129586622137749e+08 1.7872595870938441e+08 9.8488342884603085e+32 4.6453748994192999e+01 3.0000000000000000e+00 5.1132577348489399e+00
2.0762007650254253e+12 1.6288170522179429e-05 9.1382207289856350e+08 3.9129141520428774e+05 8.5470279230549061e+08 1.7735784177921933e+08 9.9309193564251083e+32 4.6164790126203499e+01 3.0000000000000000e+00 5.0586447151838012e+00
2.0855612485556482e+12 1.6194550945360478e-05 9.0682561892062712e+08 3.9054029859999171e+05 8.4815897056105435e+08 1.7599994507871816e+08 1.0013641505074641e+33 4.5878258540155535e+01 3.0000000000000000e+00 5.0046837076268753e+00
2.0949639335210095e+12 1.6101450829306836e-05 8.9988134280058837e+08 3.8979047343769914e+05 8.4166395105303252e+08 1.7465217524266818e+08 1.0097005585818943e+33 4.5594132558184455e+01 3.0000000000000000e+00 4.9513664170026859e+00
2.1044090101853052e+12 1.6008866090872377e-05 8.9298876876330721e+08 3.8904192719009169e+05 8.3521728878632832e+08 1.7331443993093699e+08 1.0181016479420373e+33 4.5312390686528175e+01 3.0000000000000000e+00 4.8986846558318042e+00
2.1138966696701292e+12 1.5916792685506910e-05 8.8614742625591242e+08 3.8829464736708847e+05 8.2881854365026319e+08 1.7198664781694785e+08 1.0265679096016098e+33 4.5033011613886387e+01 3.0000000000000000e+00 4.8466303429202950e+00
2.1234271039587407e+12 1.5825226606916589e-05 8.7935684988906217e+08 3.8754862151579594e+05 8.2246728036363554e+08 1.7066870857627991e+08 1.0350998375136248e+33 4.4755974209793237e+01 3.0000000000000000e+00 4.7951955019678323e+00
2.1330005058999502e+12 1.5734163886726668e-05 8.7261657937882483e+08 3.8680383722044935e+05 8.1616306842036200e+08 1.6936053287538886e+08 1.0436979285717715e+33 4.4481257523003208e+01 3.0000000000000000e+00 4.7443722601939617e+00
2.1426170692120193e+12 1.5643600594146965e-05 8.6592615948920441e+08 3.8606028210234875e+05 8.0990548203572106e+08 1.6806203236045131e+08 1.0523626826113499e+33 4.4208840779890608e+01 3.0000000000000000e+00 4.6941528469823828e+00
2.1522769884865833e+12 1.5553532835640039e-05 8.5928513997531176e+08 3.8531794381979236e+05 8.0369410009319937e+08 1.6677311964633667e+08 1.0610946024097688e+33 4.3938703382862350e+01 3.0000000000000000e+00 4.6445295925430665e+00
2.1619804591925869e+12 1.5463956754592514e-05 8.5269307552718711e+08 3.8457681006800500e+05 7.9752850609195340e+08 1.6549370830570140e+08 1.0698941936865943e+33 4.3670824908784290e+01 3.0000000000000000e+00 4.5954949265917904e+00
2.1717276776802402e+12 1.5374868530989603e-05 8.4614952571431482e+08 3.8383686857907404e+05 7.9140828809490645e+08 1.6422371285822496e+08 1.0787619651031562e+33 4.3405185107421062e+01 3.0000000000000000e+00 4.5470413770473366e+00
2.1815188411849922e+12 1.5286264381093182e-05 8.3965405493077898e+08 3.8309810712187539e+05 7.8533303867746007e+08 1.6296304875995627e+08 1.0876984282617117e+33 4.3141763899889504e+01 3.0000000000000000e+00 4.4991615687453343e+00
2.1913541478315212e+12 1.5198140557123487e-05 8.3320623234115946e+08 3.8236051350202318e+05 7.7930235487688410e+08 1.6171163239282611e+08 1.0967040977041685e+33 4.2880541377125716e+01 3.0000000000000000e+00 4.4518482221697422e+00
2.2012337966377441e+12 1.5110493346944544e-05 8.2680563182705843e+08 3.8162407556180528e+05 7.7331583814230573e+08 1.6046938105425873e+08 1.1057794909103723e+33 4.2621497798365851e+01 3.0000000000000000e+00 4.4050941522004097e+00
2.2111579875188438e+12 1.5023319073753853e-05 8.2045183193436420e+08 3.8088878118013695e+05 7.6737309428538537e+08 1.5923621294693622e+08 1.1149251282959653e+33 4.2364613589640719e+01 3.0000000000000000e+00 4.3588922668774019e+00
2.2211269212913145e+12 1.4936614095775752e-05 8.1414441582120240e+08 3.8015461827252875e+05 7.6147373343163383e+08 1.5801204716870615e+08 1.1241415332098234e+33 4.2109869342284384e+01 3.0000000000000000e+00 4.3132355661819810e+00
2.2311407996770239e+12 1.4850374805959484e-05 8.0788297120658684e+08 3.7942157479105354e+05 7.5561736997238517e+08 1.5679680370260516e+08 1.1334292319310800e+33 4.1857245811456750e+01 3.0000000000000000e+00 4.2681171408332217e+00
2.2411998253072979e+12 1.4764597631681167e-05 8.0166709031976712e+08 3.7868963872433593e+05 7.4980362251742208e+08 1.5559040340703529e+08 1.1427887536657556e+33 4.1606723914680416e+01 3.0000000000000000e+00 4.2235301711009612e+00
2.2513042017270181e+12 1.4679279034450452e-05 7.9549636985028255e+08 3.7795879809754936e+05 7.4403211384826052e+08 1.5439276800606582e+08 1.1522206305429976e+33 4.1358284730391766e+01 3.0000000000000000e+00 4.1794679256343059e+00
2.2614541333987412e+12 1.4594415509621398e-05 7.8937041089870429e+08 3.7722904097243096e+05 7.3830247087207913e+08 1.5320382007987550e+08 1.1617253976109558e+33 4.1111909496506705e+01 3.0000000000000000e+00 4.1359237603058885e+00
2.2716498257068374e+12 1.4510003586107909e-05 7.8328881892806673e+08 3.7650035544730898e+05 7.3261432457629228e+08 1.5202348305532378e+08 1.1713035928323105e+33 4.0867579609000963e+01 3.0000000000000000e+00 4.0928911170713587e+00
2.2818914849616455e+12 1.4426039826103502e-05 7.7725120371599209e+08 3.7577272965715255e+05 7.2696730998377049e+08 1.5085168119666469e+08 1.1809557570794763e+33 4.0625276620505389e+01 3.0000000000000000e+00 4.0503635228444157e+00
2.2921793184036479e+12 1.4342520824805478e-05 7.7125717930745196e+08 3.7504615177362412e+05 7.2136106610866213e+08 1.4968833959636936e+08 1.1906824341295055e+33 4.0384982238916223e+01 3.0000000000000000e+00 4.0083345883863792e+00
2.3025135342076636e+12 1.4259443210143457e-05 7.6530636396823895e+08 3.7432061000516627e+05 7.1579523591287053e+08 1.4853338416610575e+08 1.2004841706587242e+33 4.0146678326020876e+01 3.0000000000000000e+00 3.9667980072113065e+00
2.3128943414870605e+12 1.4176803642511766e-05 7.5939838013901472e+08 3.7359609259708412e+05 7.1026946626307797e+08 1.4738674162781104e+08 1.2103615162371316e+33 3.9910346896139124e+01 3.0000000000000000e+00 3.9257475545052123e+00
2.3233219502979893e+12 1.4094598814506210e-05 7.5353285439004636e+08 3.7287258783166099e+05 7.0478340788840818e+08 1.4624833950491476e+08 1.2203150233226010e+33 3.9675970114780199e+01 3.0000000000000000e+00 3.8851770860603465e+00
2.3337965716436294e+12 1.4012825450664301e-05 7.4770941737649369e+08 3.7215008402827219e+05 6.9933671533860898e+08 1.4511810611365461e+08 1.2303452472549188e+33 3.9443530297316137e+01 3.0000000000000000e+00 3.8450805372234949e+00
2.3443184174784629e+12 1.3931480307209162e-05 7.4192770379430449e+08 3.7142856954351894e+05 6.9392904694279861e+08 1.4399597055451798e+08 1.2404527462497154e+33 3.9213009907671342e+01 3.0000000000000000e+00 3.8054519218587299e+00
2.3548877007125610e+12 1.3850560171796501e-05 7.3618735233665240e+08 3.7070803277137259e+05 6.8856006476872206e+08 1.4288186270379162e+08 1.2506380813923276e+33 3.8984391557029113e+01 3.0000000000000000e+00 3.7662853313243088e+00
2.3655046352158940e+12 1.3770061863264581e-05 7.3048800565088880e+08 3.6998846214331803e+05 6.8322943458248878e+08 1.4177571320520052e+08 1.2609018166316581e+33 3.8757658002555203e+01 3.0000000000000000e+00 3.7275749334632313e+00
2.3761694358226567e+12 1.3689982231386564e-05 7.2482931029598975e+08 3.6926984612850670e+05 6.7793682580877280e+08 1.4067745346165106e+08 1.2712445187740815e+33 3.8532792146138839e+01 3.0000000000000000e+00 3.6893149716078235e+00
2.3868823183356177e+12 1.3610318156624673e-05 7.1921091670044637e+08 3.6855217323390918e+05 6.7268191149142587e+08 1.3958701562706128e+08 1.2816667574774731e+33 3.8309777033151697e+01 3.0000000000000000e+00 3.6514997635979562e+00
2.3976434995304849e+12 1.3531066549885948e-05 7.1363247912055838e+08 3.6783543200445734e+05 6.6746436825447094e+08 1.3850433259826255e+08 1.2921691052454245e+33 3.8088595851225044e+01 3.0000000000000000e+00 3.6141237008126095e+00
2.4084531971602930e+12 1.3452224352278704e-05 7.0809365559909463e+08 3.6711961102318054e+05 6.6228387626343524e+08 1.3742933800697830e+08 1.3027521374217306e+33 3.7869231929045760e+01 3.0000000000000000e+00 3.5771812472149569e+00
2.4193116299598086e+12 1.3373788534869167e-05 7.0259410792425287e+08 3.6640469891131960e+05 6.5714011918696773e+08 1.3636196621185550e+08 1.3134164321852257e+33 3.7651668735171413e+01 3.0000000000000000e+00 3.5406669384105141e+00
2.4302190176499570e+12 1.3295756098217602e-05 6.9713350157352865e+08 3.6569068432641088e+05 6.5203278414433610e+08 1.3530215228757775e+08 1.3241625704960161e+33 3.7435889876310725e+01 3.0000000000000000e+00 3.5045753806667643e+00
2.4411755809422690e+12 1.3218124071103104e-05 6.9171150560141659e+08 3.6497755595282197e+05 6.4696156160039604e+08 1.3424983200306195e+08 1.3349911358330671e+33 3.7221879093311145e+01 3.0000000000000000e+00 3.4689012497312182e+00
2.4521815415433442e+12 1.3140889512186137e-05 6.8632779273285532e+08 3.6426530251920153e+05 6.4192614545298898e+08 1.3320494183959940e+08 1.3459027145844364e+33 3.7009620264558713e+01 3.0000000000000000e+00 3.4336392903555071e+00
2.4632371221593413e+12 1.3064049509155821e-05 6.8098203928057837e+08 3.6355391279298137e+05 6.3692623295564103e+08 1.3216741897481233e+08 1.3568978959234194e+33 3.6799097403496667e+01 3.0000000000000000e+00 3.3987843152755457e+00
2.4743425465004810e+12 1.2987601178327912e-05 6.7567392509452236e+08 3.6284337557892781e+05 6.3196152467024386e+08 1.3113720127283601e+08 1.3679772717566756e+33 3.6590294657013786e+01 3.0000000000000000e+00 3.3643312042856759e+00
2.4854980392855747e+12 1.2911541664423563e-05 6.7040313352417564e+08 3.6213367971932958e+05 6.2703172443183804e+08 1.3011422727701321e+08 1.3791414367095167e+33 3.6383196304274364e+01 3.0000000000000000e+00 3.3302749033650736e+00
2.4967038262465718e+12 1.2835868140347763e-05 6.6516935138115299e+08 3.6142481409415870e+05 6.2213653931361139e+08 1.2909843620262472e+08 1.3903909881104498e+33 3.6177786755558103e+01 3.0000000000000000e+00 3.2966104238153005e+00
2.5079601341331260e+12 1.2760577806968163e-05 6.5997226890209496e+08 3.6071676762123173e+05 6.1727567959219635e+08 1.2808976792969608e+08 1.4017265259749616e+33 3.5974050551109194e+01 3.0000000000000000e+00 3.2633328414093934e+00
2.5192671907171846e+12 1.2685667892894197e-05 6.5481157971183014e+08 3.6000952925634629e+05 6.1244885871321559e+08 1.2708816299584362e+08 1.4131486529885412e+33 3.5771972359995232e+01 3.0000000000000000e+00 3.2304372955517846e+00
2.5306252247975981e+12 1.2611135654256805e-05 6.4968698078684628e+08 3.5930308799340937e+05 6.0765579325711834e+08 1.2609356258918393e+08 1.4246579744889237e+33 3.5571536978975644e+01 3.0000000000000000e+00 3.1979189884492558e+00
2.5420344662047480e+12 1.2536978374488840e-05 6.4459817241908479e+08 3.5859743286456098e+05 6.0289620290531456e+08 1.2510590854131100e+08 1.4362550984475484e+33 3.5372729331379666e+01 3.0000000000000000e+00 3.1657731842928247e+00
2.5534951458051992e+12 1.2463193364106557e-05 6.3954485818004668e+08 3.5789255294028204e+05 5.9816981040660501e+08 1.2412514332032523e+08 1.4479406354502284e+33 3.5175534465993870e+01 3.0000000000000000e+00 3.1339952084501093e+00
2.5650074955063716e+12 1.2389777960492143e-05 6.3452674488524520e+08 3.5718843732950336e+05 5.9347634154393291e+08 1.2315121002393724e+08 1.4597151986770135e+33 3.4979937555959204e+01 3.0000000000000000e+00 3.1025804466684042e+00
2.5765717482612305e+12 1.2316729527677470e-05 6.2954354255899131e+08 3.5648507517970703e+05 5.8881552510144663e+08 1.2218405237263407e+08 1.4715794038812482e+33 3.4785923897677783e+01 3.0000000000000000e+00 3.0715243442881883e+00
2.5881881380730034e+12 1.2244045456129519e-05 6.2459496439953613e+08 3.5578245567702374e+05 5.8418709283189905e+08 1.2122361470291141e+08 1.4835338693678199e+33 3.4593478909729015e+01 3.0000000000000000e+00 3.0408224054667587e+00
2.5998568999999141e+12 1.2171723162537261e-05 6.1968072674456406e+08 3.5508056804632768e+05 5.7959077942437267e+08 1.2026984196057430e+08 1.4955792159705878e+33 3.4402588131795589e+01 3.0000000000000000e+00 3.0104701924121233e+00
2.6115782701599365e+12 1.2099760089600312e-05 6.1480054903707457e+08 3.5437940155134315e+05 5.7502632247236669e+08 1.1932267969412379e+08 1.5077160670289899e+33 3.4213237223599023e+01 3.0000000000000000e+00 2.9804633246271615e+00
2.6233524857355776e+12 1.2028153705819681e-05 6.0995415379161012e+08 3.5367894549473654e+05 5.7049346244221234e+08 1.1838207404819323e+08 1.5199450483638361e+33 3.4025411963844860e+01 3.0000000000000000e+00 2.9507974781632615e+00
2.6351797849786719e+12 1.1956901505290329e-05 6.0514126656087494e+08 3.5297918921822309e+05 5.6599194264185047e+08 1.1744797175707324e+08 1.5322667882522717e+33 3.3839098249177724e+01 3.0000000000000000e+00 2.9214683848841210e+00
2.6470604072152056e+12 1.1886001007496003e-05 6.0036161590274107e+08 3.5228012210267864e+05 5.6152150918997109e+08 1.1652032013831049e+08 1.5446819174019293e+33 3.3654282093146207e+01 3.0000000000000000e+00 2.8924718317391753e+00
2.6589945928501577e+12 1.1815449757106388e-05 5.9561493334763145e+08 3.5158173356825183e+05 5.5708191098550701e+08 1.1559906708637366e+08 1.5571910689242582e+33 3.3470949625177425e+01 3.0000000000000000e+00 2.8638036600464547e+00
2.6709825833723657e+12 1.1745245323776489e-05 5.9090095336629057e+08 3.5088401307448721e+05 5.5267289967749095e+08 1.1468416106639872e+08 1.5697948783070502e+33 3.3289087089561882e+01 3.0000000000000000e+00 2.8354597647850031e+00
2.6830246213594111e+12 1.1675385301948527e-05 5.8621941333795297e+08 3.5018695012045850e+05 5.4829422963528252e+08 1.1377555110801208e+08 1.5824939833861550e+33 3.3108680844448102e+01 3.0000000000000000e+00 2.8074360938966492e+00
2.6951209504825293e+12 1.1605867310656225e-05 5.8157005351889598e+08 3.4949053424491058e+05 5.4394565791915369e+08 1.1287318679922745e+08 1.5952890243164109e+33 3.2929717360847491e+01 3.0000000000000000e+00 2.7797286475970293e+00
2.7072718155115391e+12 1.1536688993331686e-05 5.7695261701137948e+08 3.4879475502641115e+05 5.3962694425124061e+08 1.1197701828041711e+08 1.6081806435417874e+33 3.2752183221649517e+01 3.0000000000000000e+00 2.7523334776956760e+00
2.7194774623197954e+12 1.1467848017614745e-05 5.7236684973297167e+08 3.4809960208351398e+05 5.3533785098685223e+08 1.1108699623835850e+08 1.6211694857647650e+33 3.2576065120647236e+01 3.0000000000000000e+00 2.7252466869251686e+00
2.7317381378891665e+12 1.1399342075164892e-05 5.6781250038625336e+08 3.4740506507493148e+05 5.3107814308613610e+08 1.1020307190035170e+08 1.6342561979149691e+33 3.2401349861573259e+01 3.0000000000000000e+00 2.6984644282791344e+00
2.7440540903150298e+12 1.1331168881475574e-05 5.6328932042890847e+08 3.4671113369972736e+05 5.2684758808610177e+08 1.0932519702842064e+08 1.6474414291170721e+33 3.2228024357146396e+01 3.0000000000000000e+00 2.6719829043592860e+00
2.7564255688112915e+12 1.1263326175691015e-05 5.5879706404416585e+08 3.4601779769750941e+05 5.2264595607297558e+08 1.0845332391357067e+08 1.6607258306579919e+33 3.2056075628129207e+01 3.0000000000000000e+00 2.6457983667309128e+00
2.7688528237154326e+12 1.1195811720425386e-05 5.5433548811160862e+08 3.4532504684864020e+05 5.1847301965490055e+08 1.0758740537012455e+08 1.6741100559534201e+33 3.1885490802396298e+01 3.0000000000000000e+00 2.6199071152870710e+00
2.7813361064935708e+12 1.1128623301584124e-05 5.4990435217834115e+08 3.4463287097446236e+05 5.1432855393496442e+08 1.0672739473013067e+08 1.6875947605136977e+33 3.1716257114013928e+01 3.0000000000000000e+00 2.5943054976215079e+00
2.7938756697455518e+12 1.1061758728187447e-05 5.4550341843046474e+08 3.4394125993751932e+05 5.1021233648452514e+08 1.0587324583781870e+08 1.7011806019090854e+33 3.1548361902330861e+01 3.0000000000000000e+00 2.5689899084095869e+00
2.8064717672100586e+12 1.0995215832195651e-05 5.4113245166489971e+08 3.4325020364180044e+05 5.0612414731685394e+08 1.0502491304413785e+08 1.7148682397344603e+33 3.1381792611080765e+01 3.0000000000000000e+00 2.5439567887979933e+00
2.8191246537697471e+12 1.0928992468336185e-05 5.3679121926149833e+08 3.4255969203298271e+05 5.0206376886105096e+08 1.0418235120134182e+08 1.7286583355734886e+33 3.1216536787496342e+01 3.0000000000000000e+00 2.5192026258024165e+00
2.8318345854564033e+12 1.0863086513932136e-05 5.3247949115543729e+08 3.4186971509867685e+05 4.9803098593622768e+08 1.0334551565762934e+08 1.7425515529623174e+33 3.1052582081435435e+01 3.0000000000000000e+00 2.4947239517134316e+00
2.8446018194561250e+12 1.0797495868731882e-05 5.2819703980989265e+08 3.4118026286868239e+05 4.9402558572594416e+08 1.0251436225184549e+08 1.7565485573528443e+33 3.0889916244519345e+01 3.0000000000000000e+00 2.4705173435105983e+00
2.8574266141145234e+12 1.0732218454739500e-05 5.2394364018892026e+08 3.4049132541522675e+05 4.9004735775284958e+08 1.0168884730821225e+08 1.7706500160756183e+33 3.0728527129283641e+01 3.0000000000000000e+00 2.4465794222842714e+00
2.8703092289419541e+12 1.0667252215949839e-05 5.1971906972434926e+08 3.3980289285219123e+05 4.8609609384771419e+08 1.0086892762990528e+08 1.7848565982780024e+33 3.0568402688143710e+01 3.0000000000000000e+00 2.4229068526498150e+00
2.8832499246187661e+12 1.0602595117874720e-05 5.1552310826939100e+08 3.3911495533207525e+05 4.8217158810604006e+08 1.0005456049005310e+08 1.7991689747872516e+33 3.0409530971782964e+01 3.0000000000000000e+00 2.3994963421235118e+00
2.8962489630005767e+12 1.0538245148096870e-05 5.1135553811914688e+08 3.3842750305386283e+05 4.7827363690724266e+08 9.9245703635712937e+07 1.8135878182425767e+33 3.0251900129738569e+01 3.0000000000000000e+00 2.3763446406792368e+00
2.9093066071235718e+12 1.0474200315738658e-05 5.0721614396067595e+08 3.3774052625941171e+05 4.7440203886794806e+08 9.8442315278183758e+07 1.8281138029827734e+33 3.0095498408999930e+01 3.0000000000000000e+00 2.3534485401535719e+00
2.9224231212098267e+12 1.0410458651246933e-05 5.0310471284387839e+08 3.3705401523313904e+05 4.7055659481476134e+08 9.7644354087351575e+07 1.8427476049869064e+33 2.9940314153067778e+01 3.0000000000000000e+00 2.3308048736943592e+00
2.9355987706726528e+12 1.0347018206242655e-05 4.9902103415677065e+08 3.3636796030239121e+05 4.6673710776114011e+08 9.6851779186891839e+07 1.8574899018288651e+33 2.9786335801142833e+01 3.0000000000000000e+00 2.3084105152261292e+00
2.9488338221219707e+12 1.0283877053369288e-05 4.9496489960084450e+08 3.3568235183779488e+05 4.6294338288434803e+08 9.6064550149489820e+07 1.8723413726307397e+33 2.9633551887321076e+01 3.0000000000000000e+00 2.2862623789224426e+00
2.9621285433697007e+12 1.0221033286140634e-05 4.9093610316653657e+08 3.3499718025358475e+05 4.5917522750251204e+08 9.5282626992074236e+07 1.8873026980149942e+33 2.9481951039795767e+01 3.0000000000000000e+00 2.2643574186848623e+00
2.9754832034351860e+12 1.0158485018787545e-05 4.8693444110881150e+08 3.3431243600792531e+05 4.5543245105178344e+08 9.4505970171084374e+07 1.9023745600554394e+33 2.9331521980066086e+01 3.0000000000000000e+00 2.2426926276289283e+00
2.9888980725506343e+12 1.0096230386104309e-05 4.8295971192285961e+08 3.3362810960320639e+05 4.5171486506361037e+08 9.3734540577747941e+07 1.9175576422269754e+33 2.9182253522152372e+01 3.0000000000000000e+00 2.2212650375764516e+00
3.0023734221665864e+12 1.0034267543294499e-05 4.7901171631994629e+08 3.3294419158633857e+05 4.4802228314214653e+08 9.2968299533399373e+07 1.9328526293541075e+33 2.9034134571818171e+01 3.0000000000000000e+00 2.2000717185546925e+00
3.0159095249574097e+12 9.9725946658165589e-06 4.7509025720338112e+08 3.3226067254902399e+05 4.4435452094177741e+08 9.2207208784811229e+07 1.9482602075582110e+33 2.8887154125798816e+01 3.0000000000000000e+00 2.1791097783017306e+00
3.0295066548268135e+12 9.9112099492293499e-06 4.7119513964465350e+08 3.3157754312802327e+05 4.4071139614479965e+08 9.1451230499562010e+07 1.9637810642035456e+33 2.8741301271036786e+01 3.0000000000000000e+00 2.1583763617783487e+00
3.0431650869133940e+12 9.8501116090375727e-06 4.6732617085973281e+08 3.3089479400542064e+05 4.3709272843925190e+08 9.0700327261442572e+07 1.9794158878420087e+33 2.8596565183923794e+01 3.0000000000000000e+00 2.1378686506864129e+00
3.0568850975962017e+12 9.7892978805375961e-06 4.6348316018552125e+08 3.3021241590886714e+05 4.3349833949689519e+08 8.9954462065878823e+07 1.9951653681566166e+33 2.8452935129549523e+01 3.0000000000000000e+00 2.1175838629931385e+00
3.0706669645003315e+12 9.7287670186634431e-06 4.5966591905650437e+08 3.2953039961183362e+05 4.2992805295136923e+08 8.9213598315405428e+07 2.0110301959037125e+33 2.8310400460957354e+01 3.0000000000000000e+00 2.0975192524619186e+00
3.0845109665025430e+12 9.6685172978333849e-06 4.5587426098156738e+08 3.2884873593384773e+05 4.2638169437651342e+08 8.8477699815162063e+07 2.0270110628538950e+33 2.8168950618406690e+01 3.0000000000000000e+00 2.0776721081889131e+00
3.0984173837369023e+12 9.6085470117971139e-06 4.5210800152102131e+08 3.2816741574073746e+05 4.2285909126487595e+08 8.7746730768436536e+07 2.0431086617316699e+33 2.8028575128642366e+01 3.0000000000000000e+00 2.0580397541459101e+00
3.1123864976004502e+12 9.5488544734836301e-06 4.4836695826382315e+08 3.2748642994487344e+05 4.1936007300640810e+08 8.7020655772245675e+07 2.0593236861538157e+33 2.7889263604170893e+01 3.0000000000000000e+00 2.0386195487291032e+00
3.1264185907588979e+12 9.4894380148501477e-06 4.4465095080499446e+08 3.2680576950540394e+05 4.1588447086734539e+08 8.6299439812947214e+07 2.0756568305664779e+33 2.7751005742543725e+01 3.0000000000000000e+00 2.0194088843135742e+00
3.1405139471523452e+12 9.4302959867318617e-06 4.4095980072326827e+08 3.2612542542850610e+05 4.1243211796929914e+08 8.5583048261907488e+07 2.0921087901809851e+33 2.7613791325647689e+01 3.0000000000000000e+00 2.0004051868139046e+00
3.1546728520010269e+12 9.3714267586929056e-06 4.3729333155893695e+08 3.2544538876762916e+05 4.0900284926853758e+08 8.4871446871198013e+07 2.1086802609083996e+33 2.7477610219002457e+01 3.0000000000000000e+00 1.9816059152502725e+00
3.1688955918110830e+12 9.3128287188786478e-06 4.3365136879193765e+08 3.2476565062375052e+05 4.0559650153549016e+08 8.4164601769342899e+07 2.1253719392928101e+33 2.7342452371065406e+01 3.0000000000000000e+00 1.9630085613203654e+00
3.1831824543803589e+12 9.2545002738691072e-06 4.3003373982015574e+08 3.2408620214563864e+05 4.0221291333445263e+08 8.3462479457109779e+07 2.1421845224433839e+33 2.7208307812543723e+01 3.0000000000000000e+00 1.9446106489769515e+00
3.1975337288042256e+12 9.1964398485340054e-06 4.2644027393796223e+08 3.2340703453012183e+05 3.9885192500351477e+08 8.2765046803342506e+07 2.1591187079651836e+33 2.7075166655714092e+01 3.0000000000000000e+00 1.9264097340109072e+00
3.2119497054814316e+12 9.1386458858891766e-06 4.2287080231497842e+08 3.2272813902236708e+05 3.9551337863469881e+08 8.2072271040839136e+07 2.1761751938887785e+33 2.6943019093749832e+01 3.0000000000000000e+00 1.9084034036397888e+00
3.2264306761199795e+12 9.0811168469545872e-06 4.1932515797508609e+08 3.2204950691617443e+05 3.9219711805432594e+08 8.1384119762280196e+07 2.1933546785986683e+33 2.6811855400055887e+01 3.0000000000000000e+00 1.8905892761019250e+00
3.2409769337430264e+12 9.0238512106139947e-06 4.1580317577566665e+08 3.2137112955428078e+05 3.8890298880360025e+08 8.0700560916199580e+07 2.2106578607605424e+33 2.6681665927611554e+01 3.0000000000000000e+00 1.8729650002557920e+00
3.2555887726948159e+12 8.9668474734763002e-06 4.1230469238707566e+08 3.2069299832867261e+05 3.8563083811940998e+08 8.0021562802997187e+07 2.2280854392474131e+33 2.6552441108321283e+01 3.0000000000000000e+00 1.8555282551846908e+00
3.2702664886466328e+12 8.9101041497384630e-06 4.0882954627235514e+08 3.2001510468092025e+05 3.8238051491535354e+08 7.9347094071004838e+07 2.2456381130646507e+33 2.6424171452373582e+01 3.0000000000000000e+00 1.8382767498067800e+00
3.2850103786027866e+12 8.8536197710502393e-06 4.0537757766718483e+08 3.1933744010252459e+05 3.7915186976298648e+08 7.8677123712595299e+07 2.2633165812739623e+33 2.6296847547608269e+01 3.0000000000000000e+00 1.8212082224903074e+00
3.2998207409066201e+12 8.7973928863805766e-06 4.0194862856005508e+08 3.1865999613527406e+05 3.7594475487327796e+08 7.8011621060331345e+07 2.2811215429163601e+33 2.6170460058892267e+01 3.0000000000000000e+00 1.8043204406738931e+00
3.3146978752465479e+12 8.7414220618856459e-06 3.9854254267267507e+08 3.1798276437162363e+05 3.7275902407828671e+08 7.7350555783165574e+07 2.2990536969341702e+33 2.6044999727504049e+01 3.0000000000000000e+00 1.7876112004920266e+00
3.3296420826621201e+12 8.6857058807784816e-06 3.9515916544060433e+08 3.1730573645508836e+05 3.6959453281304342e+08 7.6693897882682636e+07 2.3171137420921342e+33 2.5920457370527018e+01 3.0000000000000000e+00 1.7710783264056225e+00
3.3446536655501143e+12 8.6302429432002881e-06 3.9179834399408823e+08 3.1662890408064274e+05 3.6645113809763014e+08 7.6041617689374164e+07 2.3353023768976684e+33 2.5796823880251992e+01 3.0000000000000000e+00 1.7547196708373598e+00
3.3597329276706533e+12 8.5750318660930519e-06 3.8845992713912570e+08 3.1595225899515266e+05 3.6332869851946849e+08 7.5393685858972013e+07 2.3536202995203492e+33 2.5674090223589097e+01 3.0000000000000000e+00 1.7385331138123368e+00
3.3748801741533525e+12 8.5200712830736276e-06 3.8514376533870977e+08 3.1527579299779981e+05 3.6022707421577662e+08 7.4750073368799463e+07 2.3720682077106963e+33 2.5552247441489211e+01 3.0000000000000000e+00 1.7225165626032282e+00
3.3900957115034946e+12 8.4653598443090348e-06 3.8184971069428784e+08 3.1459949794054020e+05 3.5714612685622782e+08 7.4110751514180318e+07 2.3906467987183463e+33 2.5431286648375302e+01 3.0000000000000000e+00 1.7066679513806302e+00
3.4053798476082314e+12 8.4108962163927625e-06 3.7857761692737556e+08 3.1392336572855536e+05 3.5408571962575400e+08 7.3475691904865012e+07 2.4093567692096939e+33 2.5311199031583911e+01 3.0000000000000000e+00 1.6909852408679633e+00
3.4207328917428145e+12 8.3566790822219947e-06 3.7532733936135125e+08 3.1324738832072343e+05 3.5104571720751816e+08 7.2844866461499199e+07 2.4281988151851140e+33 2.5191975850817045e+01 3.0000000000000000e+00 1.6754664180012473e+00
3.4361551545768511e+12 8.3027071408754858e-06 3.7209873490340376e+08 3.1257155773009709e+05 3.4802598576602995e+08 7.2218247412121862e+07 2.4471736318958562e+33 2.5073608437604818e+01 3.0000000000000000e+00 1.6601094955936206e+00
3.4516469481805942e+12 8.2489791074918346e-06 3.6889166202660090e+08 3.1189586602437461e+05 3.4502639293037426e+08 7.1595807288679779e+07 2.4662819137607516e+33 2.4956088194779156e+01 3.0000000000000000e+00 1.6449125120043684e+00
3.4672085860312539e+12 8.1954937129681271e-06 3.6570598074140757e+08 3.1122030532411649e+05 3.4204680776757169e+08 7.0977518921507895e+07 2.4855243542139693e+33 2.4839406595576570e+01 3.0000000000000000e+00 1.6298735307877739e+00
3.4828403830193433e+12 8.1422497033105741e-06 3.6254155254676068e+08 3.1054486779645237e+05 3.3908710073681897e+08 7.0363355429825455e+07 2.5049016453918422e+33 2.4723555181887285e+01 3.0000000000000000e+00 1.6149906402903556e+00
3.4985426554550479e+12 8.0892458406047043e-06 3.5939824047762787e+08 3.0986954566930991e+05 3.3614714373397088e+08 6.9753290230971113e+07 2.5244144784467847e+33 2.4608525566002484e+01 3.0000000000000000e+00 1.6002619534818103e+00
3.5143157210746284e+12 8.0364809024455465e-06 3.5627590906079262e+08 3.0919433122624876e+05 3.3322681005018520e+08 6.9147297031822175e+07 2.5440635433062740e+33 2.4494309429254638e+01 3.0000000000000000e+00 1.5856856075844763e+00
3.5301598990468486e+12 7.9839536817493804e-06 3.5317442429358488e+08 3.0851921680604888e+05 3.3032597435203129e+08 6.8545349824660704e+07 2.5638495285504202e+33 2.4380898521349735e+01 3.0000000000000000e+00 1.5712597637524279e+00
3.5460755099794341e+12 7.9316629866355508e-06 3.5009365362692916e+08 3.0784419480320637e+05 3.2744451266563159e+08 6.7947422883893073e+07 2.5837731213139265e+33 2.4268284659849524e+01 3.0000000000000000e+00 1.5569826067644761e+00
3.5620628759255605e+12 7.8796076403075048e-06 3.4703346594840598e+08 3.0716925766838598e+05 3.2458230236082214e+08 6.7353490762751445e+07 2.6038350071864978e+33 2.4156459729658692e+01 3.0000000000000000e+00 1.5428523447206297e+00
3.5781223203903696e+12 7.8277864809324239e-06 3.4399373156538045e+08 3.0649439790888806e+05 3.2173922213537061e+08 6.6763528290029489e+07 2.6240358701116840e+33 2.4045415682516772e+01 3.0000000000000000e+00 1.5288672087429067e+00
3.5942541683375146e+12 7.7761983615203074e-06 3.4097432218816692e+08 3.0581960808907892e+05 3.1891515199923140e+08 6.6177510566806860e+07 2.6443763922841612e+33 2.3935144536494938e+01 3.0000000000000000e+00 1.5150254526795828e+00
3.6104587461957388e+12 7.7248421498019907e-06 3.3797511091326350e+08 3.0514488083082670e+05 3.1610997325886333e+08 6.5595412963200465e+07 2.6648572540454452e+33 2.3825638375497611e+01 3.0000000000000000e+00 1.5013253528135231e+00
3.6267363818654761e+12 7.6737167281066309e-06 3.3499597220664418e+08 3.0447020881391689e+05 3.1332356850160438e+08 6.5017211115119606e+07 2.6854791337780265e+33 2.3716889348768909e+01 3.0000000000000000e+00 1.4877652075740739e+00
3.6430874047254917e+12 7.6228209932386620e-06 3.3203678188713402e+08 3.0379558477646357e+05 3.1055582158012080e+08 6.4442880921039678e+07 2.7062427077979434e+33 2.3608889670403993e+01 3.0000000000000000e+00 1.4743433372527448e+00
3.6595121456395420e+12 7.5721538563542567e-06 3.2909741710985678e+08 3.0312100151531131e+05 3.0780661759692687e+08 6.3872398538789757e+07 2.7271486502457672e+33 2.3501631618865225e+01 3.0000000000000000e+00 1.4610580837224865e+00
3.6760109369630728e+12 7.5217142428375039e-06 3.2617775634977365e+08 3.0244645188643143e+05 3.0507584288898778e+08 6.3305740382357650e+07 2.7481976329760339e+33 2.3395107536503296e+01 3.0000000000000000e+00 1.4479078101606286e+00
3.6925841125499434e+12 7.4715010921763198e-06 3.2327767938530952e+08 3.0177192880531214e+05 3.0236338501240569e+08 6.2742883118711896e+07 2.7693903254451018e+33 2.3289309829083251e+01 3.0000000000000000e+00 1.4348909007753461e+00
3.7092320077591831e+12 7.4215133578383704e-06 3.2039706728208643e+08 3.0109742524734710e+05 2.9966913272720498e+08 6.2183803664644659e+07 2.7907273945974523e+33 2.3184230965315493e+01 3.0000000000000000e+00 1.4220057605356704e+00
3.7259549594617754e+12 7.3717500071468763e-06 3.1753580237675381e+08 3.0042293424822087e+05 2.9699297598220927e+08 6.1628479183634043e+07 2.8122095047504432e+33 2.3079863476391800e+01 3.0000000000000000e+00 1.4092508149049883e+00
3.7427533060474766e+12 7.3222100211565891e-06 3.1469376826093048e+08 2.9974844890429208e+05 2.9433480590002167e+08 6.1076887082726426e+07 2.8338373174775234e+33 2.2976199955526376e+01 3.0000000000000000e+00 1.3966245095779644e+00
3.7596273874316606e+12 7.2728923945299432e-06 3.1187084976526606e+08 2.9907396237298229e+05 2.9169451476211762e+08 6.0529005009445369e+07 2.8556114914899243e+33 2.2873233057501992e+01 3.0000000000000000e+00 1.3841253102209166e+00
3.7765775450622007e+12 7.2237961354135116e-06 3.0906693294361258e+08 2.9839946787315840e+05 2.8907199599404031e+08 5.9984810848716721e+07 2.8775326825168476e+33 2.2770955498221340e+01 3.0000000000000000e+00 1.3717517022154802e+00
3.7936041219263760e+12 7.1749202653148521e-06 3.0628190505732375e+08 2.9772495868552220e+05 2.8646714415071678e+08 5.9444282719821073e+07 2.8996015431841658e+33 2.2669360054263553e+01 3.0000000000000000e+00 1.3595021904056079e+00
3.8107074625578115e+12 7.1262638189796915e-06 3.0351565455968744e+08 2.9705042815301172e+05 2.8387985490189534e+08 5.8907398973376609e+07 2.9218187228916567e+33 2.2568439562446020e+01 3.0000000000000000e+00 1.3473752988480141e+00
3.8278879130434531e+12 7.0778258442698498e-06 3.0076807108047879e+08 2.9637586968119466e+05 2.8131002501770002e+08 5.8374138188336484e+07 2.9441848676888138e+33 2.2468186919391563e+01 3.0000000000000000e+00 1.3353695705656292e+00
3.8451458210305659e+12 7.0296054020415575e-06 2.9803904541065383e+08 2.9570127673868043e+05 2.7875755235431337e+08 5.7844479169021383e+07 2.9667006201492395e+33 2.2368595081101098e+01 3.0000000000000000e+00 1.3234835673044687e+00
3.8624815357337734e+12 6.9816015660245252e-06 2.9532846948717034e+08 2.9502664285752981e+05 2.7622233583978033e+08 5.7318400942170292e+07 2.9893666192436800e+33 2.2269657062531756e+01 3.0000000000000000e+00 1.3117158692935360e+00
3.8798954079421211e+12 6.9338134227016916e-06 2.9263623637795925e+08 2.9435196163368481e+05 2.7370427545995033e+08 5.6795882754026882e+07 3.0121835002117267e+33 2.2171365937180695e+01 3.0000000000000000e+00 1.3000650750080263e+00
3.8973877900261748e+12 6.8862400711897273e-06 2.8996224026702410e+08 2.9367722672740021e+05 2.7120327224454212e+08 5.6276904067446187e+07 3.0351518944322300e+33 2.2073714836674601e+01 3.0000000000000000e+00 1.2885298009355108e+00
3.9149590359451528e+12 6.8388806231202859e-06 2.8730637643968189e+08 2.9300243186368642e+05 2.6871922825333881e+08 5.5761444559029140e+07 3.0582724292924835e+33 2.1976696950365035e+01 3.0000000000000000e+00 1.2771086813452490e+00
3.9326095012540859e+12 6.7917342025220636e-06 2.8466854126794773e+08 2.9232757083276834e+05 2.6625204656251863e+08 5.5249484116287574e+07 3.0815457280562173e+33 2.1880305524929792e+01 3.0000000000000000e+00 1.2658003680605721e+00
3.9503395431110142e+12 6.7447999457036467e-06 2.8204863219605559e+08 2.9165263749055238e+05 2.6380163125111118e+08 5.4741002834833495e+07 3.1049724097304788e+33 2.1784533863980226e+01 3.0000000000000000e+00 1.2546035302342602e+00
3.9681495202842119e+12 6.6980770011371984e-06 2.7944654772611648e+08 2.9097762575910601e+05 2.6136788738758484e+08 5.4235981015595190e+07 3.1285530889314466e+33 2.1689375327674959e+01 3.0000000000000000e+00 1.2435168541268891e+00
3.9860397931594497e+12 6.6515645293428963e-06 2.7686218740391368e+08 2.9030252962714992e+05 2.5895072101656038e+08 5.3734399162059873e+07 3.1522883757492729e+33 2.1594823332339821e+01 3.0000000000000000e+00 1.2325390428881398e+00
4.0040107237472852e+12 6.6052617027741012e-06 2.7429545180483311e+08 2.8962734315056668e+05 2.5655003914565143e+08 5.3236237977545209e+07 3.1761788756120095e+33 2.1500871350094364e+01 3.0000000000000000e+00 1.2216688163410798e+00
4.0220626756903877e+12 6.5591677057032998e-06 2.7174624251991946e+08 2.8895206045291421e+05 2.5416574973242265e+08 5.2741478362490445e+07 3.2002251891487197e+33 2.1407512908485074e+01 3.0000000000000000e+00 1.2109049107692598e+00
4.0401960142708999e+12 6.5132817341086709e-06 2.6921446214206225e+08 2.8827667572595750e+05 2.5179776167147008e+08 5.2250101411776654e+07 3.2244279120518727e+33 2.1314741590125454e+01 3.0000000000000000e+00 1.2002460787067308e+00
4.0584111064178252e+12 6.4676029955612166e-06 2.6670001425230166e+08 2.8760118323020963e+05 2.4944598478161198e+08 5.1762088412069216e+07 3.2487876349390972e+33 2.1222551032343045e+01 3.0000000000000000e+00 1.1896910887308927e+00
4.0767083207144551e+12 6.4221307091124117e-06 2.6420280340624684e+08 2.8692557729548030e+05 2.4711032979318675e+08 5.1277420839180425e+07 3.2733049432144432e+33 2.1130934926833842e+01 3.0000000000000000e+00 1.1792387252581280e+00
4.0950880274058276e+12 6.3768641051821862e-06 2.6172273512060574e+08 2.8624985232143768e+05 2.4479070833545360e+08 5.0796080355456583e+07 3.2979804169292396e+33 2.1039887019324034e+01 3.0000000000000000e+00 1.1688877883422617e+00
4.1135505984062173e+12 6.3318024254472155e-06 2.5925971585981560e+08 2.8557400277817505e+05 2.4248703292408800e+08 5.0318048807182692e+07 3.3228146306426874e+33 2.0949401109239435e+01 3.0000000000000000e+00 1.1586370934757599e+00
4.1320964073066626e+12 6.2869449226743780e-06 2.5681365301977432e+08 2.8489802320595412e+05 2.4019921694596589e+08 4.9843308221425228e+07 3.3478081532553724e+33 2.0859471049277410e+01 3.0000000000000000e+00 1.1484854713878583e+00
4.1507258293825249e+12 6.2422908602064472e-06 2.5438445489280307e+08 2.8422190820964833e+05 2.3792717462639272e+08 4.9371840799231097e+07 3.3729615476545524e+33 2.0770090744263332e+01 3.0000000000000000e+00 1.1384317678058946e+00
4.1694392416010830e+12 6.1978395124784266e-06 2.5197203068887720e+08 2.8354565246873419e+05 2.3567082104896101e+08 4.8903628919748664e+07 3.3982753708616553e+33 2.0681254151987464e+01 3.0000000000000000e+00 1.1284748433281586e+00
4.1882370226291592e+12 6.1535901647210657e-06 2.4957629051250234e+08 2.8286925073510490e+05 2.3343007213392204e+08 4.8438655135740831e+07 3.4237501738152593e+33 2.0592955282601888e+01 3.0000000000000000e+00 1.1186135732190636e+00
4.2071195528407832e+12 6.1095421127625956e-06 2.4719714534511158e+08 2.8219269783231395e+05 2.3120484462172276e+08 4.7976902170166753e+07 3.4493865011792948e+33 2.0505188198135567e+01 3.0000000000000000e+00 1.1088468472132194e+00
4.2260872143248896e+12 6.0656946629174177e-06 2.4483450703230464e+08 2.8151598865613784e+05 2.2899505606106895e+08 4.7518352913707010e+07 3.4751848911906630e+33 2.0417947012173773e+01 3.0000000000000000e+00 1.0991735693308855e+00
4.2451403908930474e+12 6.0220471318734308e-06 2.4248828827108783e+08 2.8083911817511276e+05 2.2680062479699278e+08 4.7062990422285214e+07 3.5011458755054392e+33 2.0331225889540889e+01 3.0000000000000000e+00 1.0895926576956219e+00
4.2642794680872280e+12 5.9785988465782627e-06 2.4015840259715283e+08 2.8016208143106627e+05 2.2462146995895258e+08 4.6610797914600842e+07 3.5272699790436869e+33 2.0245019045986428e+01 3.0000000000000000e+00 1.0801030443543540e+00
4.2835048331876060e+12 5.9353491441243564e-06 2.3784476437216979e+08 2.7948487353962532e+05 2.2245751144894937e+08 4.6161758769661330e+07 3.5535577198328838e+33 2.0159320747874460e+01 3.0000000000000000e+00 1.0707036750995889e+00
4.3028168752203965e+12 5.8922973716330735e-06 2.3554728877112678e+08 2.7880748969072092e+05 2.2030866992968443e+08 4.5715856524327278e+07 3.5800096088499859e+33 2.0074125311876227e+01 3.0000000000000000e+00 1.0613935092939961e+00
4.3222159849657261e+12 5.8494428861379963e-06 2.3326589176970065e+08 2.7812992514906952e+05 2.1817486681274790e+08 4.5273074870858192e+07 3.6066261498621375e+33 1.9989427104666131e+01 3.0000000000000000e+00 1.0521715196970485e+00
4.3417025549655415e+12 5.8067850544673261e-06 2.3100049013168126e+08 2.7745217525465449e+05 2.1605602424685648e+08 4.4833397654474407e+07 3.6334078392660527e+33 1.9905220542620953e+01 3.0000000000000000e+00 1.0430366922939878e+00
4.3612769795315513e+12 5.7643232531256137e-06 2.2875100139644042e+08 2.7677423542318889e+05 2.1395206510613269e+08 4.4396808870923251e+07 3.6603551659260840e+33 1.9821500091522424e+01 3.0000000000000000e+00 1.0339880261268588e+00
4.3809396547532056e+12 5.7220568681749704e-06 2.2651734386646694e+08 2.7609610114657611e+05 2.1186291297844675e+08 4.3963292664060630e+07 3.6874686110110106e+33 1.9738260266263026e+01 3.0000000000000000e+00 1.0250245331277137e+00
4.4006909785057119e+12 5.6799852951155772e-06 2.2429943659495533e+08 2.7541776799336087e+05 2.0978849215380764e+08 4.3532833323443279e+07 3.7147486478295638e+33 1.9655495630555180e+01 3.0000000000000000e+00 1.0161452379539515e+00
4.4205313504580830e+12 5.6381079387659957e-06 2.2209719937346542e+08 2.7473923160916870e+05 2.0772872761282182e+08 4.3105415281930819e+07 3.7421957416647161e+33 1.9573200796643704e+01 3.0000000000000000e+00 1.0073491778256360e+00
4.4404611720812295e+12 5.5964242131429461e-06 2.1991055271965408e+08 2.7406048771714803e+05 2.0568354501521844e+08 4.2681023113306880e+07 3.7698103496067824e+33 1.9491370425021632e+01 3.0000000000000000e+00 9.9863540236498727e-01
4.4604808466560781e+12 5.5549335413409345e-06 2.1773941786508620e+08 2.7338153211840603e+05 2.0365287068844834e+08 4.2259641529913507e+07 3.7975929203853429e+33 1.9409999224149388e+01 3.0000000000000000e+00 9.9000297343787813e-01
4.4805907792817354e+12 5.5136353554116627e-06 2.1558371674312019e+08 2.7270236069243727e+05 2.0163663161635387e+08 4.1841255380298816e+07 3.8255438942000428e+33 1.9329081950177383e+01 3.0000000000000000e+00 9.8145096499728601e-01
4.5007913768836836e+12 5.4725290962433562e-06 2.1344337197688434e+08 2.7202296939755557e+05 1.9963475542792296e+08 4.1425849646884032e+07 3.8536637025503070e+33 1.9248613406671957e+01 3.0000000000000000e+00 9.7297846292879964e-01
4.5210830482220146e+12 5.4316142134401018e-06 2.1131830686734173e+08 2.7134335427132377e+05 1.9764717038612607e+08 4.1013409443646982e+07 3.8819527680640069e+33 1.9168588444344866e+01 3.0000000000000000e+00 9.6458456489805811e-01
4.5414662038997051e+12 5.3908901652011383e-06 2.0920844538144326e+08 2.7066351143098297e+05 1.9567380537683567e+08 4.0603920013822742e+07 3.9104115043251382e+33 1.9089001960786163e+01 3.0000000000000000e+00 9.5626838020014171e-01
4.5619412563709170e+12 5.3503564182003976e-06 2.0711371214038289e+08 2.6998343707388511e+05 1.9371458989784160e+08 4.0197366727624029e+07 3.9390403157005427e+33 1.9009848900200673e+01 3.0000000000000000e+00 9.4802902961087787e-01
4.5825086199493535e+12 5.3100124474660840e-06 2.0503403240794805e+08 2.6930312747792935e+05 1.9176945404795435e+08 3.9793735079981193e+07 3.9678395971657656e+33 1.8931124253148024e+01 3.0000000000000000e+00 9.3986564524008120e-01
4.6031687108166328e+12 5.2698577362606263e-06 2.0296933207897100e+08 2.6862257900199667e+05 1.8983832851620468e+08 3.9393010688298851e+07 3.9968097341300589e+33 1.8852823056286322e+01 3.0000000000000000e+00 9.3177737038660091e-01
4.6239219470307178e+12 5.2298917759607980e-06 2.0091953766788763e+08 2.6794178808639734e+05 1.8792114457114199e+08 3.8995179290237248e+07 4.0259511022606548e+33 1.8774940392119483e+01 3.0000000000000000e+00 9.2376335939530840e-01
4.6447687485343701e+12 5.1901140659382365e-06 1.9888457629740015e+08 2.6726075125331839e+05 1.8601783405022988e+08 3.8600226741510920e+07 4.0552640673063263e+33 1.8697471388748347e+01 3.0000000000000000e+00 9.1582277751588770e-01
4.6657095371636514e+12 5.1505241134403383e-06 1.9686437568724698e+08 2.6657946510727878e+05 1.8412832934934402e+08 3.8208139013708979e+07 4.0847489849203529e+33 1.8620411219625602e+01 3.0000000000000000e+00 9.0795480076341761e-01
4.6867447366564570e+12 5.1111214334715087e-06 1.9485886414308470e+08 2.6589792633559532e+05 1.8225256341237187e+08 3.7818902192138441e+07 4.1144062004829483e+33 1.8543755103314616e+01 3.0000000000000000e+00 9.0015861578083911e-01
4.7078747726610889e+12 5.0719055486748963e-06 1.9286797054547590e+08 2.6521613170885108e+05 1.8039046972091401e+08 3.7432502473685756e+07 4.1442360489232434e+33 1.8467498303252192e+01 3.0000000000000000e+00 8.9243341970310275e-01
4.7291000727448721e+12 5.0328759892145769e-06 1.9089162433899033e+08 2.6453407808137499e+05 1.7854198228408992e+08 3.7048926164701343e+07 4.1742388545409371e+33 1.8391636127515461e+01 3.0000000000000000e+00 8.8477842002313656e-01
4.7504210664028066e+12 4.9940322926581334e-06 1.8892975552141613e+08 2.6385176239173301e+05 1.7670703562844718e+08 3.6668159678906977e+07 4.2044149308276961e+33 1.8316163928592871e+01 3.0000000000000000e+00 8.7719283445957996e-01
4.7718381850662529e+12 4.9553740038597900e-06 1.8698229463308099e+08 2.6316918166322389e+05 1.7488556478797364e+08 3.6290189535321996e+07 4.2347645802884116e+33 1.8241077103159462e+01 3.0000000000000000e+00 8.6967589082618924e-01
4.7933518621116680e+12 4.9169006748439464e-06 1.8504917274628299e+08 2.6248633300438756e+05 1.7307750529421216e+08 3.5915002356212534e+07 4.2652880942624595e+33 1.8166371091856494e+01 3.0000000000000000e+00 8.6222682690299701e-01
4.8149625328693730e+12 4.8786118646891265e-06 1.8313032145482928e+08 2.6180321360952267e+05 1.7128279316647539e+08 3.5542584865061611e+07 4.2959857527450544e+33 1.8092041379075546e+01 3.0000000000000000e+00 8.5484489030916888e-01
4.8366706346323604e+12 4.8405071394124409e-06 1.8122567286368003e+08 2.6111982075920847e+05 1.6950136490216091e+08 3.5172923884557307e+07 4.3268578242088518e+33 1.8018083492747216e+01 3.0000000000000000e+00 8.4752933837748023e-01
4.8584766066651436e+12 4.8025860718543288e-06 1.7933515957870266e+08 2.6043615182084596e+05 1.6773315746716702e+08 3.4806006334606923e+07 4.3579045654259391e+33 1.7944493004134582e+01 3.0000000000000000e+00 8.4027943803056171e-01
4.8803808902126484e+12 4.7648482415636306e-06 1.7745871469651741e+08 2.5975220424919511e+05 1.6597810828639603e+08 3.4441819230364278e+07 4.3891262212903727e+33 1.7871265527631468e+01 3.0000000000000000e+00 8.3309446565869461e-01
4.9023839285091357e+12 4.7272932346830307e-06 1.7559627179445109e+08 2.5906797558692680e+05 1.6423615523435768e+08 3.4080349680280253e+07 4.4205230246414056e+33 1.7798396720565798e+01 3.0000000000000000e+00 8.2597370699928241e-01
4.9244861667871748e+12 4.6899206438084669e-06 1.7374776491928977e+08 2.5838346346469905e+05 1.6250723662464973e+08 3.3721584883920193e+07 4.4520951960716470e+33 1.7725882282964101e+01 3.0000000000000000e+00 8.1891645701591742e-01
4.9466880522866523e+12 4.6527300675294153e-06 1.7191312856041488e+08 2.5769866559532890e+05 1.6079129118483141e+08 3.3365512126750439e+07 4.4838429435274521e+33 1.7653717956754193e+01 3.0000000000000000e+00 8.1192201975301292e-01
4.9689900342638203e+12 4.6157211107688902e-06 1.7009229766258478e+08 2.5701357978259999e+05 1.5908825806837898e+08 3.3012118782617368e+07 4.5157664623906420e+33 1.7581899526303864e+01 3.0000000000000000e+00 8.0498970825366856e-01
4.9913925640003887e+12 4.5788933845961291e-06 1.6828520761261189e+08 2.5632820392050961e+05 1.5739807684222391e+08 3.2661392311163913e+07 4.5478659352723461e+33 1.7510422818152289e+01 3.0000000000000000e+00 7.9811884444123549e-01
5.0138960948126553e+12 4.5422465060154434e-06 1.6649179422500947e+08 2.5564253599201795e+05 1.5572068747332871e+08 3.2313320255042315e+07 4.5801415317735781e+33 1.7439283700659388e+01 3.0000000000000000e+00 7.9130875899850306e-01
5.0365010820606826e+12 4.5057800978499792e-06 1.6471199373242903e+08 2.5495657406953617e+05 1.5405603031974289e+08 3.1967890238058545e+07 4.6125934083012770e+33 1.7368478083811890e+01 3.0000000000000000e+00 7.8455879125549388e-01
5.0592079831575049e+12 4.4694937886246496e-06 1.6294574277614209e+08 2.5427031631539628e+05 1.5240404612170061e+08 3.1625089963324428e+07 4.6452217078840687e+33 1.7298001919031243e+01 3.0000000000000000e+00 7.7786828907861794e-01
5.0820172575783906e+12 4.4333872124480173e-06 1.6119297839656287e+08 2.5358376098230667e+05 1.5076467599275619e+08 3.1284907211420059e+07 4.6780265599878318e+33 1.7227851198983217e+01 3.0000000000000000e+00 7.7123660876123834e-01
5.1049293668701367e+12 4.3974600088935253e-06 1.5945363802381936e+08 2.5289690641378245e+05 1.4913786141096553e+08 3.0947329838561513e+07 4.7110080803310706e+33 1.7158021957389330e+01 3.0000000000000000e+00 7.6466311491548056e-01
5.1279447746604111e+12 4.3617118228798724e-06 1.5772765946837932e+08 2.5220975104456779e+05 1.4752354421011832e+08 3.0612345774783120e+07 4.7441663707001784e+33 1.7088510268839997e+01 3.0000000000000000e+00 7.5814718036545148e-01
5.1510639466671289e+12 4.3261423045508231e-06 1.5601498091173360e+08 2.5152229340103740e+05 1.4592166657102421e+08 3.0279943022128239e+07 4.7775015187645965e+33 1.7019312248609342e+01 3.0000000000000000e+00 7.5168818604172005e-01
5.1742873507078799e+12 4.2907511091544294e-06 1.5431554089714369e+08 2.5083453210158739e+05 1.4433217101285899e+08 2.9950109652854208e+07 4.8110135978919642e+33 1.6950424052471718e+01 3.0000000000000000e+00 7.4528552087710354e-01
5.1976154567093965e+12 4.2555378969217620e-06 1.5262927832045710e+08 2.5014646585701237e+05 1.4275500038457376e+08 2.9622833807650175e+07 4.8447026669632830e+33 1.6881841876519889e+01 3.0000000000000000e+00 7.3893858170375193e-01
5.2210487367170566e+12 4.2205023329452905e-06 1.5095613242098999e+08 2.4945809347086248e+05 1.4119009785636821e+08 2.9298103693865385e+07 4.8785687701881405e+33 1.6813561956984870e+01 3.0000000000000000e+00 7.3264677315140814e-01
5.2445876649044434e+12 4.1856440870568492e-06 1.4929604277249351e+08 2.4876941383980331e+05 1.3963740691124052e+08 2.8975907583759073e+07 4.9126119369200903e+33 1.6745580570057342e+01 3.0000000000000000e+00 7.2640950754705480e-01
5.2682327175829346e+12 4.1509628337054767e-06 1.4764894927419257e+08 2.4808042595394864e+05 1.3809687133660650e+08 2.8656233812758178e+07 4.9468321814721959e+33 1.6677894031710736e+01 3.0000000000000000e+00 7.2022620481563304e-01
5.2919843732113398e+12 4.1164582518350074e-06 1.4601479214191559e+08 2.4739112889719760e+05 1.3656843521600297e+08 2.8339070777737960e+07 4.9812295029328347e+33 1.6610498697525880e+01 3.0000000000000000e+00 7.1409629238210937e-01
5.3158431124055889e+12 4.0821300247615630e-06 1.4439351189930695e+08 2.4670152184755530e+05 1.3505204292086831e+08 2.8024406935316045e+07 5.0158038849818229e+33 1.6543390962517272e+01 3.0000000000000000e+00 7.0801920507468019e-01
5.3398094179484502e+12 4.0479778400511372e-06 1.4278504936913314e+08 2.4601160407744464e+05 1.3354763910241194e+08 2.7712230800163727e+07 5.0505552957069055e+33 1.6476567260960913e+01 3.0000000000000000e+00 7.0199438502913880e-01
5.3638837747993027e+12 4.0140013893970661e-06 1.4118934566468334e+08 2.4532137495401758e+05 1.3205516868357055e+08 2.7402530943338525e+07 5.0854836874207069e+33 1.6410024066223734e+01 3.0000000000000000e+00 6.9602128159448473e-01
5.3880666701039502e+12 3.9802003684977573e-06 1.3960634218127003e+08 2.4463083393945696e+05 1.3057457685105866e+08 2.7095295990634162e+07 5.1205889964782037e+33 1.6343757890594617e+01 3.0000000000000000e+00 6.9009935123965327e-01
5.4123585932044756e+12 3.9465744769345304e-06 1.3803598058782738e+08 2.4393998059127247e+05 1.2910580904751091e+08 2.6790514620949585e+07 5.1558711430947935e+33 1.6277765285116981e+01 3.0000000000000000e+00 6.8422805746138571e-01
5.4367600356491475e+12 3.9131234180497114e-06 1.3647820281861696e+08 2.4324881456259609e+05 1.2764881096372373e+08 2.6488175564679787e+07 5.1913300311650530e+33 1.6212042839422960e+01 3.0000000000000000e+00 6.7840687069325789e-01
5.4612714912023604e+12 3.8798468988250848e-06 1.3493295106503820e+08 2.4255733560247027e+05 1.2620352853099647e+08 2.6188267602125343e+07 5.2269655480822504e+33 1.6146587181569220e+01 3.0000000000000000e+00 6.7263526821579911e-01
5.4858934558546328e+12 3.8467446297605983e-06 1.3340016776754858e+08 2.4186554355613928e+05 1.2476990791357346e+08 2.5890779561925415e+07 5.2627775645587257e+33 1.6081394977874332e+01 3.0000000000000000e+00 6.6691273406775997e-01
5.5106264278326367e+12 3.8138163247536193e-06 1.3187979560769679e+08 2.4117343836533604e+05 1.2334789550119315e+08 2.5595700319510873e+07 5.2987659344472040e+33 1.6016462932757825e+01 3.0000000000000000e+00 6.6123875895844275e-01
5.5354709076092861e+12 3.7810617009785277e-06 1.3037177750026651e+08 2.4048102006856952e+05 1.2193743790173993e+08 2.5303018795579810e+07 5.3349304945631695e+33 1.5951787788580830e+01 3.0000000000000000e+00 6.5561284018113486e-01
5.5604273979138594e+12 3.7484804787669179e-06 1.2887605658553843e+08 2.3978828880141274e+05 1.2053848193400665e+08 2.5012723954595443e+07 5.3712710645083755e+33 1.5887366325488461e+01 3.0000000000000000e+00 6.5003448152760746e-01
5.5854964037421738e+12 3.7160723814882501e-06 1.2739257622166423e+08 2.3909524479679007e+05 1.1915097462056230e+08 2.4724804803305842e+07 5.4077874464956225e+33 1.5823195361253855e+01 3.0000000000000000e+00 6.4450319320366711e-01
5.6106784323668037e+12 3.6838371354311748e-06 1.2592127997716592e+08 2.3840188838527247e+05 1.1777486318073623e+08 2.4439250389289137e+07 5.4444794251748993e+33 1.5759271751123954e+01 3.0000000000000000e+00 6.3901849174579806e-01
5.6359739933473438e+12 3.6517744696854059e-06 1.2446211162354660e+08 2.3770821999536693e+05 1.1641009502370717e+08 2.4156049799518317e+07 5.4813467674610177e+33 1.5695592387667038e+01 3.0000000000000000e+00 6.3357989993879094e-01
5.6613835985407256e+12 3.6198841160242572e-06 1.2301501512802537e+08 2.3701424015381502e+05 1.1505661774170811e+08 2.3875192158951845e+07 5.5183892223628762e+33 1.5632154200622102e+01 3.0000000000000000e+00 6.2818694673443820e-01
5.6869077621115664e+12 3.5881658087878273e-06 1.2157993464639010e+08 2.3631994948589063e+05 1.1371437910334146e+08 2.3596666629145965e+07 5.5556065208144544e+33 1.5568954156750069e+01 3.0000000000000000e+00 6.2283916717122878e-01
5.7125470005425811e+12 3.5566192847668617e-06 1.2015681451597314e+08 2.3562534871570597e+05 1.1238332704700908e+08 2.3320462406892207e+07 5.5929983755077261e+33 1.5505989259686899e+01 3.0000000000000000e+00 6.1753610229507827e-01
5.7383018326450293e+12 3.5252442830873083e-06 1.1874559924874413e+08 2.3493043866651517e+05 1.1106340967445219e+08 2.3046568722875807e+07 5.6305644807275930e+33 1.5443256549798674e+01 3.0000000000000000e+00 6.1227729908101447e-01
5.7641727795692119e+12 3.4940405450955156e-06 1.1734623352452551e+08 2.3423522026102798e+05 1.0975457524440552e+08 2.2774974840359993e+07 5.6683045121890184e+33 1.5380753104038710e+01 3.0000000000000000e+00 6.0706231035591041e-01
5.7901603648150234e+12 3.4630078142441406e-06 1.1595866218432388e+08 2.3353969452172023e+05 1.0845677216636032e+08 2.2505670053890646e+07 5.7062181268765442e+33 1.5318476035806738e+01 3.0000000000000000e+00 6.0189069472213430e-01
5.8162651142425371e+12 3.4321458359787106e-06 1.1458283022378361e+08 2.3284386257115466e+05 1.0716994899444136e+08 2.2238643688026786e+07 5.7443049628863149e+33 1.5256422494810286e+01 3.0000000000000000e+00 5.9676201648223415e-01
5.8424875560826504e+12 3.4014543576248506e-06 1.1321868278675450e+08 2.3214772563229839e+05 1.0589405442139073e+08 2.1973885096091371e+07 5.7825646392708474e+33 1.5194589666928264e+01 3.0000000000000000e+00 5.9167584556453745e-01
5.8688282209477715e+12 3.3709331281484693e-06 1.1186616515332811e+08 2.3145128502592450e+05 1.0462903726737826e+08 2.1711383657849643e+07 5.8209967557976392e+33 1.5132974773904330e+01 3.0000000000000000e+00 5.8663175744303675e-01
5.8952876418425596e+12 3.3405818979881200e-06 1.1052522273124762e+08 2.3075454216955701e+05 1.0337484647196688e+08 2.1451128777842216e+07 5.8596008927396329e+33 1.5071575073107091e+01 3.0000000000000000e+00 5.8162933306089892e-01
5.9218663541747061e+12 3.3104004192418707e-06 1.0919580106303938e+08 2.3005749858456210e+05 1.0213143110078323e+08 2.1193109886768471e+07 5.8983766109324380e+33 1.5010387857800223e+01 3.0000000000000000e+00 5.7666815877447886e-01
5.9485648957657725e+12 3.2803884453813294e-06 1.0787784581226397e+08 2.2936015589246101e+05 1.0089874033265762e+08 2.0937316438819107e+07 5.9373234515130340e+33 1.4949410456786573e+01 3.0000000000000000e+00 5.7174782627386189e-01
5.9753838068620674e+12 3.2505457311358489e-06 1.0657130275742815e+08 2.2866251581506321e+05 9.9676723453930482e+07 2.0683737910493135e+07 5.9764409357659843e+33 1.4888640234261080e+01 3.0000000000000000e+00 5.6686793251234091e-01
6.0023236301455869e+12 3.2208720323803586e-06 1.0527611778615338e+08 2.2796458017467748e+05 9.8465329852997407e+07 2.0432363799467936e+07 6.0157285649742842e+33 1.4828074589668933e+01 3.0000000000000000e+00 5.6202807963701584e-01
6.0293849107449893e+12 3.1913671060230625e-06 1.0399223688941830e+08 2.2726635089428729e+05 9.7264509014924988e+07 2.0183183623479906e+07 6.0551858202722757e+33 1.4767710957563942e+01 3.0000000000000000e+00 5.5722787492011350e-01
6.0565681962466260e+12 3.1620307098929949e-06 1.0271960615589240e+08 2.2656782999771822e+05 9.6074210516150281e+07 1.9936186919226453e+07 6.0948121625007376e+33 1.4707546807467020e+01 3.0000000000000000e+00 5.5246693069121988e-01
6.0838740367056260e+12 3.1328626026275699e-06 1.0145817176635078e+08 2.2586901960977167e+05 9.4894384019257292e+07 1.9691363241280407e+07 6.1346070320642017e+33 1.4647579643724727e+01 3.0000000000000000e+00 5.4774486427022784e-01
6.1113029846570234e+12 3.1038625435601698e-06 1.0020787998818640e+08 2.2516992195635056e+05 9.3724979267844275e+07 1.9448702161026444e+07 6.1745698487905667e+33 1.4587807005367901e+01 3.0000000000000000e+00 5.4306129790115509e-01
6.1388555951269375e+12 3.0750302926078994e-06 9.8968677170013279e+07 2.2447053936455585e+05 9.2565946081475839e+07 1.9208193265612397e+07 6.2147000117930721e+33 1.4528226465970272e+01 3.0000000000000000e+00 5.3841585868668163e-01
6.1665324256438066e+12 3.0463656101594621e-06 9.7740509736367404e+07 2.2377087426276901e+05 9.1417234350727007e+07 1.8969826156921227e+07 6.2549968993347211e+33 1.4468835633507041e+01 3.0000000000000000e+00 5.3380817852349438e-01
6.1943340362496660e+12 3.0178682569633911e-06 9.6523324182512477e+07 2.2307092918071902e+05 9.0278794032324716e+07 1.8733590450563289e+07 6.2954598686952006e+33 1.4409632150213394e+01 3.0000000000000000e+00 5.2923789403840615e-01
6.2222609895114834e+12 2.9895379940165357e-06 9.5317067069344670e+07 2.2237070674952795e+05 8.9150575144382238e+07 1.8499475774887327e+07 6.3360882560403871e+33 1.4350613692442916e+01 3.0000000000000000e+00 5.2470464652520843e-01
6.2503138505325400e+12 2.9613745824530521e-06 9.4121685018406570e+07 2.2167020970173983e+05 8.8032527761735946e+07 1.8267471770011950e+07 6.3768813762945066e+33 1.4291777970525846e+01 3.0000000000000000e+00 5.2020808188225520e-01
6.2784931869638691e+12 2.9333777834337886e-06 9.2937124707010895e+07 2.2096944087133952e+05 8.6924602011384174e+07 1.8037568086880196e+07 6.4178385230150274e+33 1.4233122728627164e+01 3.0000000000000000e+00 5.1574785055083294e-01
6.3067995690157383e+12 2.9055473580362602e-06 9.1763332863474458e+07 2.2026840319375193e+05 8.5826748068029761e+07 1.7809754386334110e+07 6.4589589682703562e+33 1.4174645744604492e+01 3.0000000000000000e+00 5.1132360745421646e-01
6.3352335694691895e+12 2.8778830671452476e-06 9.0600256262468860e+07 2.1956709970583068e+05 8.4738916149731368e+07 1.7584020338212505e+07 6.5002419625204205e+33 1.4116344829865746e+01 3.0000000000000000e+00 5.0693501193747070e-01
6.3637957636876299e+12 2.8503846713440290e-06 8.9447841720484853e+07 2.1886553354583151e+05 8.3661056513661340e+07 1.7360355620470610e+07 6.5416867345002177e+33 1.4058217829226528e+01 3.0000000000000000e+00 5.0258172770794196e-01
6.3924867296284746e+12 2.8230519308064017e-06 8.8306036091417536e+07 2.1816370795337390e+05 8.2593119451976612e+07 1.7138749918322816e+07 6.5832924911064129e+33 1.4000262620767264e+01 3.0000000000000000e+00 4.9826342277646346e-01
6.4213070478548398e+12 2.7958846051894471e-06 8.7174786262272626e+07 2.1746162626939674e+05 8.1535055287802488e+07 1.6919192923410479e+07 6.6250584172870630e+33 1.3942477115689986e+01 3.0000000000000000e+00 4.9397976939928301e-01
6.4502573015472920e+12 2.7688824535272145e-06 8.6054039148992717e+07 2.1675929193609382e+05 8.0486814371329263e+07 1.6701674332990382e+07 6.6669836759345665e+33 1.3884859258174863e+01 3.0000000000000000e+00 4.8973044402061511e-01
6.4793380765156484e+12 2.7420452341252640e-06 8.4943741692411378e+07 2.1605670849685115e+05 7.9448347076027766e+07 1.6486183849150820e+07 6.7090674077819148e+33 1.3827407025236326e+01 3.0000000000000000e+00 4.8551512721594980e-01
6.5085499612108301e+12 2.7153727044562051e-06 8.3843840854329079e+07 2.1535387959616591e+05 7.8419603794979408e+07 1.6272711178049032e+07 6.7513087313023384e+33 1.3770118426578893e+01 3.0000000000000000e+00 4.8133350363596744e-01
6.5378935467367705e+12 2.6888646210562427e-06 8.2754283613719612e+07 2.1465080897956510e+05 7.7400534937327757e+07 1.6061246029175589e+07 6.7937067426124611e+33 1.3712991504452598e+01 3.0000000000000000e+00 4.7718526195117089e-01
6.5673694268623760e+12 2.6625207394227921e-06 8.1675016963061526e+07 2.1394750049351068e+05 7.6391090924847648e+07 1.5851778114641655e+07 6.8362605153790187e+33 1.3656024333508080e+01 3.0000000000000000e+00 4.7307009479713064e-01
6.5969781980335410e+12 2.6363408139131919e-06 8.0605987904802695e+07 2.1324395808530750e+05 7.5391222188638017e+07 1.5644297148494074e+07 6.8789691007292965e+33 1.3599215020651259e+01 3.0000000000000000e+00 4.6898769872044377e-01
6.6267204593852148e+12 2.6103245976445811e-06 7.9547143447949365e+07 2.1254018580299290e+05 7.4400879165932104e+07 1.5438792846051801e+07 6.9218315271653321e+33 1.3542561704897699e+01 3.0000000000000000e+00 4.6493777412525567e-01
6.6565968127535303e+12 2.5844718423949779e-06 7.8498430604791775e+07 2.1183618779523409e+05 7.3420012297034621e+07 1.5235254923271483e+07 6.9648468004820516e+33 1.3486062557226511e+01 3.0000000000000000e+00 4.6092002522049269e-01
6.6866078626879766e+12 2.5587822985055443e-06 7.7459796387756377e+07 2.1113196831121366e+05 7.2448572022377655e+07 1.5033673096136192e+07 7.0080139036893937e+33 1.3429715780433998e+01 3.0000000000000000e+00 4.5693415996769687e-01
6.7167542164636357e+12 2.5332557147841632e-06 7.6431187806391865e+07 2.1042753170051391e+05 7.1486508779701754e+07 1.4834037080070388e+07 7.0513317969385807e+33 1.3373519608986841e+01 3.0000000000000000e+00 4.5297989002948108e-01
6.7470364840934688e+12 2.5078918384102536e-06 7.5412551864485770e+07 2.0972288241299870e+05 7.0533773001358911e+07 1.4636336589380596e+07 7.0947994174526459e+33 1.3317472308875034e+01 3.0000000000000000e+00 4.4905693071862607e-01
6.7774552783406602e+12 2.4826904148409463e-06 7.4403835557312533e+07 2.0901802499869012e+05 6.9590315111738920e+07 1.4440561336720869e+07 7.1384156794613245e+33 1.3261572177464421e+01 3.0000000000000000e+00 4.4516500094776601e-01
6.8080112147310176e+12 2.4576511877185523e-06 7.3404985869012758e+07 2.0831296410764533e+05 6.8656085524817929e+07 1.4246701032584460e+07 7.1821794741404869e+33 1.3205817543348992e+01 3.0000000000000000e+00 4.4130382317970485e-01
6.8387049115654287e+12 2.4327738987794001e-06 7.2415949770102680e+07 2.0760770448982931e+05 6.7731034641829252e+07 1.4054745384820269e+07 7.2260896695562008e+33 1.3150206766202878e+01 3.0000000000000000e+00 4.3747312337832250e-01
6.8695369899323682e+12 2.4080582877640418e-06 7.1436674215115100e+07 2.0690225099498837e+05 6.6815112849056683e+07 1.3864684098175306e+07 7.2701451106136006e+33 1.3094738236632111e+01 3.0000000000000000e+00 4.3367263096009634e-01
6.9005080737204678e+12 2.3835040923288294e-06 7.0467106140367240e+07 2.0619660857251671e+05 6.5908270515746959e+07 1.3676506873860864e+07 7.3143446190107137e+33 1.3039410376026195e+01 3.0000000000000000e+00 4.2990207874618697e-01
6.9316187896311416e+12 2.3591110479588590e-06 6.9507192461858958e+07 2.0549078227132704e+05 6.5010457992143892e+07 1.3490203409145238e+07 7.3586869931973927e+33 1.2984221636409513e+01 3.0000000000000000e+00 4.2616120291514709e-01
6.9628697671912676e+12 2.3348788878560560e-06 6.8556880072269052e+07 2.0478477723894722e+05 6.4121625606678911e+07 1.3305763396770459e+07 7.4031710083234102e+33 1.2929170500270409e+01 3.0000000000000000e+00 4.2244974295546389e-01
6.9942616387659238e+12 2.3108073426969134e-06 6.7616115832960024e+07 2.0407859871670633e+05 6.3241723658493169e+07 1.3123176523400588e+07 7.4477954161015885e+33 1.2874255480268072e+01 3.0000000000000000e+00 4.1876744161473894e-01
7.0257950395711855e+12 2.2868961407947787e-06 6.6684846581910267e+07 2.0337225204667373e+05 6.2370702424856536e+07 1.2942432471161168e+07 7.4925589449222974e+33 1.2819475119279449e+01 3.0000000000000000e+00 4.1511404486057329e-01
7.0574706076869805e+12 2.2631450079412631e-06 6.5763019129085436e+07 2.0266574266927445e+05 6.1508512156838499e+07 1.2763520916740863e+07 7.5374602997916722e+33 1.2764827990191822e+01 3.0000000000000000e+00 4.1148930183364973e-01
7.0892889840699971e+12 2.2395536672958719e-06 6.4850580253803730e+07 2.0195907612221601e+05 6.0655103076843642e+07 1.2586431530880304e+07 7.5824981622929614e+33 1.2710312695721406e+01 3.0000000000000000e+00 4.0789296480228088e-01
7.1212508125666572e+12 2.2161218393048721e-06 6.3947476703317046e+07 2.0125225804021303e+05 5.9810425377284914e+07 1.2411153978096442e+07 7.6276711905691417e+33 1.2655927868253650e+01 3.0000000000000000e+00 4.0863229746779339e-01
7.1533567399261436e+12 2.1928492416210270e-06 6.3053655191495955e+07 2.0054529415469198e+05 5.8974429219353385e+07 1.2237677916427713e+07 7.6729780193103714e+33 1.2601672169682375e+01 3.0000000000000000e+00 4.1055758466487352e-01
7.1856074158134863e+12 2.1697355890242467e-06 6.2169062397615798e+07 1.9983819029346685e+05 5.8147064731883138e+07 1.2065992997197978e+07 7.7184172597463462e+33 1.2547544291247737e+01 3.0000000000000000e+00 4.1248849861950504e-01
7.2180034928227090e+12 2.1467805933431988e-06 6.1293644965247914e+07 1.9913095238039386e+05 5.7328282010314152e+07 1.1896088864801284e+07 7.7639874996436017e+33 1.2493542953372902e+01 3.0000000000000000e+00 4.1442497931964273e-01
7.2505456264900332e+12 2.1239839633779485e-06 6.0427349501258567e+07 1.9842358643500897e+05 5.6518031115755744e+07 1.1727955156508498e+07 7.8096873033078266e+33 1.2439666905499466e+01 3.0000000000000000e+00 4.1636696575630877e-01
7.2832344753071455e+12 2.1013454048237028e-06 5.9570122574911259e+07 1.9771609857213136e+05 5.5716262074147321e+07 1.1561581502291841e+07 7.8555152115912313e+33 1.2385914925921528e+01 3.0000000000000000e+00 4.1831439592386566e-01
7.3160707007345205e+12 2.0788646201956973e-06 5.8721910717081174e+07 1.9700849500145728e+05 5.4922924875523463e+07 1.1396957524673186e+07 7.9014697419050044e+33 1.2332285821618422e+01 3.0000000000000000e+00 4.2026720682056756e-01
7.3490549672148066e+12 2.0565413087552426e-06 5.7882660419575684e+07 1.9630078202712641e+05 5.4137969473378353e+07 1.1234072838591952e+07 7.9475493882369439e+33 1.2278778428086044e+01 3.0000000000000000e+00 4.2222533444930649e-01
7.3821879421862686e+12 2.0343751664370934e-06 5.7052318134568177e+07 1.9559296604727273e+05 5.3361345784136400e+07 1.1072917051295388e+07 7.9937526211742662e+33 1.2225391609166767e+01 3.0000000000000000e+00 4.2418871381858358e-01
7.4154702960962949e+12 2.0123658857780508e-06 5.6230830274139725e+07 1.9488505355355167e+05 5.2593003686723277e+07 1.0913479762249321e+07 8.0400778879316791e+33 1.2172124256877877e+01 3.0000000000000000e+00 4.2615727894369471e-01
7.4489027024149668e+12 1.9905131558469582e-06 5.5418143209934138e+07 1.9417705113065254e+05 5.1832893022243686e+07 1.0755750563071413e+07 8.0865236123847487e+33 1.2118975291238559e+01 3.0000000000000000e+00 4.2813096284815172e-01
7.4824858376486797e+12 1.9688166621761030e-06 5.4614203272925600e+07 1.9346896545579238e+05 5.1080963593763627e+07 1.0599719037485970e+07 8.1330881951085984e+33 1.2065943660095369e+01 3.0000000000000000e+00 4.3010969756532846e-01
7.5162203813538398e+12 1.9472760866940459e-06 5.3818956753298238e+07 1.9276080329819443e+05 5.0337165166197941e+07 1.0445374761300903e+07 8.1797700134220128e+33 1.2013028338946157e+01 3.0000000000000000e+00 4.3209341414034352e-01
7.5501070161506084e+12 1.9258911076599679e-06 5.3032349900437318e+07 1.9205257151854417e+05 4.9601447466302246e+07 1.0292707302405216e+07 8.2265674214369599e+33 1.1960228330762476e+01 3.0000000000000000e+00 4.3408204263213535e-01
7.5841464277367188e+12 1.9046613995995399e-06 5.2254328923037067e+07 1.9134427706844185e+05 4.8873760182773404e+07 1.0141706220791012e+07 8.2734787501136129e+33 1.1907542665810398e+01 3.0000000000000000e+00 4.3607551211584361e-01
7.6183393049013506e+12 1.8835866332423882e-06 5.1484839989317514e+07 1.9063592698982731e+05 4.8154052966452666e+07 9.9923610685945749e+06 8.3205023073208947e+33 1.1854970401469771e+01 3.0000000000000000e+00 4.3807375068533960e-01
7.6526863395390654e+12 1.8626664754611756e-06 5.0723829227357939e+07 1.8992752841440169e+05 4.7442275430637367e+07 9.8446613901617210e+06 8.3676363779025965e+33 1.1802510622051873e+01 3.0000000000000000e+00 4.4007668545606443e-01
7.6871882266638115e+12 1.8419005892123359e-06 4.9971242725541465e+07 1.8921908856303146e+05 4.6738377151496805e+07 9.6985967221339867e+06 8.4148792237491386e+33 1.1750162438615490e+01 3.0000000000000000e+00 4.4208424256807072e-01
7.7218456644229814e+12 1.8212886334785063e-06 4.9227026533112131e+07 1.8851061474513914e+05 4.6042307668593302e+07 9.5541565935565028e+06 8.4622290838749920e+33 1.1697924988781377e+01 3.0000000000000000e+00 4.4409634718930696e-01
7.7566593541115449e+12 1.8008302632127003e-06 4.8491126660845742e+07 1.8780211435808660e+05 4.5354016485509589e+07 9.4113305260084253e+06 8.5096841745018388e+33 1.1645797436545106e+01 3.0000000000000000e+00 4.4611292351915821e-01
7.7916300001862383e+12 1.7805251292842089e-06 4.7763489081830129e+07 1.8709359488654335e+05 4.4673453070578739e+07 9.2701080337541699e+06 8.5572426891475188e+33 1.1593778972088344e+01 3.0000000000000000e+00 4.4813389479221605e-01
7.8267583102798145e+12 1.7603728784263204e-06 4.7044059732359067e+07 1.8638506390184996e+05 4.4000566857719995e+07 9.1304786239172053e+06 8.6049027987208001e+33 1.1541868811588536e+01 3.0000000000000000e+00 4.5015918328232185e-01
7.8620449952153691e+12 1.7403731531858244e-06 4.6332784512933731e+07 1.8567652906136704e+05 4.3335307247375682e+07 8.9924317966741752e+06 8.6526626516220597e+33 1.1490066197026980e+01 3.0000000000000000e+00 4.5218871030683278e-01
7.8974907690207188e+12 1.7205255918743803e-06 4.5629609289375179e+07 1.8496799810781819e+05 4.2677623607551590e+07 8.8559570454707909e+06 8.7005203738499117e+33 1.1438370395995356e+01 3.0000000000000000e+00 4.5422239623115224e-01
7.9330963489428516e+12 1.7008298285217163e-06 4.4934479894044414e+07 1.8425947886862565e+05 4.2027465274958156e+07 8.7210438572588079e+06 8.7484740691138595e+33 1.1386780701500719e+01 3.0000000000000000e+00 4.5626016047352380e-01
7.9688624554624395e+12 1.6812854928307091e-06 4.4247342127169490e+07 1.8355097925523767e+05 4.1384781556251623e+07 8.5876817127536498e+06 8.7965218189530381e+33 1.1335296431768951e+01 3.0000000000000000e+00 4.5830192151008253e-01
8.0047898123084209e+12 1.6618922101343738e-06 4.3568141758278042e+07 1.8284250726244634e+05 4.0749521729374029e+07 8.4558600867120419e+06 8.8446616828611129e+33 1.1283916930046720e+01 3.0000000000000000e+00 4.6034759688014254e-01
8.0408791464726396e+12 1.6426496013547340e-06 4.2896824527734675e+07 1.8213407096770278e+05 4.0121635044991121e+07 8.3255684482306698e+06 8.8928916984174209e+33 1.1232641564402007e+01 3.0000000000000000e+00 4.6239710319177962e-01
8.0771311882245596e+12 1.6235572829636049e-06 4.2233336148381189e+07 1.8142567853042600e+05 3.9501070728026293e+07 8.1967962610646784e+06 8.9412098814244286e+33 1.1181469727523179e+01 3.0000000000000000e+00 4.6445035612768654e-01
8.1135466711260410e+12 1.6046148669453068e-06 4.1577622307276897e+07 1.8071733819130174e+05 3.8887777979288548e+07 8.0695329839650784e+06 8.9896142260516069e+33 1.1130400836516706e+01 3.0000000000000000e+00 4.6650727045126367e-01
8.1501263320461836e+12 1.5858219607612986e-06 4.0929628667539805e+07 1.8000905827158084e+05 3.8281705977194369e+07 7.9437680710363574e+06 9.0381027049858014e+33 1.1079434332703558e+01 3.0000000000000000e+00 4.6856776001302519e-01
8.1868709111762363e+12 1.5671781673167307e-06 4.0289300870284155e+07 1.7930084717236873e+05 3.7682803879580028e+07 7.8194909721123781e+06 9.0866732695882202e+33 1.1028569681414325e+01 3.0000000000000000e+00 4.7063173775726286e-01
8.2237811520445791e+12 1.5486830849289172e-06 3.9656584536654018e+07 1.7859271337391174e+05 3.7091020825603612e+07 7.6966911331512369e+06 9.1353238500581442e+33 1.0977806371783126e+01 3.0000000000000000e+00 4.7269911572900852e-01
8.2608578015317637e+12 1.5303363072591941e-06 3.9031425268639222e+07 1.7788466543338168e+05 3.6506305936508119e+07 7.5753579963933220e+06 9.1840523555847773e+33 1.0927143916522128e+01 3.0000000000000000e+00 4.7476980508047401e-01
8.2981016098856270e+12 1.5121374232388195e-06 3.8413768649748638e+07 1.7717671198228095e+05 3.5928608316251196e+07 7.4554810004923455e+06 9.2328566744938735e+33 1.0876581851684133e+01 3.0000000000000000e+00 4.7684371607730219e-01
8.3355133307364756e+12 1.4940860171730910e-06 3.7803560251757175e+07 1.7646886173068901e+05 3.5357877057815671e+07 7.3370495818245495e+06 9.2817346744884880e+33 1.0826119736509364e+01 3.0000000000000000e+00 4.7892075810877843e-01
8.3730937211123350e+12 1.4761816686501812e-06 3.7200745634809844e+07 1.7576112346392387e+05 3.4794061243306823e+07 7.2200531745090485e+06 9.3306842028069283e+33 1.0775757153182663e+01 3.0000000000000000e+00 4.8100083969455559e-01
8.4108435414542637e+12 1.4584239525144706e-06 3.6605270349760011e+07 1.7505350604157330e+05 3.4237109946139492e+07 7.1044812108615413e+06 9.3797030864125312e+33 1.0725493706614683e+01 3.0000000000000000e+00 4.8308386849270729e-01
8.4487635556317803e+12 1.4408124388450990e-06 3.6017079940706089e+07 1.7434601839664677e+05 3.3686972233410493e+07 6.9903231218867972e+06 9.4287891321914266e+33 1.0675329024223052e+01 3.0000000000000000e+00 4.8516975130814610e-01
8.4868545309581816e+12 1.4233466929361867e-06 3.5436119947602212e+07 1.7363866953470564e+05 3.3143597168340493e+07 6.8775683377851509e+06 9.4779401271563324e+33 1.0625262755712221e+01 3.0000000000000000e+00 4.8725839410126709e-01
8.5251172382062734e+12 1.4060262752784774e-06 3.4862335908934750e+07 1.7293146853296761e+05 3.2606933812777370e+07 6.7662062884721467e+06 9.5271538386570312e+33 1.0575294572851236e+01 3.0000000000000000e+00 4.8934970199690736e-01
8.5635524516238311e+12 1.3888507415428110e-06 3.4295673364475362e+07 1.7222442453939607e+05 3.2076931229771096e+07 6.6562264041128000e+06 9.5764280145966291e+33 1.0525424169250343e+01 3.0000000000000000e+00 4.9144357929353005e-01
8.6021609489493018e+12 1.3718196425651599e-06 3.3736077858100116e+07 1.7151754677176411e+05 3.1553538486210592e+07 6.5476181156685948e+06 9.6257603836542334e+33 1.0475651260135749e+01 3.0000000000000000e+00 4.9353992947267639e-01
8.6409435114275410e+12 1.3549325243333818e-06 3.3183494940679178e+07 1.7081084451670304e+05 3.1036704655526344e+07 6.4403708554584999e+06 9.6751486555137545e+33 1.0425975582122781e+01 3.0000000000000000e+00 4.9563865520870037e-01
8.6799009238256211e+12 1.3381889279756804e-06 3.2637870173033960e+07 1.7010432712873106e+05 3.0526378820456300e+07 6.3344740577329937e+06 9.7245905210988622e+33 1.0376396892987437e+01 3.0000000000000000e+00 4.9773965837876072e-01
8.7190339744487100e+12 1.3215883897508194e-06 3.2099149128960948e+07 1.6939800402926060e+05 3.0022510075874083e+07 6.2299171592606213e+06 9.7740836528140623e+33 1.0326914971436274e+01 3.0000000000000000e+00 4.9984284007304153e-01
8.7583434551560254e+12 1.3051304410400930e-06 3.1567277398322567e+07 1.6869188470559398e+05 2.9525047531679831e+07 6.1266895999282086e+06 9.8236257047918584e+33 1.0277529616874675e+01 3.0000000000000000e+00 5.0194810060528106e-01
8.7978301613768574e+12 1.2888146083410763e-06 3.1042200590201646e+07 1.6798597870989749e+05 2.9033940315750692e+07 6.0247808233528696e+06 9.8732143131459890e+33 1.0228240649173470e+01 3.0000000000000000e+00 5.0405533952351356e-01
8.8374948921266582e+12 1.2726404132631829e-06 3.0523864336120229e+07 1.6728029565816233e+05 2.8549137576951306e+07 5.9241802775067901e+06 9.9228470962306719e+33 1.0179047908433967e+01 3.0000000000000000e+00 5.0616445562109280e-01
8.8773384500232227e+12 1.2566073725250302e-06 3.0012214293320242e+07 1.6657484522914991e+05 2.8070588488202255e+07 5.8248774153539697e+06 9.9725216549058807e+33 1.0129951254751317e+01 3.0000000000000000e+00 5.0827534694796406e-01
8.9173616413029141e+12 1.2407149979536567e-06 2.9507196148105532e+07 1.6586963716332329e+05 2.7598242249605920e+07 5.7268616954988427e+06 1.0022235572808556e+34 1.0080950567976345e+01 3.0000000000000000e+00 5.1038791082219148e-01
8.9575652758369941e+12 1.2249627964855611e-06 2.9008755619242769e+07 1.6516468126176525e+05 2.7132048091627292e+07 5.6301225828464516e+06 1.0071986416629783e+34 1.0032045747475756e+01 3.0000000000000000e+00 5.1250204384174103e-01
8.9979501671479941e+12 1.2093502701696262e-06 2.8516838461420376e+07 1.6445998738508107e+05 2.6671955278329208e+07 5.5346495492734937e+06 1.0121771736397841e+34 9.9832367118908039e+00 3.0000000000000000e+00 5.1461764189649228e-01
9.0385171324261934e+12 1.1938769161718944e-06 2.8031390468764085e+07 1.6375556545229373e+05 2.6217913110660464e+07 5.4404320743108895e+06 1.0171589065767176e+34 9.9345233988944326e+00 3.0000000000000000e+00 5.1673460018053163e-01
9.0792669925461406e+12 1.1785422267822172e-06 2.7552357478406832e+07 1.6305142543972540e+05 2.5769870929794632e+07 5.3474596458366048e+06 1.0221435922313163e+34 9.8859057649469086e+00 3.0000000000000000e+00 5.1885281320468446e-01
9.1202005720832734e+12 1.1633456894228058e-06 2.7079685374111224e+07 1.6234757737986662e+05 2.5327778120518398e+07 5.2557217607784886e+06 1.0271309807832747e+34 9.8373837850499903e+00 3.0000000000000000e+00 5.2097217480926072e-01
9.1613186993306016e+12 1.1482867866586505e-06 2.6613320089944240e+07 1.6164403136024193e+05 2.4891584114668302e+07 5.1652079258278310e+06 1.0321208208650846e+34 9.7889574524996856e+00 3.0000000000000000e+00 5.2309257817711663e-01
9.2026222063154648e+12 1.1333649962098335e-06 2.6153207613999542e+07 1.6094079752225924e+05 2.4461238394612376e+07 5.0759076581615070e+06 1.0371128595932541e+34 9.7406267786375924e+00 3.0000000000000000e+00 5.2521391584688903e-01
9.2441119288163730e+12 1.1185797909657340e-06 2.5699293992168233e+07 1.6023788606005575e+05 2.4036690496776931e+07 4.9878104861739324e+06 1.0421068426001043e+34 9.6923917926009491e+00 3.0000000000000000e+00 5.2733607972651797e-01
9.2857887063799160e+12 1.1039306390011234e-06 2.5251525331954714e+07 1.5953530721933534e+05 2.3617890015215501e+07 4.9009059502176661e+06 1.0471025140661391e+34 9.6442525410713671e+00 3.0000000000000000e+00 5.2945896110700497e-01
9.3276533823377520e+12 1.0894170035941291e-06 2.4809847806335252e+07 1.5883307129619800e+05 2.3204786605217829e+07 4.8151836033522803e+06 1.0520996167529910e+34 9.5962090880223627e+00 3.0000000000000000e+00 5.3158245067640997e-01
9.3697068038236699e+12 1.0750383432461043e-06 2.4374207657658547e+07 1.5813118863596441e+05 2.2797329986958090e+07 4.7306330121013885e+06 1.0570978920369399e+34 9.5482615144657146e+00 3.0000000000000000e+00 5.3370643853409316e-01
9.4119498217907383e+12 1.0607941117033327e-06 2.3944551201584369e+07 1.5742966963199381e+05 2.2395469949178670e+07 4.6472437572171036e+06 1.0620970799430101e+34 9.5004099181967536e+00 3.0000000000000000e+00 5.3583081420521317e-01
9.4543832910285156e+12 1.0466837579806275e-06 2.3520824831059732e+07 1.5672852472449734e+05 2.1999156352909166e+07 4.5650054344517160e+06 1.0670969191796403e+34 9.4526544135386121e+00 3.0000000000000000e+00 5.3795546665544958e-01
9.4970080701803535e+12 1.0327067263867566e-06 2.3102975020328883e+07 1.5602776439934527e+05 2.1608339135216922e+07 4.4839076553358752e+06 1.0720971471739365e+34 9.4049951310855633e+00 3.0000000000000000e+00 5.4008028430597654e-01
9.5398250217607695e+12 1.0188624565517107e-06 2.2690948328976430e+07 1.5532739918687474e+05 2.1222968312988568e+07 4.4039400479635913e+06 1.0770975001075052e+34 9.3574322174454991e+00 3.0000000000000000e+00 5.4220515504872280e-01
9.5828350121729004e+12 1.0051503834557978e-06 2.2284691405999266e+07 1.5462743966068636e+05 2.0842993986738555e+07 4.3250922577821389e+06 1.0820977129528756e+34 9.3099658349816714e+00 3.0000000000000000e+00 5.4432996626180719e-01
9.6260389117260293e+12 9.9156993746052002e-07 2.1884150993906602e+07 1.5392789643644373e+05 2.0468366344443914e+07 4.2473539483880578e+06 1.0870975195105137e+34 9.2625961615537911e+00 3.0000000000000000e+00 5.4645460482529151e-01
9.6694375946532031e+12 9.7812054434125643e-07 2.1489273932845324e+07 1.5322878017066867e+05 2.0099035665402710e+07 4.1707148023278490e+06 1.0920966524464394e+34 9.2153233902585541e+00 3.0000000000000000e+00 5.4857895713717386e-01
9.7130319391289219e+12 9.6480162532168610e-07 2.1100007164746810e+07 1.5253010155952850e+05 1.9734952324112643e+07 4.0951645219025020e+06 1.0970948433304502e+34 9.1681477291697693e+00 3.0000000000000000e+00 5.5070290912959474e-01
9.7568228272869043e+12 9.5161259710994930e-07 2.0716297737495292e+07 1.5183187133762991e+05 1.9376066794169642e+07 4.0206928299769647e+06 1.1020918226749667e+34 9.1210694010781772e+00 3.0000000000000000e+00 5.5282634628539651e-01
9.8008111452379395e+12 9.3855287190758197e-07 2.0338092808276094e+07 1.5113410027524614e+05 1.9022329651399583e+07 3.9472894706295650e+06 1.1070873199690458e+34 9.0740886431931393e+00 3.0000000000000000e+00 5.5494915365253183e-01
9.8449977830878223e+12 9.2562185744078733e-07 1.9965339647557121e+07 1.5043679917658051e+05 1.8673691577582162e+07 3.8749442099248925e+06 1.1120810637157582e+34 9.0272057068650167e+00 3.0000000000000000e+00 5.5707121585995856e-01
9.8893836349553535e+12 9.1281895706413365e-07 1.9597985645115536e+07 1.4973997888187005e+05 1.8330103366087645e+07 3.8036468370836638e+06 1.1170727814834222e+34 8.9804208573987250e+00 3.0000000000000000e+00 5.5919241713944057e-01
9.9339695989904453e+12 9.0014356976450424e-07 1.9235978313134991e+07 1.4904365026407276e+05 1.7991515924773809e+07 3.7333871650835550e+06 1.1220621999389663e+34 8.9337343737381119e+00 3.0000000000000000e+00 5.6131264133968095e-01
9.9787565773922891e+12 8.8759509020464460e-07 1.8879265290420119e+07 1.4834782422755606e+05 1.7657880279927693e+07 3.6641550314772879e+06 1.1270490448886388e+34 8.8871465481983289e+00 3.0000000000000000e+00 5.6343177194364358e-01
1.0023745476427609e+13 8.7517290876879165e-07 1.8527794346631147e+07 1.4765251170680631e+05 1.7329147580226284e+07 3.5959402992145778e+06 1.1320330413193061e+34 8.8406576861983321e+00 3.0000000000000000e+00 5.6554969208611150e-01
1.0068937206449008e+13 8.6287641160970343e-07 1.8181513386517256e+07 1.4695772366512235e+05 1.7005269100696031e+07 3.5287328574636909e+06 1.1370139134402033e+34 8.7942681059926997e+00 3.0000000000000000e+00 5.6766628457141599e-01
1.0114332681913375e+13 8.5070498069707130e-07 1.7840370454147018e+07 1.4626347109329421e+05 1.6686196246669572e+07 3.4625226224323539e+06 1.1419913847251204e+34 8.7479781384027895e+00 3.0000000000000000e+00 5.6978143189134711e-01
1.0159932821400408e+13 8.3865799386731123e-07 1.7504313737135325e+07 1.4556976500827551e+05 1.6371880557739176e+07 3.3972995381884538e+06 1.1469651779550173e+34 8.7017881265472212e+00 3.0000000000000000e+00 5.7189501624330685e-01
1.0205738547631188e+13 8.2673482487473206e-07 1.7173291570863236e+07 1.4487661645183491e+05 1.6062273711703658e+07 3.3330535774787525e+06 1.1519350152610517e+34 8.6556984255717886e+00 3.0000000000000000e+00 5.7400691954854943e-01
1.0251750787486852e+13 8.1493484344407703e-07 1.6847252442691427e+07 1.4418403648920282e+05 1.5757327528509166e+07 3.2697747425467898e+06 1.1569006181680100e+34 8.6097094023787619e+00 3.0000000000000000e+00 5.7611702347066307e-01
1.0297970472027352e+13 8.0325741532441711e-07 1.6526144996163815e+07 1.4349203620770411e+05 1.5456993974180920e+07 3.2074530659486894e+06 1.1618617076381286e+34 8.5638214353556847e+00 3.0000000000000000e+00 5.7822520943417743e-01
1.0344398536510295e+13 7.9170190234439512e-07 1.6209918035200814e+07 1.4280062671538303e+05 1.5161225164745124e+07 3.1460786113670706e+06 1.1668180041152933e+34 8.5180349141036444e+00 3.0000000000000000e+00 5.8033135864336516e-01
1.0391035920409861e+13 7.8026766246881715e-07 1.5898520528279865e+07 1.4210981913961604e+05 1.4869973370139105e+07 3.0856414744222849e+06 1.1717692275696037e+34 8.4723502391651309e+00 3.0000000000000000e+00 5.8243535210114816e-01
1.0437883567435828e+13 7.6895404985654728e-07 1.5591901612602001e+07 1.4141962462572008e+05 1.4583191018108252e+07 3.0261317834812445e+06 1.1767150975422964e+34 8.4267678217514401e+00 3.0000000000000000e+00 5.8453707062822402e-01
1.0484942425552648e+13 7.5776041491974442e-07 1.5290010598242572e+07 1.4073005433554912e+05 1.4300830698088296e+07 2.9675397004628261e+06 1.1816553331910057e+34 8.3812880834697818e+00 3.0000000000000000e+00 5.8663639488226182e-01
1.0532213446998650e+13 7.4668610438436976e-07 1.4992796972284617e+07 1.4004111944608868e+05 1.4022845165071188e+07 2.9098554216402839e+06 1.1865896533353603e+34 8.3359114560500363e+00 3.0000000000000000e+00 5.8873320537731333e-01
1.0579697588305291e+13 7.3573046135199096e-07 1.4700210402932588e+07 1.3935283114803914e+05 1.3749187343452761e+07 2.8530691784394882e+06 1.1915177765028980e+34 8.2906383810713162e+00 3.0000000000000000e+00 5.9082738250329481e-01
1.0627395810316521e+13 7.2489282536284049e-07 1.4412200743605606e+07 1.3866520064439857e+05 1.3479810330861112e+07 2.7971712382334927e+06 1.1964394209752912e+34 8.2454693096883016e+00 3.0000000000000000e+00 5.9291880654565809e-01
1.0675309078208227e+13 7.1417253246012997e-07 1.4128718037007723e+07 1.3797823914903775e+05 1.3214667401963582e+07 2.7421519051324287e+06 1.2013543048348730e+34 8.2004047023575009e+00 3.0000000000000000e+00 5.9500735770514035e-01
1.0723438361507756e+13 7.0356891525558237e-07 1.3849712519173676e+07 1.3729195788527146e+05 1.2953712012250796e+07 2.6880015207686503e+06 1.2062621460114524e+34 8.1554450285634381e+00 3.0000000000000000e+00 5.9709291611764870e-01
1.0771784634113539e+13 6.9308130299616498e-07 1.3575134623488950e+07 1.3660636808443163e+05 1.2696897801796554e+07 2.6347104650771874e+06 1.2111626623294112e+34 8.1105907665448775e+00 3.0000000000000000e+00 5.9917536187431786e-01
1.0820348874314795e+13 6.8270902163202332e-07 1.3304934984681457e+07 1.3592148098443181e+05 1.2444178598991375e+07 2.5822691570702572e+06 1.2160555715550721e+34 8.0658424030211524e+00 3.0000000000000000e+00 6.0125457504159685e-01
1.0869132064811332e+13 6.7245139388554900e-07 1.3039064442783469e+07 1.3523730782833282e+05 1.2195508424248058e+07 2.5306680556062339e+06 1.2209405914443360e+34 8.0212004329186524e+00 3.0000000000000000e+00 6.0333043568149736e-01
1.0918135192733424e+13 6.6230773932160804e-07 1.2777474047062878e+07 1.3455385986291093e+05 1.1950841493678626e+07 2.4798976601527650e+06 1.2258174397905734e+34 7.9766653590976251e+00 3.0000000000000000e+00 6.0540282387196920e-01
1.0967359249661789e+13 6.5227737441886157e-07 1.2520115059920441e+07 1.3387114833722019e+05 1.1710132222739439e+07 2.4299485115430132e+06 1.2306858344727724e+34 7.9322376920792941e+00 3.0000000000000000e+00 6.0747161972732955e-01
1.1016805231647658e+13 6.4235961264217539e-07 1.2266938960752813e+07 1.3318918450116104e+05 1.1473335229844300e+07 2.3808111927255429e+06 1.2355454935039331e+34 7.8879179497734455e+00 3.0000000000000000e+00 6.0953670341885935e-01
1.1066474139232928e+13 6.3255376451608942e-07 1.2017897449778633e+07 1.3250797960404627e+05 1.1240405339943035e+07 2.3324763295068052e+06 1.2403961350797100e+34 7.8437066572065595e+00 3.0000000000000000e+00 6.1159795519544846e-01
1.1116366977470398e+13 6.2285913769930881e-07 1.1772942451826464e+07 1.3182754489317106e+05 1.1011297588064352e+07 2.2849345912863412e+06 1.2452374776272943e+34 7.7996043462506233e+00 3.0000000000000000e+00 6.1365525540437960e-01
1.1166484755944125e+13 6.1327503706019047e-07 1.1532026120082572e+07 1.3114789161238499e+05 1.0785967222821185e+07 2.2381766917841616e+06 1.2500692398545443e+34 7.7556115553526590e+00 3.0000000000000000e+00 6.1570848451219717e-01
1.1216828488789836e+13 6.0380076475320484e-07 1.1295100839797355e+07 1.3046903100066865e+05 1.0564369709877314e+07 2.1921933897601282e+06 1.2548911407993557e+34 7.7117288292651800e+00 3.0000000000000000e+00 6.1775752312570054e-01
1.1267399194715457e+13 5.9443562029632136e-07 1.1062119231947962e+07 1.2979097429071195e+05 1.0346460735373041e+07 2.1469754897247697e+06 1.2597028998792832e+34 7.6679567187776128e+00 3.0000000000000000e+00 6.1980225201301542e-01
1.1318197897021729e+13 5.8517890064930034e-07 1.0833034156856256e+07 1.2911373270749950e+05 1.0132196209309079e+07 2.1025138426415343e+06 1.2645042369414130e+34 7.6242957804488505e+00 3.0000000000000000e+00 6.2184255212481021e-01
1.1369225623622908e+13 5.7602990029285445e-07 1.0607798717759775e+07 1.2843731746689734e+05 9.9215322688865233e+06 2.0587993466197571e+06 1.2692948723124964e+34 7.5807465763410722e+00 3.0000000000000000e+00 6.2387830461556604e-01
1.1420483407067568e+13 5.6698791130864008e-07 1.0386366264334714e+07 1.2776173977424824e+05 9.7144252818018943e+06 2.0158229475984683e+06 1.2740745268493515e+34 7.5373096737549403e+00 3.0000000000000000e+00 6.2590939086501474e-01
1.1471972284559494e+13 5.5805222346004521e-07 1.0168690396168936e+07 1.2708701082297222e+05 9.5108318494954426e+06 1.9735756400204822e+06 1.2788429219895490e+34 7.4939856449663234e+00 3.0000000000000000e+00 6.2793569249968861e-01
1.1523693297978676e+13 5.4922212427373920e-07 9.9547249661833048e+06 1.2641314179317065e+05 9.3107088103511874e+06 1.9320484674963497e+06 1.2835997798023924e+34 7.4507750669647272e+00 3.0000000000000000e+00 6.2995709141455869e-01
1.1575647493902377e+13 5.4049689912195033e-07 9.7444240840004627e+06 1.2574014385024013e+05 9.1140132428477164e+06 1.8912325234582364e+06 1.2883448230402112e+34 7.4076785211935352e+00 3.0000000000000000e+00 6.3197346979484870e-01
1.1627835923626326e+13 5.3187583130541746e-07 9.5377421192586087e+06 1.2506802814349023e+05 8.9207024686575904e+06 1.8511189518030533e+06 1.2930777751899924e+34 7.3646965932922770e+00 3.0000000000000000e+00 6.3398471013797397e-01
1.1680259643185982e+13 5.2335820213700296e-07 9.3346337048696857e+06 1.2439680580476942e+05 8.7307340556947514e+06 1.8116989475248060e+06 1.2977983605253669e+34 7.3218298728410325e+00 3.0000000000000000e+00 6.3599069527562413e-01
1.1732919713377910e+13 5.1494329101316814e-07 9.1350537399186753e+06 1.2372648794607742e+05 8.5440658208262417e+06 1.7729637572773038e+06 1.3025063041412196e+34 7.2790789530210800e+00 3.0000000000000000e+00 6.3799130838847395e-01
1.1785817199781232e+13 5.0663037547897661e-07 8.9389573923483193e+06 1.2305708565654902e+05 8.3606558323832313e+06 1.7349046798952708e+06 1.3072013319761814e+34 7.2364444302224555e+00 3.0000000000000000e+00 6.3998643301575786e-01
1.1838953172779209e+13 4.9841873136605592e-07 8.7463001032930892e+06 1.2238861000526164e+05 8.1804624142146278e+06 1.6975130672353876e+06 1.3118831709353045e+34 7.1939269041368465e+00 3.0000000000000000e+00 6.4197595310736344e-01
1.1892328707580885e+13 4.9030763285191454e-07 8.5570375894703157e+06 1.2172107203778526e+05 8.0034441479234854e+06 1.6607803246404971e+06 1.3165515489049614e+34 7.1515269773244103e+00 3.0000000000000000e+00 6.4395975303020225e-01
1.1945944884242850e+13 4.8229635254423108e-07 8.3711258460959112e+06 1.2105448277464428e+05 7.8295598755941112e+06 1.6246979115053979e+06 1.3212061948010546e+34 7.1092452549469760e+00 3.0000000000000000e+00 6.4593771758866758e-01
1.1999802787691090e+13 4.7438416156753298e-07 8.1885211497834371e+06 1.2038885320994555e+05 7.6587687025035834e+06 1.5892573418395668e+06 1.3258468386200267e+34 7.0670823445162565e+00 3.0000000000000000e+00 6.4790973204632585e-01
1.2053903507742955e+13 4.6657032965017138e-07 8.0091800613761833e+06 1.1972419431000346e+05 7.4910299997705836e+06 1.5544501848168026e+06 1.3304732114897835e+34 7.0250388556430687e+00 3.0000000000000000e+00 6.4987568214755687e-01
1.2108248139129188e+13 4.5885412521155849e-07 7.8330594287114022e+06 1.1906051701196373e+05 7.3263034069408365e+06 1.5202680653117052e+06 1.3350850457205107e+34 6.9831153997877138e+00 3.0000000000000000e+00 6.5183545413913935e-01
1.2162837781516100e+13 4.5123481544963785e-07 7.6601163893160392e+06 1.1839783222242686e+05 7.1645488345084125e+06 1.4867026644228820e+06 1.3396820748553725e+34 6.9413125900114236e+00 3.0000000000000000e+00 6.5378893479179856e-01
1.2217673539527807e+13 4.4371166642857427e-07 7.4903083730334463e+06 1.1773615081607146e+05 7.0057264663725337e+06 1.4537457199827395e+06 1.3442640337210666e+34 6.8996310407290817e+00 3.0000000000000000e+00 6.5573601142168447e-01
1.2272756522768586e+13 4.3628394316663006e-07 7.3235931045804257e+06 1.1707548363427931e+05 6.8497967622291623e+06 1.4213890270537920e+06 1.3488306584782303e+34 6.8580713674632010e+00 3.0000000000000000e+00 6.5767657191180717e-01
1.2328087845845334e+13 4.2895090972420534e-07 7.1599286060338942e+06 1.1641584148376048e+05 6.6967204598968085e+06 1.3896244384112579e+06 1.3533816866716740e+34 6.8166341865992361e+00 3.0000000000000000e+00 6.5961050473336935e-01
1.2383668628390109e+13 4.2171182929202165e-07 6.9992731992468135e+06 1.1575723513518140e+05 6.5464585775761632e+06 1.3584438650119547e+06 1.3579168572804306e+34 6.7753201151423257e+00 3.0000000000000000e+00 6.6153769896703574e-01
1.2439499995082803e+13 4.1456596427940892e-07 6.8415855081926109e+06 1.1509967532179534e+05 6.3989724160428410e+06 1.3278392764493113e+06 1.3624359107676078e+34 6.7341297704754934e+00 3.0000000000000000e+00 6.6345804432412059e-01
1.2495583075673881e+13 4.0751257640268921e-07 6.6868244612379018e+06 1.1444317273807738e+05 6.2542235607730774e+06 1.2978027013944802e+06 1.3669385891300262e+34 6.6930637701194202e+00 3.0000000000000000e+00 6.6537143116768194e-01
1.2551919005007260e+13 4.0055092677360932e-07 6.5349492933425866e+06 1.1378773803836192e+05 6.1121738840014804e+06 1.2683262280233190e+06 1.3714246359476337e+34 6.6521227314938152e+00 3.0000000000000000e+00 6.6727775053351601e-01
1.2608508923043256e+13 3.9368027598781671e-07 6.3859195481874133e+06 1.1313338183548729e+05 5.9727855467109662e+06 1.2394020044293446e+06 1.3758937964326823e+34 6.6113072716805146e+00 3.0000000000000000e+00 6.6917689415106429e-01
1.2665353974881664e+13 3.8689988421333372e-07 6.2396950802280111e+06 1.1248011469944348e+05 5.8360210005538957e+06 1.2110222390223485e+06 1.3803458174786570e+34 6.5706180071883225e+00 3.0000000000000000e+00 6.7106875446418701e-01
1.2722455310784926e+13 3.8020901127901292e-07 6.0962360566754797e+06 1.1182794715602847e+05 5.7018429897045363e+06 1.1831792009128283e+06 1.3847804477089479e+34 6.5300555537197242e+00 3.0000000000000000e+00 6.7295322465186536e-01
1.2779814086201396e+13 3.7360691676294227e-07 5.9555029594028462e+06 1.1117688968551054e+05 5.5702145526421806e+06 1.1558652202819984e+06 1.3891974375252517e+34 6.4896205259395243e+00 3.0000000000000000e+00 6.7483019864876526e-01
1.2837431461788740e+13 3.6709286008077665e-07 5.8174565867771963e+06 1.1052695272129748e+05 5.4410990238647489e+06 1.1290726887373400e+06 1.3935965391557025e+34 6.4493135372454793e+00 3.0000000000000000e+00 6.7669957116567125e-01
1.2895308603437402e+13 3.6066610057395710e-07 5.6820580554171652e+06 1.0987814664861676e+05 5.3144600355325779e+06 1.1027940596537634e+06 1.3979775067027174e+34 6.4091351995410708e+00 3.0000000000000000e+00 6.7856123770985355e-01
1.2953446682294213e+13 3.5432589759780506e-07 5.5492688018754032e+06 1.0923048180320140e+05 5.1902615190420430e+06 1.0770218485000809e+06 1.4023400961905571e+34 6.3690861230104030e+00 3.0000000000000000e+00 6.8041509460524274e-01
1.3011846874786074e+13 3.4807151060945105e-07 5.4190505842459705e+06 1.0858396846998861e+05 5.0684677065289663e+06 1.0517486331510136e+06 1.4066840656125940e+34 6.3291669158954109e+00 3.0000000000000000e+00 6.8226103901253343e-01
1.3070510362643773e+13 3.4190219925557064e-07 5.2913654836962083e+06 1.0793861688182777e+05 4.9490431323013706e+06 1.0269670541845086e+06 1.4110091749782874e+34 6.2893781842753942e+00 3.0000000000000000e+00 6.8409896894915279e-01
1.3129438332925895e+13 3.3581722345990812e-07 5.1661759059230993e+06 1.0729443721819931e+05 4.8319526342016403e+06 1.0026698151643781e+06 1.4153151863598637e+34 6.2497205318490154e+00 3.0000000000000000e+00 6.8592878330908824e-01
1.3188631978042834e+13 3.2981584351054867e-07 5.0434445825338019e+06 1.0665143960394512e+05 4.7171613548977273e+06 9.7884968290822697e+05 1.4196018639387030e+34 6.2101945597188335e+00 3.0000000000000000e+00 6.8775038188258941e-01
1.3248092495780928e+13 3.2389732014691511e-07 4.9231345723504163e+06 1.0600963410801298e+05 4.6046347431035126e+06 9.5549948774071282e+05 1.4238689740514332e+34 6.1708008661784595e+00 3.0000000000000000e+00 6.8956366537577385e-01
1.3307821089326701e+13 3.1806091464646027e-07 4.8052092626387291e+06 1.0536903074221281e+05 4.4943385547280572e+06 9.3261212373201898e+05 1.4281162852357397e+34 6.1315400465024510e+00 3.0000000000000000e+00 6.9136853543009014e-01
1.3367818967291201e+13 3.1230588891102854e-07 4.6896323702609856e+06 1.0472963945998659e+05 4.3862388539537983e+06 9.1018054892156913e+05 1.4323435682758901e+34 6.0924126927390212e+00 3.0000000000000000e+00 6.9316489464164766e-01
1.3428087343734457e+13 3.0663150555284929e-07 4.5763679427526165e+06 1.0409147015519359e+05 4.2803020142436083e+06 8.8819778552702419e+05 1.4365505962479916e+34 6.0534193935056804e+00 3.0000000000000000e+00 6.9495264658046674e-01
1.3488627438190055e+13 3.0103702798014541e-07 4.4653803593229717e+06 1.0345453266090967e+05 4.1764947192768091e+06 8.6665692013849341e+05 1.4407371445649832e+34 6.0145607337879028e+00 3.0000000000000000e+00 6.9673169580958272e-01
1.3549440475689799e+13 2.9552172048231690e-07 4.3566343317800993e+06 1.0281883674824322e+05 4.0747839638140881e+06 8.4555110389803874e+05 1.4449029910213809e+34 5.9758372947409208e+00 3.0000000000000000e+00 6.9850194790408193e-01
1.3610527686788518e+13 2.9008484831468018e-07 4.2500949053795990e+06 1.0218439212516582e+05 3.9751370544914659e+06 8.2487355266440241e+05 1.4490479158377904e+34 5.9372496534947432e+00 3.0000000000000000e+00 7.0026330946999626e-01
1.3671890307588953e+13 2.8472567778272877e-07 4.1457274595977487e+06 1.0155120843536049e+05 3.8775216105433945e+06 8.0461754716306471e+05 1.4531717017052037e+34 5.8987983829625223e+00 3.0000000000000000e+00 7.0201568816313009e-01
1.3733529579766771e+13 2.7944347632588775e-07 4.0434977088289778e+06 1.0091929525708687e+05 3.7819055644551083e+06 7.8477643312161125e+05 1.4572741338291024e+34 5.8604840516523806e+00 3.0000000000000000e+00 7.0375899270780684e-01
1.3795446750595703e+13 2.7423751260073432e-07 3.9433717030079179e+06 1.0028866210206438e+05 3.6882571625444270e+06 7.6534362139047217e+05 1.4613549999733916e+34 5.8223072234827606e+00 3.0000000000000000e+00 7.0549313291554283e-01
1.3857643072972762e+13 2.6910705656365910e-07 3.8453158281562356e+06 9.9659318414373120e+04 3.5965449654732221e+06 7.4631258804904541e+05 1.4654140905041885e+34 5.7842684576014811e+00 3.0000000000000000e+00 7.0721801970364551e-01
1.3920119805443613e+13 2.6405137955293470e-07 3.7492968068544492e+06 9.9031273569372861e+04 3.5067378486886965e+06 7.2767687449725845e+05 1.4694511984334974e+34 5.7463683082085497e+00 3.0000000000000000e+00 7.0893356511377292e-01
1.3982878212228031e+13 2.5906975437016866e-07 3.6552816986391335e+06 9.8404536872642755e+04 3.4188050027949065e+06 7.0943008753268328e+05 1.4734661194628062e+34 5.7086073243828865e+00 3.0000000000000000e+00 7.1063968233046793e-01
1.4045919563245484e+13 2.5416145536110982e-07 3.5632379003256657e+06 9.7779117558938189e+04 3.3327159338546158e+06 6.9156589941315213e+05 1.4774586520266363e+34 5.6709860499130587e+00 3.0000000000000000e+00 7.1233628569965735e-01
1.4109245134140832e+13 2.4932575849578330e-07 3.4731331462570173e+06 9.7155024791169271e+04 3.2484404636219963e+06 6.7407804790506384e+05 1.4814285973360901e+34 5.6335050231321420e+00 3.0000000000000000e+00 7.1402329074716442e-01
1.4172856206310139e+13 2.4456194144792655e-07 3.3849355084788664e+06 9.6532267659397825e+04 3.1659487297064154e+06 6.5696033631735540e+05 1.4853757594224391e+34 5.5961647767568437e+00 3.0000000000000000e+00 7.1570061419722109e-01
1.4236754066926600e+13 2.3986928367369934e-07 3.2986133968415400e+06 9.5910855179855746e+04 3.0852111856677756e+06 6.4020663352129480e+05 1.4892999451807977e+34 5.5589658377309892e+00 3.0000000000000000e+00 7.1736817399103692e-01
1.4300940008966588e+13 2.3524706647103390e-07 3.2141355586901796e+06 9.5290796291470906e+04 3.0061986007267311e+06 6.2381087389034778e+05 1.4932009643175932e+34 5.5219087267590927e+00 3.0000000000000000e+00 7.1902588926447264e-01
1.4365415331235818e+13 2.3069457305763546e-07 3.1314710788474614e+06 9.4672099854873377e+04 2.9288820597485234e+06 6.0776705729681475e+05 1.4970786293834864e+34 5.4849939581371761e+00 3.0000000000000000e+00 7.2067368036202417e-01
1.4430181338395631e+13 2.2621108867848137e-07 3.0505893800687892e+06 9.4054774655623420e+04 2.8532329636687269e+06 5.9206924920018925e+05 1.5009327559720128e+34 5.4482220401202319e+00 3.0000000000000000e+00 7.2231146892124420e-01
1.4495239340989387e+13 2.2179590066338561e-07 2.9714602225270011e+06 9.3438829400897113e+04 2.7792230290112882e+06 5.7671158054713800e+05 1.5047631626708513e+34 5.4115934744807532e+00 3.0000000000000000e+00 7.2393917785202666e-01
1.4560590655468990e+13 2.1744829850134361e-07 2.8940537035521176e+06 9.2824272718507709e+04 2.7068242876451178e+06 5.6168824772100069e+05 1.5085696710985373e+34 5.3751087563561271e+00 3.0000000000000000e+00 7.2555673135221399e-01
1.4626236604221525e+13 2.1316757391406314e-07 2.8183402573023881e+06 9.2211113155949133e+04 2.6360090864764126e+06 5.4699351247792912e+05 1.5123521059409239e+34 5.3387683741001588e+00 3.0000000000000000e+00 7.2716405492307956e-01
1.4692178515596018e+13 2.0895302092857935e-07 2.7442906543659391e+06 9.1599359179453808e+04 2.5667500870760758e+06 5.3262170186959207e+05 1.5161102949869526e+34 5.3025728091373248e+00 3.0000000000000000e+00 7.2876107538454515e-01
1.4758417723930309e+13 2.0480393594894013e-07 2.6718760012937761e+06 9.0989019173061883e+04 2.4990202652429356e+06 5.1856720815252379e+05 1.5198440691637318e+34 5.2665225358198482e+00 3.0000000000000000e+00 7.3034772089006839e-01
1.4824955569578057e+13 2.0071961782694463e-07 2.6010677400650363e+06 9.0380101437705423e+04 2.4327929105035868e+06 5.0482448868435103e+05 1.5235532625709213e+34 5.2306180212876265e+00 3.0000000000000000e+00 7.3192392094127534e-01
1.4891793398935865e+13 1.9669936793192184e-07 2.5318376474852976e+06 8.9772614190305467e+04 2.3680416255496289e+06 4.9138806580700626e+05 1.5272377125144182e+34 5.1948597253310647e+00 3.0000000000000000e+00 7.3348960640225980e-01
1.4958932564470521e+13 1.9274249021953209e-07 2.4641578345188163e+06 8.9166565562883537e+04 2.3047403256131085e+06 4.7825252671712259e+05 1.5308972595393455e+34 5.1592481002568897e+00 3.0000000000000000e+00 7.3504470951359580e-01
1.5026374424746363e+13 1.8884829129957755e-07 2.3980007455556416e+06 8.8561963601689204e+04 2.2428632377810390e+06 4.6541252332380885e+05 1.5345317474623402e+34 5.1237835907569593e+00 3.0000000000000000e+00 7.3658916390608586e-01
1.5094120344452836e+13 1.8501608050280749e-07 2.3333391576143745e+06 8.7958816266340174e+04 2.1823849002497424e+06 4.5286277209389553e+05 1.5381410234031504e+34 5.0884666337801212e+00 3.0000000000000000e+00 7.3812290461415220e-01
1.5162171694431855e+13 1.8124516994671968e-07 2.2701461794819194e+06 8.7357131428983063e+04 2.1232801615202548e+06 4.4059805388499575e+05 1.5417249378155145e+34 5.0532976584073221e+00 3.0000000000000000e+00 7.3964586808898936e-01
1.5230529851705920e+13 1.7753487460029821e-07 2.2083952507902458e+06 8.6756916873462906e+04 2.0655241795348108e+06 4.2861321376630513e+05 1.5452833445173847e+34 5.0182770857295722e+00 3.0000000000000000e+00 7.4115799221138701e-01
1.5299196199505727e+13 1.7388451234774080e-07 2.1480601410323344e+06 8.6158180294516205e+04 2.0090924207564595e+06 4.1690316082762630e+05 1.5488161007204235e+34 4.9834053287294182e+00 3.0000000000000000e+00 7.4265921630428189e-01
1.5368172127298225e+13 1.7029340405111321e-07 2.0891149485173535e+06 8.5560929296976596e+04 1.9539606591918299e+06 4.0546286797657248e+05 1.5523230670588317e+34 4.9486827921655072e+00 3.0000000000000000e+00 7.4414948114499269e-01
1.5437459030814727e+13 1.6676087361193957e-07 2.0315340992664753e+06 8.4965171394999517e+04 1.9001049753583868e+06 3.9428737172426679e+05 1.5558041076174910e+34 4.9141098724604557e+00 3.0000000000000000e+00 7.4562872897717525e-01
1.5507058312079158e+13 1.6328624803170870e-07 1.9752923458502030e+06 8.4370914011304849e+04 1.8475017551969704e+06 3.8337177195969928e+05 1.5592590899594315e+34 4.8796869575920532e+00 3.0000000000000000e+00 7.4709690352252567e-01
1.5576971379436422e+13 1.5986885747129612e-07 1.9203647661683075e+06 8.3778164476436301e+04 1.7961276889306696e+06 3.7271123171291262e+05 1.5626878851526292e+34 4.8454144269878139e+00 3.0000000000000000e+00 7.4855394999212599e-01
1.5647199647580896e+13 1.5650803530927866e-07 1.8667267621733430e+06 8.3186930028040922e+04 1.7459597698709199e+06 3.6230097690727119e+05 1.5660903677961408e+34 4.8112926514229235e+00 3.0000000000000000e+00 7.4999981509757518e-01
1.5717744537585064e+13 1.5320311819913901e-07 1.8143540585388304e+06 8.2597217810166971e+04 1.6969752931718386e+06 3.5213629610097705e+05 1.5694664160455829e+34 4.7773219929215980e+00 3.0000000000000000e+00 7.5143444706182505e-01
1.5788607476928271e+13 1.4995344612535068e-07 1.7632227012731533e+06 8.2009034872580814e+04 1.6491518545338057e+06 3.4221254021804291e+05 1.5728159116379658e+34 4.7435028046619045e+00 3.0000000000000000e+00 7.5285779562970545e-01
1.5859789899525602e+13 1.4675836245832943e-07 1.7133090562802325e+06 8.1422388170104037e+04 1.6024673488572512e+06 3.3252512226894620e+05 1.5761387399158862e+34 4.7098354308840475e+00 3.0000000000000000e+00 7.5426981207822041e-01
1.5931293245756902e+13 1.4361721400824562e-07 1.6645898078680816e+06 8.0837284561970824e+04 1.5568999688476934e+06 3.2306951706116548e+05 1.5794347898510910e+34 4.6763202068021457e+00 3.0000000000000000e+00 7.5567044922656623e-01
1.6003118962495926e+13 1.4052935107769000e-07 1.6170419572063221e+06 8.0253730811205605e+04 1.5124282035730530e+06 3.1384126089980773e+05 1.5827039540674188e+34 4.6429574585195326e+00 3.0000000000000000e+00 7.5705966144586567e-01
1.6075268503139605e+13 1.3749412751318112e-07 1.5706428207337561e+06 7.9671733584021800e+04 1.4690308369742408e+06 3.0483595127854560e+05 1.5859461288631292e+34 4.6097475029475747e+00 3.0000000000000000e+00 7.5843740466867149e-01
1.6147743327637471e+13 1.3451090075551071e-07 1.5253700285171298e+06 7.9091299449242128e+04 1.4266869463301022e+06 2.9604924656108406e+05 1.5891612142326283e+34 4.5766906477280305e+00 3.0000000000000000e+00 7.5980363639820048e-01
1.6220544902521182e+13 1.3157903188892021e-07 1.4812015225621916e+06 7.8512434877739433e+04 1.3853759006777410e+06 2.8747686565335043e+05 1.5923491138875958e+34 4.5437871911589518e+00 3.0000000000000000e+00 7.6115831571728210e-01
1.6293674700934213e+13 1.2869788568909689e-07 1.4381155550781859e+06 7.7935146241901792e+04 1.3450773591892924e+06 2.7911458766668057e+05 1.5955097352775290e+34 4.5110374221241258e+00 3.0000000000000000e+00 7.6250140329712535e-01
1.6367134202661656e+13 1.2586683066999061e-07 1.3960906866969094e+06 7.7359439815117890e+04 1.3057712695061918e+06 2.7095825157215376e+05 1.5986429896097012e+34 4.4784416200260733e+00 3.0000000000000000e+00 7.6383286140578388e-01
1.6440924894160166e+13 1.2308523912942000e-07 1.3551057846471649e+06 7.6785321771281655e+04 1.2674378660317368e+06 2.6300375584628520e+05 1.6017487918683849e+34 4.4460000547221590e+00 3.0000000000000000e+00 7.6515265391631238e-01
1.6515048268588039e+13 1.2035248719030666e-07 1.3151400208397966e+06 7.6212798183649429e+04 1.2300576681400065e+06 2.5524705809937042e+05 1.6048270608089096e+34 4.4137129864040663e+00 3.0000000000000000e+00 7.6646074630426819e-01
1.6589505825835430e+13 1.1766795484562797e-07 1.2761728699838938e+06 7.5641875024711189e+04 1.1936114784139392e+06 2.4768417470986443e+05 1.6078777189874989e+34 4.3815806655721730e+00 3.0000000000000000e+00 7.6775710566037003e-01
1.6664299072554691e+13 1.1503102600233693e-07 1.2381841076634764e+06 7.5072558166153729e+04 1.1580803808464429e+06 2.4031118045110055e+05 1.6109006927920797e+34 4.3496033330155104e+00 3.0000000000000000e+00 7.6904170070360067e-01
1.6739429522190881e+13 1.1244108852056565e-07 1.2011538083232576e+06 7.4504853378107946e+04 1.1234457389564721e+06 2.3312420810035770e+05 1.6138959124461474e+34 4.3177812197305911e+00 3.0000000000000000e+00 7.7031450178283523e-01
1.6814898695012361e+13 1.0989753425311623e-07 1.1650623432381332e+06 7.3938766328724159e+04 1.0896891938898743e+06 2.2611944804477802e+05 1.6168633120233806e+34 4.2861145468720681e+00 3.0000000000000000e+00 7.7157548088307826e-01
1.6890708118141584e+13 1.0739975908372493e-07 1.1298903784451571e+06 7.3374302583762415e+04 1.0567926624851613e+06 2.1929314787998676e+05 1.6198028294613650e+34 4.2546035257062069e+00 3.0000000000000000e+00 7.7282461163126215e-01
1.6966859325585980e+13 1.0494716296409623e-07 1.0956188726392558e+06 7.2811467606201681e+04 1.0247383353053568e+06 2.1264161200169791e+05 1.6227144065744320e+34 4.2232483575671989e+00 3.0000000000000000e+00 7.7406186930173260e-01
1.7043353858269004e+13 1.0253914994971161e-07 1.0622290750338549e+06 7.2250266755863064e+04 9.9350867463702837e+05 2.0616120119048047e+05 1.6255979890656239e+34 4.1920492338163680e+00 3.0000000000000000e+00 7.7528723082129747e-01
1.7120193264061312e+13 1.0017512823440897e-07 1.0297025231876806e+06 7.1690705289053818e+04 9.6308641245768126e+05 1.9984833218999949e+05 1.6284535265377990e+34 4.1610063358042559e+00 3.0000000000000000e+00 7.7650067477401052e-01
1.7197379097812084e+13 9.7854510183743530e-08 9.9802104079890903e+05 7.1132788358224178e+04 9.3345454837261781e+05 1.9369947727887303e+05 1.6312809725038817e+34 4.1301198348356465e+00 3.0000000000000000e+00 7.7770218140544967e-01
1.7274912921380490e+13 9.5576712367122870e-08 9.6716673546790285e+05 7.0576521011644829e+04 9.0459634752241347e+05 1.8771116383646842e+05 1.6340802843962768e+34 4.0993898921375118e+00 3.0000000000000000e+00 7.7889173262675637e-01
1.7352796303667287e+13 9.3341155588725401e-08 9.3712199642974325e+05 7.0021908193101030e+04 8.7649533846213575e+05 1.8187997390282256e+05 1.6368514235754530e+34 4.0688166588299248e+00 3.0000000000000000e+00 7.8006931201828700e-01
1.7431030820646574e+13 9.1147264917202421e-08 9.0786949225773499e+05 6.9468954741604801e+04 8.4913531101342360e+05 1.7620254373293481e+05 1.6395943553377139e+34 4.0384002758999342e+00 3.0000000000000000e+00 7.8123490483292812e-01
1.7509618055397676e+13 8.8994469714172392e-08 8.7939216853911197e+05 6.8917665391123563e+04 8.2250031409056380e+05 1.7067556334564509e+05 1.6423090489221630e+34 4.0081408741784141e+00 3.0000000000000000e+00 7.8238849799899768e-01
1.7588559598137180e+13 8.6882203661503183e-08 8.5167324552411865e+05 6.8368044770329638e+04 7.9657465350166115e+05 1.6529577606737253e+05 1.6449954775168813e+34 3.9780385743198918e+00 3.0000000000000000e+00 7.8353008012292680e-01
1.7667857046251109e+13 8.4809904787395222e-08 8.2469621574966749e+05 6.7820097402367071e+04 7.7134288972603285e+05 1.6005997807090450e+05 1.6476536182643212e+34 3.9480934867853628e+00 3.0000000000000000e+00 7.8465964149153988e-01
1.7747512004327258e+13 8.2777015491267041e-08 7.9844484163873980e+05 6.7273827704636875e+04 7.4678983566891507e+05 1.5496501790947508e+05 1.6502834522659352e+34 3.9183057118280713e+00 3.0000000000000000e+00 7.8577717407400849e-01
1.7827526084187645e+13 8.0782982567448313e-08 7.7290315307670785e+05 6.6729239988602145e+04 7.2290055439458415e+05 1.5000779604637114e+05 1.6528849645860463e+34 3.8886753394822722e+00 3.0000000000000000e+00 7.8688267152349789e-01
1.7907900904921137e+13 7.8827257227687473e-08 7.4805544496575382e+05 6.6186338459613122e+04 6.9966035683899093e+05 1.4518526438028910e+05 1.6554581442549683e+34 3.8592024495549451e+00 3.0000000000000000e+00 7.8797612917851512e-01
1.7988638092916211e+13 7.6909295122481178e-08 7.2388627475852380e+05 6.5645127216750465e+04 6.7705479950297438e+05 1.4049442576664864e+05 1.6580029842713894e+34 3.8298871116204491e+00 3.0000000000000000e+00 7.8905754406387818e-01
1.8069739281893867e+13 7.5028556361229119e-08 7.0038045997218718e+05 6.5105610252691433e+04 6.5506968212714593e+05 1.3593233353512423e+05 1.6605194816040199e+34 3.8007293850180943e+00 3.0000000000000000e+00 7.9012691489147069e-01
1.8151206112940680e+13 7.3184505531226461e-08 6.7752307568402123e+05 6.4567791453593993e+04 6.3369104534949886e+05 1.3149609100356797e+05 1.6630076371925126e+34 3.7717293188526071e+00 3.0000000000000000e+00 7.9118424206057991e-01
1.8233040234542008e+13 7.1376611715496046e-08 6.5529945200966310e+05 6.4031674599004400e+04 6.1290516834680072e+05 1.2718285098858744e+05 1.6654674559476592e+34 3.7428869519974546e+00 3.0000000000000000e+00 7.9222952765801802e-01
1.8315243302615355e+13 6.9604348509472091e-08 6.3369517156513943e+05 6.3497263361785401e+04 5.9269856646081747e+05 1.2298981531296595e+05 1.6678989467508601e+34 3.7142023131009845e+00 3.0000000000000000e+00 7.9326277545788937e-01
1.8397816980543879e+13 6.7867194036543103e-08 6.1269606691379310e+05 6.2964561308066768e+04 5.7305798881040944e+05 1.1891423431015137e+05 1.6703021224528693e+34 3.6856754205953370e+00 3.0000000000000000e+00 7.9428399092105095e-01
1.8480762939210031e+13 6.6164630962461930e-08 5.9228821799918974e+05 6.2433571897218455e+04 5.5397041589051543e+05 1.1495340632602344e+05 1.6726769998718054e+34 3.6573062827080944e+00 3.0000000000000000e+00 7.9529318119424863e-01
1.8564082857029398e+13 6.4496146508399165e-08 5.7245794956235657e+05 6.1904298481774211e+04 5.3542305715648062e+05 1.1110467721762802e+05 1.6750235997880362e+34 3.6290948974719455e+00 3.0000000000000000e+00 7.9629035510798651e-01
1.8647778419984645e+13 6.2861232461764105e-08 5.5319182853415899e+05 6.1376744307005531e+04 5.1740334858513408e+05 1.0736543984707474e+05 1.6773419469285068e+34 3.6010412527184146e+00 3.0000000000000000e+00 7.9727552316982397e-01
1.8731851321659633e+13 6.1259385189352177e-08 5.3447666145763057e+05 6.0850912511612289e+04 4.9989895026387792e+05 1.0373313358125827e+05 1.6796320699850963e+34 3.5731453261415509e+00 3.0000000000000000e+00 7.9824869757221173e-01
1.8816303263273684e+13 5.9690105646226500e-08 5.1629949186270550e+05 6.0326806127438264e+04 4.8289774393526098e+05 1.0020524378233420e+05 1.6818940015963217e+34 3.5454070852941286e+00 3.0000000000000000e+00 7.9920989218469962e-01
1.8901135953716023e+13 5.8152899384288296e-08 4.9864759764173185e+05 5.9804428079440564e+04 4.6638783054228261e+05 9.6779301298347811e+04 1.6841277783388807e+34 3.5178264876074778e+00 3.0000000000000000e+00 8.0015912255032573e-01
1.8986351109580344e+13 5.6647276560042680e-08 4.8150848842054012e+05 5.9283781185769010e+04 4.5035752776953782e+05 9.3452881953007352e+04 1.6863334407214814e+34 3.4904034804196602e+00 3.0000000000000000e+00 8.0109640588304210e-01
1.9071950455199543e+13 5.5172751941274505e-08 4.6486990292251890e+05 5.8764868157858175e+04 4.3479536757782253e+05 9.0223606034089156e+04 1.6885110331776546e+34 3.4631380010055079e+00 3.0000000000000000e+00 8.0202176106461731e-01
1.9157935722680617e+13 5.3728844912642697e-08 4.4871980632670509e+05 5.8247691600533653e+04 4.1969009373314324e+05 8.7089137780685516e+04 1.6906606040575634e+34 3.4360299766085465e+00 3.0000000000000000e+00 8.0293520864114587e-01
1.9244308651939715e+13 5.2315079480204648e-08 4.3304638762090105e+05 5.7732254012133344e+04 4.0503065933106939e+05 8.4047184869495381e+04 1.6927822056188304e+34 3.4090793244748339e+00 3.0000000000000000e+00 8.0383677081921379e-01
1.9331070990737332e+13 5.0930984274887592e-08 4.1783805695080606e+05 5.7218557784639794e+04 3.9080622431736341e+05 8.1095497900327988e+04 1.6948758940164026e+34 3.3822859518887247e+00 3.0000000000000000e+00 8.0472647146153897e-01
1.9418224494713691e+13 4.9576092554915553e-08 4.0308344296613138e+05 5.6706605203826504e+04 3.7700615300578880e+05 7.8231869881027873e+04 1.6969417292914739e+34 3.3556497562105867e+00 3.0000000000000000e+00 8.0560433608226056e-01
1.9505770927424266e+13 4.8249942207206738e-08 3.8877139016467199e+05 5.6196398449417800e+04 3.6362001159400365e+05 7.5454135712005285e+04 1.6989797753594901e+34 3.3291706249164772e+00 3.0000000000000000e+00 8.0647039184186986e-01
1.9593712060375449e+13 4.6952075747756262e-08 3.7489095623527572e+05 5.5687939595261239e+04 3.5063756567842572e+05 7.2760171670550291e+04 1.7009900999972536e+34 3.3028484356398047e+00 3.0000000000000000e+00 8.0732466754172894e-01
1.9682049673060430e+13 4.5682040321017848e-08 3.6143140940063703e+05 5.5181230609512320e+04 3.3804877776893380e+05 7.0147894895109843e+04 1.7029727748291590e+34 3.2766830562149725e+00 3.0000000000000000e+00 8.0816719361819644e-01
1.9770785552995172e+13 4.4439387698297984e-08 3.4838222576083313e+05 5.4676273354833262e+04 3.2584380480426172e+05 6.7615262869714250e+04 1.7049278753125757e+34 3.2506743447230266e+00 3.0000000000000000e+00 8.0899800213643536e-01
1.9859921495754594e+13 4.3223674275179590e-08 3.3573308663850592e+05 5.4173069588604718e+04 3.1401299566893274e+05 6.5160272908719526e+04 1.7068554807224068e+34 3.2248221495393081e+00 3.0000000000000000e+00 8.0981712678384421e-01
1.9949459305008922e+13 4.2034461067988042e-08 3.2347387592655531e+05 5.3671620963151174e+04 3.0254688871254219e+05 6.2780961642039321e+04 1.7087556741348493e+34 3.1991263093831064e+00 3.0000000000000000e+00 8.1062460286316584e-01
2.0039400792560148e+13 4.0871313709318247e-08 3.1159467743923451e+05 5.3171929025980993e+04 2.9143620927222254e+05 6.0475404501035839e+04 1.7106285424103771e+34 3.1735866533693353e+00 3.0000000000000000e+00 8.1142046728525619e-01
2.0129747778378738e+13 3.9733802442635357e-08 3.0008577226745617e+05 5.2673995220039913e+04 2.8067186719904759e+05 5.8241715205225861e+04 1.7124741761759749e+34 3.1482030010621966e+00 3.0000000000000000e+00 8.1220475856150087e-01
2.0220502090640418e+13 3.8621502115967737e-08 2.8893763613918261e+05 5.2177820883982436e+04 2.7024495438918954e+05 5.6078045249979565e+04 1.7142926698066461e+34 3.1229751625308677e+00 3.0000000000000000e+00 8.1297751679600849e-01
2.0311665565763191e+13 3.7533992174707098e-08 2.7814093678566813e+05 5.1683407252457706e+04 2.6014674232055180e+05 5.3982583395349080e+04 1.7160841214062215e+34 3.0979029384071577e+00 3.0000000000000000e+00 8.1373878367742236e-01
2.0403240048444492e+13 3.6470856653533693e-08 2.6768653131437674e+05 5.1190755456414263e+04 2.5036867959564494e+05 5.1953555156195616e+04 1.7178486327874875e+34 3.0729861199451554e+00 3.0000000000000000e+00 8.1448860247048038e-01
2.0495227391698508e+13 3.5431684167482032e-08 2.5756546358932927e+05 5.0699866523423319e+04 2.4090238949141017e+05 4.9989222293757317e+04 1.7195863094516638e+34 3.0482244890828425e+00 3.0000000000000000e+00 8.1522701800729214e-01
2.0587629456893691e+13 3.4416067902164529e-08 2.4776896161964248e+05 5.0210741378023464e+04 2.3173966751670584e+05 4.8087882308809931e+04 1.7212972605672460e+34 3.0236178185056328e+00 3.0000000000000000e+00 8.1595407667837849e-01
2.0680448113790402e+13 3.3423605603171737e-08 2.3828843495699685e+05 4.9723380842086743e+04 2.2287247897814508e+05 4.6247867936555267e+04 1.7229815989482382e+34 2.9991658717118495e+00 3.0000000000000000e+00 8.1666982642338226e-01
2.0773685240578762e+13 3.2453899564663627e-08 2.2911547210273615e+05 4.9237785635209613e+04 2.1429295655494207e+05 4.4467546643382375e+04 1.7246394410317898e+34 2.9748684030800732e+00 3.0000000000000000e+00 8.1737431672156580e-01
2.0867342723916645e+13 3.1506556617171336e-08 2.2024183792531275e+05 4.8753956375131616e+04 2.0599339788343350e+05 4.2745320125637816e+04 1.7262709068552586e+34 2.9507251579383587e+00 3.0000000000000000e+00 8.1806759858209821e-01
2.0961422458967871e+13 3.0581188114626072e-08 2.1165947108873606e+05 4.8271893578182207e+04 1.9796626315189336e+05 4.1079623810528195e+04 1.7278761200327099e+34 2.9267358726352590e+00 3.0000000000000000e+00 8.1874972453404060e-01
2.1055926349440527e+13 2.9677409920632775e-08 2.0336048149269554e+05 4.7791597659761042e+04 1.9020417270626529e+05 3.9468926359290905e+04 1.7294552077308650e+34 2.9029002746126347e+00 3.0000000000000000e+00 8.1942074861613590e-01
2.1150856307625527e+13 2.8794842394005631e-08 1.9533714772498273e+05 4.7313068934853494e+04 1.8269990466739913e+05 3.7911729172750929e+04 1.7310083006445084e+34 2.8792180824801763e+00 3.0000000000000000e+00 8.2008072636636220e-01
2.1246214254435270e+13 2.7933110373583678e-08 1.8758191452683578e+05 4.6836307618585517e+04 1.7544639256037414e+05 3.6406565899384921e+04 1.7325355329713553e+34 2.8556890060916147e+00 3.0000000000000000e+00 8.2072971481122436e-01
2.1342002119442531e+13 2.7091843162342402e-08 1.8008739027179830e+05 4.6361313826822894e+04 1.6843672295646128e+05 3.4952001946011158e+04 1.7340370423863840e+34 2.8323127466225340e+00 3.0000000000000000e+00 8.2136777245489290e-01
2.1438221840919504e+13 2.6270674510820569e-08 1.7284634445867053e+05 4.5888087576817532e+04 1.6166413312826681e+05 3.3546633991211173e+04 1.7355129700156245e+34 2.8090889966497374e+00 3.0000000000000000e+00 8.2199495926803789e-01
2.1534875365877016e+13 2.5469242598305096e-08 1.6585170520544695e+05 4.5416628786971807e+04 1.5512200870579909e+05 3.2189089498943718e+04 1.7369634603947210e+34 2.7860174402109701e+00 3.0000000000000000e+00 8.2261133667020170e-01
2.1631964650103930e+13 2.4687190009348817e-08 1.5909655672478344e+05 4.4946937274107477e+04 1.4880388131525816e+05 3.0878026228575905e+04 1.7383886613904700e+34 2.7630977528151717e+00 3.0000000000000000e+00 8.2321696749649631e-01
2.1729491658206727e+13 2.3924163724884939e-08 1.5257413694766126e+05 4.4479012759798308e+04 1.4270342635643636e+05 2.9612131773674682e+04 1.7397887242636029e+34 2.7403296016584324e+00 3.0000000000000000e+00 8.2381191602426040e-01
2.1827458363649234e+13 2.3179815098501730e-08 1.4627783503838902e+05 4.4012854868497176e+04 1.3681446067848575e+05 2.8390123079709887e+04 1.7411638035974590e+34 2.7177126456471559e+00 3.0000000000000000e+00 8.2439624794275901e-01
2.1925866748792598e+13 2.2453799835740409e-08 1.4020118895889670e+05 4.3548463127722658e+04 1.3113094030178891e+05 2.7210745971323373e+04 1.7425140572613003e+34 2.6952465354746202e+00 3.0000000000000000e+00 8.2497003033758465e-01
2.2024718804935355e+13 2.1745777973527822e-08 1.3433788305657785e+05 4.3085836968712902e+04 1.2564695816185497e+05 2.6072774684168733e+04 1.7438396463798095e+34 2.6729309137085573e+00 3.0000000000000000e+00 8.2553333167769238e-01
2.2124016532353766e+13 2.1055413858968940e-08 1.2868174566922055e+05 4.2624975727084820e+04 1.2035674186919771e+05 2.4975011400068513e+04 1.7451407353013935e+34 2.6507654148790385e+00 3.0000000000000000e+00 8.2608622180195013e-01
2.2223761940342258e+13 2.0382376127514247e-08 1.2322674674747435e+05 4.2165878643494609e+04 1.1525465148561662e+05 2.3916285785573229e+04 1.7464174915653091e+34 2.6287496655667013e+00 3.0000000000000000e+00 8.2662877190513984e-01
2.2323957047254098e+13 1.9726337680514517e-08 1.1796699549527763e+05 4.1708544864296884e+04 1.1033517731727503e+05 2.2895454534007793e+04 1.7476700858676450e+34 2.6068832844913565e+00 3.0000000000000000e+00 8.2716105452353073e-01
2.2424603880542238e+13 1.9086975662180572e-08 1.1289673802867808e+05 4.1252973442199014e+04 1.0559293772498253e+05 2.1911400911086763e+04 1.7488986920261837e+34 2.5851658826009922e+00 3.0000000000000000e+00 8.2768314351992345e-01
2.2525704476800336e+13 1.8463971435964311e-08 1.0801035505346408e+05 4.0799163336908750e+04 1.0102267695207054e+05 2.0963034304180590e+04 1.7501034869441799e+34 2.5635970631612461e+00 3.0000000000000000e+00 8.2819511406827218e-01
2.2627260881803961e+13 1.7857010560379775e-08 1.0330235956201988e+05 4.0347113415774278e+04 9.6619262970248630e+04 2.0049289775313802e+04 1.7512846505730924e+34 2.5421764218453569e+00 3.0000000000000000e+00 8.2869704263784816e-01
2.2729275150551996e+13 1.7265782764283427e-08 9.8767394549800505e+04 3.9896822454414316e+04 9.2377685343810779e+04 1.9169127617969250e+04 1.7524423658743074e+34 2.5209035468246421e+00 3.0000000000000000e+00 8.2918900697695641e-01
2.2831749347308227e+13 1.6689981921633766e-08 9.4400230751818584e+04 3.9448289137340442e+04 8.8293053112559239e+04 1.8321532917778113e+04 1.7535768187798990e+34 2.4997780188595415e+00 3.0000000000000000e+00 8.2967108609627327e-01
2.2934685545643090e+13 1.6129306025751876e-08 9.0195764399518230e+04 3.9001512058571840e+04 8.4360592693796178e+04 1.7505515117166127e+04 1.7546881981524767e+34 2.4787994113912717e+00 3.0000000000000000e+00 8.3014336025179436e-01
2.3038085828475664e+13 1.5583457163104375e-08 8.6149014998392988e+04 3.8556489722244194e+04 8.0575645803717867e+04 1.6720107584025351e+04 1.7557766957441680e+34 2.4579672906341186e+00 3.0000000000000000e+00 8.3060591092738512e-01
2.3141952288115789e+13 1.5052141486631612e-08 8.2255123126698614e+04 3.8113220543217205e+04 7.6933667398538513e+04 1.5964367184480274e+04 1.7568425061547967e+34 2.4372812156684254e+00 3.0000000000000000e+00 8.3105882081699878e-01
2.3246287026306418e+13 1.4535069188643331e-08 7.8509348255585195e+04 3.7671702847685825e+04 7.3430223635647737e+04 1.5237373859812402e+04 1.7578858267893159e+34 2.4167407385343096e+00 3.0000000000000000e+00 8.3150217380663460e-01
2.3351092154266145e+13 1.4031954473306316e-08 7.4907066590961404e+04 3.7231934873799299e+04 7.0060989855094725e+04 1.4538230207600041e+04 1.7589068578145651e+34 2.3963454043261496e+00 3.0000000000000000e+00 8.3193605495589251e-01
2.3456369792731926e+13 1.3542515528746211e-08 7.1443768937384550e+04 3.6793914772299308e+04 6.6821748581672611e+04 1.3866061067135832e+04 1.7599058021154169e+34 2.3760947512878938e+00 3.0000000000000000e+00 8.3236055047939639e-01
2.3562122072001988e+13 1.3066474498788420e-08 6.8115058584249084e+04 3.6357640607183741e+04 6.3708387547859122e+04 1.3220013109169924e+04 1.7608828652503957e+34 2.3559883109092290e+00 3.0000000000000000e+00 8.3277574772789975e-01
2.3668351131978938e+13 1.2603557454360961e-08 6.4916649214528275e+04 3.5923110356409699e+04 6.0716897737851134e+04 1.2599254430031415e+04 1.7618382554068463e+34 2.3360256080226596e+00 3.0000000000000000e+00 8.3318173516924998e-01
2.3775059122213066e+13 1.2153494364583175e-08 6.1844362836301378e+04 3.5490321912648258e+04 5.7843371452910862e+04 1.2002974150171593e+04 1.7627721833557434e+34 2.3162061609015363e+00 3.0000000000000000e+00 8.3357860236916614e-01
2.3882248201945836e+13 1.1716019067563462e-08 5.8894127737280891e+04 3.5059273084107626e+04 5.5084000398223769e+04 1.1430382017171396e+04 1.7636848624062318e+34 2.2965294813590940e+00 3.0000000000000000e+00 8.3396643997193043e-01
2.3989920540153590e+13 1.1290869240928853e-08 5.6061976462529565e+04 3.4629961595442815e+04 5.2435073791446295e+04 1.0880708013249825e+04 1.7645765083600015e+34 2.2769950748485313e+00 3.0000000000000000e+00 8.3434533968101654e-01
2.4098078315591414e+13 1.0877786372109235e-08 5.3344043815537989e+04 3.4202385088771829e+04 4.9892976493102957e+04 1.0353201967305127e+04 1.7654473394656001e+34 2.2576024405641992e+00 3.0000000000000000e+00 8.3471539423960983e-01
2.4206723716837258e+13 1.0476515728396895e-08 5.0736564882809987e+04 3.3776541124824173e+04 4.7454187158969959e+04 9.8471331715201250e+03 1.7662975763728003e+34 2.2383510715439296e+00 3.0000000000000000e+00 8.3507669741127544e-01
2.4315858942336195e+13 1.0086806326803313e-08 4.8235873082083293e+04 3.3352427184246742e+04 4.5115276414565335e+04 9.3617900025538929e+03 1.7671274420871397e+34 2.2192404547725761e+00 3.0000000000000000e+00 8.3542934396064172e-01
2.4425486200444914e+13 9.7084109037328033e-09 4.5838398234288237e+04 3.2930040669096983e+04 4.2872905051841575e+04 8.8964795473400081e+03 1.7679371619247618e+34 2.2002700712867957e+00 3.0000000000000000e+00 8.3577342963413837e-01
2.4535607709476410e+13 9.3410858844915017e-09 4.3540664659328839e+04 3.2509378904558645e+04 4.0723822248158976e+04 8.4505272335095979e+03 1.7687269634676951e+34 2.1814393962811516e+00 3.0000000000000000e+00 8.3610905114106016e-01
2.4646225697744879e+13 8.9845913525047777e-09 4.1339289294854760e+04 3.2090439140742143e+04 3.8664863806762951e+04 8.0232764642754337e+03 1.7694970765181209e+34 2.1627478992138118e+00 3.0000000000000000e+00 8.3643630613407316e-01
2.4757342403610781e+13 8.6386910058161364e-09 3.9230979762804382e+04 3.1673218539373564e+04 3.6692950348411010e+04 7.6140882431801310e+03 1.7702477329149043e+34 2.1441950437629931e+00 3.0000000000000000e+00 8.3675529313128605e-01
2.4868960075526172e+13 8.3031521329451881e-09 3.7212532582327935e+04 3.1257714182763782e+04 3.4805085639910110e+04 7.2223408272534998e+03 1.7709791665622440e+34 2.1257802880210015e+00 3.0000000000000000e+00 8.3706611152837862e-01
2.4981080972080164e+13 7.9777455872305088e-09 3.5280831395057518e+04 3.0843923082493813e+04 3.2998354934201801e+04 6.8474293825671793e+03 1.7716916134437986e+34 2.1075030846688336e+00 3.0000000000000000e+00 8.3736886160465374e-01
2.5093707362044652e+13 7.6622457496644583e-09 3.3432845145320287e+04 3.0431842174426230e+04 3.1269923268305825e+04 6.4887656310433858e+03 1.7723853115128334e+34 2.0893628810163491e+00 3.0000000000000000e+00 8.3766364447628761e-01
2.5206841524420211e+13 7.3564304967581896e-09 3.1665626316426948e+04 3.0021468319807747e+04 2.9617033813711056e+04 6.1457775081476811e+03 1.7730605006381033e+34 2.0713591191050824e+00 3.0000000000000000e+00 8.3795056207333685e-01
2.5320485748482227e+13 7.0600811681856264e-09 2.9976309190366290e+04 2.9612798306347358e+04 2.8037006248658134e+04 5.8179088251244621e+03 1.7737174225478930e+34 2.0534912358099144e+00 3.0000000000000000e+00 8.3822971711597249e-01
2.5434642333827191e+13 6.7729825342090244e-09 2.8362108130885019e+04 2.9205828849245678e+04 2.6527235152294765e+04 5.5046189357707581e+03 1.7743563207723035e+34 2.0357586629397364e+00 3.0000000000000000e+00 8.3850121308990933e-01
2.5549313590419270e+13 6.4949227628954039e-09 2.6820315889967987e+04 2.8800556592158689e+04 2.5085188420717292e+04 5.2053824077521112e+03 1.7749774405838855e+34 2.0181608273372378e+00 3.0000000000000000e+00 8.3876515422119691e-01
2.5664501838637016e+13 6.2256933871416590e-09 2.5348301937767821e+04 2.8396978108085743e+04 2.3708405704944802e+04 4.9196886984690536e+03 1.7755810289367374e+34 2.0006971509779894e+00 3.0000000000000000e+00 8.3902164545026792e-01
2.5780209409320332e+13 5.9650892715311965e-09 2.3943510816051621e+04 2.7995089900183099e+04 2.2394496870888801e+04 4.6470418354884678e+03 1.7761673344042078e+34 1.9833670510689707e+00 3.0000000000000000e+00 8.3927079240548852e-01
2.5896438643817645e+13 5.7129085790507537e-09 2.2603460515242401e+04 2.7594888402511067e+04 2.1141140481391089e+04 4.3869601015539365e+03 1.7767366071153561e+34 1.9661699401466979e+00 3.0000000000000000e+00 8.3951270137612222e-01
2.6013191894033270e+13 5.4689527377006985e-09 2.1325740875140375e+04 2.7196369980736796e+04 1.9946082300409736e+04 4.1389757241919251e+03 1.7772890986903529e+34 1.9491052261751582e+00 3.0000000000000000e+00 8.3974747928482441e-01
2.6130471522475004e+13 5.2330264070346770e-09 2.0108012009400813e+04 2.6799530932825779e+04 1.8807133819424504e+04 3.9026345699289382e+03 1.7778250621750217e+34 1.9321723126437087e+00 3.0000000000000000e+00 8.3997523365981419e-01
2.6248279902301938e+13 5.0049374446679440e-09 1.8948002753838282e+04 2.6404367489769138e+04 1.7722170806127313e+04 3.6774958431329114e+03 1.7783447519747461e+34 1.9153705986651546e+00 3.0000000000000000e+00 8.4019607260674811e-01
2.6366619417372469e+13 4.7844968727948184e-09 1.7843509138608650e+04 2.6010875816408174e+04 1.6689131875445742e+04 3.4631317894887370e+03 1.7788484237879983e+34 1.8986994790742031e+00 3.0000000000000000e+00 8.4041010478039646e-01
2.6485492462292551e+13 4.5715188447562680e-09 1.6792392884299203e+04 2.5619052012434986e+04 1.5706017082927825e+04 3.2591274041141346e+03 1.7793363345397708e+34 1.8821583445265175e+00 3.0000000000000000e+00 8.4061743935631983e-01
2.6604901442464125e+13 4.3658206116988145e-09 1.5792579921932149e+04 2.5228892113665337e+04 1.4770886540493220e+04 3.0650801443167811e+03 1.7798087423152220e+34 1.8657465815986014e+00 3.0000000000000000e+00 8.4081818600262215e-01
2.6724848774133824e+13 4.1672224893643681e-09 1.4842058936854828e+04 2.4840392093697672e+04 1.3881859054525799e+04 2.8805996469870934e+03 1.7802659062938829e+34 1.8494635728887354e+00 3.0000000000000000e+00 8.4101245485185250e-01
2.6845336884441844e+13 3.9755478250486884e-09 1.3938879936460546e+04 2.4453547866096713e+04 1.3037110786255016e+04 2.7053074506165799e+03 1.7807080866848031e+34 1.8333086971192487e+00 3.0000000000000000e+00 8.4120035647340463e-01
2.6966368211471062e+13 3.7906229647632743e-09 1.3081152841645968e+04 2.4068355287258404e+04 1.2234873934338370e+04 2.5388367219227948e+03 1.7811355446630569e+34 1.8172813292403593e+00 3.0000000000000000e+00 8.4138200184638712e-01
2.7087945204296371e+13 3.6122772192998982e-09 1.2267046095847378e+04 2.3684810157229935e+04 1.1473435433885303e+04 2.3808319858862255e+03 1.7815485422928594e+34 1.8013808405220524e+00 3.0000000000000000e+00 8.4155750232685567e-01
2.7210070323034246e+13 3.4403428235533312e-09 1.1494785266906467e+04 2.3302908205215535e+04 1.0751135648774711e+04 2.2309488543952730e+03 1.7819473423736714e+34 1.7856065985773315e+00 3.0000000000000000e+00 8.4172696958219440e-01
2.7332746038892512e+13 3.2746549106982804e-09 1.0762651739664967e+04 2.2922645106553857e+04 1.0066367148831469e+04 2.0888537725005008e+03 1.7823322084528844e+34 1.7699579675387611e+00 3.0000000000000000e+00 8.4189051559636274e-01
2.7455974834220348e+13 3.1150514770429508e-09 1.0068981387344145e+04 2.2544016480510356e+04 9.4175734671604059e+03 1.9542237605512173e+03 1.7827034047301557e+34 1.7544343081353391e+00 3.0000000000000000e+00 8.4204825262900529e-01
2.7579759202558535e+13 2.9613733480861000e-09 9.4121632709054938e+03 2.2167017890270799e+04 8.8032478836512637e+03 1.8267461617626959e+03 1.7830611959749852e+34 1.7390349777824876e+00 3.0000000000000000e+00 8.4220029318012168e-01
2.7704101648689898e+13 2.8134641452858580e-09 8.7906383635605871e+03 2.1791644844428920e+04 8.2219322320057290e+03 1.7061183946645829e+03 1.7834058474496229e+34 1.7237593306774468e+00 3.0000000000000000e+00 8.4234674995699943e-01
2.7829004688689984e+13 2.6711702527678866e-09 8.2028982967393094e+03 2.1417892798261804e+04 7.6722157268346791e+03 1.5920477097138937e+03 1.7837376248290093e+34 1.7086067178925657e+00 3.0000000000000000e+00 8.4248773583977188e-01
2.7954470849978000e+13 2.5343407839773626e-09 7.6474841273981792e+03 2.1045757154719679e+04 7.1527338107149008e+03 1.4842509500498406e+03 1.7840567941181437e+34 1.6935764874669028e+00 3.0000000000000000e+00 8.4262336384581582e-01
2.8080502671367926e+13 2.4028275483091805e-09 7.1229851266649821e+03 2.0675233265125891e+04 6.6621670212017470e+03 1.3824543163897090e+03 1.7843636215673291e+34 1.6786679844966137e+00 3.0000000000000000e+00 8.4275374709316297e-01
2.8207102703119914e+13 2.2764850177746298e-09 6.6280375898883967e+03 2.0306316429659484e+04 6.1992398778620754e+03 1.2863931360789670e+03 1.7846583735858071e+34 1.6638805512245780e+00 3.0000000000000000e+00 8.4287899876303785e-01
2.8334273506991871e+13 2.1551702937810607e-09 6.1613236681988528e+03 1.9939001897780749e+04 5.7627197894266747e+03 1.1958116363165354e+03 1.7849413166543763e+34 1.6492135271297870e+00 3.0000000000000000e+00 8.4299923206189020e-01
2.8462017656291316e+13 2.0387430741139784e-09 5.7215702216912205e+03 1.9573284868851690e+04 5.3514159811657910e+03 1.1104627215762894e+03 1.7852127172376565e+34 1.6346662490170150e+00 3.0000000000000000e+00 8.4311456018296627e-01
2.8590337735927434e+13 1.9270656202181279e-09 5.3075476943189860e+03 1.9209160493311225e+04 4.9641784425714413e+03 1.0301077552426359e+03 1.7854728416967509e+34 1.6202380511073409e+00 3.0000000000000000e+00 8.4322509626794617e-01
2.8719236342463387e+13 1.8200027248763119e-09 4.9180690105435942e+03 1.8846623874873803e+04 4.5998968953875337e+03 9.5451634546818286e+02 1.7857219562031414e+34 1.6059282651301077e+00 3.0000000000000000e+00 8.4333095336863839e-01
2.8848716084168863e+13 1.7174216803812336e-09 4.5519884937203906e+03 1.8485670074347625e+04 4.2574997819702930e+03 8.8346613525029852e+02 1.7859603266547591e+34 1.5917362204169456e+00 3.0000000000000000e+00 8.4343224440934328e-01
2.8978779581072852e+13 1.6191922471514120e-09 4.2082008056521354e+03 1.8126294115289624e+04 3.9359532734468526e+03 8.1674259661584688e+02 1.7861882185937243e+34 1.5776612439972908e+00 3.0000000000000000e+00 8.4352908214934341e-01
2.9109429465016648e+13 1.5251866173566693e-09 3.8856398884790819e+03 1.7768490970831146e+04 3.6342602800592549e+03 7.5413882525948361e+02 1.7864058970663778e+34 1.5637026606484907e+00 3.0000000000000000e+00 8.4362157912033164e-01
2.9240668379707125e+13 1.4352793838561044e-09 3.5832779454244860e+03 1.7412255567761546e+04 3.3514594978501300e+03 6.9545534272306793e+02 1.7866136265409540e+34 1.5498597929933309e+00 3.0000000000000000e+00 8.4370984758746070e-01
2.9372498980770219e+13 1.3493475099250849e-09 3.3001244429363906e+03 1.7057582794175309e+04 3.0866244753604537e+03 6.4049990272781054e+02 1.7868116708277921e+34 1.5361319615994158e+00 3.0000000000000000e+00 8.4379399951052714e-01
2.9504923935804672e+13 1.2672702965849211e-09 3.0352251235236845e+03 1.6704467497645994e+04 2.8388626903296868e+03 5.8908729958199615e+02 1.7870002929713213e+34 1.5225184850566396e+00 3.0000000000000000e+00 8.4387414649189263e-01
2.9637945924436004e+13 1.1889293511051387e-09 2.7876610414257875e+03 1.6352904487224863e+04 2.6073146477523592e+03 5.4103918102028547e+02 1.7871797551501756e+34 1.5090186800616900e+00 3.0000000000000000e+00 8.4395039972613339e-01
2.9771567638370746e+13 1.1142085554510737e-09 2.5565476166486519e+03 1.6002888534615286e+04 2.3911529951127554e+03 4.9618386460768886e+02 1.7873503185728302e+34 1.4956318614996233e+00 3.0000000000000000e+00 8.4402286994574027e-01
2.9905791781450895e+13 1.0429940347153943e-09 2.3410337073515329e+03 1.5654414374400949e+04 2.1895816547831737e+03 4.5435615770507837e+02 1.7875122433700037e+34 1.4823573425235868e+00 3.0000000000000000e+00 8.4409166736263219e-01
3.0040621069708633e+13 9.7517412566957699e-10 2.1403007008334653e+03 1.5307476703702956e+04 2.0018349738186043e+03 4.1539718104458370e+02 1.7876657884852488e+34 1.4691944346338277e+00 3.0000000000000000e+00 8.4415690160524703e-01
3.0176058231421281e+13 9.1063934563960815e-10 1.9535616234917970e+03 1.4962070182190611e+04 1.8271768914960601e+03 3.7915419598721093e+02 1.7878112115653507e+34 1.4561424477571840e+00 3.0000000000000000e+00 8.4421868165091729e-01
3.0312106007166516e+13 8.4928236195017523e-10 1.7800602701301093e+03 1.4618189433971220e+04 1.6649001249515113e+03 3.4548043553579447e+02 1.7879487688523612e+34 1.4432006903283265e+00 3.0000000000000000e+00 8.4427711575256859e-01
3.0448767149877816e+13 7.9099796219451396e-10 1.6190703529034213e+03 1.4275829053543883e+04 1.5143253731836653e+03 3.1423493915926889e+02 1.7880787150793195e+34 1.4303684693740877e+00 3.0000000000000000e+00 8.4433231135879372e-01
3.0586044424900176e+13 7.3568302473703713e-10 1.4698946677943345e+03 1.3934983613423334e+04 1.3748005374545394e+03 2.8528239101938459e+02 1.7882013033632325e+34 1.4176450905960594e+00 3.0000000000000000e+00 8.4438437502165775e-01
3.0723940610046047e+13 6.8323648491915826e-10 1.3318642665964228e+03 1.3595647643795266e+04 1.2456999468409911e+03 2.5849295926629577e+02 1.7883167850509015e+34 1.4050298584201240e+00 3.0000000000000000e+00 8.4443341226964130e-01
3.0862458495651562e+13 6.3355930738853483e-10 1.2043376626143372e+03 1.3257815646540297e+04 1.1264236153216675e+03 2.3374214187800942e+02 1.7884254096249588e+34 1.3925220760901791e+00 3.0000000000000000e+00 8.4447952748615795e-01
3.1001600884633004e+13 5.8655445623080753e-10 1.0867000466004326e+03 1.2921482095904223e+04 1.0163965084382402e+03 2.1091061448657831e+02 1.7885274245816787e+34 1.3801210457418895e+00 3.0000000000000000e+00 8.4452282374886978e-01
3.1141370592543500e+13 5.4212686547956102e-10 9.7836251997803549e+02 1.2586641440213378e+04 9.1506782612492589e+02 1.8988408155932893e+02 1.7886230753077661e+34 1.3678260684763750e+00 3.0000000000000000e+00 8.4456340263125640e-01
3.1281770447630012e+13 5.0018340971601061e-10 8.7876134436146526e+02 1.2253288102665480e+04 8.2191030078044696e+02 1.7055313074305587e+02 1.7887126049529145e+34 1.3556364444316216e+00 3.0000000000000000e+00 8.4460136395117658e-01
3.1422803290890555e+13 4.6063287463099558e-10 7.8735720689936215e+02 1.1921416479671243e+04 7.3641951013962341e+02 1.5281309027921671e+02 1.7887962542987022e+34 1.3435514728521087e+00 3.0000000000000000e+00 8.4463680544640662e-01
3.1564471976131703e+13 4.2338592796696354e-10 7.0363450224132043e+02 1.1591020939546826e+04 6.5811320569282861e+02 1.3656388964547563e+02 1.7888742616274803e+34 1.3315704521591909e+00 3.0000000000000000e+00 8.4466982235052701e-01
3.1706779370026312e+13 3.8835509143761228e-10 6.2710063210479984e+02 1.1262095827557787e+04 5.8653065756708293e+02 1.2170992361315064e+02 1.7889468625953798e+34 1.3196926800248940e+00 3.0000000000000000e+00 8.4470050682962772e-01
3.1849728352171547e+13 3.5545471358018911e-10 5.5728532177985142e+02 1.0934635479623346e+04 5.2123201524918079e+02 1.0815991959201227e+02 1.7890142901074885e+34 1.3079174534476032e+00 3.0000000000000000e+00 8.4472894721940484e-01
3.1993321815147141e+13 3.2460093925671287e-10 4.9373994434289938e+02 1.0608634201575915e+04 4.6179767551913352e+02 9.5826806471297971e+01 1.7890767741571233e+34 1.2962440688046633e+00 3.0000000000000000e+00 8.4475522695897776e-01
3.2137562664573922e+13 2.9571168283526804e-10 4.3603686772995860e+02 1.0284086279380012e+04 4.0782767176417650e+02 8.4627587897346530e+01 1.7891345416970704e+34 1.2846718219271580e+00 3.0000000000000000e+00 8.4477942312027676e-01
3.2282453819172629e+13 2.6870660076291731e-10 3.8376881476388655e+02 9.9609859826900829e+03 3.5894107540874813e+02 7.4483218065415315e+01 1.7891878164989674e+34 1.2732000081674082e+00 3.0000000000000000e+00 8.4480160432017926e-01
3.2427998210822945e+13 2.4350706413931575e-10 3.3654823739363167e+02 9.6393275660826548e+03 3.1477541063703029e+02 6.5318480269804610e+01 1.7892368190064107e+34 1.2618279224631526e+00 3.0000000000000000e+00 8.4482182772305126e-01
3.2574198784622844e+13 2.2003613117592528e-10 2.9400670481046888e+02 9.3191052650217534e+03 2.7498608209471109e+02 5.7061868147273387e+01 1.7892817661831732e+34 1.2505548593994544e+00 3.0000000000000000e+00 8.4484013468282249e-01
3.2721058498948176e+13 1.9821852025669142e-10 2.5579430659231110e+02 9.0003132946906589e+03 2.3924581664658783e+02 4.9645469837169678e+01 1.7893228713630658e+34 1.2393801132725357e+00 3.0000000000000000e+00 8.4485654432691171e-01
3.2868580325512531e+13 1.7798058452397706e-10 2.2157907202411295e+02 8.6829458684935125e+03 2.0724412026376004e+02 4.3004855281058745e+01 1.7893603441059906e+34 1.2283029781581938e+00 3.0000000000000000e+00 8.4487104398193935e-01
3.3016767249427379e+13 1.5925028429624132e-10 1.9104639891530402e+02 8.3669971822468397e+03 1.7868674379344313e+02 3.7078965365582633e+01 1.7893943900293963e+34 1.2173227479656463e+00 3.0000000000000000e+00 8.4488357467145037e-01
3.3165622269262457e+13 1.4195716126080480e-10 1.6389849877987265e+02 8.0524614181895977e+03 1.5329516403286161e+02 3.1810004241033209e+01 1.7894252106521341e+34 1.2064387165001311e+00 3.0000000000000000e+00 8.4489400885764665e-01
3.3315148397106469e+13 1.2603231300902598e-10 1.3985385538602841e+02 7.7393327522200325e+03 1.3080607730778144e+02 2.7143334234740983e+01 1.7894530032345267e+34 1.1956501775239610e+00 3.0000000000000000e+00 8.4490211574496321e-01
3.3465348658628012e+13 1.1140836714675617e-10 1.1864669532402718e+02 7.4276053489567748e+03 1.1097090429169484e+02 2.3027373096997053e+01 1.7894779606091162e+34 1.1849564248128155e+00 3.0000000000000000e+00 8.4490750632527212e-01
3.3616226093136816e+13 9.8019455948553512e-11 1.0002647196908883e+02 7.1172733598780887e+03 9.3555307353510258e+01 1.9413493846735712e+01 1.7895002710124606e+34 1.1743567522136611e+00 3.0000000000000000e+00 8.4490954485978598e-01
3.3767783753645242e+13 8.5801192127459078e-11 8.3757363239505707e+01 6.8083309422091243e+03 7.8338720807958723e+01 1.6255927294640944e+01 1.7895201179181908e+34 1.1638504537043053e+00 3.0000000000000000e+00 8.4490720370275574e-01
3.3920024706930055e+13 7.4690643155790556e-11 6.9617779387526539e+01 6.5007722384815988e+03 6.5113890549710277e+01 1.3511666513448803e+01 1.7895376798540628e+34 1.1534368234444494e+00 3.0000000000000000e+00 8.4489882054703624e-01
3.4072952033594477e+13 6.4626307417582882e-11 5.7399885192050718e+01 6.1945913916352820e+03 5.3686427157583026e+01 1.1140374103403142e+01 1.7895531302281504e+34 1.1431151558331971e+00 3.0000000000000000e+00 8.4488168402300790e-01
3.4226568828130547e+13 5.5548089711985166e-11 4.6909132895287094e+01 5.8897825370491137e+03 4.3874369047640236e+01 9.1042915429405795e+00 1.7895666371438130e+34 1.1328847455610045e+00 3.0000000000000000e+00 8.4485131028714111e-01
3.4380878198981699e+13 4.7397277627478402e-11 3.7963807662857612e+01 5.5863398112280593e+03 3.5507757339534869e+01 7.3681509699682568e+00 1.7895783632166250e+34 1.1227448876638448e+00 3.0000000000000000e+00 8.4480014938390913e-01
3.4535883268605699e+13 4.0116517850898917e-11 3.0394584159155237e+01 5.2842573510862494e+03 2.8428221119011898e+01 5.8990891204300038e+00 1.7895884653838005e+34 1.1126948775741274e+00 3.0000000000000000e+00 8.4471521078432987e-01
3.4691587173537805e+13 3.3649792810955559e-11 2.4044094539359111e+01 4.9835292940589898e+03 2.2488573378472733e+01 4.6665634826591580e+00 1.7895970947114370e+34 1.1027340111715183e+00 3.0000000000000000e+00 8.4457358020097195e-01
3.4847993064454242e+13 2.7942397560647878e-11 1.8766507532707308e+01 4.6841497747746471e+03 1.7552417331253707e+01 3.6422706043608102e+00 1.7896043961973555e+34 1.0928615848324250e+00 3.0000000000000000e+00 8.4433369134440617e-01
3.5005104106235961e+13 2.2940917249495583e-11 1.4427118712226187e+01 4.3861129374392258e+03 1.3493763188658788e+01 2.8000665707022026e+00 1.7896105085723767e+34 1.0830768954797656e+00 3.0000000000000000e+00 8.4391775693209536e-01
3.5162923478032672e+13 1.8593204456101488e-11 1.0901951044165292e+01 4.0894129280032594e+03 1.0196654551657057e+01 2.1158894775247190e+00 1.7896155640946710e+34 1.0733792406300915e+00 3.0000000000000000e+00 8.4317509576094685e-01
3.5321454373327172e+13 1.4848357030493898e-11 8.0773661444964304e+00 3.7940438954081119e+03 7.5548048169561577e+00 1.5676839826208240e+00 1.7896196883419006e+34 1.0637679184407420e+00 3.0000000000000000e+00 8.4180247933631669e-01
3.5480700000000000e+13 1.1656696286455170e-11 5.8496858355118828e+00 3.4999999998777257e+03 5.4712432168147682e+00 1.1353278560913471e+00 1.7896229999996291e+34 1.0542422277562067e+00 3.0000000000000000e+00 8.3916337042264366e-01
