# Composite modified Lane-Emden RSG profile (cgs)
# Ptot=Pgas+Erad/3; gravity is positive inward and fixed in the pgen
# columns: r_cm rho_g_cm3 ptot_dyn_cm2 T_K pgas_dyn_cm2 erad_erg_cm3 menv_g grav_cm_s2 n_poly kappa_eq_cm2_g
# Mstar_Msun=1.0000000000000000e+01 Rstar_Rsun=5.1000000000000000e+02 mu=6.2000000000000000e-01
# Mcore_g=1.9884700000000002e+33 hsoft_cm=1.7740350000000000e+12
# n_inner=3.0000000000000000e+00 n_outer=1.4900000000000000e+00 transition=6.9999999999999996e-01 transition_width=1.4999999999999999e-01
# luminosity_Lsun=1.0000000000000000e+04 heat_radius_fraction=2.0000000000000001e-01
3.5480700000000000e+05 6.3931231190630898e-05 5.7102559624519148e+09 6.2200860788918054e+05 5.3327590176132145e+09 1.1324908345161009e+09 1.1961295396039600e+13 9.6303614173694137e-05 2.9998664870354714e+00 6.3102233650232471e+01
3.5640663580394251e+05 6.3931231190630898e-05 5.7102559624519148e+09 6.2200860788918054e+05 5.3327590176132145e+09 1.1324908345161009e+09 1.2123807210236463e+13 9.6737795881724883e-05 2.9998664870353910e+00 6.3102233650233323e+01
3.5801348351380939e+05 6.3931231190630776e-05 5.7102559624518948e+09 6.2200860788917961e+05 5.3327590176131964e+09 1.1324908345160942e+09 1.2288526986771793e+13 9.7173935083845668e-05 2.9998664870353102e+00 6.3102233650234076e+01
3.5962757564424345e+05 6.3931231190630667e-05 5.7102559624518948e+09 6.2200860788918054e+05 5.3327590176131954e+09 1.1324908345161009e+09 1.2455484724065762e+13 9.7612040605354745e-05 2.9998664870352294e+00 6.3102233650235348e+01
3.6124894485647889e+05 6.3931231190630559e-05 5.7102559624518738e+09 6.2200860788917937e+05 5.3327590176131763e+09 1.1324908345160923e+09 1.2624710828111277e+13 9.8052121311339083e-05 2.9998664870351481e+00 6.3102233650235874e+01
3.6287762395900209e+05 6.3931231190630559e-05 5.7102559624518738e+09 6.2200860788917937e+05 5.3327590176131763e+09 1.1324908345160923e+09 1.2796236118011453e+13 9.8494186106853557e-05 2.9998664870350664e+00 6.3102233650236961e+01
3.6451364590821520e+05 6.3931231190630437e-05 5.7102559624518538e+09 6.2200860788917844e+05 5.3327590176131582e+09 1.1324908345160856e+09 1.2970091831592291e+13 9.8938243937101184e-05 2.9998664870349843e+00 6.3102233650237693e+01
3.6615704380910343e+05 6.3931231190630328e-05 5.7102559624518538e+09 6.2200860788917937e+05 5.3327590176131563e+09 1.1324908345160923e+09 1.3146309631091672e+13 9.9384303787614146e-05 2.9998664870349017e+00 6.3102233650238894e+01
3.6780785091590468e+05 6.3931231190630220e-05 5.7102559624518337e+09 6.2200860788917844e+05 5.3327590176131401e+09 1.1324908345160856e+09 1.3324921608925604e+13 9.9832374684435620e-05 2.9998664870348191e+00 6.3102233650239739e+01
3.6946610063278256e+05 6.3931231190630098e-05 5.7102559624518337e+09 6.2200860788917937e+05 5.3327590176131372e+09 1.1324908345160923e+09 1.3505960293532846e+13 1.0028246569430236e-04 2.9998664870347360e+00 6.3102233650241033e+01
3.7113182651450211e+05 6.3931231190630098e-05 5.7102559624518137e+09 6.2200860788917751e+05 5.3327590176131220e+09 1.1324908345160787e+09 1.3689458655298889e+13 1.0073458592482828e-04 2.9998664870346521e+00 6.3102233650241430e+01
3.7280506226710911e+05 6.3931231190629989e-05 5.7102559624518137e+09 6.2200860788917844e+05 5.3327590176131210e+09 1.1324908345160856e+09 1.3875450112560477e+13 1.0118874452468860e-04 2.9998664870345682e+00 6.3102233650242916e+01
3.7448584174861183e+05 6.3931231190629868e-05 5.7102559624517927e+09 6.2200860788917728e+05 5.3327590176131010e+09 1.1324908345160773e+09 1.4063968537691674e+13 1.0164495068380511e-04 2.9998664870344838e+00 6.3102233650243463e+01
3.7617419896966632e+05 6.3931231190629759e-05 5.7102559624517927e+09 6.2200860788917821e+05 5.3327590176131001e+09 1.1324908345160840e+09 1.4255048263272633e+13 1.0210321363353200e-04 2.9998664870343994e+00 6.3102233650244976e+01
3.7787016809426458e+05 6.3931231190629651e-05 5.7102559624517727e+09 6.2200860788917728e+05 5.3327590176130829e+09 1.1324908345160773e+09 1.4448724088342176e+13 1.0256354264684278e-04 2.9998664870343141e+00 6.3102233650245616e+01
3.7957378344042576e+05 6.3931231190629529e-05 5.7102559624517727e+09 6.2200860788917798e+05 5.3327590176130791e+09 1.1324908345160823e+09 1.4645031284735301e+13 1.0302594703851778e-04 2.9998664870342289e+00 6.3102233650246824e+01
3.8128507948089082e+05 6.3931231190629529e-05 5.7102559624517527e+09 6.2200860788917635e+05 5.3327590176130648e+09 1.1324908345160704e+09 1.4844005603506859e+13 1.0349043616533281e-04 2.9998664870341427e+00 6.3102233650247570e+01
3.8300409084381984e+05 6.3931231190629420e-05 5.7102559624517326e+09 6.2200860788917518e+05 5.3327590176130457e+09 1.1324908345160620e+09 1.5045683281442410e+13 1.0395701942624834e-04 2.9998664870340566e+00 6.3102233650248202e+01
3.8473085231349285e+05 6.3931231190629312e-05 5.7102559624517326e+09 6.2200860788917611e+05 5.3327590176130447e+09 1.1324908345160687e+09 1.5250101047657625e+13 1.0442570626259977e-04 2.9998664870339700e+00 6.3102233650249609e+01
3.8646539883101376e+05 6.3931231190629190e-05 5.7102559624517117e+09 6.2200860788917518e+05 5.3327590176130266e+09 1.1324908345160620e+09 1.5457296130287312e+13 1.0489650615828841e-04 2.9998664870338829e+00 6.3102233650250206e+01
3.8820776549501717e+05 6.3931231190629081e-05 5.7102559624517117e+09 6.2200860788917588e+05 5.3327590176130238e+09 1.1324908345160670e+09 1.5667306263265297e+13 1.0536942863997346e-04 2.9998664870337954e+00 6.3102233650251563e+01
3.8995798756237887e+05 6.3931231190628959e-05 5.7102559624516916e+09 6.2200860788917495e+05 5.3327590176130056e+09 1.1324908345160601e+09 1.5880169693196500e+13 1.0584448327726480e-04 2.9998664870337080e+00 6.3102233650252387e+01
3.9171610044892906e+05 6.3931231190628959e-05 5.7102559624516916e+09 6.2200860788917495e+05 5.3327590176130056e+09 1.1324908345160601e+09 1.6095925186322275e+13 1.0632167968291653e-04 2.9998664870336196e+00 6.3102233650253488e+01
3.9348213973016897e+05 6.3931231190628851e-05 5.7102559624516716e+09 6.2200860788917402e+05 5.3327590176129885e+09 1.1324908345160534e+09 1.6314612035580457e+13 1.0680102751302151e-04 2.9998664870335312e+00 6.3102233650254242e+01
3.9525614114199101e+05 6.3931231190628743e-05 5.7102559624516506e+09 6.2200860788917285e+05 5.3327590176129694e+09 1.1324908345160449e+09 1.6536270067761332e+13 1.0728253646720681e-04 2.9998664870334419e+00 6.3102233650255073e+01
3.9703814058140159e+05 6.3931231190628621e-05 5.7102559624516506e+09 6.2200860788917379e+05 5.3327590176129675e+09 1.1324908345160518e+09 1.6760939650760775e+13 1.0776621628883004e-04 2.9998664870333527e+00 6.3102233650256572e+01
3.9882817410724756e+05 6.3931231190628512e-05 5.7102559624516306e+09 6.2200860788917285e+05 5.3327590176129503e+09 1.1324908345160449e+09 1.6988661700931973e+13 1.0825207676517629e-04 2.9998664870332630e+00 6.3102233650257226e+01
4.0062627794094593e+05 6.3931231190628390e-05 5.7102559624516306e+09 6.2200860788917379e+05 5.3327590176129475e+09 1.1324908345160518e+09 1.7219477690537031e+13 1.0874012772765637e-04 2.9998664870331724e+00 6.3102233650258555e+01
4.0243248846721690e+05 6.3931231190628282e-05 5.7102559624516106e+09 6.2200860788917285e+05 5.3327590176129303e+09 1.1324908345160449e+09 1.7453429655299838e+13 1.0923037905200564e-04 2.9998664870330818e+00 6.3102233650259400e+01
4.0424684223481984e+05 6.3931231190628173e-05 5.7102559624515905e+09 6.2200860788917169e+05 5.3327590176129122e+09 1.1324908345160365e+09 1.7690560202061469e+13 1.0972284065848398e-04 2.9998664870329907e+00 6.3102233650260480e+01
4.0606937595729309e+05 6.3931231190628051e-05 5.7102559624515905e+09 6.2200860788917285e+05 5.3327590176129112e+09 1.1324908345160449e+09 1.7930912516539703e+13 1.1021752251207630e-04 2.9998664870328997e+00 6.3102233650261894e+01
4.0790012651369680e+05 6.3931231190627943e-05 5.7102559624515696e+09 6.2200860788917169e+05 5.3327590176128922e+09 1.1324908345160365e+09 1.8174530371193895e+13 1.1071443462269447e-04 2.9998664870328078e+00 6.3102233650262654e+01
4.0973913094935915e+05 6.3931231190627835e-05 5.7102559624515495e+09 6.2200860788917053e+05 5.3327590176128731e+09 1.1324908345160279e+09 1.8421458133196730e+13 1.1121358704537969e-04 2.9998664870327154e+00 6.3102233650263436e+01
4.1158642647662596e+05 6.3931231190627713e-05 5.7102559624515495e+09 6.2200860788917169e+05 5.3327590176128731e+09 1.1324908345160365e+09 1.8671740772514273e+13 1.1171498988050587e-04 2.9998664870326226e+00 6.3102233650264665e+01
4.1344205047561362e+05 6.3931231190627604e-05 5.7102559624515295e+09 6.2200860788917053e+05 5.3327590176128540e+09 1.1324908345160279e+09 1.8925423870095797e+13 1.1221865327398427e-04 2.9998664870325298e+00 6.3102233650265553e+01
4.1530604049496568e+05 6.3931231190627482e-05 5.7102559624515095e+09 6.2200860788916959e+05 5.3327590176128359e+09 1.1324908345160213e+09 1.9182553626174922e+13 1.1272458741746852e-04 2.9998664870324361e+00 6.3102233650266427e+01
4.1717843425261253e+05 6.3931231190627374e-05 5.7102559624515095e+09 6.2200860788917053e+05 5.3327590176128349e+09 1.1324908345160279e+09 1.9443176868683473e+13 1.1323280254856114e-04 2.9998664870323424e+00 6.3102233650267983e+01
4.1905926963653456e+05 6.3931231190627265e-05 5.7102559624514885e+09 6.2200860788916936e+05 5.3327590176128159e+09 1.1324908345160196e+09 1.9707341061779703e+13 1.1374330895102045e-04 2.9998664870322478e+00 6.3102233650268708e+01
4.2094858470552886e+05 6.3931231190627143e-05 5.7102559624514685e+09 6.2200860788916843e+05 5.3327590176127977e+09 1.1324908345160127e+09 1.9975094314492344e+13 1.1425611695496877e-04 2.9998664870321532e+00 6.3102233650269817e+01
4.2284641768997943e+05 6.3931231190627035e-05 5.7102559624514685e+09 6.2200860788916936e+05 5.3327590176127968e+09 1.1324908345160196e+09 2.0246485389482145e+13 1.1477123693710148e-04 2.9998664870320577e+00 6.3102233650271003e+01
4.2475280699263065e+05 6.3931231190626927e-05 5.7102559624514484e+09 6.2200860788916820e+05 5.3327590176127777e+09 1.1324908345160110e+09 2.0521563711922418e+13 1.1528867932089688e-04 2.9998664870319622e+00 6.3102233650271842e+01
4.2666779118936451e+05 6.3931231190626805e-05 5.7102559624514275e+09 6.2200860788916727e+05 5.3327590176127596e+09 1.1324908345160041e+09 2.0800379378500250e+13 1.1580845457682727e-04 2.9998664870318663e+00 6.3102233650272993e+01
4.2859140902998106e+05 6.3931231190626696e-05 5.7102559624514074e+09 6.2200860788916633e+05 5.3327590176127424e+09 1.1324908345159974e+09 2.1082983166540008e+13 1.1633057322257068e-04 2.9998664870317695e+00 6.3102233650273703e+01
4.3052369943898253e+05 6.3931231190626574e-05 5.7102559624514074e+09 6.2200860788916727e+05 5.3327590176127405e+09 1.1324908345160041e+09 2.1369426543250766e+13 1.1685504582322377e-04 2.9998664870316727e+00 6.3102233650275394e+01
4.3246470151636109e+05 6.3931231190626466e-05 5.7102559624513874e+09 6.2200860788916633e+05 5.3327590176127234e+09 1.1324908345159974e+09 2.1659761675099477e+13 1.1738188299151560e-04 2.9998664870315754e+00 6.3102233650276261e+01
4.3441445453838981e+05 6.3931231190626357e-05 5.7102559624513674e+09 6.2200860788916517e+05 5.3327590176127043e+09 1.1324908345159891e+09 2.1954041437311328e+13 1.1791109538802231e-04 2.9998664870314773e+00 6.3102233650276908e+01
4.3637299795841763e+05 6.3931231190626235e-05 5.7102559624513464e+09 6.2200860788916424e+05 5.3327590176126862e+09 1.1324908345159822e+09 2.2252319423499344e+13 1.1844269372138298e-04 2.9998664870313791e+00 6.3102233650277931e+01
4.3834037140766776e+05 6.3931231190626127e-05 5.7102559624513464e+09 6.2200860788916494e+05 5.3327590176126833e+09 1.1324908345159874e+09 2.2554649955424719e+13 1.1897668874851621e-04 2.9998664870312806e+00 6.3102233650279295e+01
4.4031661469603924e+05 6.3931231190626005e-05 5.7102559624513264e+09 6.2200860788916424e+05 5.3327590176126671e+09 1.1324908345159822e+09 2.2861088092889742e+13 1.1951309127483779e-04 2.9998664870311815e+00 6.3102233650280269e+01
4.4230176781291293e+05 6.3931231190625897e-05 5.7102559624513063e+09 6.2200860788916308e+05 5.3327590176126480e+09 1.1324908345159738e+09 2.3171689643765250e+13 1.2005191215447945e-04 2.9998664870310816e+00 6.3102233650281377e+01
4.4429587092796044e+05 6.3931231190625788e-05 5.7102559624512863e+09 6.2200860788916214e+05 5.3327590176126308e+09 1.1324908345159669e+09 2.3486511174154164e+13 1.2059316229050833e-04 2.9998664870309817e+00 6.3102233650282216e+01
4.4629896439195710e+05 6.3931231190625558e-05 5.7102559624512863e+09 6.2200860788916377e+05 5.3327590176126261e+09 1.1324908345159788e+09 2.3805610018693246e+13 1.2113685263514778e-04 2.9998664870308813e+00 6.3102233650283878e+01
4.4831108873759821e+05 6.3931231190625449e-05 5.7102559624512653e+09 6.2200860788916284e+05 5.3327590176126089e+09 1.1324908345159721e+09 2.4129044290994711e+13 1.2168299418999876e-04 2.9998664870307805e+00 6.3102233650284802e+01
4.5033228468031972e+05 6.3931231190625327e-05 5.7102559624512453e+09 6.2200860788916191e+05 5.3327590176125898e+09 1.1324908345159652e+09 2.4456872894229820e+13 1.2223159800626277e-04 2.9998664870306788e+00 6.3102233650285960e+01
4.5236259311912145e+05 6.3931231190625219e-05 5.7102559624512253e+09 6.2200860788916098e+05 5.3327590176125727e+09 1.1324908345159585e+09 2.4789155531856125e+13 1.2278267518496514e-04 2.9998664870305771e+00 6.3102233650286799e+01
4.5440205513739528e+05 6.3931231190625097e-05 5.7102559624512253e+09 6.2200860788916191e+05 5.3327590176125717e+09 1.1324908345159652e+09 2.5125952718490613e+13 1.2333623687717991e-04 2.9998664870304745e+00 6.3102233650288284e+01
4.5645071200375614e+05 6.3931231190624989e-05 5.7102559624512043e+09 6.2200860788916075e+05 5.3327590176125526e+09 1.1324908345159566e+09 2.5467325790930457e+13 1.2389229428425529e-04 2.9998664870303720e+00 6.3102233650289286e+01
4.5850860517287720e+05 6.3931231190624758e-05 5.7102559624511843e+09 6.2200860788916075e+05 5.3327590176125326e+09 1.1324908345159566e+09 2.5813336919323555e+13 1.2445085865804049e-04 2.9998664870302685e+00 6.3102233650290522e+01
4.6057577628632856e+05 6.3931231190624650e-05 5.7102559624511642e+09 6.2200860788915958e+05 5.3327590176125135e+09 1.1324908345159483e+09 2.6164049118490805e+13 1.2501194130111324e-04 2.9998664870301650e+00 6.3102233650291581e+01
4.6265226717342011e+05 6.3931231190624541e-05 5.7102559624511442e+09 6.2200860788915865e+05 5.3327590176124973e+09 1.1324908345159414e+09 2.6519526259402289e+13 1.2557555356700864e-04 2.9998664870300606e+00 6.3102233650292654e+01
4.6473811985204776e+05 6.3931231190624419e-05 5.7102559624511232e+09 6.2200860788915772e+05 5.3327590176124783e+09 1.1324908345159347e+09 2.6879833080809258e+13 1.2614170686044872e-04 2.9998664870299563e+00 6.3102233650293527e+01
4.6683337652954378e+05 6.3931231190624189e-05 5.7102559624511232e+09 6.2200860788915958e+05 5.3327590176124754e+09 1.1324908345159483e+09 2.7245035201034266e+13 1.2671041263757356e-04 2.9998664870298510e+00 6.3102233650295517e+01
4.6893807960353076e+05 6.3931231190624081e-05 5.7102559624511032e+09 6.2200860788915842e+05 5.3327590176124563e+09 1.1324908345159397e+09 2.7615199129921395e+13 1.2728168240617256e-04 2.9998664870297453e+00 6.3102233650296228e+01
4.7105227166277968e+05 6.3931231190623972e-05 5.7102559624510832e+09 6.2200860788915749e+05 5.3327590176124392e+09 1.1324908345159330e+09 2.7990392280948934e+13 1.2785552772591788e-04 2.9998664870296392e+00 6.3102233650297428e+01
4.7317599548807141e+05 6.3931231190623850e-05 5.7102559624510632e+09 6.2200860788915656e+05 5.3327590176124210e+09 1.1324908345159264e+09 2.8370682983506527e+13 1.2843196020859789e-04 2.9998664870295331e+00 6.3102233650298345e+01
4.7530929405306291e+05 6.3931231190623633e-05 5.7102559624510422e+09 6.2200860788915632e+05 5.3327590176124010e+09 1.1324908345159247e+09 2.8756140495339270e+13 1.2901099151835254e-04 2.9998664870294260e+00 6.3102233650299780e+01
4.7745221052515612e+05 6.3931231190623511e-05 5.7102559624510221e+09 6.2200860788915539e+05 5.3327590176123838e+09 1.1324908345159178e+09 2.9146835015160656e+13 1.2959263337190895e-04 2.9998664870293181e+00 6.3102233650300668e+01
4.7960478826637304e+05 6.3931231190623403e-05 5.7102559624510021e+09 6.2200860788915446e+05 5.3327590176123657e+09 1.1324908345159111e+09 2.9542837695437320e+13 1.3017689753881917e-04 2.9998664870292102e+00 6.3102233650301820e+01
4.8176707083422889e+05 6.3931231190623173e-05 5.7102559624510021e+09 6.2200860788915609e+05 5.3327590176123619e+09 1.1324908345159228e+09 2.9944220655346387e+13 1.3076379584169701e-04 2.9998664870291019e+00 6.3102233650303539e+01
4.8393910198261944e+05 6.3931231190623064e-05 5.7102559624509811e+09 6.2200860788915516e+05 5.3327590176123438e+09 1.1324908345159161e+09 3.0351056993910750e+13 1.3135334015645884e-04 2.9998664870289931e+00 6.3102233650304669e+01
4.8612092566270259e+05 6.3931231190622942e-05 5.7102559624509611e+09 6.2200860788915423e+05 5.3327590176123266e+09 1.1324908345159092e+09 3.0763420803311031e+13 1.3194554241256323e-04 2.9998664870288834e+00 6.3102233650305742e+01
4.8831258602378849e+05 6.3931231190622712e-05 5.7102559624509411e+09 6.2200860788915399e+05 5.3327590176123037e+09 1.1324908345159075e+09 3.1181387182379219e+13 1.3254041459325204e-04 2.9998664870287732e+00 6.3102233650306950e+01
4.9051412741423305e+05 6.3931231190622603e-05 5.7102559624509211e+09 6.2200860788915306e+05 5.3327590176122875e+09 1.1324908345159009e+09 3.1605032250275539e+13 1.3313796873579335e-04 2.9998664870286631e+00 6.3102233650307916e+01
4.9272559438233543e+05 6.3931231190622495e-05 5.7102559624509001e+09 6.2200860788915213e+05 5.3327590176122704e+09 1.1324908345158939e+09 3.2034433160351152e+13 1.3373821693172483e-04 2.9998664870285521e+00 6.3102233650308968e+01
4.9494703167723917e+05 6.3931231190622265e-05 5.7102559624508801e+09 6.2200860788915190e+05 5.3327590176122484e+09 1.1324908345158923e+09 3.2469668114199090e+13 1.3434117132709840e-04 2.9998664870284406e+00 6.3102233650310566e+01
4.9717848424983793e+05 6.3931231190622156e-05 5.7102559624508600e+09 6.2200860788915097e+05 5.3327590176122322e+09 1.1324908345158856e+09 3.2910816375896195e+13 1.3494684412272619e-04 2.9998664870283287e+00 6.3102233650311490e+01
4.9941999725368503e+05 6.3931231190621926e-05 5.7102559624508400e+09 6.2200860788915097e+05 5.3327590176122131e+09 1.1324908345158856e+09 3.3357958286438562e+13 1.3555524757442717e-04 2.9998664870282163e+00 6.3102233650312911e+01
5.0167161604590708e+05 6.3931231190621804e-05 5.7102559624508190e+09 6.2200860788914980e+05 5.3327590176121931e+09 1.1324908345158770e+09 3.3811175278373000e+13 1.3616639399327527e-04 2.9998664870281031e+00 6.3102233650313948e+01
5.0393338618812192e+05 6.3931231190621587e-05 5.7102559624507990e+09 6.2200860788914957e+05 5.3327590176121721e+09 1.1324908345158753e+09 3.4270549890627453e+13 1.3678029574584860e-04 2.9998664870279899e+00 6.3102233650315490e+01
5.0620535344736022e+05 6.3931231190621465e-05 5.7102559624507790e+09 6.2200860788914887e+05 5.3327590176121569e+09 1.1324908345158703e+09 3.4736165783542684e+13 1.3739696525447948e-04 2.9998664870278757e+00 6.3102233650316599e+01
5.0848756379699212e+05 6.3931231190621248e-05 5.7102559624507580e+09 6.2200860788914864e+05 5.3327590176121359e+09 1.1324908345158687e+09 3.5208107754108469e+13 1.3801641499750595e-04 2.9998664870277612e+00 6.3102233650317743e+01
5.1078006341765699e+05 6.3931231190621126e-05 5.7102559624507380e+09 6.2200860788914771e+05 5.3327590176121187e+09 1.1324908345158617e+09 3.5686461751406562e+13 1.3863865750952435e-04 2.9998664870276461e+00 6.3102233650318965e+01
5.1308289869819820e+05 6.3931231190620896e-05 5.7102559624507179e+09 6.2200860788914771e+05 5.3327590176120996e+09 1.1324908345158617e+09 3.6171314892263547e+13 1.3926370538164254e-04 2.9998664870275307e+00 6.3102233650320422e+01
5.1539611623660167e+05 6.3931231190620787e-05 5.7102559624506979e+09 6.2200860788914654e+05 5.3327590176120806e+09 1.1324908345158534e+09 3.6662755477116422e+13 1.3989157126173527e-04 2.9998664870274148e+00 6.3102233650321573e+01
5.1771976284093881e+05 6.3931231190620557e-05 5.7102559624506769e+09 6.2200860788914654e+05 5.3327590176120615e+09 1.1324908345158534e+09 3.7160873006093656e+13 1.4052226785469976e-04 2.9998664870272980e+00 6.3102233650322937e+01
5.2005388553031383e+05 6.3931231190620449e-05 5.7102559624506569e+09 6.2200860788914538e+05 5.3327590176120415e+09 1.1324908345158448e+09 3.7665758195314812e+13 1.4115580792271263e-04 2.9998664870271812e+00 6.3102233650323875e+01
5.2239853153581475e+05 6.3931231190620218e-05 5.7102559624506369e+09 6.2200860788914538e+05 5.3327590176120224e+09 1.1324908345158448e+09 3.8177502993411461e+13 1.4179220428548871e-04 2.9998664870270635e+00 6.3102233650325374e+01
5.2475374830146972e+05 6.3931231190620110e-05 5.7102559624506168e+09 6.2200860788914445e+05 5.3327590176120062e+09 1.1324908345158381e+09 3.8696200598272859e+13 1.4243146982053980e-04 2.9998664870269454e+00 6.3102233650326511e+01
5.2711958348520671e+05 6.3931231190619879e-05 5.7102559624505959e+09 6.2200860788914422e+05 5.3327590176119833e+09 1.1324908345158365e+09 3.9221945474018773e+13 1.4307361746343573e-04 2.9998664870268268e+00 6.3102233650328039e+01
5.2949608495981758e+05 6.3931231190619649e-05 5.7102559624505758e+09 6.2200860788914422e+05 5.3327590176119642e+09 1.1324908345158365e+09 3.9754833368203172e+13 1.4371866020806582e-04 2.9998664870267073e+00 6.3102233650329545e+01
5.3188330081392755e+05 6.3931231190619540e-05 5.7102559624505558e+09 6.2200860788914305e+05 5.3327590176119452e+09 1.1324908345158279e+09 4.0294961329251578e+13 1.4436661110690195e-04 2.9998664870265874e+00 6.3102233650330525e+01
5.3428127935296751e+05 6.3931231190619310e-05 5.7102559624505348e+09 6.2200860788914305e+05 5.3327590176119270e+09 1.1324908345158279e+09 4.0842427724135289e+13 1.4501748327126263e-04 2.9998664870264671e+00 6.3102233650331982e+01
5.3669006910015200e+05 6.3931231190619080e-05 5.7102559624505148e+09 6.2200860788914305e+05 5.3327590176119080e+09 1.1324908345158279e+09 4.1397332256285781e+13 1.4567128987157837e-04 2.9998664870263463e+00 6.3102233650333730e+01
5.3910971879746090e+05 6.3931231190618971e-05 5.7102559624504948e+09 6.2200860788914189e+05 5.3327590176118889e+09 1.1324908345158193e+09 4.1959775983752523e+13 1.4632804413765806e-04 2.9998664870262250e+00 6.3102233650334725e+01
5.4154027740662545e+05 6.3931231190618741e-05 5.7102559624504538e+09 6.2200860788914002e+05 5.3327590176118536e+09 1.1324908345158057e+09 4.2529861337607336e+13 1.4698775935895680e-04 2.9998664870261029e+00 6.3102233650335705e+01
5.4398179411011969e+05 6.3931231190618510e-05 5.7102559624504337e+09 6.2200860788913979e+05 5.3327590176118317e+09 1.1324908345158041e+09 4.3107692140599125e+13 1.4765044888484475e-04 2.9998664870259808e+00 6.3102233650337169e+01
5.4643431831215497e+05 6.3931231190618402e-05 5.7102559624504137e+09 6.2200860788913886e+05 5.3327590176118155e+09 1.1324908345157974e+09 4.3693373626061656e+13 1.4831612612487740e-04 2.9998664870258578e+00 6.3102233650338341e+01
5.4889789963967982e+05 6.3931231190618172e-05 5.7102559624503937e+09 6.2200860788913886e+05 5.3327590176117964e+09 1.1324908345157974e+09 4.4287012457078516e+13 1.4898480454906651e-04 2.9998664870257339e+00 6.3102233650339940e+01
5.5137258794338454e+05 6.3931231190617955e-05 5.7102559624503727e+09 6.2200860788913863e+05 5.3327590176117764e+09 1.1324908345157957e+09 4.4888716745908438e+13 1.4965649768815319e-04 2.9998664870256100e+00 6.3102233650341411e+01
5.5385843329870934e+05 6.3931231190617724e-05 5.7102559624503527e+09 6.2200860788913839e+05 5.3327590176117544e+09 1.1324908345157940e+09 4.5498596073674352e+13 1.5033121913388131e-04 2.9998664870254852e+00 6.3102233650342988e+01
5.5635548600685829e+05 6.3931231190617602e-05 5.7102559624503117e+09 6.2200860788913560e+05 5.3327590176117210e+09 1.1324908345157738e+09 4.6116761510320219e+13 1.5100898253927282e-04 2.9998664870253600e+00 6.3102233650343422e+01
5.5886379659581650e+05 6.3931231190617386e-05 5.7102559624502916e+09 6.2200860788913560e+05 5.3327590176117029e+09 1.1324908345157738e+09 4.6743325634838656e+13 1.5168980161890373e-04 2.9998664870252338e+00 6.3102233650344928e+01
5.6138341582137288e+05 6.3931231190617155e-05 5.7102559624502716e+09 6.2200860788913537e+05 5.3327590176116819e+09 1.1324908345157719e+09 4.7378402555773750e+13 1.5237369014918181e-04 2.9998664870251077e+00 6.3102233650346619e+01
5.6391439466814732e+05 6.3931231190616925e-05 5.7102559624502516e+09 6.2200860788913537e+05 5.3327590176116619e+09 1.1324908345157719e+09 4.8022107932002250e+13 1.5306066196862545e-04 2.9998664870249807e+00 6.3102233650347991e+01
5.6645678435062210e+05 6.3931231190616694e-05 5.7102559624502306e+09 6.2200860788913514e+05 5.3327590176116400e+09 1.1324908345157702e+09 4.8674558993797023e+13 1.5375073097814330e-04 2.9998664870248533e+00 6.3102233650349547e+01
5.6901063631417823e+05 6.3931231190616586e-05 5.7102559624501905e+09 6.2200860788913234e+05 5.3327590176116076e+09 1.1324908345157499e+09 4.9335874564176859e+13 1.5444391114131600e-04 2.9998664870247249e+00 6.3102233650350350e+01
5.7157600223613682e+05 6.3931231190616356e-05 5.7102559624501705e+09 6.2200860788913234e+05 5.3327590176115885e+09 1.1324908345157499e+09 5.0006175080546320e+13 1.5514021648467845e-04 2.9998664870245961e+00 6.3102233650351799e+01
5.7415293402680417e+05 6.3931231190616125e-05 5.7102559624501495e+09 6.2200860788913211e+05 5.3327590176115675e+09 1.1324908345157483e+09 5.0685582616629383e+13 1.5583966109800380e-04 2.9998664870244669e+00 6.3102233650353533e+01
5.7674148383052286e+05 6.3931231190615908e-05 5.7102559624501295e+09 6.2200860788913211e+05 5.3327590176115494e+09 1.1324908345157483e+09 5.1374220904701461e+13 1.5654225913458840e-04 2.9998664870243372e+00 6.3102233650355018e+01
5.7934170402672619e+05 6.3931231190615678e-05 5.7102559624500885e+09 6.2200860788913001e+05 5.3327590176115122e+09 1.1324908345157330e+09 5.2072215358123062e+13 1.5724802481153832e-04 2.9998664870242067e+00 6.3102233650355977e+01
5.8195364723099861e+05 6.3931231190615448e-05 5.7102559624500685e+09 6.2200860788913001e+05 5.3327590176114931e+09 1.1324908345157330e+09 5.2779693094179969e+13 1.5795697241005699e-04 2.9998664870240757e+00 6.3102233650357512e+01
5.8457736629614036e+05 6.3931231190615217e-05 5.7102559624500484e+09 6.2200860788912978e+05 5.3327590176114721e+09 1.1324908345157313e+09 5.3496782957233469e+13 1.5866911627573417e-04 2.9998664870239438e+00 6.3102233650359331e+01
5.8721291431323637e+05 6.3931231190615000e-05 5.7102559624500074e+09 6.2200860788912768e+05 5.3327590176114359e+09 1.1324908345157158e+09 5.4223615542185234e+13 1.5938447081883625e-04 2.9998664870238119e+00 6.3102233650360247e+01
5.8986034461273148e+05 6.3931231190614770e-05 5.7102559624499874e+09 6.2200860788912768e+05 5.3327590176114168e+09 1.1324908345157158e+09 5.4960323218261109e+13 1.6010305051459778e-04 2.9998664870236791e+00 6.3102233650361910e+01
5.9251971076550882e+05 6.3931231190614540e-05 5.7102559624499674e+09 6.2200860788912768e+05 5.3327590176113968e+09 1.1324908345157158e+09 5.5707040153117695e+13 1.6082486990351451e-04 2.9998664870235454e+00 6.3102233650363310e+01
5.9519106658397429e+05 6.3931231190614309e-05 5.7102559624499264e+09 6.2200860788912559e+05 5.3327590176113596e+09 1.1324908345157006e+09 5.6463902337276922e+13 1.6154994359163759e-04 2.9998664870234117e+00 6.3102233650364575e+01
5.9787446612314496e+05 6.3931231190614092e-05 5.7102559624499063e+09 6.2200860788912536e+05 5.3327590176113396e+09 1.1324908345156991e+09 5.7231047608892156e+13 1.6227828625086895e-04 2.9998664870232767e+00 6.3102233650366010e+01
6.0056996368174348e+05 6.3931231190613862e-05 5.7102559624498863e+09 6.2200860788912536e+05 5.3327590176113205e+09 1.1324908345156991e+09 5.8008615678851109e+13 1.6300991261925831e-04 2.9998664870231417e+00 6.3102233650367744e+01
6.0327761380329647e+05 6.3931231190613632e-05 5.7102559624498453e+09 6.2200860788912326e+05 5.3327590176112833e+09 1.1324908345156839e+09 5.8796748156219672e+13 1.6374483750130153e-04 2.9998664870230058e+00 6.3102233650368767e+01
6.0599747127723822e+05 6.3931231190613401e-05 5.7102559624498253e+09 6.2200860788912349e+05 5.3327590176112661e+09 1.1324908345156856e+09 5.9595588574031484e+13 1.6448307576824006e-04 2.9998664870228695e+00 6.3102233650370373e+01
6.0872959114001936e+05 6.3931231190613184e-05 5.7102559624497843e+09 6.2200860788912117e+05 5.3327590176112280e+09 1.1324908345156684e+09 6.0405282415427766e+13 1.6522464235836163e-04 2.9998664870227323e+00 6.3102233650371396e+01
6.1147402867622057e+05 6.3931231190612832e-05 5.7102559624497643e+09 6.2200860788912210e+05 5.3327590176112070e+09 1.1324908345156753e+09 6.1225977140152547e+13 1.6596955227730304e-04 2.9998664870225946e+00 6.3102233650373591e+01
6.1423083941967133e+05 6.3931231190612615e-05 5.7102559624497242e+09 6.2200860788912023e+05 5.3327590176111727e+09 1.1324908345156617e+09 6.2057822211407570e+13 1.6671782059835330e-04 2.9998664870224565e+00 6.3102233650374600e+01
6.1700007915457361e+05 6.3931231190612385e-05 5.7102559624497032e+09 6.2200860788912000e+05 5.3327590176111517e+09 1.1324908345156600e+09 6.2900969123072406e+13 1.6746946246275896e-04 2.9998664870223175e+00 6.3102233650376213e+01
6.1978180391663045e+05 6.3931231190612154e-05 5.7102559624496832e+09 6.2200860788911977e+05 5.3327590176111307e+09 1.1324908345156584e+09 6.3755571427294016e+13 1.6822449308003044e-04 2.9998664870221781e+00 6.3102233650377933e+01
6.2257606999418023e+05 6.3931231190611924e-05 5.7102559624496422e+09 6.2200860788911791e+05 5.3327590176110945e+09 1.1324908345156448e+09 6.4621784762451422e+13 1.6898292772824956e-04 2.9998664870220377e+00 6.3102233650378956e+01
6.2538293392933533e+05 6.3931231190611585e-05 5.7102559624496222e+09 6.2200860788911860e+05 5.3327590176110725e+09 1.1324908345156498e+09 6.5499766881500266e+13 1.6974478175437905e-04 2.9998664870218970e+00 6.3102233650381038e+01
6.2820245251912659e+05 6.3931231190611368e-05 5.7102559624495821e+09 6.2200860788911651e+05 5.3327590176110373e+09 1.1324908345156345e+09 6.6389677680702484e+13 1.7051007057457284e-04 2.9998664870217553e+00 6.3102233650382104e+01
6.3103468281665223e+05 6.3931231190611138e-05 5.7102559624495611e+09 6.2200860788911628e+05 5.3327590176110153e+09 1.1324908345156329e+09 6.7291679228746125e+13 1.7127880967448810e-04 2.9998664870216132e+00 6.3102233650383859e+01
6.3387968213223258e+05 6.3931231190610908e-05 5.7102559624495211e+09 6.2200860788911441e+05 5.3327590176109800e+09 1.1324908345156193e+09 6.8205935796261125e+13 1.7205101460959858e-04 2.9998664870214706e+00 6.3102233650384946e+01
6.3673750803456968e+05 6.3931231190610569e-05 5.7102559624494801e+09 6.2200860788911325e+05 5.3327590176109428e+09 1.1324908345156109e+09 6.9132613885735797e+13 1.7282670100550939e-04 2.9998664870213272e+00 6.3102233650386502e+01
6.3960821835191210e+05 6.3931231190610338e-05 5.7102559624494600e+09 6.2200860788911325e+05 5.3327590176109228e+09 1.1324908345156109e+09 7.0071882261840031e+13 1.7360588455827322e-04 2.9998664870211833e+00 6.3102233650388136e+01
6.4249187117322534e+05 6.3931231190610000e-05 5.7102559624494190e+09 6.2200860788911209e+05 5.3327590176108847e+09 1.1324908345156024e+09 7.1023911982160281e+13 1.7438858103470766e-04 2.9998664870210385e+00 6.3102233650389692e+01
6.4538852484936698e+05 6.3931231190609769e-05 5.7102559624493990e+09 6.2200860788911209e+05 5.3327590176108656e+09 1.1324908345156024e+09 7.1988876428352266e+13 1.7517480627271483e-04 2.9998664870208933e+00 6.3102233650391511e+01
6.4829823799426772e+05 6.3931231190609539e-05 5.7102559624493589e+09 6.2200860788911022e+05 5.3327590176108303e+09 1.1324908345155888e+09 7.2966951337716844e+13 1.7596457618160137e-04 2.9998664870207472e+00 6.3102233650392542e+01
6.5122106948611699e+05 6.3931231190609200e-05 5.7102559624493179e+09 6.2200860788910906e+05 5.3327590176107922e+09 1.1324908345155804e+09 7.3958314835204875e+13 1.7675790674240036e-04 2.9998664870206007e+00 6.3102233650394098e+01
6.5415707846855477e+05 6.3931231190608983e-05 5.7102559624492979e+09 6.2200860788910883e+05 5.3327590176107721e+09 1.1324908345155785e+09 7.4963147465857094e+13 1.7755481400819509e-04 2.9998664870204532e+00 6.3102233650395867e+01
6.5710632435186836e+05 6.3931231190608631e-05 5.7102559624492569e+09 6.2200860788910766e+05 5.3327590176107321e+09 1.1324908345155702e+09 7.5981632227684469e+13 1.7835531410444354e-04 2.9998664870203053e+00 6.3102233650397451e+01
6.6006886681419413e+05 6.3931231190608414e-05 5.7102559624492369e+09 6.2200860788910766e+05 5.3327590176107140e+09 1.1324908345155702e+09 7.7013954604995469e+13 1.7915942322930476e-04 2.9998664870201566e+00 6.3102233650398979e+01
6.6304476580272545e+05 6.3931231190608075e-05 5.7102559624491959e+09 6.2200860788910650e+05 5.3327590176106758e+09 1.1324908345155618e+09 7.8060302602176031e+13 1.7996715765396666e-04 2.9998664870200074e+00 6.3102233650400677e+01
6.6603408153492573e+05 6.3931231190607845e-05 5.7102559624491558e+09 6.2200860788910463e+05 5.3327590176106415e+09 1.1324908345155482e+09 7.9120866777928656e+13 1.8077853372297544e-04 2.9998664870198573e+00 6.3102233650401793e+01
6.6903687449974695e+05 6.3931231190607506e-05 5.7102559624491148e+09 6.2200860788910324e+05 5.3327590176106005e+09 1.1324908345155380e+09 8.0195840279976375e+13 1.8159356785456596e-04 2.9998664870197067e+00 6.3102233650403356e+01
6.7205320545885339e+05 6.3931231190607275e-05 5.7102559624490948e+09 6.2200860788910347e+05 5.3327590176105843e+09 1.1324908345155396e+09 8.1285418880238562e+13 1.8241227654099427e-04 2.9998664870195553e+00 6.3102233650405260e+01
6.7508313544785138e+05 6.3931231190606937e-05 5.7102559624490547e+09 6.2200860788910231e+05 5.3327590176105452e+09 1.1324908345155311e+09 8.2389801010484391e+13 1.8323467634887112e-04 2.9998664870194034e+00 6.3102233650406816e+01
6.7812672577752429e+05 6.3931231190606598e-05 5.7102559624490137e+09 6.2200860788910114e+05 5.3327590176105070e+09 1.1324908345155227e+09 8.3509187798470938e+13 1.8406078391949737e-04 2.9998664870192506e+00 6.3102233650408394e+01
6.8118403803507320e+05 6.3931231190606367e-05 5.7102559624489727e+09 6.2200860788909905e+05 5.3327590176104708e+09 1.1324908345155075e+09 8.4643783104572000e+13 1.8489061596920069e-04 2.9998664870190974e+00 6.3102233650409580e+01
6.8425513408536289e+05 6.3931231190606029e-05 5.7102559624489527e+09 6.2200860788909975e+05 5.3327590176104479e+09 1.1324908345155125e+09 8.5793793558904781e+13 1.8572418928967363e-04 2.9998664870189433e+00 6.3102233650411712e+01
6.8734007607217412e+05 6.3931231190605690e-05 5.7102559624489126e+09 6.2200860788909881e+05 5.3327590176104116e+09 1.1324908345155058e+09 8.6959428598961031e+13 1.8656152074831363e-04 2.9998664870187883e+00 6.3102233650413304e+01
6.9043892641946068e+05 6.3931231190605337e-05 5.7102559624488716e+09 6.2200860788909788e+05 5.3327590176103735e+09 1.1324908345154991e+09 8.8140900507749172e+13 1.8740262728856414e-04 2.9998664870186329e+00 6.3102233650414881e+01
6.9355174783261283e+05 6.3931231190605121e-05 5.7102559624488316e+09 6.2200860788909579e+05 5.3327590176103382e+09 1.1324908345154836e+09 8.9338424452455062e+13 1.8824752593025773e-04 2.9998664870184770e+00 6.3102233650416217e+01
6.9667860329972615e+05 6.3931231190604782e-05 5.7102559624487906e+09 6.2200860788909462e+05 5.3327590176102991e+09 1.1324908345154753e+09 9.0552218523627578e+13 1.8909623376996029e-04 2.9998664870183198e+00 6.3102233650417936e+01
6.9981955609287566e+05 6.3931231190604429e-05 5.7102559624487495e+09 6.2200860788909346e+05 5.3327590176102600e+09 1.1324908345154667e+09 9.1782503774896938e+13 1.8994876798131692e-04 2.9998664870181626e+00 6.3102233650419556e+01
7.0297466976939677e+05 6.3931231190604091e-05 5.7102559624487295e+09 6.2200860788909439e+05 5.3327590176102409e+09 1.1324908345154734e+09 9.3029504263232500e+13 1.9080514581539963e-04 2.9998664870180041e+00 6.3102233650421567e+01
7.0614400817317085e+05 6.3931231190603752e-05 5.7102559624486895e+09 6.2200860788909323e+05 5.3327590176102018e+09 1.1324908345154650e+09 9.4293447089747453e+13 1.9166538460105626e-04 2.9998664870178451e+00 6.3102233650423358e+01
7.0932763543591765e+05 6.3931231190603521e-05 5.7102559624486485e+09 6.2200860788909113e+05 5.3327590176101637e+09 1.1324908345154498e+09 9.5574562441058188e+13 1.9252950174526126e-04 2.9998664870176857e+00 6.3102233650424530e+01
7.1252561597849219e+05 6.3931231190603183e-05 5.7102559624486084e+09 6.2200860788909020e+05 5.3327590176101274e+09 1.1324908345154431e+09 9.6873083631205188e+13 1.9339751473346786e-04 2.9998664870175249e+00 6.3102233650426307e+01
7.1573801451218943e+05 6.3931231190602844e-05 5.7102559624485674e+09 6.2200860788908903e+05 5.3327590176100893e+09 1.1324908345154345e+09 9.8189247144143953e+13 1.9426944112996180e-04 2.9998664870173637e+00 6.3102233650427955e+01
7.1896489604005252e+05 6.3931231190602505e-05 5.7102559624485264e+09 6.2200860788908787e+05 5.3327590176100521e+09 1.1324908345154259e+09 9.9523292676812578e+13 1.9514529857821692e-04 2.9998664870172020e+00 6.3102233650429611e+01
7.2220632585818903e+05 6.3931231190602166e-05 5.7102559624484863e+09 6.2200860788908694e+05 5.3327590176100149e+09 1.1324908345154192e+09 1.0087546318278530e+14 1.9602510480125208e-04 2.9998664870170395e+00 6.3102233650431209e+01
7.2546236955709185e+05 6.3931231190601827e-05 5.7102559624484453e+09 6.2200860788908554e+05 5.3327590176099758e+09 1.1324908345154092e+09 1.0224600491651827e+14 1.9690887760198970e-04 2.9998664870168761e+00 6.3102233650432822e+01
7.2873309302296664e+05 6.3931231190601489e-05 5.7102559624484053e+09 6.2200860788908461e+05 5.3327590176099396e+09 1.1324908345154023e+09 1.0363516747819738e+14 1.9779663486361630e-04 2.9998664870167118e+00 6.3102233650434542e+01
7.3201856243906438e+05 6.3931231190601136e-05 5.7102559624483643e+09 6.2200860788908345e+05 5.3327590176099005e+09 1.1324908345153937e+09 1.0504320385919431e+14 1.9868839454994388e-04 2.9998664870165470e+00 6.3102233650436318e+01
7.3531884428702155e+05 6.3931231190600689e-05 5.7102559624483242e+09 6.2200860788908321e+05 5.3327590176098614e+09 1.1324908345153921e+09 1.0647037048814138e+14 1.9958417470577390e-04 2.9998664870163814e+00 6.3102233650438293e+01
7.3863400534820487e+05 6.3931231190600350e-05 5.7102559624482832e+09 6.2200860788908205e+05 5.3327590176098223e+09 1.1324908345153837e+09 1.0791692727763142e+14 2.0048399345726225e-04 2.9998664870162153e+00 6.3102233650439977e+01
7.4196411270506238e+05 6.3931231190600011e-05 5.7102559624482222e+09 6.2200860788907902e+05 5.3327590176097679e+09 1.1324908345153615e+09 1.0938313767155269e+14 2.0138786901228583e-04 2.9998664870160483e+00 6.3102233650441185e+01
7.4530923374248156e+05 6.3931231190599659e-05 5.7102559624481821e+09 6.2200860788907809e+05 5.3327590176097307e+09 1.1324908345153549e+09 1.1086926869306666e+14 2.0229581966081130e-04 2.9998664870158804e+00 6.3102233650442948e+01
7.4866943614915200e+05 6.3931231190599320e-05 5.7102559624481411e+09 6.2200860788907693e+05 5.3327590176096926e+09 1.1324908345153463e+09 1.1237559099323761e+14 2.0320786377526492e-04 2.9998664870157117e+00 6.3102233650444667e+01
7.5204478791893600e+05 6.3931231190598873e-05 5.7102559624481010e+09 6.2200860788907669e+05 5.3327590176096535e+09 1.1324908345153446e+09 1.1390237890032327e+14 2.0412401981090457e-04 2.9998664870155425e+00 6.3102233650446756e+01
7.5543535735224362e+05 6.3931231190598534e-05 5.7102559624480600e+09 6.2200860788907553e+05 5.3327590176096153e+09 1.1324908345153360e+09 1.1544991046973469e+14 2.0504430630619307e-04 2.9998664870153724e+00 6.3102233650448426e+01
7.5884121305741533e+05 6.3931231190598182e-05 5.7102559624480200e+09 6.2200860788907460e+05 5.3327590176095772e+09 1.1324908345153294e+09 1.1701846753467525e+14 2.0596874188317306e-04 2.9998664870152014e+00 6.3102233650450273e+01
7.6226242395211000e+05 6.3931231190597843e-05 5.7102559624479589e+09 6.2200860788907157e+05 5.3327590176095238e+09 1.1324908345153074e+09 1.1860833575746745e+14 2.0689734524784436e-04 2.9998664870150296e+00 6.3102233650451531e+01
7.6569905926469935e+05 6.3931231190597396e-05 5.7102559624479179e+09 6.2200860788907134e+05 5.3327590176094837e+09 1.1324908345153058e+09 1.2021980468157702e+14 2.0783013519054191e-04 2.9998664870148573e+00 6.3102233650453442e+01
7.6915118853566924e+05 6.3931231190597057e-05 5.7102559624478779e+09 6.2200860788907018e+05 5.3327590176094456e+09 1.1324908345152972e+09 1.2185316778434434e+14 2.0876713058631650e-04 2.9998664870146841e+00 6.3102233650455318e+01
7.7261888161902642e+05 6.3931231190596596e-05 5.7102559624478369e+09 6.2200860788906994e+05 5.3327590176094055e+09 1.1324908345152955e+09 1.2350872253043161e+14 2.0970835039531632e-04 2.9998664870145104e+00 6.3102233650457379e+01
7.7610220868371206e+05 6.3931231190596257e-05 5.7102559624477758e+09 6.2200860788906715e+05 5.3327590176093531e+09 1.1324908345152750e+09 1.2518677042599645e+14 2.1065381366317082e-04 2.9998664870143354e+00 6.3102233650458572e+01
7.7960124021502188e+05 6.3931231190595810e-05 5.7102559624477358e+09 6.2200860788906668e+05 5.3327590176093121e+09 1.1324908345152717e+09 1.2688761707360183e+14 2.1160353952137599e-04 2.9998664870141600e+00 6.3102233650460740e+01
7.8311604701603216e+05 6.3931231190595458e-05 5.7102559624476948e+09 6.2200860788906575e+05 5.3327590176092749e+09 1.1324908345152650e+09 1.2861157222787144e+14 2.1255754718768177e-04 2.9998664870139837e+00 6.3102233650462608e+01
7.8664670020903251e+05 6.3931231190595010e-05 5.7102559624476347e+09 6.2200860788906366e+05 5.3327590176092196e+09 1.1324908345152497e+09 1.3035894985190191e+14 2.1351585596648029e-04 2.9998664870138065e+00 6.3102233650464072e+01
7.9019327123696520e+05 6.3931231190594672e-05 5.7102559624475937e+09 6.2200860788906249e+05 5.3327590176091805e+09 1.1324908345152411e+09 1.3213006817444083e+14 2.1447848524919731e-04 2.9998664870136285e+00 6.3102233650465990e+01
7.9375583186487050e+05 6.3931231190594211e-05 5.7102559624475327e+09 6.2200860788906040e+05 5.3327590176091242e+09 1.1324908345152259e+09 1.3392524974784203e+14 2.1544545451468393e-04 2.9998664870134499e+00 6.3102233650467518e+01
7.9733445418133936e+05 6.3931231190593764e-05 5.7102559624474926e+09 6.2200860788906016e+05 5.3327590176090851e+09 1.1324908345152242e+09 1.3574482150680827e+14 2.1641678332961123e-04 2.9998664870132701e+00 6.3102233650469685e+01
8.0092921059997124e+05 6.3931231190593425e-05 5.7102559624474516e+09 6.2200860788905900e+05 5.3327590176090469e+09 1.1324908345152159e+09 1.3758911482793128e+14 2.1739249134886579e-04 2.9998664870130898e+00 6.3102233650471497e+01
8.0454017386084050e+05 6.3931231190592964e-05 5.7102559624473906e+09 6.2200860788905690e+05 5.3327590176089907e+09 1.1324908345152004e+09 1.3945846559004244e+14 2.1837259831594772e-04 2.9998664870129090e+00 6.3102233650473167e+01
8.0816741703196743e+05 6.3931231190592517e-05 5.7102559624473505e+09 6.2200860788905667e+05 5.3327590176089516e+09 1.1324908345151987e+09 1.4135321423538128e+14 2.1935712406337003e-04 2.9998664870127270e+00 6.3102233650475334e+01
8.1181101351079741e+05 6.3931231190592164e-05 5.7102559624472895e+09 6.2200860788905388e+05 5.3327590176088972e+09 1.1324908345151784e+09 1.4327370583159678e+14 2.2034608851306001e-04 2.9998664870125440e+00 6.3102233650476741e+01
8.1547103702568531e+05 6.3931231190591717e-05 5.7102559624472284e+09 6.2200860788905155e+05 5.3327590176088409e+09 1.1324908345151615e+09 1.4522029013458997e+14 2.2133951167676216e-04 2.9998664870123606e+00 6.3102233650478240e+01
8.1914756163738831e+05 6.3931231190591256e-05 5.7102559624471884e+09 6.2200860788905155e+05 5.3327590176088018e+09 1.1324908345151615e+09 1.4719332165221100e+14 2.2233741365644351e-04 2.9998664870121758e+00 6.3102233650480493e+01
8.2284066174056416e+05 6.3931231190590809e-05 5.7102559624471273e+09 6.2200860788904945e+05 5.3327590176087475e+09 1.1324908345151463e+09 1.4919315970882134e+14 2.2333981464470000e-04 2.9998664870119907e+00 6.3102233650482141e+01
8.2655041206527781e+05 6.3931231190590348e-05 5.7102559624470863e+09 6.2200860788904922e+05 5.3327590176087065e+09 1.1324908345151446e+09 1.5122016851073394e+14 2.2434673492516572e-04 2.9998664870118046e+00 6.3102233650484486e+01
8.3027688767850737e+05 6.3931231190589901e-05 5.7102559624470253e+09 6.2200860788904689e+05 5.3327590176086502e+09 1.1324908345151277e+09 1.5327471721253803e+14 2.2535819487292150e-04 2.9998664870116176e+00 6.3102233650486070e+01
8.3402016398567334e+05 6.3931231190589440e-05 5.7102559624469652e+09 6.2200860788904503e+05 5.3327590176085949e+09 1.1324908345151141e+09 1.5535717998433475e+14 2.2637421495490988e-04 2.9998664870114298e+00 6.3102233650487811e+01
8.3778031673215691e+05 6.3931231190588993e-05 5.7102559624469242e+09 6.2200860788904456e+05 5.3327590176085529e+09 1.1324908345151105e+09 1.5746793607987572e+14 2.2739481573034759e-04 2.9998664870112410e+00 6.3102233650489985e+01
8.4155742200483521e+05 6.3931231190588532e-05 5.7102559624468632e+09 6.2200860788904270e+05 5.3327590176084986e+09 1.1324908345150969e+09 1.5960736990563366e+14 2.2842001785114175e-04 2.9998664870110519e+00 6.3102233650491776e+01
8.4535155623362050e+05 6.3931231190588085e-05 5.7102559624468021e+09 6.2200860788904061e+05 5.3327590176084433e+09 1.1324908345150819e+09 1.6177587109080938e+14 2.2944984206230818e-04 2.9998664870108613e+00 6.3102233650493432e+01
8.4916279619300668e+05 6.3931231190587624e-05 5.7102559624467621e+09 6.2200860788904037e+05 5.3327590176084042e+09 1.1324908345150802e+09 1.6397383455828997e+14 2.3048430920239075e-04 2.9998664870106699e+00 6.3102233650495641e+01
8.5299121900362312e+05 6.3931231190587177e-05 5.7102559624467010e+09 6.2200860788903804e+05 5.3327590176083460e+09 1.1324908345150630e+09 1.6620166059657178e+14 2.3152344020388316e-04 2.9998664870104781e+00 6.3102233650497510e+01
8.5683690213379497e+05 6.3931231190586608e-05 5.7102559624466400e+09 6.2200860788903688e+05 5.3327590176082878e+09 1.1324908345150547e+09 1.6845975493265988e+14 2.3256725609365286e-04 2.9998664870102849e+00 6.3102233650499628e+01
8.6069992340111081e+05 6.3931231190586147e-05 5.7102559624465790e+09 6.2200860788903479e+05 5.3327590176082325e+09 1.1324908345150394e+09 1.7074852880595816e+14 2.3361577799336592e-04 2.9998664870100913e+00 6.3102233650501340e+01
8.6458036097399727e+05 6.3931231190585700e-05 5.7102559624465189e+09 6.2200860788903269e+05 5.3327590176081772e+09 1.1324908345150242e+09 1.7306839904316359e+14 2.3466902711991500e-04 2.9998664870098968e+00 6.3102233650503017e+01
8.6847829337330069e+05 6.3931231190585239e-05 5.7102559624464579e+09 6.2200860788903083e+05 5.3327590176081228e+09 1.1324908345150106e+09 1.7541978813417762e+14 2.3572702478584823e-04 2.9998664870097009e+00 6.3102233650504772e+01
8.7239379947387637e+05 6.3931231190584670e-05 5.7102559624463968e+09 6.2200860788902943e+05 5.3327590176080637e+09 1.1324908345150003e+09 1.7780312430904928e+14 2.3678979239980080e-04 2.9998664870095046e+00 6.3102233650506832e+01
8.7632695850618393e+05 6.3931231190584223e-05 5.7102559624463358e+09 6.2200860788902733e+05 5.3327590176080084e+09 1.1324908345149851e+09 1.8021884161596344e+14 2.3785735146692808e-04 2.9998664870093075e+00 6.3102233650508637e+01
8.8027785005789145e+05 6.3931231190583653e-05 5.7102559624462957e+09 6.2200860788902803e+05 5.3327590176079664e+09 1.1324908345149903e+09 1.8266738000028912e+14 2.3892972358934057e-04 2.9998664870091090e+00 6.3102233650511216e+01
8.8424655407548486e+05 6.3931231190583193e-05 5.7102559624462347e+09 6.2200860788902594e+05 5.3327590176079092e+09 1.1324908345149751e+09 1.8514918538470053e+14 2.4000693046654135e-04 2.9998664870089100e+00 6.3102233650513142e+01
8.8823315086588648e+05 6.3931231190582623e-05 5.7102559624461536e+09 6.2200860788902291e+05 5.3327590176078367e+09 1.1324908345149529e+09 1.8766470975038859e+14 2.4108899389586481e-04 2.9998664870087102e+00 6.3102233650514819e+01
8.9223772109808004e+05 6.3931231190582176e-05 5.7102559624460926e+09 6.2200860788902082e+05 5.3327590176077814e+09 1.1324908345149376e+09 1.9021441121937447e+14 2.4217593577291816e-04 2.9998664870085090e+00 6.3102233650516425e+01
8.9626034580474219e+05 6.3931231190581607e-05 5.7102559624460316e+09 6.2200860788901965e+05 5.3327590176077242e+09 1.1324908345149293e+09 1.9279875413794116e+14 2.4326777809202400e-04 2.9998664870083074e+00 6.3102233650518706e+01
9.0030110638388316e+05 6.3931231190581038e-05 5.7102559624459705e+09 6.2200860788901825e+05 5.3327590176076641e+09 1.1324908345149190e+09 1.9541820916120034e+14 2.4436454294666572e-04 2.9998664870081044e+00 6.3102233650520866e+01
9.0436008460049343e+05 6.3931231190580591e-05 5.7102559624459095e+09 6.2200860788901616e+05 5.3327590176076088e+09 1.1324908345149038e+09 1.9807325333880628e+14 2.4546625252993453e-04 2.9998664870079010e+00 6.3102233650522599e+01
9.0843736258819816e+05 6.3931231190580021e-05 5.7102559624458494e+09 6.2200860788901499e+05 5.3327590176075516e+09 1.1324908345148952e+09 2.0076437020183541e+14 2.4657292913497840e-04 2.9998664870076963e+00 6.3102233650524866e+01
9.1253302285091940e+05 6.3931231190579452e-05 5.7102559624457884e+09 6.2200860788901383e+05 5.3327590176074944e+09 1.1324908345148869e+09 2.0349204985084600e+14 2.4768459515545315e-04 2.9998664870074907e+00 6.3102233650526955e+01
9.1664714826454525e+05 6.3931231190578883e-05 5.7102559624457273e+09 6.2200860788901243e+05 5.3327590176074352e+09 1.1324908345148766e+09 2.0625678904513425e+14 2.4880127308597592e-04 2.9998664870072846e+00 6.3102233650529236e+01
9.2077982207860728e+05 6.3931231190578314e-05 5.7102559624456463e+09 6.2200860788900941e+05 5.3327590176073608e+09 1.1324908345148547e+09 2.0905909129320284e+14 2.4992298552257964e-04 2.9998664870070773e+00 6.3102233650530792e+01
9.2493112791796459e+05 6.3931231190577866e-05 5.7102559624455853e+09 6.2200860788900731e+05 5.3327590176073055e+09 1.1324908345148394e+09 2.1189946694445916e+14 2.5104975516317130e-04 2.9998664870068690e+00 6.3102233650532682e+01
9.2910114978449675e+05 6.3931231190577297e-05 5.7102559624455242e+09 6.2200860788900591e+05 5.3327590176072464e+09 1.1324908345148292e+09 2.1477843328215906e+14 2.5218160480799029e-04 2.9998664870066598e+00 6.3102233650534806e+01
9.3328997205880238e+05 6.3931231190576728e-05 5.7102559624454432e+09 6.2200860788900312e+05 5.3327590176071758e+09 1.1324908345148087e+09 2.1769651461761284e+14 2.5331855736007009e-04 2.9998664870064498e+00 6.3102233650536476e+01
9.3749767950190778e+05 6.3931231190576159e-05 5.7102559624453821e+09 6.2200860788900172e+05 5.3327590176071157e+09 1.1324908345147986e+09 2.2065424238567256e+14 2.5446063582570207e-04 2.9998664870062384e+00 6.3102233650538786e+01
9.4172435725698143e+05 6.3931231190575481e-05 5.7102559624453211e+09 6.2200860788900126e+05 5.3327590176070557e+09 1.1324908345147953e+09 2.2365215524151519e+14 2.5560786331490045e-04 2.9998664870060265e+00 6.3102233650541308e+01
9.4597009085105686e+05 6.3931231190574912e-05 5.7102559624452400e+09 6.2200860788899823e+05 5.3327590176069813e+09 1.1324908345147731e+09 2.2669079915874169e+14 2.5676026304187022e-04 2.9998664870058134e+00 6.3102233650543042e+01
9.5023496619676379e+05 6.3931231190574343e-05 5.7102559624451799e+09 6.2200860788899730e+05 5.3327590176069269e+09 1.1324908345147665e+09 2.2977072752880850e+14 2.5791785832547708e-04 2.9998664870055993e+00 6.3102233650545237e+01
9.5451906959406589e+05 6.3931231190573774e-05 5.7102559624450979e+09 6.2200860788899404e+05 5.3327590176068506e+09 1.1324908345147426e+09 2.3289250126180991e+14 2.5908067258971880e-04 2.9998664870053844e+00 6.3102233650546950e+01
9.5882248773200763e+05 6.3931231190573204e-05 5.7102559624450378e+09 6.2200860788899288e+05 5.3327590176067944e+09 1.1324908345147343e+09 2.3605668888863012e+14 2.6024872936419960e-04 2.9998664870051686e+00 6.3102233650549195e+01
9.6314530769046815e+05 6.3931231190572527e-05 5.7102559624449568e+09 6.2200860788899055e+05 5.3327590176067162e+09 1.1324908345147173e+09 2.3926386666448244e+14 2.6142205228460615e-04 2.9998664870049518e+00 6.3102233650551319e+01
9.6748761694192328e+05 6.3931231190571958e-05 5.7102559624448957e+09 6.2200860788898938e+05 5.3327590176066589e+09 1.1324908345147088e+09 2.4251461867385619e+14 2.6260066509318586e-04 2.9998664870047338e+00 6.3102233650553622e+01
9.7184950335321575e+05 6.3931231190571388e-05 5.7102559624448147e+09 6.2200860788898636e+05 5.3327590176065865e+09 1.1324908345146868e+09 2.4580953693688847e+14 2.6378459163922744e-04 2.9998664870045153e+00 6.3102233650555313e+01
9.7623105518733314e+05 6.3931231190570711e-05 5.7102559624447336e+09 6.2200860788898426e+05 5.3327590176065121e+09 1.1324908345146713e+09 2.4914922151718209e+14 2.6497385587954280e-04 2.9998664870042955e+00 6.3102233650557423e+01
9.8063236110519373e+05 6.3931231190570142e-05 5.7102559624446726e+09 6.2200860788898286e+05 5.3327590176064520e+09 1.1324908345146613e+09 2.5253428063108753e+14 2.6616848187895308e-04 2.9998664870040743e+00 6.3102233650559739e+01
9.8505351016744075e+05 6.3931231190569450e-05 5.7102559624445915e+09 6.2200860788898077e+05 5.3327590176063766e+09 1.1324908345146461e+09 2.5596533075847022e+14 2.6736849381077437e-04 2.9998664870038527e+00 6.3102233650561921e+01
9.8949459183624445e+05 6.3931231190568773e-05 5.7102559624445105e+09 6.2200860788897867e+05 5.3327590176063023e+09 1.1324908345146308e+09 2.5944299675498228e+14 2.6857391595730754e-04 2.9998664870036298e+00 6.3102233650563925e+01
9.9395569597711228e+05 6.3931231190568204e-05 5.7102559624444284e+09 6.2200860788897541e+05 5.3327590176062269e+09 1.1324908345146070e+09 2.6296791196586066e+14 2.6978477271032944e-04 2.9998664870034060e+00 6.3102233650565751e+01
9.9843691286070738e+05 6.3931231190567526e-05 5.7102559624443684e+09 6.2200860788897518e+05 5.3327590176061687e+09 1.1324908345146053e+09 2.6654071834126938e+14 2.7100108857158647e-04 2.9998664870031813e+00 6.3102233650568373e+01
1.0029383331646753e+06 6.3931231190566848e-05 5.7102559624442873e+09 6.2200860788897285e+05 5.3327590176060915e+09 1.1324908345145884e+09 2.7016206655321131e+14 2.7222288815329025e-04 2.9998664870029552e+00 6.3102233650570597e+01
1.0074600479754789e+06 6.3931231190566157e-05 5.7102559624442053e+09 6.2200860788897076e+05 5.3327590176060162e+09 1.1324908345145731e+09 2.7383261611402706e+14 2.7345019617861589e-04 2.9998664870027287e+00 6.3102233650572671e+01
1.0120021487902411e+06 6.3931231190565479e-05 5.7102559624441242e+09 6.2200860788896843e+05 5.3327590176059399e+09 1.1324908345145562e+09 2.7755303549650300e+14 2.7468303748220193e-04 2.9998664870025009e+00 6.3102233650574874e+01
1.0165647275185970e+06 6.3931231190564802e-05 5.7102559624440432e+09 6.2200860788896633e+05 5.3327590176058655e+09 1.1324908345145409e+09 2.8132400225561347e+14 2.7592143701065335e-04 2.9998664870022718e+00 6.3102233650577034e+01
1.0211478764845531e+06 6.3931231190564124e-05 5.7102559624439621e+09 6.2200860788896400e+05 5.3327590176057882e+09 1.1324908345145240e+09 2.8514620315191469e+14 2.7716541982304580e-04 2.9998664870020417e+00 6.3102233650579144e+01
1.0257516884283555e+06 6.3931231190563433e-05 5.7102559624438810e+09 6.2200860788896191e+05 5.3327590176057129e+09 1.1324908345145087e+09 2.8902033427661606e+14 2.7841501109143307e-04 2.9998664870018108e+00 6.3102233650581383e+01
1.0303762565083669e+06 6.3931231190562755e-05 5.7102559624438000e+09 6.2200860788895958e+05 5.3327590176056366e+09 1.1324908345144916e+09 2.9294710117835244e+14 2.7967023610135655e-04 2.9998664870015790e+00 6.3102233650583514e+01
1.0350216743029515e+06 6.3931231190562078e-05 5.7102559624437189e+09 6.2200860788895725e+05 5.3327590176055603e+09 1.1324908345144749e+09 2.9692721899167462e+14 2.8093112025235619e-04 2.9998664870013458e+00 6.3102233650585660e+01
1.0396880358123684e+06 6.3931231190561400e-05 5.7102559624436378e+09 6.2200860788895516e+05 5.3327590176054850e+09 1.1324908345144596e+09 3.0096141256729056e+14 2.8219768905848544e-04 2.9998664870011118e+00 6.3102233650587877e+01
1.0443754354606738e+06 6.3931231190560709e-05 5.7102559624435358e+09 6.2200860788895097e+05 5.3327590176053915e+09 1.1324908345144289e+09 3.0505041660407188e+14 2.8346996814882679e-04 2.9998664870008764e+00 6.3102233650589547e+01
1.0490839680976316e+06 6.3931231190559923e-05 5.7102559624434547e+09 6.2200860788894980e+05 5.3327590176053171e+09 1.1324908345144205e+09 3.0919497578285719e+14 2.8474798326801059e-04 2.9998664870006406e+00 6.3102233650592147e+01
1.0538137290006329e+06 6.3931231190559232e-05 5.7102559624433737e+09 6.2200860788894747e+05 5.3327590176052389e+09 1.1324908345144036e+09 3.1339584490207000e+14 2.8603176027673600e-04 2.9998664870004030e+00 6.3102233650594393e+01
1.0585648138766240e+06 6.3931231190558554e-05 5.7102559624432926e+09 6.2200860788894538e+05 5.3327590176051645e+09 1.1324908345143883e+09 3.1765378901518319e+14 2.8732132515229452e-04 2.9998664870001646e+00 6.3102233650596595e+01
1.0633373188640422e+06 6.3931231190557755e-05 5.7102559624431915e+09 6.2200860788894235e+05 5.3327590176050711e+09 1.1324908345143661e+09 3.2196958357004662e+14 2.8861670398909505e-04 2.9998664869999252e+00 6.3102233650598649e+01
1.0681313405347627e+06 6.3931231190557077e-05 5.7102559624431105e+09 6.2200860788894002e+05 5.3327590176049957e+09 1.1324908345143492e+09 3.2634401455011256e+14 2.8991792299919270e-04 2.9998664869996849e+00 6.3102233650600951e+01
1.0729469758960512e+06 6.3931231190556277e-05 5.7102559624430294e+09 6.2200860788893863e+05 5.3327590176049156e+09 1.1324908345143392e+09 3.3077787861757494e+14 2.9122500851281842e-04 2.9998664869994434e+00 6.3102233650603544e+01
1.0777843223925275e+06 6.3931231190555491e-05 5.7102559624429274e+09 6.2200860788893537e+05 5.3327590176048222e+09 1.1324908345143154e+09 3.3527198325845738e+14 2.9253798697891238e-04 2.9998664869992004e+00 6.3102233650605605e+01
1.0826434779081380e+06 6.3931231190554800e-05 5.7102559624428463e+09 6.2200860788893327e+05 5.3327590176047478e+09 1.1324908345143001e+09 3.3982714692967056e+14 2.9385688496565891e-04 2.9998664869989566e+00 6.3102233650607864e+01
1.0875245407681346e+06 6.3931231190554014e-05 5.7102559624427452e+09 6.2200860788893001e+05 5.3327590176046543e+09 1.1324908345142765e+09 3.4444419920806725e+14 2.9518172916102392e-04 2.9998664869987119e+00 6.3102233650609890e+01
1.0924276097410663e+06 6.3931231190553214e-05 5.7102559624426641e+09 6.2200860788892861e+05 5.3327590176045752e+09 1.1324908345142663e+09 3.4912398094152362e+14 2.9651254637329548e-04 2.9998664869984659e+00 6.3102233650612646e+01
1.0973527840407765e+06 6.3931231190552428e-05 5.7102559624425621e+09 6.2200860788892535e+05 5.3327590176044817e+09 1.1324908345142424e+09 3.5386734440207300e+14 2.9784936353162569e-04 2.9998664869982190e+00 6.3102233650614636e+01
1.1023001633284113e+06 6.3931231190551629e-05 5.7102559624424610e+09 6.2200860788892233e+05 5.3327590176043892e+09 1.1324908345142205e+09 3.5867515344111931e+14 2.9919220768657588e-04 2.9998664869979708e+00 6.3102233650616739e+01
1.1072698477144351e+06 6.3931231190550829e-05 5.7102559624423800e+09 6.2200860788892093e+05 5.3327590176043100e+09 1.1324908345142102e+09 3.6354828364675956e+14 3.0054110601066415e-04 2.9998664869977212e+00 6.3102233650619404e+01
1.1122619377606579e+06 6.3931231190550043e-05 5.7102559624422789e+09 6.2200860788891767e+05 5.3327590176042166e+09 1.1324908345141866e+09 3.6848762250324550e+14 3.0189608579891491e-04 2.9998664869974707e+00 6.3102233650621621e+01
1.1172765344822686e+06 6.3931231190549244e-05 5.7102559624421768e+09 6.2200860788891464e+05 5.3327590176041241e+09 1.1324908345141644e+09 3.7349406955260850e+14 3.0325717446941106e-04 2.9998664869972194e+00 6.3102233650623745e+01
1.1223137393498805e+06 6.3931231190548336e-05 5.7102559624420757e+09 6.2200860788891232e+05 5.3327590176040287e+09 1.1324908345141475e+09 3.7856853655848394e+14 3.0462439956384943e-04 2.9998664869969667e+00 6.3102233650626204e+01
1.1273736542915837e+06 6.3931231190547536e-05 5.7102559624419746e+09 6.2200860788890906e+05 5.3327590176039333e+09 1.1324908345141239e+09 3.8371194767215919e+14 3.0599778874809751e-04 2.9998664869967127e+00 6.3102233650628378e+01
1.1324563816950072e+06 6.3931231190546750e-05 5.7102559624418926e+09 6.2200860788890766e+05 5.3327590176038561e+09 1.1324908345141134e+09 3.8892523960087719e+14 3.0737736981275335e-04 2.9998664869964577e+00 6.3102233650630900e+01
1.1375620244093919e+06 6.3931231190545842e-05 5.7102559624417915e+09 6.2200860788890533e+05 5.3327590176037607e+09 1.1324908345140967e+09 3.9420936177842869e+14 3.0876317067370817e-04 2.9998664869962015e+00 6.3102233650633536e+01
1.1426906857476707e+06 6.3931231190545042e-05 5.7102559624416904e+09 6.2200860788890207e+05 5.3327590176036654e+09 1.1324908345140729e+09 3.9956527653806056e+14 3.1015521937271086e-04 2.9998664869959444e+00 6.3102233650635775e+01
1.1478424694885602e+06 6.3931231190544134e-05 5.7102559624415884e+09 6.2200860788889974e+05 5.3327590176035700e+09 1.1324908345140560e+09 4.0499395928773500e+14 3.1155354407793614e-04 2.9998664869956859e+00 6.3102233650638219e+01
1.1530174798786591e+06 6.3931231190543335e-05 5.7102559624414673e+09 6.2200860788889485e+05 5.3327590176034613e+09 1.1324908345140204e+09 4.1049639868776662e+14 3.1295817308455321e-04 2.9998664869954261e+00 6.3102233650639924e+01
1.1582158216345592e+06 6.3931231190542427e-05 5.7102559624413652e+09 6.2200860788889229e+05 5.3327590176033640e+09 1.1324908345140016e+09 4.1607359683087744e+14 3.1436913481529998e-04 2.9998664869951654e+00 6.3102233650642347e+01
1.1634375999449631e+06 6.3931231190541519e-05 5.7102559624412642e+09 6.2200860788889020e+05 5.3327590176032705e+09 1.1324908345139863e+09 4.2172656942469469e+14 3.1578645782105665e-04 2.9998664869949034e+00 6.3102233650644969e+01
1.1686829204728138e+06 6.3931231190540611e-05 5.7102559624411631e+09 6.2200860788888787e+05 5.3327590176031742e+09 1.1324908345139694e+09 4.2745634597672975e+14 3.1721017078142455e-04 2.9998664869946401e+00 6.3102233650647484e+01
1.1739518893574316e+06 6.3931231190539703e-05 5.7102559624410610e+09 6.2200860788888531e+05 5.3327590176030760e+09 1.1324908345139508e+09 4.3326396998186925e+14 3.1864030250530599e-04 2.9998664869943759e+00 6.3102233650650078e+01
1.1792446132166628e+06 6.3931231190538795e-05 5.7102559624409399e+09 6.2200860788888135e+05 5.3327590176029663e+09 1.1324908345139220e+09 4.3915049911241500e+14 3.2007688193148702e-04 2.9998664869941103e+00 6.3102233650652117e+01
1.1845611991490370e+06 6.3931231190537887e-05 5.7102559624408379e+09 6.2200860788887902e+05 5.3327590176028719e+09 1.1324908345139050e+09 4.4511700541070500e+14 3.2151993812922359e-04 2.9998664869938438e+00 6.3102233650654675e+01
1.1899017547359336e+06 6.3931231190536978e-05 5.7102559624407167e+09 6.2200860788887483e+05 5.3327590176027594e+09 1.1324908345138745e+09 4.5116457548435106e+14 3.2296950029882943e-04 2.9998664869935756e+00 6.3102233650656700e+01
1.1952663880437596e+06 6.3931231190536070e-05 5.7102559624406147e+09 6.2200860788887250e+05 5.3327590176026640e+09 1.1324908345138576e+09 4.5729431070412969e+14 3.2442559777226662e-04 2.9998664869933065e+00 6.3102233650659358e+01
1.2006552076261353e+06 6.3931231190535162e-05 5.7102559624404936e+09 6.2200860788886831e+05 5.3327590176025524e+09 1.1324908345138271e+09 4.6350732740456125e+14 3.2588826001373974e-04 2.9998664869930360e+00 6.3102233650661411e+01
1.2060683225260922e+06 6.3931231190534132e-05 5.7102559624403915e+09 6.2200860788886691e+05 5.3327590176024542e+09 1.1324908345138168e+09 4.6980475708721525e+14 3.2735751662029170e-04 2.9998664869927647e+00 6.3102233650664310e+01
1.2115058422782780e+06 6.3931231190533224e-05 5.7102559624402704e+09 6.2200860788886272e+05 5.3327590176023426e+09 1.1324908345137863e+09 4.7618774662677594e+14 3.2883339732240252e-04 2.9998664869924920e+00 6.3102233650666477e+01
1.2169678769111743e+06 6.3931231190532208e-05 5.7102559624401684e+09 6.2200860788886109e+05 5.3327590176022444e+09 1.1324908345137744e+09 4.8265745847990950e+14 3.3031593198459152e-04 2.9998664869922180e+00 6.3102233650669390e+01
1.2224545369493223e+06 6.3931231190531300e-05 5.7102559624400473e+09 6.2200860788885690e+05 5.3327590176021318e+09 1.1324908345137439e+09 4.8921507089696775e+14 3.3180515060602089e-04 2.9998664869919427e+00 6.3102233650671479e+01
1.2279659334155596e+06 6.3931231190530270e-05 5.7102559624399252e+09 6.2200860788885364e+05 5.3327590176020193e+09 1.1324908345137203e+09 4.9586177813656912e+14 3.3330108332110320e-04 2.9998664869916660e+00 6.3102233650673966e+01
1.2335021778332666e+06 6.3931231190529254e-05 5.7102559624398031e+09 6.2200860788885038e+05 5.3327590176019058e+09 1.1324908345136964e+09 5.0259879068309375e+14 3.3480376040011088e-04 2.9998664869913885e+00 6.3102233650676368e+01
1.2390633822286234e+06 6.3931231190528346e-05 5.7102559624396820e+09 6.2200860788884619e+05 5.3327590176017933e+09 1.1324908345136659e+09 5.0942733546713575e+14 3.3631321224978934e-04 2.9998664869911096e+00 6.3102233650678443e+01
1.2446496591328760e+06 6.3931231190527329e-05 5.7102559624395599e+09 6.2200860788884270e+05 5.3327590176016798e+09 1.1324908345136404e+09 5.1634865608894712e+14 3.3782946941397107e-04 2.9998664869908294e+00 6.3102233650680965e+01
1.2502611215846145e+06 6.3931231190526299e-05 5.7102559624394379e+09 6.2200860788883944e+05 5.3327590176015663e+09 1.1324908345136168e+09 5.2336401304492206e+14 3.3935256257419525e-04 2.9998664869905478e+00 6.3102233650683395e+01
1.2558978831320594e+06 6.3931231190525283e-05 5.7102559624393167e+09 6.2200860788883618e+05 5.3327590176014528e+09 1.1324908345135930e+09 5.3047468395715362e+14 3.4088252255032737e-04 2.9998664869902649e+00 6.3102233650685932e+01
1.2615600578353594e+06 6.3931231190524253e-05 5.7102559624391947e+09 6.2200860788883292e+05 5.3327590176013393e+09 1.1324908345135694e+09 5.3768196380611312e+14 3.4241938030118302e-04 2.9998664869899807e+00 6.3102233650688440e+01
1.2672477602689005e+06 6.3931231190523128e-05 5.7102559624390736e+09 6.2200860788883036e+05 5.3327590176012239e+09 1.1324908345135505e+09 5.4498716516648938e+14 3.4396316692515509e-04 2.9998664869896952e+00 6.3102233650691218e+01
1.2729611055236228e+06 6.3931231190522098e-05 5.7102559624389515e+09 6.2200860788882710e+05 5.3327590176011095e+09 1.1324908345135269e+09 5.5239161844623019e+14 3.4551391366084244e-04 2.9998664869894087e+00 6.3102233650693741e+01
1.2787002092093506e+06 6.3931231190521081e-05 5.7102559624388294e+09 6.2200860788882384e+05 5.3327590176009970e+09 1.1324908345135031e+09 5.5989667212883581e+14 3.4707165188768187e-04 2.9998664869891210e+00 6.3102233650696228e+01
1.2844651874571310e+06 6.3931231190519943e-05 5.7102559624386873e+09 6.2200860788881942e+05 5.3327590176008635e+09 1.1324908345134709e+09 5.6750369301894025e+14 3.4863641312658371e-04 2.9998664869888318e+00 6.3102233650698579e+01
1.2902561569215846e+06 6.3931231190518927e-05 5.7102559624385662e+09 6.2200860788881616e+05 5.3327590176007509e+09 1.1324908345134470e+09 5.7521406649123200e+14 3.5020822904056897e-04 2.9998664869885410e+00 6.3102233650701137e+01
1.2960732347832648e+06 6.3931231190517788e-05 5.7102559624384441e+09 6.2200860788881383e+05 5.3327590176006365e+09 1.1324908345134304e+09 5.8302919674275412e+14 3.5178713143541051e-04 2.9998664869882492e+00 6.3102233650704022e+01
1.3019165387510306e+06 6.3931231190516650e-05 5.7102559624383020e+09 6.2200860788880941e+05 5.3327590176005030e+09 1.1324908345133979e+09 5.9095050704863538e+14 3.5337315226027652e-04 2.9998664869879561e+00 6.3102233650706367e+01
1.3077861870644270e+06 6.3931231190515511e-05 5.7102559624381809e+09 6.2200860788880708e+05 5.3327590176003885e+09 1.1324908345133810e+09 5.9897944002129338e+14 3.5496632360837698e-04 2.9998664869876617e+00 6.3102233650709294e+01
1.3136822984960785e+06 6.3931231190514373e-05 5.7102559624380388e+09 6.2200860788880265e+05 5.3327590176002550e+09 1.1324908345133488e+09 6.0711745787315988e+14 3.5656667771761293e-04 2.9998664869873659e+00 6.3102233650711661e+01
1.3196049923540913e+06 6.3931231190513248e-05 5.7102559624378967e+09 6.2200860788879846e+05 5.3327590176001253e+09 1.1324908345133183e+09 6.1536604268297500e+14 3.5817424697122895e-04 2.9998664869870688e+00 6.3102233650713963e+01
1.3255543884844694e+06 6.3931231190512110e-05 5.7102559624377747e+09 6.2200860788879590e+05 5.3327590176000090e+09 1.1324908345132997e+09 6.2372669666570300e+14 3.5978906389846866e-04 2.9998664869867704e+00 6.3102233650716933e+01
1.3315306072735381e+06 6.3931231190510971e-05 5.7102559624376326e+09 6.2200860788879171e+05 5.3327590175998774e+09 1.1324908345132692e+09 6.3220094244610988e+14 3.6141116117523257e-04 2.9998664869864706e+00 6.3102233650719377e+01
1.3375337696503804e+06 6.3931231190509833e-05 5.7102559624374905e+09 6.2200860788878729e+05 5.3327590175997458e+09 1.1324908345132370e+09 6.4079032333606188e+14 3.6304057162473915e-04 2.9998664869861691e+00 6.3102233650721715e+01
1.3435639970892840e+06 6.3931231190508694e-05 5.7102559624373484e+09 6.2200860788878310e+05 5.3327590175996132e+09 1.1324908345132062e+09 6.4949640361558900e+14 3.6467732821818971e-04 2.9998664869858667e+00 6.3102233650724173e+01
1.3496214116122003e+06 6.3931231190507448e-05 5.7102559624372072e+09 6.2200860788877960e+05 5.3327590175994806e+09 1.1324908345131810e+09 6.5832076881777100e+14 3.6632146407543495e-04 2.9998664869855629e+00 6.3102233650726951e+01
1.3557061357912116e+06 6.3931231190506201e-05 5.7102559624370651e+09 6.2200860788877611e+05 5.3327590175993452e+09 1.1324908345131557e+09 6.6726502601748800e+14 3.6797301246564528e-04 2.9998664869852574e+00 6.3102233650729765e+01
1.3618182927510133e+06 6.3931231190505062e-05 5.7102559624369230e+09 6.2200860788877192e+05 5.3327590175992155e+09 1.1324908345131249e+09 6.7633080412410025e+14 3.6963200680798424e-04 2.9998664869849510e+00 6.3102233650732131e+01
1.3679580061714042e+06 6.3931231190503815e-05 5.7102559624367809e+09 6.2200860788876843e+05 5.3327590175990801e+09 1.1324908345130997e+09 6.8551975417810050e+14 3.7129848067228447e-04 2.9998664869846428e+00 6.3102233650734902e+01
1.3741254002897888e+06 6.3931231190502569e-05 5.7102559624366188e+09 6.2200860788876330e+05 5.3327590175989332e+09 1.1324908345130622e+09 6.9483354965179712e+14 3.7297246777972707e-04 2.9998664869843337e+00 6.3102233650737226e+01
1.3803205999036934e+06 6.3931231190501322e-05 5.7102559624364767e+09 6.2200860788875981e+05 5.3327590175987997e+09 1.1324908345130367e+09 7.0427388675408650e+14 3.7465400200352417e-04 2.9998664869840228e+00 6.3102233650740018e+01
1.3865437303732883e+06 6.3931231190500075e-05 5.7102559624363346e+09 6.2200860788875632e+05 5.3327590175986652e+09 1.1324908345130115e+09 7.1384248473935888e+14 3.7634311736960406e-04 2.9998664869837106e+00 6.3102233650742797e+01
1.3927949176239267e+06 6.3931231190498815e-05 5.7102559624361725e+09 6.2200860788875096e+05 5.3327590175985146e+09 1.1324908345129724e+09 7.2354108622060862e+14 3.7803984805729956e-04 2.9998664869833971e+00 6.3102233650745085e+01
1.3990742881486926e+06 6.3931231190497568e-05 5.7102559624360304e+09 6.2200860788874747e+05 5.3327590175983801e+09 1.1324908345129468e+09 7.3337145748679438e+14 3.7974422840004053e-04 2.9998664869830818e+00 6.3102233650747891e+01
1.4053819690109591e+06 6.3931231190496321e-05 5.7102559624358683e+09 6.2200860788874235e+05 5.3327590175982332e+09 1.1324908345129097e+09 7.4333538882451075e+14 3.8145629288604730e-04 2.9998664869827656e+00 6.3102233650750257e+01
1.4117180878469611e+06 6.3931231190494952e-05 5.7102559624357262e+09 6.2200860788873979e+05 5.3327590175980968e+09 1.1324908345128911e+09 7.5343469484403262e+14 3.8317607615902965e-04 2.9998664869824476e+00 6.3102233650753327e+01
1.4180827728683769e+06 6.3931231190493597e-05 5.7102559624355631e+09 6.2200860788873513e+05 5.3327590175979433e+09 1.1324908345128570e+09 7.6367121480978875e+14 3.8490361301888725e-04 2.9998664869821283e+00 6.3102233650755963e+01
1.4244761528649230e+06 6.3931231190492350e-05 5.7102559624354010e+09 6.2200860788873001e+05 5.3327590175977955e+09 1.1324908345128198e+09 7.7404681297532275e+14 3.8663893842241402e-04 2.9998664869818077e+00 6.3102233650758315e+01
1.4308983572069602e+06 6.3931231190490981e-05 5.7102559624352388e+09 6.2200860788872559e+05 5.3327590175976439e+09 1.1324908345127876e+09 7.8456337892280875e+14 3.8838208748400544e-04 2.9998664869814853e+00 6.3102233650760972e+01
1.4373495158481116e+06 6.3931231190489626e-05 5.7102559624350767e+09 6.2200860788872116e+05 5.3327590175974922e+09 1.1324908345127554e+09 7.9522282790717850e+14 3.9013309547636903e-04 2.9998664869811615e+00 6.3102233650763679e+01
1.4438297593278915e+06 6.3931231190488257e-05 5.7102559624349146e+09 6.2200860788871674e+05 5.3327590175973406e+09 1.1324908345127232e+09 8.0602710120492125e+14 3.9189199783123832e-04 2.9998664869808365e+00 6.3102233650766372e+01
1.4503392187743478e+06 6.3931231190486888e-05 5.7102559624347525e+09 6.2200860788871255e+05 5.3327590175971899e+09 1.1324908345126927e+09 8.1697816646762762e+14 3.9365883014008945e-04 2.9998664869805101e+00 6.3102233650769108e+01
1.4568780259067146e+06 6.3931231190485533e-05 5.7102559624345894e+09 6.2200860788870789e+05 5.3327590175970373e+09 1.1324908345126586e+09 8.2807801808033225e+14 3.9543362815486162e-04 2.9998664869801819e+00 6.3102233650771687e+01
1.4634463130380779e+06 6.3931231190484164e-05 5.7102559624344273e+09 6.2200860788870347e+05 5.3327590175968847e+09 1.1324908345126266e+09 8.3932867752472738e+14 3.9721642778868071e-04 2.9998664869798524e+00 6.3102233650774451e+01
1.4700442130780534e+06 6.3931231190482687e-05 5.7102559624342651e+09 6.2200860788869997e+05 5.3327590175967321e+09 1.1324908345126011e+09 8.5073219374731300e+14 3.9900726511658553e-04 2.9998664869795215e+00 6.3102233650777471e+01
1.4766718595354750e+06 6.3931231190481332e-05 5.7102559624340830e+09 6.2200860788869369e+05 5.3327590175965652e+09 1.1324908345125554e+09 8.6229064353254325e+14 4.0080617637625813e-04 2.9998664869791889e+00 6.3102233650779773e+01
1.4833293865210968e+06 6.3931231190479855e-05 5.7102559624339199e+09 6.2200860788869020e+05 5.3327590175964117e+09 1.1324908345125299e+09 8.7400613188104812e+14 4.0261319796875675e-04 2.9998664869788549e+00 6.3102233650782736e+01
1.4900169287503071e+06 6.3931231190478377e-05 5.7102559624337578e+09 6.2200860788868647e+05 5.3327590175962563e+09 1.1324908345125027e+09 8.8588079239299112e+14 4.0442836645925300e-04 2.9998664869785192e+00 6.3102233650785905e+01
1.4967346215458543e+06 6.3931231190476900e-05 5.7102559624335756e+09 6.2200860788868112e+05 5.3327590175960875e+09 1.1324908345124636e+09 8.9791678765663788e+14 4.0625171857777112e-04 2.9998664869781821e+00 6.3102233650788463e+01
1.5034826008405844e+06 6.3931231190475423e-05 5.7102559624333925e+09 6.2200860788867576e+05 5.3327590175959177e+09 1.1324908345124247e+09 9.1011630964219800e+14 4.0808329121993142e-04 2.9998664869778437e+00 6.3102233650790993e+01
1.5102610031801926e+06 6.3931231190473946e-05 5.7102559624332304e+09 6.2200860788867227e+05 5.3327590175957661e+09 1.1324908345123994e+09 9.2248158010102588e+14 4.0992312144769703e-04 2.9998664869775040e+00 6.3102233650794162e+01
1.5170699657259863e+06 6.3931231190472468e-05 5.7102559624330482e+09 6.2200860788866691e+05 5.3327590175955963e+09 1.1324908345123603e+09 9.3501485097024162e+14 4.1177124649012390e-04 2.9998664869771621e+00 6.3102233650796663e+01
1.5239096262576594e+06 6.3931231190470991e-05 5.7102559624328651e+09 6.2200860788866132e+05 5.3327590175954256e+09 1.1324908345123196e+09 9.4771840478284500e+14 4.1362770374411351e-04 2.9998664869768192e+00 6.3102233650799334e+01
1.5307801231760816e+06 6.3931231190469406e-05 5.7102559624326830e+09 6.2200860788865690e+05 5.3327590175952549e+09 1.1324908345122874e+09 9.6059455508341012e+14 4.1549253077517045e-04 2.9998664869764746e+00 6.3102233650802177e+01
1.5376815955060981e+06 6.3931231190467928e-05 5.7102559624324999e+09 6.2200860788865155e+05 5.3327590175950851e+09 1.1324908345122485e+09 9.7364564684942138e+14 4.1736576531816198e-04 2.9998664869761282e+00 6.3102233650804820e+01
1.5446141828993435e+06 6.3931231190466343e-05 5.7102559624323177e+09 6.2200860788864689e+05 5.3327590175949135e+09 1.1324908345122144e+09 9.8687405691833538e+14 4.1924744527808191e-04 2.9998664869757805e+00 6.3102233650807719e+01
1.5515780256370669e+06 6.3931231190464744e-05 5.7102559624321146e+09 6.2200860788864060e+05 5.3327590175947256e+09 1.1324908345121686e+09 1.0002821944204455e+15 4.2113760873081741e-04 2.9998664869754310e+00 6.3102233650810113e+01
1.5585732646329741e+06 6.3931231190463158e-05 5.7102559624319324e+09 6.2200860788863595e+05 5.3327590175945539e+09 1.1324908345121348e+09 1.0138725012176346e+15 4.2303629392392042e-04 2.9998664869750802e+00 6.3102233650813190e+01
1.5656000414360662e+06 6.3931231190461572e-05 5.7102559624317493e+09 6.2200860788863152e+05 5.3327590175943832e+09 1.1324908345121026e+09 1.0276474523480602e+15 4.2494353927737796e-04 2.9998664869747276e+00 6.3102233650816082e+01
1.5726584982335228e+06 6.3931231190459987e-05 5.7102559624315472e+09 6.2200860788862500e+05 5.3327590175941954e+09 1.1324908345120552e+09 1.0416095564769315e+15 4.2685938338439528e-04 2.9998664869743732e+00 6.3102233650818555e+01
1.5797487778535672e+06 6.3931231190458387e-05 5.7102559624313641e+09 6.2200860788862058e+05 5.3327590175940237e+09 1.1324908345120230e+09 1.0557613563533669e+15 4.2878386501217248e-04 2.9998664869740175e+00 6.3102233650821553e+01
1.5868710237683579e+06 6.3931231190456693e-05 5.7102559624311609e+09 6.2200860788861499e+05 5.3327590175938358e+09 1.1324908345119822e+09 1.0701054292734744e+15 4.3071702310269082e-04 2.9998664869736604e+00 6.3102233650824246e+01
1.5940253800968942e+06 6.3931231190455094e-05 5.7102559624309587e+09 6.2200860788860871e+05 5.3327590175936480e+09 1.1324908345119364e+09 1.0846443875497281e+15 4.3265889677349996e-04 2.9998664869733016e+00 6.3102233650826790e+01
1.6012119916079307e+06 6.3931231190453400e-05 5.7102559624307756e+09 6.2200860788860498e+05 5.3327590175934734e+09 1.1324908345119092e+09 1.0993808789867112e+15 4.3460952531850975e-04 2.9998664869729410e+00 6.3102233650830144e+01
1.6084310037229068e+06 6.3931231190451692e-05 5.7102559624305725e+09 6.2200860788859939e+05 5.3327590175932846e+09 1.1324908345118685e+09 1.1143175873633334e+15 4.3656894820878528e-04 2.9998664869725786e+00 6.3102233650832922e+01
1.6156825625188905e+06 6.3931231190449985e-05 5.7102559624303703e+09 6.2200860788859380e+05 5.3327590175930939e+09 1.1324908345118279e+09 1.1294572329215932e+15 4.3853720509334597e-04 2.9998664869722149e+00 6.3102233650835757e+01
1.6229668147315329e+06 6.3931231190448277e-05 5.7102559624301672e+09 6.2200860788858822e+05 5.3327590175929031e+09 1.1324908345117872e+09 1.1448025728619830e+15 4.4051433579996724e-04 2.9998664869718494e+00 6.3102233650838684e+01
1.6302839077580385e+06 6.3931231190446583e-05 5.7102559624299440e+09 6.2200860788858100e+05 5.3327590175927010e+09 1.1324908345117345e+09 1.1603564018456260e+15 4.4250038033598674e-04 2.9998664869714826e+00 6.3102233650840937e+01
1.6376339896601466e+06 6.3931231190444767e-05 5.7102559624297409e+09 6.2200860788857634e+05 5.3327590175925083e+09 1.1324908345117006e+09 1.1761215525032305e+15 4.4449537888911414e-04 2.9998664869711136e+00 6.3102233650844106e+01
1.6450172091671289e+06 6.3931231190443059e-05 5.7102559624295387e+09 6.2200860788857075e+05 5.3327590175923195e+09 1.1324908345116599e+09 1.1921008959509628e+15 4.4649937182824386e-04 2.9998664869707432e+00 6.3102233650846998e+01
1.6524337156787973e+06 6.3931231190441243e-05 5.7102559624293156e+09 6.2200860788856447e+05 5.3327590175921135e+09 1.1324908345116141e+09 1.2082973423133380e+15 4.4851239970427226e-04 2.9998664869703711e+00 6.3102233650849683e+01
1.6598836592685287e+06 6.3931231190439427e-05 5.7102559624291124e+09 6.2200860788855958e+05 5.3327590175919189e+09 1.1324908345115786e+09 1.2247138412531918e+15 4.5053450325091820e-04 2.9998664869699976e+00 6.3102233650852824e+01
1.6673671906863002e+06 6.3931231190437611e-05 5.7102559624288893e+09 6.2200860788855306e+05 5.3327590175917130e+09 1.1324908345115311e+09 1.2413533825088762e+15 4.5256572338554698e-04 2.9998664869696219e+00 6.3102233650855574e+01
1.6748844613617409e+06 6.3931231190435795e-05 5.7102559624286661e+09 6.2200860788854677e+05 5.3327590175915070e+09 1.1324908345114853e+09 1.2582189964387440e+15 4.5460610120999875e-04 2.9998664869692448e+00 6.3102233650858288e+01
1.6824356234071951e+06 6.3931231190433979e-05 5.7102559624284430e+09 6.2200860788854002e+05 5.3327590175912971e+09 1.1324908345114362e+09 1.2753137545730222e+15 4.5665567801141940e-04 2.9998664869688660e+00 6.3102233650860988e+01
1.6900208296208004e+06 6.3931231190432041e-05 5.7102559624282398e+09 6.2200860788853629e+05 5.3327590175911036e+09 1.1324908345114090e+09 1.2926407701732105e+15 4.5871449526309755e-04 2.9998664869684855e+00 6.3102233650864569e+01
1.6976402334895807e+06 6.3931231190430225e-05 5.7102559624279966e+09 6.2200860788852791e+05 5.3327590175908813e+09 1.1324908345113480e+09 1.3102031987990402e+15 4.6078259462530187e-04 2.9998664869681031e+00 6.3102233650866808e+01
1.7052939891925503e+06 6.3931231190428301e-05 5.7102559624277735e+09 6.2200860788852233e+05 5.3327590175906715e+09 1.1324908345113072e+09 1.3280042388831770e+15 4.6286001794612559e-04 2.9998664869677194e+00 6.3102233650869849e+01
1.7129822516038346e+06 6.3931231190426363e-05 5.7102559624275503e+09 6.2200860788851674e+05 5.3327590175904627e+09 1.1324908345112667e+09 1.3460471323137002e+15 4.6494680726233206e-04 2.9998664869673335e+00 6.3102233650872904e+01
1.7207051762958046e+06 6.3931231190424438e-05 5.7102559624273272e+09 6.2200860788851092e+05 5.3327590175902529e+09 1.1324908345112243e+09 1.3643351650245175e+15 4.6704300480020699e-04 2.9998664869669462e+00 6.3102233650875959e+01
1.7284629195422237e+06 6.3931231190422500e-05 5.7102559624270840e+09 6.2200860788850370e+05 5.3327590175900288e+09 1.1324908345111716e+09 1.3828716675937820e+15 4.6914865297641091e-04 2.9998664869665568e+00 6.3102233650878510e+01
1.7362556383214106e+06 6.3931231190420576e-05 5.7102559624268608e+09 6.2200860788849788e+05 5.3327590175898180e+09 1.1324908345111291e+09 1.4016600158504628e+15 4.7126379439883922e-04 2.9998664869661660e+00 6.3102233650881587e+01
1.7440834903194159e+06 6.3931231190418529e-05 5.7102559624266167e+09 6.2200860788849113e+05 5.3327590175895901e+09 1.1324908345110800e+09 1.4207036314891335e+15 4.7338847186748328e-04 2.9998664869657734e+00 6.3102233650884486e+01
1.7519466339332121e+06 6.3931231190416605e-05 5.7102559624263735e+09 6.2200860788848368e+05 5.3327590175893650e+09 1.1324908345110259e+09 1.4400059826931272e+15 4.7552272837529663e-04 2.9998664869653786e+00 6.3102233650887051e+01
1.7598452282738998e+06 6.3931231190414559e-05 5.7102559624261503e+09 6.2200860788847902e+05 5.3327590175891542e+09 1.1324908345109918e+09 1.4595705847661585e+15 4.7766660710906567e-04 2.9998664869649825e+00 6.3102233650890533e+01
1.7677794331699265e+06 6.3931231190412512e-05 5.7102559624259071e+09 6.2200860788847227e+05 5.3327590175889254e+09 1.1324908345109427e+09 1.4794010007725140e+15 4.7982015145028260e-04 2.9998664869645846e+00 6.3102233650893403e+01
1.7757494091703214e+06 6.3931231190410466e-05 5.7102559624256430e+09 6.2200860788846388e+05 5.3327590175886841e+09 1.1324908345108817e+09 1.4995008421859700e+15 4.8198340497602392e-04 2.9998664869641845e+00 6.3102233650895883e+01
1.7837553175479432e+06 6.3931231190408311e-05 5.7102559624253998e+09 6.2200860788845806e+05 5.3327590175884533e+09 1.1324908345108392e+09 1.5198737695474775e+15 4.8415641145983166e-04 2.9998664869637830e+00 6.3102233650899159e+01
1.7917973203027444e+06 6.3931231190406264e-05 5.7102559624251566e+09 6.2200860788845154e+05 5.3327590175882263e+09 1.1324908345107918e+09 1.5405234931318330e+15 4.8633921487259977e-04 2.9998664869633793e+00 6.3102233650902079e+01
1.7998755801650491e+06 6.3931231190404110e-05 5.7102559624249125e+09 6.2200860788844572e+05 5.3327590175879965e+09 1.1324908345107493e+09 1.5614537736233815e+15 4.8853185938346321e-04 2.9998664869629743e+00 6.3102233650905390e+01
1.8079902605988458e+06 6.3931231190402063e-05 5.7102559624246492e+09 6.2200860788843711e+05 5.3327590175877533e+09 1.1324908345106866e+09 1.5826684228009060e+15 4.9073438936069261e-04 2.9998664869625671e+00 6.3102233650907763e+01
1.8161415258050945e+06 6.3931231190399908e-05 5.7102559624243851e+09 6.2200860788842966e+05 5.3327590175875092e+09 1.1324908345106325e+09 1.6041713042318130e+15 4.9294684937259067e-04 2.9998664869621581e+00 6.3102233650910478e+01
1.8243295407250507e+06 6.3931231190397631e-05 5.7102559624241419e+09 6.2200860788842477e+05 5.3327590175872774e+09 1.1324908345105968e+09 1.6259663339757665e+15 4.9516928418839564e-04 2.9998664869617473e+00 6.3102233650914272e+01
1.8325544710436014e+06 6.3931231190395477e-05 5.7102559624238787e+09 6.2200860788841709e+05 5.3327590175870314e+09 1.1324908345105407e+09 1.6480574812978640e+15 4.9740173877918579e-04 2.9998664869613347e+00 6.3102233650916979e+01
1.8408164831926192e+06 6.3931231190393322e-05 5.7102559624236145e+09 6.2200860788840940e+05 5.3327590175867872e+09 1.1324908345104849e+09 1.6704487693915220e+15 4.9964425831879066e-04 2.9998664869609204e+00 6.3102233650919793e+01
1.8491157443543288e+06 6.3931231190391045e-05 5.7102559624233503e+09 6.2200860788840265e+05 5.3327590175865383e+09 1.1324908345104358e+09 1.6931442761111528e+15 5.0189688818470368e-04 2.9998664869605038e+00 6.3102233650922898e+01
1.8574524224646909e+06 6.3931231190388782e-05 5.7102559624230671e+09 6.2200860788839427e+05 5.3327590175862780e+09 1.1324908345103745e+09 1.7161481347148435e+15 5.0415967395900211e-04 2.9998664869600855e+00 6.3102233650925591e+01
1.8658266862168000e+06 6.3931231190386505e-05 5.7102559624228029e+09 6.2200860788838728e+05 5.3327590175860281e+09 1.1324908345103238e+09 1.7394645346170625e+15 5.0643266142926804e-04 2.9998664869596654e+00 6.3102233650928760e+01
1.8742387050642974e+06 6.3931231190384228e-05 5.7102559624225397e+09 6.2200860788838076e+05 5.3327590175857821e+09 1.1324908345102763e+09 1.7630977221516600e+15 5.0871589658951549e-04 2.9998664869592435e+00 6.3102233650931879e+01
1.8826886492248015e+06 6.3931231190381965e-05 5.7102559624222555e+09 6.2200860788837192e+05 5.3327590175855169e+09 1.1324908345102119e+09 1.7870520013451680e+15 5.1100942564112075e-04 2.9998664869588194e+00 6.3102233650934465e+01
1.8911766896833505e+06 6.3931231190379579e-05 5.7102559624219713e+09 6.2200860788836423e+05 5.3327590175852528e+09 1.1324908345101559e+09 1.8113317347006748e+15 5.1331329499375831e-04 2.9998664869583940e+00 6.3102233650937478e+01
1.8997029981958638e+06 6.3931231190377194e-05 5.7102559624217072e+09 6.2200860788835841e+05 5.3327590175850039e+09 1.1324908345101135e+09 1.8359413439922895e+15 5.1562755126633808e-04 2.9998664869579659e+00 6.3102233650941031e+01
1.9082677472926157e+06 6.3931231190374917e-05 5.7102559624214239e+09 6.2200860788834980e+05 5.3327590175847406e+09 1.1324908345100508e+09 1.8608853110704312e+15 5.1795224128795036e-04 2.9998664869575364e+00 6.3102233650943653e+01
1.9168711102817289e+06 6.3931231190372424e-05 5.7102559624211397e+09 6.2200860788834305e+05 5.3327590175844746e+09 1.1324908345100017e+09 1.8861681786780675e+15 5.2028741209881322e-04 2.9998664869571048e+00 6.3102233650947007e+01
1.9255132612526792e+06 6.3931231190370038e-05 5.7102559624208355e+09 6.2200860788833327e+05 5.3327590175841913e+09 1.1324908345099304e+09 1.9117945512780030e+15 5.2263311095122314e-04 2.9998664869566714e+00 6.3102233650949458e+01
1.9341943750798195e+06 6.3931231190367653e-05 5.7102559624205513e+09 6.2200860788832558e+05 5.3327590175839262e+09 1.1324908345098743e+09 1.9377690958914805e+15 5.2498938531051311e-04 2.9998664869562357e+00 6.3102233650952464e+01
1.9429146274259179e+06 6.3931231190365160e-05 5.7102559624202671e+09 6.2200860788831883e+05 5.3327590175836601e+09 1.1324908345098252e+09 1.9640965429480655e+15 5.2735628285601106e-04 2.9998664869557983e+00 6.3102233650955789e+01
1.9516741947457127e+06 6.3931231190362652e-05 5.7102559624199629e+09 6.2200860788830998e+05 5.3327590175833759e+09 1.1324908345097609e+09 1.9907816871471995e+15 5.2973385148200633e-04 2.9998664869553586e+00 6.3102233650958631e+01
1.9604732542894820e+06 6.3931231190360159e-05 5.7102559624196587e+09 6.2200860788830137e+05 5.3327590175830946e+09 1.1324908345096982e+09 2.0178293883313660e+15 5.3212213929871731e-04 2.9998664869549172e+00 6.3102233650961416e+01
1.9693119841066317e+06 6.3931231190357665e-05 5.7102559624193544e+09 6.2200860788829252e+05 5.3327590175828104e+09 1.1324908345096335e+09 2.0452445723711780e+15 5.3452119463326679e-04 2.9998664869544740e+00 6.3102233650964351e+01
1.9781905630492971e+06 6.3931231190355049e-05 5.7102559624190502e+09 6.2200860788828460e+05 5.3327590175825243e+09 1.1324908345095761e+09 2.0730322320624325e+15 5.3693106603065776e-04 2.9998664869540286e+00 6.3102233650967541e+01
1.9871091707759630e+06 6.3931231190352434e-05 5.7102559624187460e+09 6.2200860788827692e+05 5.3327590175822401e+09 1.1324908345095201e+09 2.1011974280354390e+15 5.3935180225475772e-04 2.9998664869535809e+00 6.3102233650970682e+01
1.9960679877550981e+06 6.3931231190349940e-05 5.7102559624184418e+09 6.2200860788826807e+05 5.3327590175819559e+09 1.1324908345094557e+09 2.1297452896766025e+15 5.4178345228928350e-04 2.9998664869531315e+00 6.3102233650973538e+01
2.0050671952688079e+06 6.3931231190347216e-05 5.7102559624181366e+09 6.2200860788826109e+05 5.3327590175816689e+09 1.1324908345094047e+09 2.1586810160626075e+15 5.4422606533879468e-04 2.9998664869526799e+00 6.3102233650977055e+01
2.0141069754165020e+06 6.3931231190344600e-05 5.7102559624178123e+09 6.2200860788825154e+05 5.3327590175813694e+09 1.1324908345093353e+09 2.1880098769072435e+15 5.4667969082968664e-04 2.9998664869522265e+00 6.3102233650979777e+01
2.0231875111185790e+06 6.3931231190341985e-05 5.7102559624174881e+09 6.2200860788824176e+05 5.3327590175810671e+09 1.1324908345092640e+09 2.2177372135211315e+15 5.4914437841119290e-04 2.9998664869517708e+00 6.3102233650982463e+01
2.0323089861201290e+06 6.3931231190339261e-05 5.7102559624171839e+09 6.2200860788823478e+05 5.3327590175807800e+09 1.1324908345092132e+09 2.2478684397844575e+15 5.5162017795638884e-04 2.9998664869513134e+00 6.3102233650985994e+01
2.0414715849946497e+06 6.3931231190336537e-05 5.7102559624168587e+09 6.2200860788822593e+05 5.3327590175804768e+09 1.1324908345091488e+09 2.2784090431329485e+15 5.5410713956320059e-04 2.9998664869508538e+00 6.3102233650989014e+01
2.0506754931477839e+06 6.3931231190333813e-05 5.7102559624165344e+09 6.2200860788821708e+05 5.3327590175801735e+09 1.1324908345090842e+09 2.3093645855572290e+15 5.5660531355541975e-04 2.9998664869503919e+00 6.3102233650992034e+01
2.0599208968210679e+06 6.3931231190330967e-05 5.7102559624161892e+09 6.2200860788820731e+05 5.3327590175798521e+09 1.1324908345090132e+09 2.3407407046157405e+15 5.5911475048372029e-04 2.9998664869499283e+00 6.3102233650994883e+01
2.0692079830957036e+06 6.3931231190328242e-05 5.7102559624158649e+09 6.2200860788819846e+05 5.3327590175795488e+09 1.1324908345089486e+09 2.3725431144614830e+15 5.6163550112668333e-04 2.9998664869494625e+00 6.3102233650997960e+01
2.0785369398963412e+06 6.3931231190325410e-05 5.7102559624155197e+09 6.2200860788818868e+05 5.3327590175792284e+09 1.1324908345088773e+09 2.4047776068826235e+15 5.6416761649182219e-04 2.9998664869489944e+00 6.3102233651000795e+01
2.0879079559948838e+06 6.3931231190322564e-05 5.7102559624151955e+09 6.2200860788818053e+05 5.3327590175789223e+09 1.1324908345088181e+09 2.4374500523573130e+15 5.6671114781661725e-04 2.9998664869485241e+00 6.3102233651004227e+01
2.0973212210143059e+06 6.3931231190319731e-05 5.7102559624148502e+09 6.2200860788817075e+05 5.3327590175786018e+09 1.1324908345087469e+09 2.4705664011227835e+15 5.6926614656955079e-04 2.9998664869480516e+00 6.3102233651007026e+01
2.1067769254324916e+06 6.3931231190316777e-05 5.7102559624145060e+09 6.2200860788816190e+05 5.3327590175782795e+09 1.1324908345086825e+09 2.5041326842590095e+15 5.7183266445114860e-04 2.9998664869475773e+00 6.3102233651010231e+01
2.1162752605860881e+06 6.3931231190313823e-05 5.7102559624141607e+09 6.2200860788815282e+05 5.3327590175779552e+09 1.1324908345086162e+09 2.5381550147870710e+15 5.7441075339502781e-04 2.9998664869471008e+00 6.3102233651013449e+01
2.1258164186743773e+06 6.3931231190310977e-05 5.7102559624137955e+09 6.2200860788814118e+05 5.3327590175776186e+09 1.1324908345085316e+09 2.5726395887824295e+15 5.7700046556894531e-04 2.9998664869466221e+00 6.3102233651015808e+01
2.1354005927631650e+06 6.3931231190307914e-05 5.7102559624134512e+09 6.2200860788813327e+05 5.3327590175772953e+09 1.1324908345084739e+09 2.6075926865033745e+15 5.7960185337585502e-04 2.9998664869461416e+00 6.3102233651019375e+01
2.1450279767886898e+06 6.3931231190304959e-05 5.7102559624130859e+09 6.2200860788812232e+05 5.3327590175769539e+09 1.1324908345083942e+09 2.6430206735347445e+15 5.8221496945496873e-04 2.9998664869456584e+00 6.3102233651022111e+01
2.1546987655615434e+06 6.3931231190301896e-05 5.7102559624127207e+09 6.2200860788811231e+05 5.3327590175766125e+09 1.1324908345083210e+09 2.6789300019472265e+15 5.8483986668281924e-04 2.9998664869451734e+00 6.3102233651025159e+01
2.1644131547706155e+06 6.3931231190298833e-05 5.7102559624123755e+09 6.2200860788810439e+05 5.3327590175762892e+09 1.1324908345082636e+09 2.7153272114723835e+15 5.8747659817433176e-04 2.9998664869446858e+00 6.3102233651028691e+01
2.1741713409870532e+06 6.3931231190295771e-05 5.7102559624119902e+09 6.2200860788809252e+05 5.3327590175759325e+09 1.1324908345081770e+09 2.7522189306936735e+15 5.9012521728389914e-04 2.9998664869441964e+00 6.3102233651031177e+01
2.1839735216682372e+06 6.3931231190292694e-05 5.7102559624116249e+09 6.2200860788808274e+05 5.3327590175755920e+09 1.1324908345081060e+09 2.7896118782536095e+15 5.9278577760645977e-04 2.9998664869437044e+00 6.3102233651034283e+01
2.1938198951617796e+06 6.3931231190289523e-05 5.7102559624112597e+09 6.2200860788807343e+05 5.3327590175752478e+09 1.1324908345080380e+09 2.8275128640773715e+15 5.9545833297858361e-04 2.9998664869432106e+00 6.3102233651037587e+01
2.2037106607095352e+06 6.3931231190286338e-05 5.7102559624108744e+09 6.2200860788806248e+05 5.3327590175748882e+09 1.1324908345079584e+09 2.8659287906130060e+15 5.9814293747956107e-04 2.9998664869427145e+00 6.3102233651040486e+01
2.2136460184516343e+06 6.3931231190283153e-05 5.7102559624104891e+09 6.2200860788805177e+05 5.3327590175745316e+09 1.1324908345078802e+09 2.9048666540884540e+15 6.0083964543249677e-04 2.9998664869422158e+00 6.3102233651043420e+01
2.2236261694305339e+06 6.3931231190279982e-05 5.7102559624101038e+09 6.2200860788804060e+05 5.3327590175741711e+09 1.1324908345077989e+09 2.9443335457857535e+15 6.0354851140541007e-04 2.9998664869417153e+00 6.3102233651046220e+01
2.2336513155950825e+06 6.3931231190276689e-05 5.7102559624097176e+09 6.2200860788803059e+05 5.3327590175738096e+09 1.1324908345077262e+09 2.9843366533324240e+15 6.0626959021233820e-04 2.9998664869412122e+00 6.3102233651049495e+01
2.2437216598046087e+06 6.3931231190273395e-05 5.7102559624093323e+09 6.2200860788802058e+05 5.3327590175734491e+09 1.1324908345076530e+09 3.0248832620105055e+15 6.0900293691444499e-04 2.9998664869407072e+00 6.3102233651052615e+01
2.2538374058330273e+06 6.3931231190270102e-05 5.7102559624089470e+09 6.2200860788801056e+05 5.3327590175730886e+09 1.1324908345075803e+09 3.0659807560833210e+15 6.1174860682113670e-04 2.9998664869401996e+00 6.3102233651055833e+01
2.2639987583729597e+06 6.3931231190266687e-05 5.7102559624085417e+09 6.2200860788799939e+05 5.3327590175727081e+09 1.1324908345074987e+09 3.1076366201402905e+15 6.1450665549117990e-04 2.9998664869396898e+00 6.3102233651058938e+01
2.2742059230398773e+06 6.3931231190263394e-05 5.7102559624081354e+09 6.2200860788798751e+05 5.3327590175723314e+09 1.1324908345074124e+09 3.1498584404599910e+15 6.1727713873382570e-04 2.9998664869391778e+00 6.3102233651061695e+01
2.2844591063762633e+06 6.3931231190259992e-05 5.7102559624077301e+09 6.2200860788797657e+05 5.3327590175719538e+09 1.1324908345073326e+09 3.1926539063917835e+15 6.2006011260994000e-04 2.9998664869386635e+00 6.3102233651064722e+01
2.2947585158557897e+06 6.3931231190256468e-05 5.7102559624073238e+09 6.2200860788796633e+05 5.3327590175715723e+09 1.1324908345072579e+09 3.2360308117561490e+15 6.2285563343313674e-04 2.9998664869381466e+00 6.3102233651068012e+01
2.3051043598875171e+06 6.3931231190253067e-05 5.7102559624069185e+09 6.2200860788795515e+05 5.3327590175711927e+09 1.1324908345071766e+09 3.2799970562641075e+15 6.2566375777091811e-04 2.9998664869376275e+00 6.3102233651071103e+01
2.3154968478201125e+06 6.3931231190249543e-05 5.7102559624064922e+09 6.2200860788794328e+05 5.3327590175707960e+09 1.1324908345070901e+09 3.3245606469558885e+15 6.2848454244581950e-04 2.9998664869371061e+00 6.3102233651073988e+01
2.3259361899460838e+06 6.3931231190246019e-05 5.7102559624060659e+09 6.2200860788793117e+05 5.3327590175703993e+09 1.1324908345070019e+09 3.3697296996591465e+15 6.3131804453655832e-04 2.9998664869365825e+00 6.3102233651076794e+01
2.3364225975060351e+06 6.3931231190242509e-05 5.7102559624056406e+09 6.2200860788791906e+05 5.3327590175700026e+09 1.1324908345069139e+09 3.4155124404670250e+15 6.3416432137918964e-04 2.9998664869360563e+00 6.3102233651079665e+01
2.3469562826929432e+06 6.3931231190238864e-05 5.7102559624052143e+09 6.2200860788790789e+05 5.3327590175696039e+09 1.1324908345068324e+09 3.4619172072362465e+15 6.3702343056826650e-04 2.9998664869355278e+00 6.3102233651082898e+01
2.3575374586564498e+06 6.3931231190235231e-05 5.7102559624047880e+09 6.2200860788789694e+05 5.3327590175692062e+09 1.1324908345067527e+09 3.5089524511055815e+15 6.3989542995800455e-04 2.9998664869349971e+00 6.3102233651086053e+01
2.3681663395071737e+06 6.3931231190231599e-05 5.7102559624043627e+09 6.2200860788788577e+05 5.3327590175688076e+09 1.1324908345066712e+09 3.5566267380349920e+15 6.4278037766345370e-04 2.9998664869344638e+00 6.3102233651089328e+01
2.3788431403210456e+06 6.3931231190227859e-05 5.7102559624039164e+09 6.2200860788787343e+05 5.3327590175683899e+09 1.1324908345065815e+09 3.6049487503656220e+15 6.4567833206167385e-04 2.9998664869339282e+00 6.3102233651092263e+01
2.3895680771436589e+06 6.3931231190224213e-05 5.7102559624034700e+09 6.2200860788786062e+05 5.3327590175679750e+09 1.1324908345064883e+09 3.6539272884009850e+15 6.4858935179291574e-04 2.9998664869333900e+00 6.3102233651094942e+01
2.4003413669946408e+06 6.3931231190220364e-05 5.7102559624030237e+09 6.2200860788784921e+05 5.3327590175675573e+09 1.1324908345064051e+09 3.7035712720097025e+15 6.5151349576180763e-04 2.9998664869328500e+00 6.3102233651098366e+01
2.4111632278720457e+06 6.3931231190216610e-05 5.7102559624025774e+09 6.2200860788783710e+05 5.3327590175671396e+09 1.1324908345063169e+09 3.7538897422499225e+15 6.5445082313854766e-04 2.9998664869323068e+00 6.3102233651101336e+01
2.4220338787567634e+06 6.3931231190212748e-05 5.7102559624021101e+09 6.2200860788782383e+05 5.3327590175667028e+09 1.1324908345062203e+09 3.8048918630159105e+15 6.5740139336010041e-04 2.9998664869317615e+00 6.3102233651104235e+01
2.4329535396169531e+06 6.3931231190208885e-05 5.7102559624016438e+09 6.2200860788781079e+05 5.3327590175662699e+09 1.1324908345061255e+09 3.8565869227069105e+15 6.6036526613140066e-04 2.9998664869312135e+00 6.3102233651107021e+01
2.4439224314124938e+06 6.3931231190205023e-05 5.7102559624011974e+09 6.2200860788779939e+05 5.3327590175658493e+09 1.1324908345060422e+09 3.9089843359187715e+15 6.6334250142656100e-04 2.9998664869306633e+00 6.3102233651110424e+01
2.4549407760994532e+06 6.3931231190201052e-05 5.7102559624007311e+09 6.2200860788778728e+05 5.3327590175654144e+09 1.1324908345059540e+09 3.9620936451584630e+15 6.6633315949008462e-04 2.9998664869301104e+00 6.3102233651113622e+01
2.4660087966345819e+06 6.3931231190197081e-05 5.7102559624002438e+09 6.2200860788777308e+05 5.3327590175649624e+09 1.1324908345058508e+09 4.0159245225819900e+15 6.6933730083808555e-04 2.9998664869295553e+00 6.3102233651116229e+01
2.4771267169798235e+06 6.3931231190193097e-05 5.7102559623997774e+09 6.2200860788776074e+05 5.3327590175645237e+09 1.1324908345057609e+09 4.0704867717558395e+15 6.7235498625951254e-04 2.9998664869289975e+00 6.3102233651119427e+01
2.4882947621068470e+06 6.3931231190189126e-05 5.7102559623992901e+09 6.2200860788774653e+05 5.3327590175640707e+09 1.1324908345056574e+09 4.1257903294423735e+15 6.7538627681738004e-04 2.9998664869284370e+00 6.3102233651122013e+01
2.4995131580015984e+06 6.3931231190185046e-05 5.7102559623988037e+09 6.2200860788773349e+05 5.3327590175636187e+09 1.1324908345055625e+09 4.1818452674095125e+15 6.7843123385000225e-04 2.9998664869278744e+00 6.3102233651125005e+01
2.5107821316688745e+06 6.3931231190180832e-05 5.7102559623983164e+09 6.2200860788772115e+05 5.3327590175631618e+09 1.1324908345054727e+09 4.2386617942649935e+15 6.8148991897223573e-04 2.9998664869273091e+00 6.3102233651128365e+01
2.5221019111369150e+06 6.3931231190176752e-05 5.7102559623978300e+09 6.2200860788770765e+05 5.3327590175627050e+09 1.1324908345053742e+09 4.2962502573155015e+15 6.8456239407672524e-04 2.9998664869267411e+00 6.3102233651131371e+01
2.5334727254620176e+06 6.3931231190172551e-05 5.7102559623973227e+09 6.2200860788769345e+05 5.3327590175622330e+09 1.1324908345052707e+09 4.3546211444511250e+15 6.8764872133515633e-04 2.9998664869261709e+00 6.3102233651134085e+01
2.5448948047331744e+06 6.3931231190168350e-05 5.7102559623968153e+09 6.2200860788767925e+05 5.3327590175617599e+09 1.1324908345051672e+09 4.4137850860554025e+15 6.9074896319951443e-04 2.9998664869255975e+00 6.3102233651136906e+01
2.5563683800767236e+06 6.3931231190164026e-05 5.7102559623963079e+09 6.2200860788766597e+05 5.3327590175612860e+09 1.1324908345050707e+09 4.4737528569412570e+15 6.9386318240334684e-04 2.9998664869250220e+00 6.3102233651140075e+01
2.5678936836610371e+06 6.3931231190159717e-05 5.7102559623958015e+09 6.2200860788765247e+05 5.3327590175608110e+09 1.1324908345049722e+09 4.5345353783133950e+15 6.9699144196303485e-04 2.9998664869244438e+00 6.3102233651143244e+01
2.5794709487011926e+06 6.3931231190155394e-05 5.7102559623952742e+09 6.2200860788763734e+05 5.3327590175603209e+09 1.1324908345048621e+09 4.5961437197570280e+15 7.0013380517906277e-04 2.9998664869238629e+00 6.3102233651145831e+01
2.5911004094637264e+06 6.3931231190151084e-05 5.7102559623947668e+09 6.2200860788762383e+05 5.3327590175598459e+09 1.1324908345047638e+09 4.6585891012541110e+15 7.0329033563730709e-04 2.9998664869232794e+00 6.3102233651148907e+01
2.6027823012713534e+06 6.3931231190146652e-05 5.7102559623942394e+09 6.2200860788760963e+05 5.3327590175593538e+09 1.1324908345046604e+09 4.7218828952265380e+15 7.0646109721031816e-04 2.9998664869226936e+00 6.3102233651151927e+01
2.6145168605077323e+06 6.3931231190142112e-05 5.7102559623937120e+09 6.2200860788759612e+05 5.3327590175588598e+09 1.1324908345045619e+09 4.7860366286073050e+15 7.0964615405861339e-04 2.9998664869221048e+00 6.3102233651155146e+01
2.6263043246222506e+06 6.3931231190137680e-05 5.7102559623931637e+09 6.2200860788757983e+05 5.3327590175583496e+09 1.1324908345044432e+09 4.8510619849397510e+15 7.1284557063197563e-04 2.9998664869215133e+00 6.3102233651157547e+01
2.6381449321348281e+06 6.3931231190133140e-05 5.7102559623926163e+09 6.2200860788756446e+05 5.3327590175578394e+09 1.1324908345043314e+09 4.9169708065053980e+15 7.1605941167075782e-04 2.9998664869209195e+00 6.3102233651160269e+01
2.6500389226407446e+06 6.3931231190128478e-05 5.7102559623920889e+09 6.2200860788755189e+05 5.3327590175573425e+09 1.1324908345042398e+09 4.9837750964805700e+15 7.1928774220719239e-04 2.9998664869203227e+00 6.3102233651163957e+01
2.6619865368154868e+06 6.3931231190123938e-05 5.7102559623915205e+09 6.2200860788753466e+05 5.3327590175568171e+09 1.1324908345041142e+09 5.0514870211224250e+15 7.2253062756670789e-04 2.9998664869197231e+00 6.3102233651166145e+01
2.6739880164196193e+06 6.3931231190119290e-05 5.7102559623909731e+09 6.2200860788752022e+05 5.3327590175563049e+09 1.1324908345040092e+09 5.1201189119846670e+15 7.2578813336924989e-04 2.9998664869191214e+00 6.3102233651169243e+01
2.6860436043036757e+06 6.3931231190114519e-05 5.7102559623904047e+09 6.2200860788750462e+05 5.3327590175557737e+09 1.1324908345038955e+09 5.1896832681632750e+15 7.2906032553060965e-04 2.9998664869185165e+00 6.3102233651172128e+01
2.6981535444130739e+06 6.3931231190109749e-05 5.7102559623898573e+09 6.2200860788749112e+05 5.3327590175552597e+09 1.1324908345037973e+09 5.2601927585728840e+15 7.3234727026375728e-04 2.9998664869179090e+00 6.3102233651175517e+01
2.7103180817930521e+06 6.3931231190104978e-05 5.7102559623892689e+09 6.2200860788747389e+05 5.3327590175547142e+09 1.1324908345036716e+09 5.3316602242539850e+15 7.3564903408018269e-04 2.9998664869172984e+00 6.3102233651177897e+01
2.7225374625936262e+06 6.3931231190100208e-05 5.7102559623887005e+09 6.2200860788745829e+05 5.3327590175541811e+09 1.1324908345035582e+09 5.4040986807115340e+15 7.3896568379124006e-04 2.9998664869166856e+00 6.3102233651180740e+01
2.7348119340745723e+06 6.3931231190095329e-05 5.7102559623881121e+09 6.2200860788744176e+05 5.3327590175536337e+09 1.1324908345034378e+09 5.4775213202852790e+15 7.4229728650950031e-04 2.9998664869160696e+00 6.3102233651183354e+01
2.7471417446104279e+06 6.3931231190090328e-05 5.7102559623875237e+09 6.2200860788742616e+05 5.3327590175530825e+09 1.1324908345033240e+09 5.5519415145523000e+15 7.4564390965010962e-04 2.9998664869154510e+00 6.3102233651186481e+01
2.7595271436955202e+06 6.3931231190085327e-05 5.7102559623869362e+09 6.2200860788741079e+05 5.3327590175525331e+09 1.1324908345032122e+09 5.6273728167622970e+15 7.4900562093215299e-04 2.9998664869148297e+00 6.3102233651189572e+01
2.7719683819490126e+06 6.3931231190080340e-05 5.7102559623863478e+09 6.2200860788739496e+05 5.3327590175519819e+09 1.1324908345030968e+09 5.7038289643058000e+15 7.5238248838002425e-04 2.9998664869142058e+00 6.3102233651192506e+01
2.7844657111199778e+06 6.3931231190075339e-05 5.7102559623857393e+09 6.2200860788737750e+05 5.3327590175514154e+09 1.1324908345029697e+09 5.7813238812160320e+15 7.5577458032480402e-04 2.9998664869135787e+00 6.3102233651195043e+01
2.7970193840924902e+06 6.3931231190070229e-05 5.7102559623851299e+09 6.2200860788736097e+05 5.3327590175508480e+09 1.1324908345028493e+09 5.8598716807047000e+15 7.5918196540564024e-04 2.9998664869129490e+00 6.3102233651197807e+01
2.8096296548907435e+06 6.3931231190064998e-05 5.7102559623845215e+09 6.2200860788734537e+05 5.3327590175502777e+09 1.1324908345027356e+09 5.9394866677322680e+15 7.6260471257113876e-04 2.9998664869123162e+00 6.3102233651200962e+01
2.8222967786841928e+06 6.3931231190059889e-05 5.7102559623838930e+09 6.2200860788732697e+05 5.3327590175496941e+09 1.1324908345026019e+09 6.0201833416132100e+15 7.6604289108075832e-04 2.9998664869116807e+00 6.3102233651203207e+01
2.8350210117927142e+06 6.3931231190054671e-05 5.7102559623832846e+09 6.2200860788731114e+05 5.3327590175491219e+09 1.1324908345024865e+09 6.1019763986564980e+15 7.6949657050621133e-04 2.9998664869110425e+00 6.3102233651206411e+01
2.8478026116917958e+06 6.3931231190049331e-05 5.7102559623826551e+09 6.2200860788729438e+05 5.3327590175485325e+09 1.1324908345023644e+09 6.1848807348420940e+15 7.7296582073287145e-04 2.9998664869104013e+00 6.3102233651209353e+01
2.8606418370177438e+06 6.3931231190043992e-05 5.7102559623820057e+09 6.2200860788727598e+05 5.3327590175479298e+09 1.1324908345022304e+09 6.2689114485338260e+15 7.7645071196118926e-04 2.9998664869097569e+00 6.3102233651211762e+01
2.8735389475729181e+06 6.3931231190038544e-05 5.7102559623813772e+09 6.2200860788726015e+05 5.3327590175473394e+09 1.1324908345021150e+09 6.3540838432289860e+15 7.7995131470811100e-04 2.9998664869091098e+00 6.3102233651215073e+01
2.8864942043309906e+06 6.3931231190033204e-05 5.7102559623807278e+09 6.2200860788724152e+05 5.3327590175467348e+09 1.1324908345019794e+09 6.4404134303454580e+15 7.8346769980850697e-04 2.9998664869084601e+00 6.3102233651217460e+01
2.8995078694422222e+06 6.3931231190027634e-05 5.7102559623800583e+09 6.2200860788722290e+05 5.3327590175461102e+09 1.1324908345018439e+09 6.5279159320465560e+15 7.8699993841660314e-04 2.9998664869078073e+00 6.3102233651219962e+01
2.9125802062387718e+06 6.3931231190022186e-05 5.7102559623794098e+09 6.2200860788720543e+05 5.3327590175455065e+09 1.1324908345017166e+09 6.6166072841043600e+15 7.9054810200742363e-04 2.9998664869071514e+00 6.3102233651222811e+01
2.9257114792400207e+06 6.3931231190016507e-05 5.7102559623787403e+09 6.2200860788718751e+05 5.3327590175448790e+09 1.1324908345015860e+09 6.7065036388018530e+15 7.9411226237823332e-04 2.9998664869064928e+00 6.3102233651225639e+01
2.9389019541579294e+06 6.3931231190010951e-05 5.7102559623780708e+09 6.2200860788716888e+05 5.3327590175442562e+09 1.1324908345014503e+09 6.7976213678746000e+15 7.9769249164999450e-04 2.9998664869058307e+00 6.3102233651228126e+01
2.9521518979024100e+06 6.3931231190005272e-05 5.7102559623774014e+09 6.2200860788715095e+05 5.3327590175436287e+09 1.1324908345013199e+09 6.8899770654922720e+15 8.0128886226882334e-04 2.9998664869051663e+00 6.3102233651230947e+01
2.9654615785867316e+06 6.3931231189999472e-05 5.7102559623767109e+09 6.2200860788713209e+05 5.3327590175429831e+09 1.1324908345011826e+09 6.9835875512808170e+15 8.0490144700745775e-04 2.9998664869044984e+00 6.3102233651233689e+01
2.9788312655329406e+06 6.3931231189993685e-05 5.7102559623760214e+09 6.2200860788711347e+05 5.3327590175423403e+09 1.1324908345010469e+09 7.0784698733855340e+15 8.0853031896672848e-04 2.9998664869038278e+00 6.3102233651236276e+01
2.9922612292773151e+06 6.3931231189987898e-05 5.7102559623753319e+09 6.2200860788709461e+05 5.3327590175416956e+09 1.1324908345009096e+09 7.1746413115759280e+15 8.1217555157703952e-04 2.9998664869031537e+00 6.3102233651239018e+01
3.0057517415758362e+06 6.3931231189981989e-05 5.7102559623746214e+09 6.2200860788707482e+05 5.3327590175410337e+09 1.1324908345007653e+09 7.2721193803925580e+15 8.1583721859985309e-04 2.9998664869024774e+00 6.3102233651241420e+01
3.0193030754096890e+06 6.3931231189975972e-05 5.7102559623739119e+09 6.2200860788705596e+05 5.3327590175403700e+09 1.1324908345006280e+09 7.3709218323368720e+15 8.1951539412918278e-04 2.9998664869017975e+00 6.3102233651244219e+01
3.0329155049907835e+06 6.3931231189970063e-05 5.7102559623732014e+09 6.2200860788703617e+05 5.3327590175397062e+09 1.1324908345004840e+09 7.4710666611041600e+15 8.2321015259309235e-04 2.9998664869011145e+00 6.3102233651246628e+01
3.0465893057673075e+06 6.3931231189963923e-05 5.7102559623724709e+09 6.2200860788701638e+05 5.3327590175390253e+09 1.1324908345003397e+09 7.5725721048605870e+15 8.2692156875520265e-04 2.9998664869004283e+00 6.3102233651249293e+01
3.0603247544292961e+06 6.3931231189957798e-05 5.7102559623717613e+09 6.2200860788699822e+05 5.3327590175383587e+09 1.1324908345002074e+09 7.6754566495646550e+15 8.3064971771620335e-04 2.9998664868997391e+00 6.3102233651252362e+01
3.0741221289142333e+06 6.3931231189951658e-05 5.7102559623710108e+09 6.2200860788697656e+05 5.3327590175376616e+09 1.1324908345000498e+09 7.7797390323338060e+15 8.3439467491537296e-04 2.9998664868990472e+00 6.3102233651254416e+01
3.0879817084126747e+06 6.3931231189945424e-05 5.7102559623702803e+09 6.2200860788695747e+05 5.3327590175369778e+09 1.1324908344999108e+09 7.8854382448568890e+15 8.3815651613210608e-04 2.9998664868983518e+00 6.3102233651257286e+01
3.1019037733738986e+06 6.3931231189939177e-05 5.7102559623695297e+09 6.2200860788693675e+05 5.3327590175362787e+09 1.1324908344997599e+09 7.9925735368527630e+15 8.4193531748744598e-04 2.9998664868976532e+00 6.3102233651259638e+01
3.1158886055115783e+06 6.3931231189932807e-05 5.7102559623687792e+09 6.2200860788691672e+05 5.3327590175355759e+09 1.1324908344996140e+09 8.1011644195760680e+15 8.4573115544562519e-04 2.9998664868969516e+00 6.3102233651262374e+01
3.1299364878094848e+06 6.3931231189926451e-05 5.7102559623680077e+09 6.2200860788689484e+05 5.3327590175348577e+09 1.1324908344994545e+09 8.2112306693705880e+15 8.4954410681561271e-04 2.9998664868962468e+00 6.3102233651264442e+01
3.1440477045272114e+06 6.3931231189919986e-05 5.7102559623672371e+09 6.2200860788687365e+05 5.3327590175341358e+09 1.1324908344993002e+09 8.3227923312708700e+15 8.5337424875266815e-04 2.9998664868955389e+00 6.3102233651266992e+01
3.1582225412059282e+06 6.3931231189913508e-05 5.7102559623664665e+09 6.2200860788685270e+05 5.3327590175334167e+09 1.1324908344991477e+09 8.4358697226527800e+15 8.5722165875990375e-04 2.9998664868948279e+00 6.3102233651269472e+01
3.1724612846741569e+06 6.3931231189906921e-05 5.7102559623656950e+09 6.2200860788683267e+05 5.3327590175326967e+09 1.1324908344990017e+09 8.5504834369336260e+15 8.6108641468985109e-04 2.9998664868941134e+00 6.3102233651272236e+01
3.1867642230535764e+06 6.3931231189900335e-05 5.7102559623649044e+09 6.2200860788681079e+05 5.3327590175319586e+09 1.1324908344988425e+09 8.6666543473226560e+15 8.6496859474603771e-04 2.9998664868933962e+00 6.3102233651274517e+01
3.2011316457648529e+06 6.3931231189893626e-05 5.7102559623640928e+09 6.2200860788678774e+05 5.3327590175312014e+09 1.1324908344986746e+09 8.7844036106223790e+15 8.6886827748456914e-04 2.9998664868926750e+00 6.3102233651276606e+01
3.2155638435334973e+06 6.3931231189886823e-05 5.7102559623633013e+09 6.2200860788676748e+05 5.3327590175304594e+09 1.1324908344985271e+09 8.9037526710816560e+15 8.7278554181571941e-04 2.9998664868919511e+00 6.3102233651279441e+01
3.2300611083957450e+06 6.3931231189880006e-05 5.7102559623624897e+09 6.2200860788674536e+05 5.3327590175297022e+09 1.1324908344983661e+09 9.0247232643010080e+15 8.7672046700552539e-04 2.9998664868912237e+00 6.3102233651281836e+01
3.2446237337044696e+06 6.3931231189873189e-05 5.7102559623616791e+09 6.2200860788672324e+05 5.3327590175289431e+09 1.1324908344982049e+09 9.1473374211911460e+15 8.8067313267739392e-04 2.9998664868904932e+00 6.3102233651284266e+01
3.2592520141351144e+06 6.3931231189866264e-05 5.7102559623608465e+09 6.2200860788670019e+05 5.3327590175281687e+09 1.1324908344980371e+09 9.2716174719851180e+15 8.8464361881370954e-04 2.9998664868897595e+00 6.3102233651286362e+01
3.2739462456916585e+06 6.3931231189859217e-05 5.7102559623600149e+09 6.2200860788667807e+05 5.3327590175273914e+09 1.1324908344978759e+09 9.3975860503051000e+15 8.8863200575745689e-04 2.9998664868890224e+00 6.3102233651288934e+01
3.2887067257126048e+06 6.3931231189852183e-05 5.7102559623591633e+09 6.2200860788665386e+05 5.3327590175265970e+09 1.1324908344976997e+09 9.5252660972843380e+15 8.9263837421384249e-04 2.9998664868882816e+00 6.3102233651290831e+01
3.3035337528769979e+06 6.3931231189845136e-05 5.7102559623583317e+09 6.2200860788663174e+05 5.3327590175258198e+09 1.1324908344975386e+09 9.6546808657451520e+15 8.9666280525193078e-04 2.9998664868875378e+00 6.3102233651293290e+01
3.3184276272104671e+06 6.3931231189837871e-05 5.7102559623574591e+09 6.2200860788660753e+05 5.3327590175250063e+09 1.1324908344973621e+09 9.7858539244337420e+15 9.0070538030628312e-04 2.9998664868867904e+00 6.3102233651295379e+01
3.3333886500912961e+06 6.3931231189830607e-05 5.7102559623566065e+09 6.2200860788658517e+05 5.3327590175242081e+09 1.1324908344971995e+09 9.9188091623123980e+15 9.0476618117860542e-04 2.9998664868860399e+00 6.3102233651297929e+01
3.3484171242565243e+06 6.3931231189823343e-05 5.7102559623557348e+09 6.2200860788656096e+05 5.3327590175233946e+09 1.1324908344970231e+09 1.0053570792910146e+16 9.0884529003940496e-04 2.9998664868852862e+00 6.3102233651299976e+01
3.3635133538080705e+06 6.3931231189815957e-05 5.7102559623548622e+09 6.2200860788653768e+05 5.3327590175225792e+09 1.1324908344968536e+09 1.0190163358732504e+16 9.1294278942965134e-04 2.9998664868845286e+00 6.3102233651302342e+01
3.3786776442188872e+06 6.3931231189808462e-05 5.7102559623539696e+09 6.2200860788651323e+05 5.3327590175217438e+09 1.1324908344966755e+09 1.0328611735731020e+16 9.1705876226244761e-04 2.9998664868837679e+00 6.3102233651304509e+01
3.3939103023391417e+06 6.3931231189800968e-05 5.7102559623530769e+09 6.2200860788648902e+05 5.3327590175209112e+09 1.1324908344964991e+09 1.0468941137833706e+16 9.2119329182470747e-04 2.9998664868830036e+00 6.3102233651306598e+01
3.4092116364024254e+06 6.3931231189793351e-05 5.7102559623521643e+09 6.2200860788646387e+05 5.3327590175200605e+09 1.1324908344963160e+09 1.0611177121536952e+16 9.2534646177884190e-04 2.9998664868822362e+00 6.3102233651308637e+01
3.4245819560319907e+06 6.3931231189785748e-05 5.7102559623512516e+09 6.2200860788643849e+05 5.3327590175192089e+09 1.1324908344961312e+09 1.0755345590559714e+16 9.2951835616445009e-04 2.9998664868814648e+00 6.3102233651310534e+01
3.4400215722470167e+06 6.3931231189778023e-05 5.7102559623503380e+09 6.2200860788641404e+05 5.3327590175183544e+09 1.1324908344959531e+09 1.0901472800561204e+16 9.3370905940002181e-04 2.9998664868806904e+00 6.3102233651312787e+01
3.4555307974689021e+06 6.3931231189770190e-05 5.7102559623494053e+09 6.2200860788638867e+05 5.3327590175174837e+09 1.1324908344957683e+09 1.1049585363922352e+16 9.3791865628464429e-04 2.9998664868799123e+00 6.3102233651314855e+01
3.4711099455275866e+06 6.3931231189762357e-05 5.7102559623484716e+09 6.2200860788636329e+05 5.3327590175166121e+09 1.1324908344955835e+09 1.1199710254592550e+16 9.4214723199971908e-04 2.9998664868791307e+00 6.3102233651316801e+01
3.4867593316679033e+06 6.3931231189754401e-05 5.7102559623475389e+09 6.2200860788633861e+05 5.3327590175157375e+09 1.1324908344954038e+09 1.1351874813001974e+16 9.4639487211068492e-04 2.9998664868783456e+00 6.3102233651319175e+01
3.5024792725559557e+06 6.3931231189746460e-05 5.7102559623465853e+09 6.2200860788631230e+05 5.3327590175148497e+09 1.1324908344952121e+09 1.1506106751040846e+16 9.5066166256875019e-04 2.9998664868775569e+00 6.3102233651321029e+01
3.5182700862855255e+06 6.3931231189738396e-05 5.7102559623456116e+09 6.2200860788628482e+05 5.3327590175139418e+09 1.1324908344950120e+09 1.1662434157106168e+16 9.5494768971263059e-04 2.9998664868767646e+00 6.3102233651322578e+01
3.5341320923845111e+06 6.3931231189730210e-05 5.7102559623446379e+09 6.2200860788625851e+05 5.3327590175130339e+09 1.1324908344948204e+09 1.1820885501217244e+16 9.5925304027029792e-04 2.9998664868759688e+00 6.3102233651324596e+01
3.5500656118213907e+06 6.3931231189722038e-05 5.7102559623436642e+09 6.2200860788623197e+05 5.3327590175121241e+09 1.1324908344946270e+09 1.1981489640200498e+16 9.6357780136073360e-04 2.9998664868751699e+00 6.3102233651326372e+01
3.5660709670117199e+06 6.3931231189713744e-05 5.7102559623426695e+09 6.2200860788620426e+05 5.3327590175111942e+09 1.1324908344944253e+09 1.2144275822944850e+16 9.6792206049569262e-04 2.9998664868743665e+00 6.3102233651328127e+01
3.5821484818246528e+06 6.3931231189705341e-05 5.7102559623416758e+09 6.2200860788617772e+05 5.3327590175102663e+09 1.1324908344942319e+09 1.2309273695728420e+16 9.7228590558147356e-04 2.9998664868735601e+00 6.3102233651330124e+01
3.5982984815894985e+06 6.3931231189696830e-05 5.7102559623406820e+09 6.2200860788615188e+05 5.3327590175093346e+09 1.1324908344940438e+09 1.2476513307617714e+16 9.7666942492069791e-04 2.9998664868727500e+00 6.3102233651332497e+01
3.6145212931023012e+06 6.3931231189688306e-05 5.7102559623396473e+09 6.2200860788612254e+05 5.3327590175083714e+09 1.1324908344938302e+09 1.2646025115940054e+16 9.8107270721409668e-04 2.9998664868719360e+00 6.3102233651333783e+01
3.6308172446324560e+06 6.3931231189679795e-05 5.7102559623386326e+09 6.2200860788609483e+05 5.3327590175074234e+09 1.1324908344936283e+09 1.2817839991830406e+16 9.8549584156230495e-04 2.9998664868711185e+00 6.3102233651335496e+01
3.6471866659293482e+06 6.3931231189671040e-05 5.7102559623375978e+09 6.2200860788606713e+05 5.3327590175064564e+09 1.1324908344934266e+09 1.2991989225853550e+16 9.8993891746766444e-04 2.9998664868702973e+00 6.3102233651337428e+01
3.6636298882290288e+06 6.3931231189662298e-05 5.7102559623365631e+09 6.2200860788603919e+05 5.3327590175054874e+09 1.1324908344932230e+09 1.3168504533702722e+16 9.9440202483603744e-04 2.9998664868694722e+00 6.3102233651339233e+01
3.6801472442609156e+06 6.3931231189653449e-05 5.7102559623355083e+09 6.2200860788601055e+05 5.3327590175045042e+09 1.1324908344930146e+09 1.3347418061975542e+16 9.9888525397862169e-04 2.9998664868686435e+00 6.3102233651340903e+01
3.6967390682545248e+06 6.3931231189644585e-05 5.7102559623344336e+09 6.2200860788598005e+05 5.3327590175035038e+09 1.1324908344927924e+09 1.3528762394028426e+16 1.0033886956137812e-03 2.9998664868678113e+00 6.3102233651342033e+01
3.7134056959462380e+06 6.3931231189635613e-05 5.7102559623333788e+09 6.2200860788595234e+05 5.3327590175025167e+09 1.1324908344925907e+09 1.3712570555910812e+16 1.0079124408688804e-03 2.9998664868669751e+00 6.3102233651344008e+01
3.7301474645860903e+06 6.3931231189626533e-05 5.7102559623322830e+09 6.2200860788592137e+05 5.3327590175014944e+09 1.1324908344923651e+09 1.3898876022379540e+16 1.0124565812821282e-03 2.9998664868661353e+00 6.3102233651345195e+01
3.7469647129446003e+06 6.3931231189617331e-05 5.7102559623312073e+09 6.2200860788589343e+05 5.3327590175004883e+09 1.1324908344921618e+09 1.4087712722995430e+16 1.0170212088044313e-03 2.9998664868652916e+00 6.3102233651347305e+01
3.7638577813196206e+06 6.3931231189608129e-05 5.7102559623300915e+09 6.2200860788586177e+05 5.3327590174994478e+09 1.1324908344919310e+09 1.4279115048302224e+16 1.0216064158012530e-03 2.9998664868644438e+00 6.3102233651348229e+01
3.7808270115432269e+06 6.3931231189598710e-05 5.7102559623289757e+09 6.2200860788583173e+05 5.3327590174984055e+09 1.1324908344917121e+09 1.4473117856089984e+16 1.0262122950544848e-03 2.9998664868635925e+00 6.3102233651349877e+01
3.7978727469886327e+06 6.3931231189589399e-05 5.7102559623278599e+09 6.2200860788580100e+05 5.3327590174973660e+09 1.1324908344914885e+09 1.4669756477743110e+16 1.0308389397643207e-03 2.9998664868627376e+00 6.3102233651351114e+01
3.8149953325771387e+06 6.3931231189579858e-05 5.7102559623267241e+09 6.2200860788577003e+05 5.3327590174963036e+09 1.1324908344912629e+09 1.4869066724674866e+16 1.0354864435511452e-03 2.9998664868618783e+00 6.3102233651352535e+01
3.8321951147851120e+06 6.3931231189570317e-05 5.7102559623255882e+09 6.2200860788573930e+05 5.3327590174952450e+09 1.1324908344910390e+09 1.5071084894849402e+16 1.0401549004574284e-03 2.9998664868610154e+00 6.3102233651353920e+01
3.8494724416509978e+06 6.3931231189560546e-05 5.7102559623244314e+09 6.2200860788570810e+05 5.3327590174941616e+09 1.1324908344908118e+09 1.5275847779392114e+16 1.0448444049496264e-03 2.9998664868601490e+00 6.3102233651355427e+01
3.8668276627823608e+06 6.3931231189550775e-05 5.7102559623232756e+09 6.2200860788567713e+05 5.3327590174930811e+09 1.1324908344905863e+09 1.5483392669290042e+16 1.0495550519200949e-03 2.9998664868592781e+00 6.3102233651356912e+01
3.8842611293629599e+06 6.3931231189541017e-05 5.7102559623220987e+09 6.2200860788564407e+05 5.3327590174919834e+09 1.1324908344903455e+09 1.5693757362183140e+16 1.0542869366890087e-03 2.9998664868584037e+00 6.3102233651357807e+01
3.9017731941598542e+06 6.3931231189531015e-05 5.7102559623209219e+09 6.2200860788561287e+05 5.3327590174908819e+09 1.1324908344901183e+09 1.5906980169248068e+16 1.0590401550062904e-03 2.9998664868575249e+00 6.3102233651359384e+01
3.9193642115305425e+06 6.3931231189521027e-05 5.7102559623197250e+09 6.2200860788557981e+05 5.3327590174897652e+09 1.1324908344898775e+09 1.6123099922175152e+16 1.0638148030535477e-03 2.9998664868566425e+00 6.3102233651360372e+01
3.9370345374301323e+06 6.3931231189510917e-05 5.7102559623185282e+09 6.2200860788554768e+05 5.3327590174886465e+09 1.1324908344896436e+09 1.6342155980240502e+16 1.0686109774460200e-03 2.9998664868557561e+00 6.3102233651361736e+01
3.9547845294185430e+06 6.3931231189500698e-05 5.7102559623173113e+09 6.2200860788551462e+05 5.3327590174875107e+09 1.1324908344894028e+09 1.6564188237473926e+16 1.0734287752345345e-03 2.9998664868548652e+00 6.3102233651362802e+01
3.9726145466677416e+06 6.3931231189490371e-05 5.7102559623160944e+09 6.2200860788548249e+05 5.3327590174863739e+09 1.1324908344891686e+09 1.6789237129924338e+16 1.0782682939074672e-03 2.9998664868539708e+00 6.3102233651364244e+01
3.9905249499690100e+06 6.3931231189480030e-05 5.7102559623148565e+09 6.2200860788544826e+05 5.3327590174852180e+09 1.1324908344889195e+09 1.7017343643024012e+16 1.0831296313927182e-03 2.9998664868530724e+00 6.3102233651365069e+01
4.0085161017402457e+06 6.3931231189469581e-05 5.7102559623135986e+09 6.2200860788541310e+05 5.3327590174840450e+09 1.1324908344886634e+09 1.7248549319052632e+16 1.0880128860596926e-03 2.9998664868521696e+00 6.3102233651365736e+01
4.0265883660332961e+06 6.3931231189458902e-05 5.7102559623123407e+09 6.2200860788537981e+05 5.3327590174828682e+09 1.1324908344884210e+09 1.7482896264702918e+16 1.0929181567212898e-03 2.9998664868512632e+00 6.3102233651366994e+01
4.0447421085413238e+06 6.3931231189448236e-05 5.7102559623110628e+09 6.2200860788534442e+05 5.3327590174816761e+09 1.1324908344881632e+09 1.7720427158749076e+16 1.0978455426359050e-03 2.9998664868503524e+00 6.3102233651367719e+01
4.0629776966062076e+06 6.3931231189437557e-05 5.7102559623097849e+09 6.2200860788530926e+05 5.3327590174804840e+09 1.1324908344879072e+09 1.7961185259819282e+16 1.1027951435094358e-03 2.9998664868494376e+00 6.3102233651368458e+01
4.0812954992259745e+06 6.3931231189426661e-05 5.7102559623084860e+09 6.2200860788527387e+05 5.3327590174792709e+09 1.1324908344876494e+09 1.8205214414273860e+16 1.1077670594973009e-03 2.9998664868485188e+00 6.3102233651369232e+01
4.0996958870622683e+06 6.3931231189415642e-05 5.7102559623071880e+09 6.2200860788523941e+05 5.3327590174780569e+09 1.1324908344873986e+09 1.8452559064190600e+16 1.1127613912064666e-03 2.9998664868475955e+00 6.3102233651370383e+01
4.1181792324478477e+06 6.3931231189404624e-05 5.7102559623058691e+09 6.2200860788520309e+05 5.3327590174768257e+09 1.1324908344871340e+09 1.8703264255458292e+16 1.1177782396974822e-03 2.9998664868466682e+00 6.3102233651370888e+01
4.1367459093941217e+06 6.3931231189393498e-05 5.7102559623045301e+09 6.2200860788516584e+05 5.3327590174755783e+09 1.1324908344868627e+09 1.8957375645980500e+16 1.1228177064865257e-03 2.9998664868457365e+00 6.3102233651371272e+01
4.1553962935987180e+06 6.3931231189382141e-05 5.7102559623031912e+09 6.2200860788512998e+05 5.3327590174743242e+09 1.1324908344866016e+09 1.9214939513990636e+16 1.1278798935474565e-03 2.9998664868448008e+00 6.3102233651372195e+01
4.1741307624530839e+06 6.3931231189370784e-05 5.7102559623018322e+09 6.2200860788509273e+05 5.3327590174730577e+09 1.1324908344863303e+09 1.9476002766480060e+16 1.1329649033138807e-03 2.9998664868438611e+00 6.3102233651372629e+01
4.1929496950501255e+06 6.3931231189359318e-05 5.7102559623004732e+09 6.2200860788505594e+05 5.3327590174717855e+09 1.1324908344860623e+09 1.9740612947740768e+16 1.1380728386812229e-03 2.9998664868429170e+00 6.3102233651373325e+01
4.2118534721918749e+06 6.3931231189347731e-05 5.7102559622990932e+09 6.2200860788501846e+05 5.3327590174704971e+09 1.1324908344857893e+09 2.0008818248023864e+16 1.1432038030088076e-03 2.9998664868419689e+00 6.3102233651373894e+01
4.2308424763971986e+06 6.3931231189336143e-05 5.7102559622977142e+09 6.2200860788498097e+05 5.3327590174692097e+09 1.1324908344855163e+09 2.0280667512316088e+16 1.1483579001219523e-03 2.9998664868410159e+00 6.3102233651374291e+01
4.2499170919095371e+06 6.3931231189324339e-05 5.7102559622962942e+09 6.2200860788494139e+05 5.3327590174678860e+09 1.1324908344852281e+09 2.0556210249235224e+16 1.1535352343140673e-03 2.9998664868400589e+00 6.3102233651374362e+01
4.2690777047046795e+06 6.3931231189312413e-05 5.7102559622948942e+09 6.2200860788490460e+05 5.3327590174665756e+09 1.1324908344849601e+09 2.0835496640046512e+16 1.1587359103487661e-03 2.9998664868390978e+00 6.3102233651375222e+01
4.2883247024985757e+06 6.3931231189300365e-05 5.7102559622934542e+09 6.2200860788486502e+05 5.3327590174652309e+09 1.1324908344846718e+09 2.1118577547801680e+16 1.1639600334619861e-03 2.9998664868381324e+00 6.3102233651375393e+01
4.3076584747551791e+06 6.3931231189288330e-05 5.7102559622920132e+09 6.2200860788482521e+05 5.3327590174638863e+09 1.1324908344843819e+09 2.1405504526601836e+16 1.1692077093641172e-03 2.9998664868371621e+00 6.3102233651375400e+01
4.3270794126943275e+06 6.3931231189276065e-05 5.7102559622905531e+09 6.2200860788478563e+05 5.3327590174625225e+09 1.1324908344840937e+09 2.1696329830986484e+16 1.1744790442421403e-03 2.9998664868361877e+00 6.3102233651375641e+01
4.3465879092996614e+06 6.3931231189263800e-05 5.7102559622890921e+09 6.2200860788474581e+05 5.3327590174611588e+09 1.1324908344838037e+09 2.1991106425450012e+16 1.1797741447617781e-03 2.9998664868352094e+00 6.3102233651375734e+01
4.3661843593265777e+06 6.3931231189251318e-05 5.7102559622876110e+09 6.2200860788470577e+05 5.3327590174597740e+09 1.1324908344835119e+09 2.2289887994087524e+16 1.1850931180696523e-03 2.9998664868342262e+00 6.3102233651376011e+01
4.3858691593102114e+06 6.3931231189238823e-05 5.7102559622861099e+09 6.2200860788466409e+05 5.3327590174583750e+09 1.1324908344832087e+09 2.2592728950371544e+16 1.1904360717954502e-03 2.9998664868332385e+00 6.3102233651375720e+01
4.4056427075734660e+06 6.3931231189226097e-05 5.7102559622846088e+09 6.2200860788462404e+05 5.3327590174569702e+09 1.1324908344829168e+09 2.2899684447061864e+16 1.1958031140541056e-03 2.9998664868322464e+00 6.3102233651376061e+01
4.4255054042350687e+06 6.3931231189213384e-05 5.7102559622830868e+09 6.2200860788458213e+05 5.3327590174555511e+09 1.1324908344826117e+09 2.3210810386249608e+16 1.2011943534479838e-03 2.9998664868312499e+00 6.3102233651375812e+01
4.4454576512176711e+06 6.3931231189200428e-05 5.7102559622815456e+09 6.2200860788454022e+05 5.3327590174541101e+09 1.1324908344823065e+09 2.3526163429538200e+16 1.2066098990690813e-03 2.9998664868302489e+00 6.3102233651375684e+01
4.4654998522559777e+06 6.3931231189187377e-05 5.7102559622800035e+09 6.2200860788449924e+05 5.3327590174526701e+09 1.1324908344820080e+09 2.3845801008362448e+16 1.2120498605012317e-03 2.9998664868292435e+00 6.3102233651375840e+01
4.4856324129049201e+06 6.3931231189174313e-05 5.7102559622784414e+09 6.2200860788445617e+05 5.3327590174512110e+09 1.1324908344816942e+09 2.4169781334447696e+16 1.2175143478223239e-03 2.9998664868282336e+00 6.3102233651375450e+01
4.5058557405478600e+06 6.3931231189161031e-05 5.7102559622768593e+09 6.2200860788441310e+05 5.3327590174497347e+09 1.1324908344813807e+09 2.4498163410411428e+16 1.2230034716065297e-03 2.9998664868272189e+00 6.3102233651375094e+01
4.5261702444048328e+06 6.3931231189147628e-05 5.7102559622752562e+09 6.2200860788436886e+05 5.3327590174482374e+09 1.1324908344810584e+09 2.4831007040508412e+16 1.2285173429265402e-03 2.9998664868261997e+00 6.3102233651374576e+01
4.5465763355408302e+06 6.3931231189134224e-05 5.7102559622736540e+09 6.2200860788432485e+05 5.3327590174467411e+09 1.1324908344807379e+09 2.5168372841522456e+16 1.2340560733558146e-03 2.9998664868251761e+00 6.3102233651374007e+01
4.5670744268741170e+06 6.3931231189120604e-05 5.7102559622720308e+09 6.2200860788428062e+05 5.3327590174452257e+09 1.1324908344804158e+09 2.5510322253805528e+16 1.2396197749708370e-03 2.9998664868241476e+00 6.3102233651373460e+01
4.5876649331845865e+06 6.3931231189106862e-05 5.7102559622704077e+09 6.2200860788423731e+05 5.3327590174437075e+09 1.1324908344801004e+09 2.5856917552467412e+16 1.2452085603533859e-03 2.9998664868231146e+00 6.3102233651373282e+01
4.6083482711221529e+06 6.3931231189092997e-05 5.7102559622687445e+09 6.2200860788419121e+05 5.3327590174421558e+09 1.1324908344797647e+09 2.6208221858716820e+16 1.2508225425928094e-03 2.9998664868220772e+00 6.3102233651372337e+01
4.6291248592151841e+06 6.3931231189079038e-05 5.7102559622670803e+09 6.2200860788414581e+05 5.3327590174406033e+09 1.1324908344794340e+09 2.6564299151357096e+16 1.2564618352883161e-03 2.9998664868210345e+00 6.3102233651371577e+01
4.6499951178789698e+06 6.3931231189064957e-05 5.7102559622654171e+09 6.2200860788410134e+05 5.3327590174390469e+09 1.1324908344791100e+09 2.6925214278437940e+16 1.2621265525512737e-03 2.9998664868199878e+00 6.3102233651371243e+01
4.6709594694242254e+06 6.3931231189050646e-05 5.7102559622637129e+09 6.2200860788405500e+05 5.3327590174374561e+09 1.1324908344787726e+09 2.7291032969065184e+16 1.2678168090075157e-03 2.9998664868189358e+00 6.3102233651370462e+01
4.6920183380656447e+06 6.3931231189036334e-05 5.7102559622620087e+09 6.2200860788400844e+05 5.3327590174358635e+09 1.1324908344784336e+09 2.7661821845371476e+16 1.2735327197996634e-03 2.9998664868178793e+00 6.3102233651369588e+01
4.7131721499304762e+06 6.3931231189021792e-05 5.7102559622602844e+09 6.2200860788396210e+05 5.3327590174342527e+09 1.1324908344780960e+09 2.8037648434649160e+16 1.2792744005894546e-03 2.9998664868168183e+00 6.3102233651368856e+01
4.7344213330671508e+06 6.3931231189007142e-05 5.7102559622585402e+09 6.2200860788391461e+05 5.3327590174326239e+09 1.1324908344777503e+09 2.8418581181648352e+16 1.2850419675600841e-03 2.9998664868157521e+00 6.3102233651367897e+01
4.7557663174539423e+06 6.3931231188992383e-05 5.7102559622567749e+09 6.2200860788386595e+05 5.3327590174309759e+09 1.1324908344773958e+09 2.8804689461041976e+16 1.2908355374185560e-03 2.9998664868146814e+00 6.3102233651366625e+01
4.7772075350076649e+06 6.3931231188977503e-05 5.7102559622550097e+09 6.2200860788381845e+05 5.3327590174293261e+09 1.1324908344770498e+09 2.9196043590059856e+16 1.2966552273980421e-03 2.9998664868136058e+00 6.3102233651365623e+01
4.7987454195924187e+06 6.3931231188962514e-05 5.7102559622532043e+09 6.2200860788376816e+05 5.3327590174276457e+09 1.1324908344766836e+09 2.9592714841295116e+16 1.3025011552602577e-03 2.9998664868125249e+00 6.3102233651363932e+01
4.8203804070283659e+06 6.3931231188947294e-05 5.7102559622513990e+09 6.2200860788371926e+05 5.3327590174259567e+09 1.1324908344763277e+09 2.9994775455684024e+16 1.3083734392978427e-03 2.9998664868114395e+00 6.3102233651362852e+01
4.8421129351005461e+06 6.3931231188932075e-05 5.7102559622495937e+09 6.2200860788367060e+05 5.3327590174242706e+09 1.1324908344759731e+09 3.0402298655662276e+16 1.3142721983367550e-03 2.9998664868103493e+00 6.3102233651361693e+01
4.8639434435677426e+06 6.3931231188916638e-05 5.7102559622477474e+09 6.2200860788361984e+05 5.3327590174225473e+09 1.1324908344756033e+09 3.0815358658500204e+16 1.3201975517386760e-03 2.9998664868092542e+00 6.3102233651360059e+01
4.8858723741713753e+06 6.3931231188901080e-05 5.7102559622459011e+09 6.2200860788357002e+05 5.3327590174208231e+09 1.1324908344752405e+09 3.1234030689819136e+16 1.3261496194034248e-03 2.9998664868081542e+00 6.3102233651358723e+01
4.9079001706444407e+06 6.3931231188885291e-05 5.7102559622440147e+09 6.2200860788351833e+05 5.3327590174190617e+09 1.1324908344748642e+09 3.1658390997291216e+16 1.3321285217713856e-03 2.9998664868070488e+00 6.3102233651356990e+01
4.9300272787204906e+06 6.3931231188869503e-05 5.7102559622421274e+09 6.2200860788346641e+05 5.3327590174173002e+09 1.1324908344744861e+09 3.2088516864525484e+16 1.3381343798259439e-03 2.9998664868059390e+00 6.3102233651355100e+01
4.9522541461426532e+06 6.3931231188853497e-05 5.7102559622402210e+09 6.2200860788341449e+05 5.3327590174155188e+09 1.1324908344741080e+09 3.2524486625142660e+16 1.3441673150959346e-03 2.9998664868048239e+00 6.3102233651353423e+01
4.9745812226726916e+06 6.3931231188837261e-05 5.7102559622382936e+09 6.2200860788336233e+05 5.3327590174137182e+09 1.1324908344737279e+09 3.2966379677041068e+16 1.3502274496581014e-03 2.9998664868037035e+00 6.3102233651351753e+01
4.9970089601001041e+06 6.3931231188821012e-05 5.7102559622363663e+09 6.2200860788331041e+05 5.3327590174119177e+09 1.1324908344733498e+09 3.3414276496856408e+16 1.3563149061395670e-03 2.9998664868025786e+00 6.3102233651350069e+01
5.0195378122512689e+06 6.3931231188804545e-05 5.7102559622343988e+09 6.2200860788325639e+05 5.3327590174100809e+09 1.1324908344729567e+09 3.3868258654617968e+16 1.3624298077203152e-03 2.9998664868014484e+00 6.3102233651347966e+01
5.0421682349986248e+06 6.3931231188787971e-05 5.7102559622324305e+09 6.2200860788320308e+05 5.3327590174082413e+09 1.1324908344725683e+09 3.4328408828604120e+16 1.3685722781356820e-03 2.9998664868003129e+00 6.3102233651346097e+01
5.0649006862698970e+06 6.3931231188771274e-05 5.7102559622304430e+09 6.2200860788314906e+05 5.3327590174063854e+09 1.1324908344721749e+09 3.4794810820399272e+16 1.3747424416788599e-03 2.9998664867991724e+00 6.3102233651343973e+01
5.0877356260573622e+06 6.3931231188754347e-05 5.7102559622284136e+09 6.2200860788309295e+05 5.3327590174044924e+09 1.1324908344717662e+09 3.5267549570155924e+16 1.3809404232034144e-03 2.9998664867980267e+00 6.3102233651341443e+01
5.1106735164271677e+06 6.3931231188737311e-05 5.7102559622263851e+09 6.2200860788303777e+05 5.3327590174025984e+09 1.1324908344713643e+09 3.5746711172063704e+16 1.3871663481258110e-03 2.9998664867968761e+00 6.3102233651339183e+01
5.1337148215286406e+06 6.3931231188720167e-05 5.7102559622243366e+09 6.2200860788298142e+05 5.3327590174006853e+09 1.1324908344709539e+09 3.6232382890028072e+16 1.3934203424279424e-03 2.9998664867957201e+00 6.3102233651336611e+01
5.1568600076037413e+06 6.3931231188702793e-05 5.7102559622222872e+09 6.2200860788292694e+05 5.3327590173987694e+09 1.1324908344705572e+09 3.6724653173563800e+16 1.3997025326596968e-03 2.9998664867945588e+00 6.3102233651334672e+01
5.1801095429964559e+06 6.3931231188685310e-05 5.7102559622201977e+09 6.2200860788286943e+05 5.3327590173968172e+09 1.1324908344701383e+09 3.7223611673902304e+16 1.4060130459415039e-03 2.9998664867933926e+00 6.3102233651331879e+01
5.2034638981622849e+06 6.3931231188667584e-05 5.7102559622180882e+09 6.2200860788281215e+05 5.3327590173948479e+09 1.1324908344697211e+09 3.7729349260319080e+16 1.4123520099669127e-03 2.9998664867922211e+00 6.3102233651329335e+01
5.2269235456777606e+06 6.3931231188649762e-05 5.7102559622159576e+09 6.2200860788275371e+05 5.3327590173928604e+09 1.1324908344692955e+09 3.8241958036682544e+16 1.4187195530051735e-03 2.9998664867910438e+00 6.3102233651326365e+01
5.2504889602500126e+06 6.3931231188631818e-05 5.7102559622138281e+09 6.2200860788269620e+05 5.3327590173908701e+09 1.1324908344688768e+09 3.8761531358227760e+16 1.4251158039038357e-03 2.9998664867898617e+00 6.3102233651323736e+01
5.2741606187263718e+06 6.3931231188613644e-05 5.7102559622116566e+09 6.2200860788263660e+05 5.3327590173888445e+09 1.1324908344684427e+09 3.9288163848558232e+16 1.4315408920913522e-03 2.9998664867886742e+00 6.3102233651320660e+01
5.2979390001040194e+06 6.3931231188595362e-05 5.7102559622094860e+09 6.2200860788257793e+05 5.3327590173868151e+09 1.1324908344680154e+09 3.9821951416878440e+16 1.4379949475797009e-03 2.9998664867874814e+00 6.3102233651317874e+01
5.3218245855396800e+06 6.3931231188576849e-05 5.7102559622072754e+09 6.2200860788251739e+05 5.3327590173847523e+09 1.1324908344675746e+09 4.0362991275460624e+16 1.4444781009670140e-03 2.9998664867862828e+00 6.3102233651314585e+01
5.3458178583593583e+06 6.3931231188558228e-05 5.7102559622050638e+09 6.2200860788245732e+05 5.3327590173826847e+09 1.1324908344671371e+09 4.0911381957348984e+16 1.4509904834402207e-03 2.9998664867850793e+00 6.3102233651311543e+01
5.3699193040681174e+06 6.3931231188539377e-05 5.7102559622028122e+09 6.2200860788239562e+05 5.3327590173805828e+09 1.1324908344666877e+09 4.1467223334304184e+16 1.4575322267777039e-03 2.9998664867838700e+00 6.3102233651308090e+01
5.3941294103599042e+06 6.3931231188520403e-05 5.7102559622005596e+09 6.2200860788233485e+05 5.3327590173784790e+09 1.1324908344662452e+09 4.2030616634991872e+16 1.4641034633519632e-03 2.9998664867826554e+00 6.3102233651304957e+01
5.4184486671274193e+06 6.3931231188501213e-05 5.7102559621982679e+09 6.2200860788227199e+05 5.3327590173763390e+09 1.1324908344657874e+09 4.2601664463418240e+16 1.4707043261322956e-03 2.9998664867814355e+00 6.3102233651301333e+01
5.4428775664720275e+06 6.3931231188481914e-05 5.7102559621959753e+09 6.2200860788221005e+05 5.3327590173741989e+09 1.1324908344653363e+09 4.3180470817615920e+16 1.4773349486874867e-03 2.9998664867802098e+00 6.3102233651297844e+01
5.4674166027137162e+06 6.3931231188462371e-05 5.7102559621936426e+09 6.2200860788214603e+05 5.3327590173720198e+09 1.1324908344648700e+09 4.3767141108584008e+16 1.4839954651885119e-03 2.9998664867789788e+00 6.3102233651294050e+01
5.4920662724011000e+06 6.3931231188442734e-05 5.7102559621913090e+09 6.2200860788208270e+05 5.3327590173698387e+09 1.1324908344644086e+09 4.4361782179485424e+16 1.4906860104112530e-03 2.9998664867777420e+00 6.3102233651290426e+01
5.5168270743214637e+06 6.3931231188422852e-05 5.7102559621889353e+09 6.2200860788201797e+05 5.3327590173676262e+09 1.1324908344639373e+09 4.4964502325104560e+16 1.4974067197392226e-03 2.9998664867764999e+00 6.3102233651286369e+01
5.5416995095108617e+06 6.3931231188402876e-05 5.7102559621865616e+09 6.2200860788195347e+05 5.3327590173654060e+09 1.1324908344634676e+09 4.5575411311570136e+16 1.5041577291663075e-03 2.9998664867752520e+00 6.3102233651282504e+01
5.5666840812642518e+06 6.3931231188382547e-05 5.7102559621841478e+09 6.2200860788188828e+05 5.3327590173631506e+09 1.1324908344629929e+09 4.6194620396345360e+16 1.5109391752995177e-03 2.9998664867739988e+00 6.3102233651278596e+01
5.5917812951456802e+06 6.3931231188362218e-05 5.7102559621817131e+09 6.2200860788182099e+05 5.3327590173608780e+09 1.1324908344625030e+09 4.6822242348489816e+16 1.5177511953617508e-03 2.9998664867727394e+00 6.3102233651274027e+01
5.6169916589985127e+06 6.3931231188341659e-05 5.7102559621792583e+09 6.2200860788175394e+05 5.3327590173585882e+09 1.1324908344620144e+09 4.7458391469197008e+16 1.5245939271945701e-03 2.9998664867714746e+00 6.3102233651269586e+01
5.6423156829557093e+06 6.3931231188320869e-05 5.7102559621767836e+09 6.2200860788168665e+05 5.3327590173562775e+09 1.1324908344615245e+09 4.8103183612610336e+16 1.5314675092609933e-03 2.9998664867702041e+00 6.3102233651265202e+01
5.6677538794501508e+06 6.3931231188299863e-05 5.7102559621742887e+09 6.2200860788161890e+05 5.3327590173539448e+09 1.1324908344610310e+09 4.8756736206922560e+16 1.5383720806482941e-03 2.9998664867689282e+00 6.3102233651260875e+01
5.6933067632250013e+06 6.3931231188278748e-05 5.7102559621717730e+09 6.2200860788155044e+05 5.3327590173515968e+09 1.1324908344605324e+09 4.9419168275761168e+16 1.5453077810708153e-03 2.9998664867676461e+00 6.3102233651256171e+01
5.7189748513441291e+06 6.3931231188257389e-05 5.7102559621692371e+09 6.2200860788148199e+05 5.3327590173492279e+09 1.1324908344600339e+09 5.0090600459865072e+16 1.5522747508727988e-03 2.9998664867663583e+00 6.3102233651251588e+01
5.7447586632025698e+06 6.3931231188235814e-05 5.7102559621666813e+09 6.2200860788141307e+05 5.3327590173468370e+09 1.1324908344595320e+09 5.0771155039055224e+16 1.5592731310312235e-03 2.9998664867650651e+00 6.3102233651247083e+01
5.7706587205370320e+06 6.3931231188214130e-05 5.7102559621640844e+09 6.2200860788134136e+05 5.3327590173444138e+09 1.1324908344590096e+09 5.1460955954504088e+16 1.5663030631586587e-03 2.9998664867637657e+00 6.3102233651241782e+01
5.7966755474364590e+06 6.3931231188192202e-05 5.7102559621614676e+09 6.2200860788126988e+05 5.3327590173419714e+09 1.1324908344584892e+09 5.2160128831307432e+16 1.5733646895061280e-03 2.9998664867624605e+00 6.3102233651236574e+01
5.8228096703526303e+06 6.3931231188170057e-05 5.7102559621588297e+09 6.2200860788119794e+05 5.3327590173395071e+09 1.1324908344579651e+09 5.2868801001363000e+16 1.5804581529659904e-03 2.9998664867611491e+00 6.3102233651231316e+01
5.8490616181108188e+06 6.3931231188147803e-05 5.7102559621561718e+09 6.2200860788112506e+05 5.3327590173370266e+09 1.1324908344574344e+09 5.3587101526559960e+16 1.5875835970748304e-03 2.9998664867598324e+00 6.3102233651225710e+01
5.8754319219204867e+06 6.3931231188125198e-05 5.7102559621534948e+09 6.2200860788105312e+05 5.3327590173345242e+09 1.1324908344569106e+09 5.4315161222283200e+16 1.5947411660163625e-03 2.9998664867585094e+00 6.3102233651220679e+01
5.9019211153860372e+06 6.3931231188102497e-05 5.7102559621507959e+09 6.2200860788098001e+05 5.3327590173320045e+09 1.1324908344563782e+09 5.5053112681237336e+16 1.6019310046243484e-03 2.9998664867571803e+00 6.3102233651215258e+01
5.9285297345176125e+06 6.3931231188079553e-05 5.7102559621480579e+09 6.2200860788090504e+05 5.3327590173294468e+09 1.1324908344558320e+09 5.5801090297594136e+16 1.6091532583855275e-03 2.9998664867558453e+00 6.3102233651209367e+01
5.9552583177419370e+06 6.3931231188056378e-05 5.7102559621452990e+09 6.2200860788083007e+05 5.3327590173268719e+09 1.1324908344552860e+09 5.6559230291468176e+16 1.6164080734425632e-03 2.9998664867545042e+00 6.3102233651203527e+01
5.9821074059132170e+06 6.3931231188033108e-05 5.7102559621425190e+09 6.2200860788075370e+05 5.3327590173242760e+09 1.1324908344547300e+09 5.7327670733724848e+16 1.6236955965969967e-03 2.9998664867531573e+00 6.3102233651197388e+01
6.0090775423240811e+06 6.3931231188009486e-05 5.7102559621397200e+09 6.2200860788067849e+05 5.3327590173216600e+09 1.1324908344541821e+09 5.8106551571125632e+16 1.6310159753122201e-03 2.9998664867518046e+00 6.3102233651191646e+01
6.0361692727165734e+06 6.3931231187985742e-05 5.7102559621368790e+09 6.2200860788060026e+05 5.3327590173190088e+09 1.1324908344536126e+09 5.8896014651814792e+16 1.6383693577164582e-03 2.9998664867504452e+00 6.3102233651185109e+01
6.0633831452932023e+06 6.3931231187961781e-05 5.7102559621340189e+09 6.2200860788052203e+05 5.3327590173163404e+09 1.1324908344530427e+09 5.9696203751152712e+16 1.6457558926057691e-03 2.9998664867490801e+00 6.3102233651178544e+01
6.0907197107280260e+06 6.3931231187937590e-05 5.7102559621311378e+09 6.2200860788044357e+05 5.3327590173136492e+09 1.1324908344524713e+09 6.0507264597899648e+16 1.6531757294470514e-03 2.9998664867477087e+00 6.3102233651172085e+01
6.1181795221777996e+06 6.3931231187913182e-05 5.7102559621282368e+09 6.2200860788036487e+05 5.3327590173109388e+09 1.1324908344518981e+09 6.1329344900755720e+16 1.6606290183810706e-03 2.9998664867463307e+00 6.3102233651165619e+01
6.1457631352931671e+06 6.3931231187888422e-05 5.7102559621252956e+09 6.2200860788028524e+05 5.3327590173081903e+09 1.1324908344513183e+09 6.2162594375261248e+16 1.6681159102254972e-03 2.9998664867449469e+00 6.3102233651159075e+01
6.1734711082299072e+06 6.3931231187863661e-05 5.7102559621223335e+09 6.2200860788020375e+05 5.3327590173054266e+09 1.1324908344507248e+09 6.3007164771062840e+16 1.6756365564779591e-03 2.9998664867435569e+00 6.3102233651151842e+01
6.2013040016602231e+06 6.3931231187838562e-05 5.7102559621193514e+09 6.2200860788012296e+05 5.3327590173026400e+09 1.1324908344501364e+09 6.3863209899549288e+16 1.6831911093191042e-03 2.9998664867421607e+00 6.3102233651144950e+01
6.2292623787840921e+06 6.3931231187813246e-05 5.7102559621163292e+09 6.2200860788004007e+05 5.3327590172998171e+09 1.1324908344495327e+09 6.4730885661863824e+16 1.6907797216156842e-03 2.9998664867407578e+00 6.3102233651137617e+01
6.2573468053406589e+06 6.3931231187787686e-05 5.7102559621132860e+09 6.2200860787995742e+05 5.3327590172969780e+09 1.1324908344489307e+09 6.5610350077296176e+16 1.6984025469236439e-03 2.9998664867393492e+00 6.3102233651130305e+01
6.2855578496196875e+06 6.3931231187761909e-05 5.7102559621102228e+09 6.2200860787987430e+05 5.3327590172941141e+09 1.1324908344483254e+09 6.6501763312061056e+16 1.7060597394912313e-03 2.9998664867379339e+00 6.3102233651123058e+01
6.3138960824730536e+06 6.3931231187735902e-05 5.7102559621071186e+09 6.2200860787978931e+05 5.3327590172912169e+09 1.1324908344477065e+09 6.7405287708466792e+16 1.7137514542621168e-03 2.9998664867365119e+00 6.3102233651115263e+01
6.3423620773263043e+06 6.3931231187709555e-05 5.7102559621039944e+09 6.2200860787970503e+05 5.3327590172882967e+09 1.1324908344470925e+09 6.8321087814481312e+16 1.7214778468785286e-03 2.9998664867350842e+00 6.3102233651107788e+01
6.3709564101902535e+06 6.3931231187683101e-05 5.7102559621008501e+09 6.2200860787962005e+05 5.3327590172853613e+09 1.1324908344464736e+09 6.9249330413698944e+16 1.7292390736844054e-03 2.9998664867336493e+00 6.3102233651100057e+01
6.3996796596726431e+06 6.3931231187656402e-05 5.7102559620976648e+09 6.2200860787953273e+05 5.3327590172823849e+09 1.1324908344458380e+09 7.0190184555714808e+16 1.7370352917285548e-03 2.9998664867322082e+00 6.3102233651091858e+01
6.4285324069898492e+06 6.3931231187629501e-05 5.7102559620944595e+09 6.2200860787944542e+05 5.3327590172793932e+09 1.1324908344452019e+09 7.1143821586911624e+16 1.7448666587678346e-03 2.9998664867307610e+00 6.3102233651083608e+01
6.4575152359786415e+06 6.3931231187602233e-05 5.7102559620912132e+09 6.2200860787935718e+05 5.3327590172763624e+09 1.1324908344445593e+09 7.2110415181665216e+16 1.7527333332703447e-03 2.9998664867293070e+00 6.3102233651075316e+01
6.4866287331080008e+06 6.3931231187574762e-05 5.7102559620879478e+09 6.2200860787926847e+05 5.3327590172733097e+09 1.1324908344439135e+09 7.3090141373973568e+16 1.7606354744186335e-03 2.9998664867278464e+00 6.3102233651066918e+01
6.5158734874909837e+06 6.3931231187547047e-05 5.7102559620846405e+09 6.2200860787917813e+05 5.3327590172702236e+09 1.1324908344432554e+09 7.4083178589515776e+16 1.7685732421129179e-03 2.9998664867263791e+00 6.3102233651058036e+01
6.5452500908966409e+06 6.3931231187519115e-05 5.7102559620813131e+09 6.2200860787908733e+05 5.3327590172671156e+09 1.1324908344425941e+09 7.5089707678146400e+16 1.7765467969743196e-03 2.9998664867249052e+00 6.3102233651049197e+01
6.5747591377619989e+06 6.3931231187490940e-05 5.7102559620779457e+09 6.2200860787899490e+05 5.3327590172639713e+09 1.1324908344419210e+09 7.6109911946831920e+16 1.7845563003481165e-03 2.9998664867234250e+00 6.3102233651039889e+01
6.6044012252040822e+06 6.3931231187462439e-05 5.7102559620745583e+09 6.2200860787890316e+05 5.3327590172608089e+09 1.1324908344412527e+09 7.7143977193033680e+16 1.7926019143070058e-03 2.9998664867219378e+00 6.3102233651030843e+01
6.6341769530319981e+06 6.3931231187433707e-05 5.7102559620711498e+09 6.2200860787881119e+05 5.3327590172576237e+09 1.1324908344405830e+09 7.8192091738545328e+16 1.8006838016543839e-03 2.9998664867204439e+00 6.3102233651021884e+01
6.6640869237590721e+06 6.3931231187404746e-05 5.7102559620677013e+09 6.2200860787871736e+05 5.3327590172544031e+09 1.1324908344398997e+09 7.9254446463789296e+16 1.8088021259276411e-03 2.9998664867189433e+00 6.3102233651012398e+01
6.6941317426150450e+06 6.3931231187375567e-05 5.7102559620642118e+09 6.2200860787862143e+05 5.3327590172511473e+09 1.1324908344392011e+09 8.0331234842579856e+16 1.8169570514014715e-03 2.9998664867174361e+00 6.3102233651002358e+01
6.7243120175583130e+06 6.3931231187346036e-05 5.7102559620607023e+09 6.2200860787852621e+05 5.3327590172478666e+09 1.1324908344385076e+09 8.1422652977357792e+16 1.8251487430911955e-03 2.9998664867159222e+00 6.3102233650992723e+01
6.7546283592882343e+06 6.3931231187316288e-05 5.7102559620571518e+09 6.2200860787842912e+05 5.3327590172445526e+09 1.1324908344378004e+09 8.2528899634904512e+16 1.8333773667560996e-03 2.9998664867144011e+00 6.3102233650982519e+01
6.7850813812574847e+06 6.3931231187286188e-05 5.7102559620535812e+09 6.2200860787833272e+05 5.3327590172412157e+09 1.1324908344370985e+09 8.3650176282540768e+16 1.8416430889027910e-03 2.9998664867128730e+00 6.3102233650972686e+01
6.8156716996844718e+06 6.3931231187255871e-05 5.7102559620499706e+09 6.2200860787823447e+05 5.3327590172378454e+09 1.1324908344363830e+09 8.4786687124817664e+16 1.8499460767885665e-03 2.9998664867113387e+00 6.3102233650962276e+01
6.8463999335658047e+06 6.3931231187225324e-05 5.7102559620463190e+09 6.2200860787813412e+05 5.3327590172344360e+09 1.1324908344356520e+09 8.5938639140705904e+16 1.8582864984247973e-03 2.9998664867097968e+00 6.3102233650951433e+01
6.8772667046888163e+06 6.3931231187194424e-05 5.7102559620426464e+09 6.2200860787803447e+05 5.3327590172310047e+09 1.1324908344349263e+09 8.7106242121290192e+16 1.8666645225803268e-03 2.9998664867082483e+00 6.3102233650940860e+01
6.9082726376441494e+06 6.3931231187163307e-05 5.7102559620389347e+09 6.2200860787793295e+05 5.3327590172275391e+09 1.1324908344341869e+09 8.8289708707976224e+16 1.8750803187848894e-03 2.9998664867066931e+00 6.3102233650929790e+01
6.9394183598383935e+06 6.3931231187131852e-05 5.7102559620352011e+09 6.2200860787783214e+05 5.3327590172240505e+09 1.1324908344334528e+09 8.9489254431216448e+16 1.8835340573325385e-03 2.9998664867051303e+00 6.3102233650919004e+01
6.9707045015067775e+06 6.3931231187100166e-05 5.7102559620314283e+09 6.2200860787772946e+05 5.3327590172205267e+09 1.1324908344327049e+09 9.0705097749761600e+16 1.8920259092850902e-03 2.9998664867035609e+00 6.3102233650907742e+01
7.0021316957259290e+06 6.3931231187068141e-05 5.7102559620276146e+09 6.2200860787762562e+05 5.3327590172169647e+09 1.1324908344319487e+09 9.1937460090446656e+16 1.9005560464755908e-03 2.9998664867019840e+00 6.3102233650896281e+01
7.0337005784266787e+06 6.3931231187035886e-05 5.7102559620237598e+09 6.2200860787751968e+05 5.3327590172133665e+09 1.1324908344311771e+09 9.3186565888516064e+16 1.9091246415117876e-03 2.9998664867004003e+00 6.3102233650884273e+01
7.0654117884069309e+06 6.3931231187003293e-05 5.7102559620198851e+09 6.2200860787741467e+05 5.3327590172097473e+09 1.1324908344304125e+09 9.4452642628497632e+16 1.9177318677796253e-03 2.9998664866988096e+00 6.3102233650872613e+01
7.0972659673445905e+06 6.3931231186970482e-05 5.7102559620159693e+09 6.2200860787730757e+05 5.3327590172060919e+09 1.1324908344296324e+09 9.5735920885631504e+16 1.9263778994467531e-03 2.9998664866972113e+00 6.3102233650860320e+01
7.1292637598105455e+06 6.3931231186937319e-05 5.7102559620120335e+09 6.2200860787720117e+05 5.3327590172024145e+09 1.1324908344288576e+09 9.7036634367862096e+16 1.9350629114660502e-03 2.9998664866956060e+00 6.3102233650848419e+01
7.1614058132817112e+06 6.3931231186903817e-05 5.7102559620080376e+09 6.2200860787709197e+05 5.3327590171986837e+09 1.1324908344280622e+09 9.8355019958400448e+16 1.9437870795791651e-03 2.9998664866939935e+00 6.3102233650835799e+01
7.1936927781541301e+06 6.3931231186870085e-05 5.7102559620040207e+09 6.2200860787698277e+05 5.3327590171949339e+09 1.1324908344272671e+09 9.9691317758864800e+16 1.9525505803200706e-03 2.9998664866923739e+00 6.3102233650823194e+01
7.2261253077561371e+06 6.3931231186836014e-05 5.7102559619999628e+09 6.2200860787687218e+05 5.3327590171911430e+09 1.1324908344264617e+09 1.0104577113300760e+17 1.9613535910186380e-03 2.9998664866907467e+00 6.3102233650810284e+01
7.2587040583615722e+06 6.3931231186801604e-05 5.7102559619958649e+09 6.2200860787676065e+05 5.3327590171873169e+09 1.1324908344256494e+09 1.0241862675103614e+17 1.9701962898042240e-03 2.9998664866891125e+00 6.3102233650797274e+01
7.2914296892030695e+06 6.3931231186766964e-05 5.7102559619917269e+09 6.2200860787664703e+05 5.3327590171834526e+09 1.1324908344248219e+09 1.0381013463453600e+17 1.9790788556092774e-03 2.9998664866874702e+00 6.3102233650783695e+01
7.3243028624853883e+06 6.3931231186731998e-05 5.7102559619875679e+09 6.2200860787653411e+05 5.3327590171795683e+09 1.1324908344239995e+09 1.0522054820200405e+17 1.9880014681729558e-03 2.9998664866858213e+00 6.3102233650770252e+01
7.3573242433988182e+06 6.3931231186696680e-05 5.7102559619833689e+09 6.2200860787642025e+05 5.3327590171756458e+09 1.1324908344231703e+09 1.0665012431500067e+17 1.9969643080447663e-03 2.9998664866841644e+00 6.3102233650756752e+01
7.3904945001326362e+06 6.3931231186661010e-05 5.7102559619791079e+09 6.2200860787630337e+05 5.3327590171716690e+09 1.1324908344223189e+09 1.0809912332492891e+17 2.0059675565882173e-03 2.9998664866825004e+00 6.3102233650742569e+01
7.4238143038886320e+06 6.3931231186625014e-05 5.7102559619748278e+09 6.2200860787618719e+05 5.3327590171676702e+09 1.1324908344214730e+09 1.0956780912044906e+17 2.0150113959844888e-03 2.9998664866808289e+00 6.3102233650728614e+01
7.4572843288946822e+06 6.3931231186588789e-05 5.7102559619705067e+09 6.2200860787606915e+05 5.3327590171636372e+09 1.1324908344206133e+09 1.1105644917553747e+17 2.0240960092361183e-03 2.9998664866791498e+00 6.3102233650714084e+01
7.4909052524184026e+06 6.3931231186552102e-05 5.7102559619661446e+09 6.2200860787595087e+05 5.3327590171595631e+09 1.1324908344197519e+09 1.1256531459819842e+17 2.0332215801707053e-03 2.9998664866774631e+00 6.3102233650699695e+01
7.5246777547808429e+06 6.3931231186515198e-05 5.7102559619617424e+09 6.2200860787583049e+05 5.3327590171554518e+09 1.1324908344188752e+09 1.1409468017983757e+17 2.0423882934446276e-03 2.9998664866757685e+00 6.3102233650684681e+01
7.5586025193702625e+06 6.3931231186477942e-05 5.7102559619573202e+09 6.2200860787571105e+05 5.3327590171513205e+09 1.1324908344180052e+09 1.1564482444530680e+17 2.0515963345467828e-03 2.9998664866740667e+00 6.3102233650670037e+01
7.5926802326559527e+06 6.3931231186440239e-05 5.7102559619528370e+09 6.2200860787558928e+05 5.3327590171471310e+09 1.1324908344171185e+09 1.1721602970362805e+17 2.0608458898023394e-03 2.9998664866723570e+00 6.3102233650654888e+01
7.6269115842021285e+06 6.3931231186402319e-05 5.7102559619483128e+09 6.2200860787546565e+05 5.3327590171429090e+09 1.1324908344162180e+09 1.1880858209940722e+17 2.0701371463765043e-03 2.9998664866706397e+00 6.3102233650639199e+01
7.6612972666818844e+06 6.3931231186364047e-05 5.7102559619437485e+09 6.2200860787534085e+05 5.3327590171386461e+09 1.1324908344153092e+09 1.2042277166494614e+17 2.0794702922783152e-03 2.9998664866689149e+00 6.3102233650623326e+01
7.6958379758912073e+06 6.3931231186325436e-05 5.7102559619391432e+09 6.2200860787521512e+05 5.3327590171343479e+09 1.1324908344143937e+09 1.2205889237306251e+17 2.0888455163644397e-03 2.9998664866671816e+00 6.3102233650607161e+01
7.7305344107630597e+06 6.3931231186286364e-05 5.7102559619344969e+09 6.2200860787508893e+05 5.3327590171300068e+09 1.1324908344134746e+09 1.2371724219062778e+17 2.0982630083430029e-03 2.9998664866654412e+00 6.3102233650591145e+01
7.7653872733815182e+06 6.3931231186247075e-05 5.7102559619298105e+09 6.2200860787496087e+05 5.3327590171256313e+09 1.1324908344125419e+09 1.2539812313283210e+17 2.1077229587774197e-03 2.9998664866636928e+00 6.3102233650574483e+01
7.8003972689959835e+06 6.3931231186207326e-05 5.7102559619250841e+09 6.2200860787483258e+05 5.3327590171212149e+09 1.1324908344116077e+09 1.2710184131818693e+17 2.1172255590902558e-03 2.9998664866619360e+00 6.3102233650558006e+01
7.8355651060354672e+06 6.3931231186167237e-05 5.7102559619203167e+09 6.2200860787470313e+05 5.3327590171167622e+09 1.1324908344106648e+09 1.2882870702427517e+17 2.1267710015671036e-03 2.9998664866601716e+00 6.3102233650541244e+01
7.8708914961228613e+06 6.3931231186126810e-05 5.7102559619155083e+09 6.2200860787457274e+05 5.3327590171122713e+09 1.1324908344097152e+09 1.3057903474425547e+17 2.1363594793604537e-03 2.9998664866583997e+00 6.3102233650524198e+01
7.9063771540894341e+06 6.3931231186086030e-05 5.7102559619106398e+09 6.2200860787443933e+05 5.3327590171077261e+09 1.1324908344087436e+09 1.3235314324414138e+17 2.1459911864936346e-03 2.9998664866566194e+00 6.3102233650506435e+01
7.9420227979892325e+06 6.3931231186044926e-05 5.7102559619057503e+09 6.2200860787430662e+05 5.3327590171031599e+09 1.1324908344077771e+09 1.3415135562085154e+17 2.1556663178647168e-03 2.9998664866548310e+00 6.3102233650488891e+01
7.9778291491136253e+06 6.3931231186003360e-05 5.7102559619008007e+09 6.2200860787417181e+05 5.3327590170985365e+09 1.1324908344067953e+09 1.3597399936105213e+17 2.1653850692504610e-03 2.9998664866530347e+00 6.3102233650470914e+01
8.0137969320059000e+06 6.3931231185961456e-05 5.7102559618958101e+09 6.2200860787403584e+05 5.3327590170938749e+09 1.1324908344058051e+09 1.3782140640079776e+17 2.1751476373102836e-03 2.9998664866512303e+00 6.3102233650452654e+01
8.0499268744759262e+06 6.3931231185919212e-05 5.7102559618907785e+09 6.2200860787389870e+05 5.3327590170891771e+09 1.1324908344048064e+09 1.3969391318598358e+17 2.1849542195902325e-03 2.9998664866494176e+00 6.3102233650434137e+01
8.0862197076148773e+06 6.3931231185876508e-05 5.7102559618856869e+09 6.2200860787375970e+05 5.3327590170844221e+09 1.1324908344037941e+09 1.4159186073361744e+17 2.1948050145269848e-03 2.9998664866475968e+00 6.3102233650415229e+01
8.1226761658100300e+06 6.3931231185833466e-05 5.7102559618805742e+09 6.2200860787362140e+05 5.3327590170796461e+09 1.1324908344027867e+09 1.4351559469392555e+17 2.2047002214518642e-03 2.9998664866457680e+00 6.3102233650396499e+01
8.1592969867596198e+06 6.3931231185790084e-05 5.7102559618753815e+09 6.2200860787347821e+05 5.3327590170747995e+09 1.1324908344017439e+09 1.4546546541330144e+17 2.2146400405948711e-03 2.9998664866439309e+00 6.3102233650376576e+01
8.1960829114877740e+06 6.3931231185746255e-05 5.7102559618701677e+09 6.2200860787333664e+05 5.3327590170699301e+09 1.1324908344007130e+09 1.4744182799811069e+17 2.2246246730887390e-03 2.9998664866420852e+00 6.3102233650357078e+01
8.2330346843594993e+06 6.3931231185701965e-05 5.7102559618649130e+09 6.2200860787319485e+05 5.3327590170650196e+09 1.1324908343996804e+09 1.4944504237936141e+17 2.2346543209729995e-03 2.9998664866402316e+00 6.3102233650337723e+01
8.2701530530957505e+06 6.3931231185657323e-05 5.7102559618595982e+09 6.2200860787305003e+05 5.3327590170600557e+09 1.1324908343986256e+09 1.5147547337825485e+17 2.2447291871980752e-03 2.9998664866383691e+00 6.3102233650317665e+01
8.3074387687885575e+06 6.3931231185612356e-05 5.7102559618542223e+09 6.2200860787290265e+05 5.3327590170550413e+09 1.1324908343975523e+09 1.5353349077262554e+17 2.2548494756293815e-03 2.9998664866364986e+00 6.3102233650296711e+01
8.3448925859162221e+06 6.3931231185566928e-05 5.7102559618488054e+09 6.2200860787275457e+05 5.3327590170499821e+09 1.1324908343964739e+09 1.5561946936428426e+17 2.2650153910514551e-03 2.9998664866346196e+00 6.3102233650275807e+01
8.3825152623585900e+06 6.3931231185521053e-05 5.7102559618433485e+09 6.2200860787260649e+05 5.3327590170448856e+09 1.1324908343953953e+09 1.5773378904727667e+17 2.2752271391720995e-03 2.9998664866327323e+00 6.3102233650254959e+01
8.4203075594123807e+06 6.3931231185474825e-05 5.7102559618378506e+09 6.2200860787245701e+05 5.3327590170397482e+09 1.1324908343943069e+09 1.5987683487706838e+17 2.2854849266265411e-03 2.9998664866308360e+00 6.3102233650233785e+01
8.4582702418065984e+06 6.3931231185428042e-05 5.7102559618322916e+09 6.2200860787230660e+05 5.3327590170345564e+09 1.1324908343932114e+09 1.6204899714067078e+17 2.2957889609816185e-03 2.9998664866289317e+00 6.3102233650212455e+01
8.4964040777179990e+06 6.3931231185381028e-05 5.7102559618266726e+09 6.2200860787215224e+05 5.3327590170293112e+09 1.1324908343920872e+09 1.6425067142771885e+17 2.3061394507399757e-03 2.9998664866270186e+00 6.3102233650190051e+01
8.5347098387866430e+06 6.3931231185333445e-05 5.7102559618210125e+09 6.2200860787199857e+05 5.3327590170240240e+09 1.1324908343909681e+09 1.6648225870251546e+17 2.3165366053442848e-03 2.9998664866250966e+00 6.3102233650168017e+01
8.5731883001314998e+06 6.3931231185285523e-05 5.7102559618153114e+09 6.2200860787184373e+05 5.3327590170186996e+09 1.1324908343898404e+09 1.6874416537705418e+17 2.3269806351814849e-03 2.9998664866231661e+00 6.3102233650145671e+01
8.6118402403661422e+06 6.3931231185237141e-05 5.7102559618095503e+09 6.2200860787168681e+05 5.3327590170133181e+09 1.1324908343886976e+09 1.7103680338503395e+17 2.3374717515870350e-03 2.9998664866212272e+00 6.3102233650122841e+01
8.6506664416144937e+06 6.3931231185188311e-05 5.7102559618037281e+09 6.2200860787152778e+05 5.3327590170078812e+09 1.1324908343875394e+09 1.7336059025687978e+17 2.3480101668491957e-03 2.9998664866192795e+00 6.3102233650099564e+01
8.6896676895266585e+06 6.3931231185139020e-05 5.7102559617978649e+09 6.2200860787136853e+05 5.3327590170024061e+09 1.1324908343863795e+09 1.7571594919578218e+17 2.3585960942133209e-03 2.9998664866173228e+00 6.3102233650076286e+01
8.7288447732948214e+06 6.3931231185089283e-05 5.7102559617919416e+09 6.2200860787120718e+05 5.3327590169968739e+09 1.1324908343852046e+09 1.7810330915477078e+17 2.3692297478861740e-03 2.9998664866153573e+00 6.3102233650052426e+01
8.7681984856692106e+06 6.3931231185039084e-05 5.7102559617859564e+09 6.2200860787104373e+05 5.3327590169912834e+09 1.1324908343840141e+09 1.8052310491483328e+17 2.3799113430402639e-03 2.9998664866133828e+00 6.3102233650028182e+01
8.8077296229741462e+06 6.3931231184988547e-05 5.7102559617799311e+09 6.2200860787087935e+05 5.3327590169856596e+09 1.1324908343828170e+09 1.8297577716409792e+17 2.3906410958181973e-03 2.9998664866113995e+00 6.3102233650003583e+01
8.8474389851241484e+06 6.3931231184937440e-05 5.7102559617738457e+09 6.2200860787071357e+05 5.3327590169799757e+09 1.1324908343816097e+09 1.8546177257808989e+17 2.4014192233370521e-03 2.9998664866094074e+00 6.3102233649978857e+01
8.8873273756401259e+06 6.3931231184885886e-05 5.7102559617677183e+09 6.2200860787054757e+05 5.3327590169742517e+09 1.1324908343804007e+09 1.8798154390107933e+17 2.4122459436927719e-03 2.9998664866074063e+00 6.3102233649954051e+01
8.9273956016656384e+06 6.3931231184833872e-05 5.7102559617615309e+09 6.2200860787037946e+05 5.3327590169684715e+09 1.1324908343791764e+09 1.9053555002853418e+17 2.4231214759645793e-03 2.9998664866053963e+00 6.3102233649928742e+01
8.9676444739832208e+06 6.3931231184781410e-05 5.7102559617552624e+09 6.2200860787020763e+05 5.3327590169626226e+09 1.1324908343779252e+09 1.9312425609069290e+17 2.4340460402194068e-03 2.9998664866033771e+00 6.3102233649902452e+01
9.0080748070307989e+06 6.3931231184728487e-05 5.7102559617489738e+09 6.2200860787003720e+05 5.3327590169567471e+09 1.1324908343766837e+09 1.9574813353727354e+17 2.4450198575163532e-03 2.9998664866013485e+00 6.3102233649876688e+01
9.0486874189181626e+06 6.3931231184675104e-05 5.7102559617426033e+09 6.2200860786986281e+05 5.3327590169507990e+09 1.1324908343754139e+09 1.9840766022333267e+17 2.4560431499111540e-03 2.9998664865993110e+00 6.3102233649849857e+01
9.0894831314435285e+06 6.3931231184621165e-05 5.7102559617361927e+09 6.2200860786968912e+05 5.3327590169448099e+09 1.1324908343741488e+09 2.0110332049629210e+17 2.4671161404606775e-03 2.9998664865972646e+00 6.3102233649823333e+01
9.1304627701101545e+06 6.3931231184566765e-05 5.7102559617297010e+09 6.2200860786951147e+05 5.3327590169387503e+09 1.1324908343728549e+09 2.0383560528414573e+17 2.4782390532274339e-03 2.9998664865952085e+00 6.3102233649795828e+01
9.1716271641430613e+06 6.3931231184511918e-05 5.7102559617231684e+09 6.2200860786933359e+05 5.3327590169326496e+09 1.1324908343715596e+09 2.0660501218486816e+17 2.4894121132841142e-03 2.9998664865931435e+00 6.3102233649768273e+01
9.2129771465058010e+06 6.3931231184456502e-05 5.7102559617165756e+09 6.2200860786915454e+05 5.3327590169264917e+09 1.1324908343702557e+09 2.0941204555703514e+17 2.5006355467181414e-03 2.9998664865910687e+00 6.3102233649740533e+01
9.2545135539173111e+06 6.3931231184400625e-05 5.7102559617099209e+09 6.2200860786897317e+05 5.3327590169202757e+09 1.1324908343689346e+09 2.1225721661167594e+17 2.5119095806362454e-03 2.9998664865889850e+00 6.3102233649712254e+01
9.2962372268688567e+06 6.3931231184344178e-05 5.7102559617032061e+09 6.2200860786879086e+05 5.3327590169140053e+09 1.1324908343676069e+09 2.1514104350537526e+17 2.5232344431690610e-03 2.9998664865868920e+00 6.3102233649683768e+01
9.3381490096410215e+06 6.3931231184287285e-05 5.7102559616964302e+09 6.2200860786860622e+05 5.3327590169076757e+09 1.1324908343662624e+09 2.1806405143463773e+17 2.5346103634757413e-03 2.9998664865847893e+00 6.3102233649654750e+01
9.3802497503208090e+06 6.3931231184229931e-05 5.7102559616895933e+09 6.2200860786841973e+05 5.3327590169012928e+09 1.1324908343649042e+09 2.2102677273153613e+17 2.5460375717485969e-03 2.9998664865826772e+00 6.3102233649625177e+01
9.4225403008187916e+06 6.3931231184172021e-05 5.7102559616826963e+09 6.2200860786823183e+05 5.3327590168948517e+09 1.1324908343635356e+09 2.2402974696065843e+17 2.5575162992177536e-03 2.9998664865805553e+00 6.3102233649595362e+01
9.4650215168863498e+06 6.3931231184113528e-05 5.7102559616757174e+09 6.2200860786804091e+05 5.3327590168883362e+09 1.1324908343621454e+09 2.2707352101737206e+17 2.5690467781558268e-03 2.9998664865784241e+00 6.3102233649564837e+01
9.5076942581329960e+06 6.3931231184054588e-05 5.7102559616686983e+09 6.2200860786784976e+05 5.3327590168817806e+09 1.1324908343607531e+09 2.3015864922742358e+17 2.5806292418826308e-03 2.9998664865762832e+00 6.3102233649534334e+01
9.5505593880437631e+06 6.3931231183994970e-05 5.7102559616616182e+09 6.2200860786765837e+05 5.3327590168751669e+09 1.1324908343593593e+09 2.3328569344789126e+17 2.5922639247698909e-03 2.9998664865741329e+00 6.3102233649503816e+01
9.5936177739966772e+06 6.3931231183935014e-05 5.7102559616544571e+09 6.2200860786746186e+05 5.3327590168684797e+09 1.1324908343579280e+09 2.3645522316950922e+17 2.6039510622459911e-03 2.9998664865719729e+00 6.3102233649471962e+01
9.6368702872803099e+06 6.3931231183874366e-05 5.7102559616472549e+09 6.2200860786726722e+05 5.3327590168617525e+09 1.1324908343565106e+09 2.3966781562038189e+17 2.6156908908007374e-03 2.9998664865698026e+00 6.3102233649440699e+01
9.6803178031114079e+06 6.3931231183813272e-05 5.7102559616399717e+09 6.2200860786706838e+05 5.3327590168549519e+09 1.1324908343550625e+09 2.4292405587110746e+17 2.6274836479901389e-03 2.9998664865676230e+00 6.3102233649408298e+01
9.7239612006526086e+06 6.3931231183751486e-05 5.7102559616326075e+09 6.2200860786686745e+05 5.3327590168480759e+09 1.1324908343535991e+09 2.4622453694133027e+17 2.6393295724412230e-03 2.9998664865654336e+00 6.3102233649375556e+01
9.7678013630302195e+06 6.3931231183689252e-05 5.7102559616252031e+09 6.2200860786666628e+05 5.3327590168411589e+09 1.1324908343521342e+09 2.4956985990773955e+17 2.6512289038568564e-03 2.9998664865632341e+00 6.3102233649342779e+01
9.8118391773520987e+06 6.3931231183626450e-05 5.7102559616177168e+09 6.2200860786646209e+05 5.3327590168341703e+09 1.1324908343506470e+09 2.5296063401353683e+17 2.6631818830205978e-03 2.9998664865610247e+00 6.3102233649309191e+01
9.8560755347255990e+06 6.3931231183563078e-05 5.7102559616101704e+09 6.2200860786625650e+05 5.3327590168271208e+09 1.1324908343491497e+09 2.5639747677938954e+17 2.6751887518015730e-03 2.9998664865588056e+00 6.3102233649275327e+01
9.9005113302756026e+06 6.3931231183499151e-05 5.7102559616025629e+09 6.2200860786604974e+05 5.3327590168200169e+09 1.1324908343476441e+09 2.5988101411589322e+17 2.6872497531593661e-03 2.9998664865565763e+00 6.3102233649241214e+01
9.9451474631626345e+06 6.3931231183434533e-05 5.7102559615948744e+09 6.2200860786584066e+05 5.3327590168128338e+09 1.1324908343461213e+09 2.6341188043756058e+17 2.6993651311489346e-03 2.9998664865543367e+00 6.3102233649206688e+01
9.9899848366010506e+06 6.3931231183369453e-05 5.7102559615871248e+09 6.2200860786562972e+05 5.3327590168055973e+09 1.1324908343445849e+09 2.6699071877835936e+17 2.7115351309255527e-03 2.9998664865520874e+00 6.3102233649171509e+01
1.0035024357877325e+07 6.3931231183303697e-05 5.7102559615792942e+09 6.2200860786541668e+05 5.3327590167982855e+09 1.1324908343430336e+09 2.7061818090882131e+17 2.7237599987497683e-03 2.9998664865498279e+00 6.3102233649135989e+01
1.0080266938368402e+07 6.3931231183237492e-05 5.7102559615714025e+09 6.2200860786520108e+05 5.3327590167909155e+09 1.1324908343414633e+09 2.7429492745474070e+17 2.7360399819923850e-03 2.9998664865475582e+00 6.3102233649099674e+01
1.0125713493560135e+07 6.3931231183170611e-05 5.7102559615634298e+09 6.2200860786498361e+05 5.3327590167834721e+09 1.1324908343398795e+09 2.7802162801748579e+17 2.7483753291394717e-03 2.9998664865452782e+00 6.3102233649063010e+01
1.0171364943065822e+07 6.3931231183103038e-05 5.7102559615553961e+09 6.2200860786476568e+05 5.3327590167759657e+09 1.1324908343382924e+09 2.8179896129594630e+17 2.7607662897973883e-03 2.9998664865429880e+00 6.3102233649026402e+01
1.0217222210644802e+07 6.3931231183034896e-05 5.7102559615472813e+09 6.2200860786454473e+05 5.3327590167683878e+09 1.1324908343366833e+09 2.8562761521013504e+17 2.7732131146978368e-03 2.9998664865406872e+00 6.3102233648989035e+01
1.0263286224221157e+07 6.3931231182966184e-05 5.7102559615390854e+09 6.2200860786432051e+05 5.3327590167607346e+09 1.1324908343350503e+09 2.8950828702647213e+17 2.7857160557029342e-03 2.9998664865383762e+00 6.3102233648950801e+01
1.0309557915902480e+07 6.3931231182896796e-05 5.7102559615308285e+09 6.2200860786409630e+05 5.3327590167530231e+09 1.1324908343334174e+09 2.9344168348476838e+17 2.7982753658103107e-03 2.9998664865360549e+00 6.3102233648912659e+01
1.0356038221998747e+07 6.3931231182826837e-05 5.7102559615224905e+09 6.2200860786386882e+05 5.3327590167452383e+09 1.1324908343317606e+09 2.9742852092693606e+17 2.8108912991582267e-03 2.9998664865337230e+00 6.3102233648873643e+01
1.0402728083041251e+07 6.3931231182756202e-05 5.7102559615140915e+09 6.2200860786364088e+05 5.3327590167373915e+09 1.1324908343301008e+09 3.0146952542744723e+17 2.8235641110307182e-03 2.9998664865313804e+00 6.3102233648834662e+01
1.0449628443801643e+07 6.3931231182684997e-05 5.7102559615056114e+09 6.2200860786340991e+05 5.3327590167294731e+09 1.1324908343284187e+09 3.0556543292556512e+17 2.8362940578627606e-03 2.9998664865290277e+00 6.3102233648794865e+01
1.0496740253311045e+07 6.3931231182613114e-05 5.7102559614970303e+09 6.2200860786317498e+05 5.3327590167214622e+09 1.1324908343267078e+09 3.0971698935937152e+17 2.8490813972454560e-03 2.9998664865266642e+00 6.3102233648754023e+01
1.0544064464879258e+07 6.3931231182540554e-05 5.7102559614884081e+09 6.2200860786294122e+05 5.3327590167134056e+09 1.1324908343250053e+09 3.1392495080161600e+17 2.8619263879312512e-03 2.9998664865242901e+00 6.3102233648713735e+01
1.0591602036114043e+07 6.3931231182467411e-05 5.7102559614796848e+09 6.2200860786270304e+05 5.3327590167052622e+09 1.1324908343232706e+09 3.1819008359740941e+17 2.8748292898391672e-03 2.9998664865219049e+00 6.3102233648672183e+01
1.0639353928940509e+07 6.3931231182393482e-05 5.7102559614708805e+09 6.2200860786246322e+05 5.3327590166970387e+09 1.1324908343215241e+09 3.2251316450378995e+17 2.8877903640600611e-03 2.9998664865195095e+00 6.3102233648630360e+01
1.0687321109620571e+07 6.3931231182318984e-05 5.7102559614620152e+09 6.2200860786222224e+05 5.3327590166887589e+09 1.1324908343197691e+09 3.2689498083118413e+17 2.9008098728619128e-03 2.9998664865171030e+00 6.3102233648588225e+01
1.0735504548772508e+07 6.3931231182243808e-05 5.7102559614530487e+09 6.2200860786197730e+05 5.3327590166803885e+09 1.1324908343179853e+09 3.3133633058679014e+17 2.9138880796951263e-03 2.9998664865146858e+00 6.3102233648545067e+01
1.0783905221390596e+07 6.3931231182167941e-05 5.7102559614440212e+09 6.2200860786173190e+05 5.3327590166719561e+09 1.1324908343161981e+09 3.3583802261990918e+17 2.9270252491978631e-03 2.9998664865122575e+00 6.3102233648501922e+01
1.0832524106864840e+07 6.3931231182091396e-05 5.7102559614348917e+09 6.2200860786148231e+05 5.3327590166634312e+09 1.1324908343143802e+09 3.4040087676925133e+17 2.9402216472013977e-03 2.9998664865098181e+00 6.3102233648457734e+01
1.0881362189000798e+07 6.3931231182014065e-05 5.7102559614257021e+09 6.2200860786123341e+05 5.3327590166548471e+09 1.1324908343125675e+09 3.4502572401224333e+17 2.9534775407354967e-03 2.9998664865073681e+00 6.3102233648413836e+01
1.0930420456039481e+07 6.3931231181936152e-05 5.7102559614164104e+09 6.2200860786097939e+05 5.3327590166461706e+09 1.1324908343107176e+09 3.4971340661636378e+17 2.9667931980338217e-03 2.9998664865049069e+00 6.3102233648368554e+01
1.0979699900677348e+07 6.3931231181857452e-05 5.7102559614070377e+09 6.2200860786072421e+05 5.3327590166374178e+09 1.1324908343088591e+09 3.5446477829253542e+17 2.9801688885393563e-03 2.9998664865024347e+00 6.3102233648323143e+01
1.1029201520086404e+07 6.3931231181778075e-05 5.7102559613976040e+09 6.2200860786046856e+05 5.3327590166286049e+09 1.1324908343069973e+09 3.5928070435060141e+17 2.9936048829098585e-03 2.9998664864999514e+00 6.3102233648277526e+01
1.1078926315934369e+07 6.3931231181698007e-05 5.7102559613880491e+09 6.2200860786020709e+05 5.3327590166196852e+09 1.1324908343050931e+09 3.6416206185691354e+17 3.0071014530233401e-03 2.9998664864974565e+00 6.3102233648230474e+01
1.1128875294404950e+07 6.3931231181617152e-05 5.7102559613784332e+09 6.2200860785994609e+05 5.3327590166107016e+09 1.1324908343031924e+09 3.6910973979406138e+17 3.0206588719835646e-03 2.9998664864949509e+00 6.3102233648183727e+01
1.1179049466218196e+07 6.3931231181535607e-05 5.7102559613687162e+09 6.2200860785968113e+05 5.3327590166016283e+09 1.1324908343012626e+09 3.7412463922277254e+17 3.0342774141255743e-03 2.9998664864924334e+00 6.3102233648135865e+01
1.1229449846650964e+07 6.3931231181453397e-05 5.7102559613589172e+09 6.2200860785941384e+05 5.3327590165924788e+09 1.1324908342993162e+09 3.7920767344601171e+17 3.0479573550212437e-03 2.9998664864899052e+00 6.3102233648087370e+01
1.1280077455557443e+07 6.3931231181370374e-05 5.7102559613490372e+09 6.2200860785914538e+05 5.3327590165832529e+09 1.1324908342973609e+09 3.8435976817530925e+17 3.0616989714848520e-03 2.9998664864873650e+00 6.3102233648038705e+01
1.1330933317389809e+07 6.3931231181286566e-05 5.7102559613390560e+09 6.2200860785887344e+05 5.3327590165739307e+09 1.1324908342953804e+09 3.8958186169935008e+17 3.0755025415786902e-03 2.9998664864848137e+00 6.3102233647989273e+01
1.1382018461218942e+07 6.3931231181202079e-05 5.7102559613289938e+09 6.2200860785859916e+05 5.3327590165645313e+09 1.1324908342933829e+09 3.9487490505485261e+17 3.0893683446186798e-03 2.9998664864822508e+00 6.3102233647939187e+01
1.1433333920755258e+07 6.3931231181116793e-05 5.7102559613188305e+09 6.2200860785832210e+05 5.3327590165550423e+09 1.1324908342913651e+09 4.0023986219976998e+17 3.1032966611800310e-03 2.9998664864796765e+00 6.3102233647888454e+01
1.1484880734369624e+07 6.3931231181030707e-05 5.7102559613085852e+09 6.2200860785804363e+05 5.3327590165454741e+09 1.1324908342893372e+09 4.0567771018884410e+17 3.1172877731029201e-03 2.9998664864770905e+00 6.3102233647837380e+01
1.1536659945114363e+07 6.3931231180943822e-05 5.7102559612982388e+09 6.2200860785776190e+05 5.3327590165358114e+09 1.1324908342872853e+09 4.1118943935154349e+17 3.1313419634981863e-03 2.9998664864744926e+00 6.3102233647785603e+01
1.1588672600744370e+07 6.3931231180856151e-05 5.7102559612878113e+09 6.2200860785747878e+05 5.3327590165260706e+09 1.1324908342852235e+09 4.1677605347242227e+17 3.1454595167530685e-03 2.9998664864718831e+00 6.3102233647733513e+01
1.1640919753738308e+07 6.3931231180767802e-05 5.7102559612772827e+09 6.2200860785719170e+05 5.3327590165162401e+09 1.1324908342831328e+09 4.2243856997392518e+17 3.1596407185369548e-03 2.9998664864692621e+00 6.3102233647680272e+01
1.1693402461319903e+07 6.3931231180678545e-05 5.7102559612666521e+09 6.2200860785690206e+05 5.3327590165063114e+09 1.1324908342810233e+09 4.2817802010167955e+17 3.1738858558071630e-03 2.9998664864666291e+00 6.3102233647626555e+01
1.1746121785479344e+07 6.3931231180588597e-05 5.7102559612559204e+09 6.2200860785660869e+05 5.3327590164962931e+09 1.1324908342788868e+09 4.3399544911230400e+17 3.1881952168147528e-03 2.9998664864639841e+00 6.3102233647571737e+01
1.1799078792994764e+07 6.3931231180497741e-05 5.7102559612451077e+09 6.2200860785631463e+05 5.3327590164861927e+09 1.1324908342767451e+09 4.3989191646376595e+17 3.2025690911103499e-03 2.9998664864613276e+00 6.3102233647516968e+01
1.1852274555453833e+07 6.3931231180406099e-05 5.7102559612341928e+09 6.2200860785601730e+05 5.3327590164759998e+09 1.1324908342745798e+09 4.4586849600833210e+17 3.2170077695500114e-03 2.9998664864586586e+00 6.3102233647461375e+01
1.1905710149275439e+07 6.3931231180313548e-05 5.7102559612231779e+09 6.2200860785571788e+05 5.3327590164657135e+09 1.1324908342723992e+09 4.5192627618813158e+17 3.2315115443011101e-03 2.9998664864559776e+00 6.3102233647405313e+01
1.1959386655731468e+07 6.3931231180220199e-05 5.7102559612120600e+09 6.2200860785541497e+05 5.3327590164553289e+09 1.1324908342701931e+09 4.5806636023338368e+17 3.2460807088482450e-03 2.9998664864532851e+00 6.3102233647348392e+01
1.2013305160968687e+07 6.3931231180126049e-05 5.7102559612008419e+09 6.2200860785510927e+05 5.3327590164448557e+09 1.1324908342679667e+09 4.6428986636331565e+17 3.2607155579991802e-03 2.9998664864505802e+00 6.3102233647290646e+01
1.2067466756030720e+07 6.3931231180030992e-05 5.7102559611895418e+09 6.2200860785480263e+05 5.3327590164342976e+09 1.1324908342657335e+09 4.7059792798980902e+17 3.2754163878908125e-03 2.9998664864478628e+00 6.3102233647232914e+01
1.2121872536880122e+07 6.3931231179935148e-05 5.7102559611781206e+09 6.2200860785449110e+05 5.3327590164236317e+09 1.1324908342634647e+09 4.7699169392381491e+17 3.2901834959951620e-03 2.9998664864451334e+00 6.3102233647173904e+01
1.2176523604420567e+07 6.3931231179838383e-05 5.7102559611665974e+09 6.2200860785417748e+05 5.3327590164128714e+09 1.1324908342611806e+09 4.8347232858457421e+17 3.3050171811253907e-03 2.9998664864423916e+00 6.3102233647114282e+01
1.2231421064519111e+07 6.3931231179740832e-05 5.7102559611549730e+09 6.2200860785386036e+05 5.3327590164020157e+09 1.1324908342588711e+09 4.9004101221167590e+17 3.3199177434418505e-03 2.9998664864396374e+00 6.3102233647053808e+01
1.2286566028028578e+07 6.3931231179642265e-05 5.7102559611432467e+09 6.2200860785354185e+05 5.3327590163910618e+09 1.1324908342565515e+09 4.9669894108000557e+17 3.3348854844581569e-03 2.9998664864368707e+00 6.3102233646993149e+01
1.2341959610810032e+07 6.3931231179542897e-05 5.7102559611313992e+09 6.2200860785321845e+05 5.3327590163800011e+09 1.1324908342541962e+09 5.0344732771760000e+17 3.3499207070472885e-03 2.9998664864340916e+00 6.3102233646931104e+01
1.2397602933755370e+07 6.3931231179442622e-05 5.7102559611194506e+09 6.2200860785289272e+05 5.3327590163688450e+09 1.1324908342518241e+09 5.1028740112648083e+17 3.3650237154477197e-03 2.9998664864313000e+00 6.3102233646868477e+01
1.2453497122809980e+07 6.3931231179341426e-05 5.7102559611073999e+09 6.2200860785256443e+05 5.3327590163575888e+09 1.1324908342494333e+09 5.1722040700646662e+17 3.3801948152695697e-03 2.9998664864284961e+00 6.3102233646805367e+01
1.2509643308995550e+07 6.3931231179239334e-05 5.7102559610952482e+09 6.2200860785223404e+05 5.3327590163462400e+09 1.1324908342470272e+09 5.2424760798204730e+17 3.3954343135007940e-03 2.9998664864256792e+00 6.3102233646741759e+01
1.2566042628432937e+07 6.3931231179136335e-05 5.7102559610829744e+09 6.2200860785189923e+05 5.3327590163347778e+09 1.1324908342445886e+09 5.3137028383232448e+17 3.4107425185133946e-03 2.9998664864228499e+00 6.3102233646676922e+01
1.2622696222365163e+07 6.3931231179032306e-05 5.7102559610705996e+09 6.2200860785156325e+05 5.3327590163232203e+09 1.1324908342421420e+09 5.3858973172408083e+17 3.4261197400696545e-03 2.9998664864200077e+00 6.3102233646611978e+01
1.2679605237180505e+07 6.3931231178927369e-05 5.7102559610581026e+09 6.2200860785122286e+05 5.3327590163115482e+09 1.1324908342396626e+09 5.4590726644802426e+17 3.4415662893284129e-03 2.9998664864171527e+00 6.3102233646545898e+01
1.2736770824435696e+07 6.3931231178821537e-05 5.7102559610454845e+09 6.2200860785087850e+05 5.3327590162997684e+09 1.1324908342371550e+09 5.5332422065822771e+17 3.4570824788513563e-03 2.9998664864142848e+00 6.3102233646478687e+01
1.2794194140879225e+07 6.3931231178714784e-05 5.7102559610327644e+09 6.2200860785053158e+05 5.3327590162878904e+09 1.1324908342346284e+09 5.6084194511483514e+17 3.4726686226093477e-03 2.9998664864114035e+00 6.3102233646410852e+01
1.2851876348474747e+07 6.3931231178607014e-05 5.7102559610199432e+09 6.2200860785018327e+05 5.3327590162759142e+09 1.1324908342320917e+09 5.6846180893005626e+17 3.4883250359887784e-03 2.9998664864085098e+00 6.3102233646342896e+01
1.2909818614424583e+07 6.3931231178498214e-05 5.7102559610069799e+09 6.2200860784982983e+05 5.3327590162638083e+09 1.1324908342295177e+09 5.7618519981750227e+17 3.5040520357979433e-03 2.9998664864056028e+00 6.3102233646273589e+01
1.2968022111193359e+07 6.3931231178388507e-05 5.7102559609939156e+09 6.2200860784947407e+05 5.3327590162516069e+09 1.1324908342269268e+09 5.8401352434492186e+17 3.5198499402734635e-03 2.9998664864026829e+00 6.3102233646203644e+01
1.3026488016531711e+07 6.3931231178277783e-05 5.7102559609807291e+09 6.2200860784911504e+05 5.3327590162392921e+09 1.1324908342243118e+09 5.9194820819035866e+17 3.5357190690867165e-03 2.9998664863997497e+00 6.3102233646132888e+01
1.3085217513500132e+07 6.3931231178166042e-05 5.7102559609674206e+09 6.2200860784875252e+05 5.3327590162268639e+09 1.1324908342216718e+09 5.9999069640178931e+17 3.5516597433503071e-03 2.9998664863968032e+00 6.3102233646061322e+01
1.3144211790492896e+07 6.3931231178053380e-05 5.7102559609540110e+09 6.2200860784838791e+05 5.3327590162143402e+09 1.1324908342190163e+09 6.0814245366029581e+17 3.5676722856245683e-03 2.9998664863938438e+00 6.3102233645989237e+01
1.3203472041262126e+07 6.3931231177939593e-05 5.7102559609404593e+09 6.2200860784801864e+05 5.3327590162016830e+09 1.1324908342163270e+09 6.1640496454681050e+17 3.5837570199240831e-03 2.9998664863908706e+00 6.3102233645916030e+01
1.3262999464941924e+07 6.3931231177824776e-05 5.7102559609267855e+09 6.2200860784764634e+05 5.3327590161889133e+09 1.1324908342136159e+09 6.2477973381248691e+17 3.5999142717242482e-03 2.9998664863878841e+00 6.3102233645842027e+01
1.3322795266072661e+07 6.3931231177709051e-05 5.7102559609129906e+09 6.2200860784726986e+05 5.3327590161760330e+09 1.1324908342108738e+09 6.3326828665273254e+17 3.6161443679678467e-03 2.9998664863848843e+00 6.3102233645766837e+01
1.3382860654625332e+07 6.3931231177592079e-05 5.7102559608990736e+09 6.2200860784689174e+05 5.3327590161630335e+09 1.1324908342081201e+09 6.4187216898498650e+17 3.6324476370716832e-03 2.9998664863818711e+00 6.3102233645691577e+01
1.3443196846026048e+07 6.3931231177474199e-05 5.7102559608850355e+09 6.2200860784650943e+05 5.3327590161499243e+09 1.1324908342053359e+09 6.5059294773025114e+17 3.6488244089332117e-03 2.9998664863788442e+00 6.3102233645615058e+01
1.3503805061180633e+07 6.3931231177355181e-05 5.7102559608708553e+09 6.2200860784612293e+05 5.3327590161366825e+09 1.1324908342025211e+09 6.5943221109846016e+17 3.6652750149372207e-03 2.9998664863758036e+00 6.3102233645537517e+01
1.3564686526499316e+07 6.3931231177235146e-05 5.7102559608565731e+09 6.2200860784573480e+05 5.3327590161233416e+09 1.1324908341996944e+09 6.6839156887771405e+17 3.6817997879625346e-03 2.9998664863727491e+00 6.3102233645459563e+01
1.3625842473921569e+07 6.3931231177113973e-05 5.7102559608421288e+09 6.2200860784534062e+05 5.3327590161098547e+09 1.1324908341968236e+09 6.7747265272745882e+17 3.6983990623887537e-03 2.9998664863696809e+00 6.3102233645380103e+01
1.3687274140941011e+07 6.3931231176991783e-05 5.7102559608275833e+09 6.2200860784494504e+05 5.3327590160962706e+09 1.1324908341939428e+09 6.8667711647563546e+17 3.7150731741030147e-03 2.9998664863665989e+00 6.3102233645300309e+01
1.3748982770630470e+07 6.3931231176868442e-05 5.7102559608128948e+09 6.2200860784454504e+05 5.3327590160825529e+09 1.1324908341910295e+09 6.9600663641987610e+17 3.7318224605067947e-03 2.9998664863635032e+00 6.3102233645219385e+01
1.3810969611667121e+07 6.3931231176743975e-05 5.7102559607980652e+09 6.2200860784414061e+05 5.3327590160687037e+09 1.1324908341880841e+09 7.0546291163278182e+17 3.7486472605227296e-03 2.9998664863603932e+00 6.3102233645137360e+01
1.3873235918357763e+07 6.3931231176618370e-05 5.7102559607831144e+09 6.2200860784373386e+05 5.3327590160547390e+09 1.1324908341851218e+09 7.1504766427135744e+17 3.7655479146014807e-03 2.9998664863572695e+00 6.3102233645054916e+01
1.3935782950664194e+07 6.3931231176491641e-05 5.7102559607680206e+09 6.2200860784332291e+05 5.3327590160406446e+09 1.1324908341821291e+09 7.2476263989064960e+17 3.7825247647286157e-03 2.9998664863541316e+00 6.3102233644971193e+01
1.3998611974228714e+07 6.3931231176363759e-05 5.7102559607527847e+09 6.2200860784290778e+05 5.3327590160264187e+09 1.1324908341791058e+09 7.3460960776163712e+17 3.7995781544315388e-03 2.9998664863509794e+00 6.3102233644886432e+01
1.4061724260399722e+07 6.3931231176234753e-05 5.7102559607374277e+09 6.2200860784248984e+05 5.3327590160120745e+09 1.1324908341760621e+09 7.4459036119345664e+17 3.8167084287864320e-03 2.9998664863478131e+00 6.3102233644801139e+01
1.4125121086257452e+07 6.3931231176104608e-05 5.7102559607219286e+09 6.2200860784206772e+05 5.3327590159975996e+09 1.1324908341729877e+09 7.5470671785998182e+17 3.8339159344252423e-03 2.9998664863446325e+00 6.3102233644714687e+01
1.4188803734639822e+07 6.3931231175973216e-05 5.7102559607062874e+09 6.2200860784164211e+05 5.3327590159829912e+09 1.1324908341698880e+09 7.6496052013087488e+17 3.8512010195426993e-03 2.9998664863414377e+00 6.3102233644627418e+01
1.4252773494168367e+07 6.3931231175840686e-05 5.7102559606904840e+09 6.2200860784121067e+05 5.3327590159682379e+09 1.1324908341667459e+09 7.7535363540709146e+17 3.8685640339033512e-03 2.9998664863382287e+00 6.3102233644538487e+01
1.4317031659274345e+07 6.3931231175706909e-05 5.7102559606745586e+09 6.2200860784077737e+05 5.3327590159533625e+09 1.1324908341635904e+09 7.8588795646098624e+17 3.8860053288486533e-03 2.9998664863350046e+00 6.3102233644449299e+01
1.4381579530224906e+07 6.3931231175571993e-05 5.7102559606584911e+09 6.2200860784033965e+05 5.3327590159383564e+09 1.1324908341604025e+09 7.9656540178101210e+17 3.9035252573040714e-03 2.9998664863317663e+00 6.3102233644358918e+01
1.4446418413149416e+07 6.3931231175435831e-05 5.7102559606422825e+09 6.2200860783989890e+05 5.3327590159232197e+09 1.1324908341571927e+09 8.0738791592111117e+17 3.9211241737862213e-03 2.9998664863285134e+00 6.3102233644267805e+01
1.4511549620065881e+07 6.3931231175298409e-05 5.7102559606259108e+09 6.2200860783945257e+05 5.3327590159079304e+09 1.1324908341539421e+09 8.1835746985486003e+17 3.9388024344100495e-03 2.9998664863252462e+00 6.3102233644175307e+01
1.4576974468907498e+07 6.3931231175159753e-05 5.7102559606093969e+09 6.2200860783900274e+05 5.3327590158925076e+09 1.1324908341506660e+09 8.2947606133440589e+17 3.9565603968960295e-03 2.9998664863219640e+00 6.3102233644081849e+01
1.4642694283549324e+07 6.3931231175019836e-05 5.7102559605927420e+09 6.2200860783854988e+05 5.3327590158769550e+09 1.1324908341473680e+09 8.4074571525431411e+17 3.9743984205774146e-03 2.9998664863186666e+00 6.3102233643987709e+01
1.4708710393835062e+07 6.3931231174878673e-05 5.7102559605759239e+09 6.2200860783809144e+05 5.3327590158612499e+09 1.1324908341440294e+09 8.5216848402030950e+17 3.9923168664074927e-03 2.9998664863153546e+00 6.3102233643892099e+01
1.4775024135603974e+07 6.3931231174736263e-05 5.7102559605589638e+09 6.2200860783762950e+05 5.3327590158454103e+09 1.1324908341406651e+09 8.6374644792308070e+17 4.0103160969668997e-03 2.9998664863120279e+00 6.3102233643795572e+01
1.4841636850717906e+07 6.3931231174592498e-05 5.7102559605418415e+09 6.2200860783716314e+05 5.3327590158294191e+09 1.1324908341372688e+09 8.7548171551712845e+17 4.0283964764709565e-03 2.9998664863086861e+00 6.3102233643697978e+01
1.4908549887088448e+07 6.3931231174447472e-05 5.7102559605245781e+09 6.2200860783669353e+05 5.3327590158132963e+09 1.1324908341338487e+09 8.8737642400476634e+17 4.0465583707770345e-03 2.9998664863053293e+00 6.3102233643599611e+01
1.4975764598704204e+07 6.3931231174301200e-05 5.7102559605071516e+09 6.2200860783621855e+05 5.3327590157970238e+09 1.1324908341303895e+09 8.9943273962535834e+17 4.0648021473919634e-03 2.9998664863019568e+00 6.3102233643499744e+01
1.5043282345658194e+07 6.3931231174153572e-05 5.7102559604895620e+09 6.2200860783573915e+05 5.3327590157805986e+09 1.1324908341268981e+09 9.1165285804981120e+17 4.0831281754794627e-03 2.9998664862985698e+00 6.3102233643398769e+01
1.5111104494175369e+07 6.3931231174004576e-05 5.7102559604718113e+09 6.2200860783525510e+05 5.3327590157640200e+09 1.1324908341233728e+09 9.2403900478045978e+17 4.1015368258676167e-03 2.9998664862951672e+00 6.3102233643296749e+01
1.5179232416640263e+07 6.3931231173854211e-05 5.7102559604539185e+09 6.2200860783476895e+05 5.3327590157473097e+09 1.1324908341198323e+09 9.3659343555636685e+17 4.1200284710563749e-03 2.9998664862917490e+00 6.3102233643194111e+01
1.5247667491624761e+07 6.3931231173702490e-05 5.7102559604358425e+09 6.2200860783427604e+05 5.3327590157304277e+09 1.1324908341162426e+09 9.4931843676412774e+17 4.1386034852250921e-03 2.9998664862883158e+00 6.3102233643089775e+01
1.5316411103915993e+07 6.3931231173549401e-05 5.7102559604176254e+09 6.2200860783378105e+05 5.3327590157134142e+09 1.1324908341126375e+09 9.6221632585426957e+17 4.1572622442400970e-03 2.9998664862848670e+00 6.3102233642984913e+01
1.5385464644544359e+07 6.3931231173394956e-05 5.7102559603992252e+09 6.2200860783327953e+05 5.3327590156962318e+09 1.1324908341089852e+09 9.7528945176329882e+17 4.1760051256623000e-03 2.9998664862814026e+00 6.3102233642878410e+01
1.5454829510811673e+07 6.3931231173239143e-05 5.7102559603806620e+09 6.2200860783277359e+05 5.3327590156788969e+09 1.1324908341053004e+09 9.8854019534148378e+17 4.1948325087548316e-03 2.9998664862779227e+00 6.3102233642770670e+01
1.5524507106319441e+07 6.3931231173081852e-05 5.7102559603619375e+09 6.2200860783226416e+05 5.3327590156614094e+09 1.1324908341015904e+09 1.0019709697864476e+18 4.2137447744907183e-03 2.9998664862744273e+00 6.3102233642662171e+01
1.5594498840997253e+07 6.3931231172923206e-05 5.7102559603430300e+09 6.2200860783174820e+05 5.3327590156437531e+09 1.1324908340978329e+09 1.0155842210826586e+18 4.2327423055605936e-03 2.9998664862709159e+00 6.3102233642551923e+01
1.5664806131131329e+07 6.3931231172763083e-05 5.7102559603239603e+09 6.2200860783122899e+05 5.3327590156259441e+09 1.1324908340940516e+09 1.0293824284468895e+18 4.2518254863804358e-03 2.9998664862673885e+00 6.3102233642440844e+01
1.5735430399393167e+07 6.3931231172601483e-05 5.7102559603047285e+09 6.2200860783070605e+05 5.3327590156079807e+09 1.1324908340902431e+09 1.0433681047797184e+18 4.2709947030993506e-03 2.9998664862638456e+00 6.3102233642328926e+01
1.5806373074868333e+07 6.3931231172438514e-05 5.7102559602853136e+09 6.2200860783017706e+05 5.3327590155898523e+09 1.1324908340863905e+09 1.0575437971231839e+18 4.2902503436073854e-03 2.9998664862602862e+00 6.3102233642215296e+01
1.5877635593085377e+07 6.3931231172273959e-05 5.7102559602657166e+09 6.2200860782964318e+05 5.3327590155715485e+09 1.1324908340825024e+09 1.0719120871246380e+18 4.3095927975433761e-03 2.9998664862567113e+00 6.3102233642100543e+01
1.5949219396044882e+07 6.3931231172108035e-05 5.7102559602459574e+09 6.2200860782910534e+05 5.3327590155530968e+09 1.1324908340785854e+09 1.0864755915069128e+18 4.3290224563028333e-03 2.9998664862531199e+00 6.3102233641984675e+01
1.6021125932248650e+07 6.3931231171940540e-05 5.7102559602260151e+09 6.2200860782856261e+05 5.3327590155344725e+09 1.1324908340746329e+09 1.1012369625448850e+18 4.3485397130458630e-03 2.9998664862495121e+00 6.3102233641867564e+01
1.6093356656728998e+07 6.3931231171771553e-05 5.7102559602058907e+09 6.2200860782801453e+05 5.3327590155156784e+09 1.1324908340706413e+09 1.1161988885484777e+18 4.3681449627051179e-03 2.9998664862458888e+00 6.3102233641749166e+01
1.6165913031078247e+07 6.3931231171600981e-05 5.7102559601855831e+09 6.2200860782746179e+05 5.3327590154967117e+09 1.1324908340666156e+09 1.1313640943522755e+18 4.3878386019938027e-03 2.9998664862422486e+00 6.3102233641629596e+01
1.6238796523478162e+07 6.3931231171428918e-05 5.7102559601650934e+09 6.2200860782690393e+05 5.3327590154775753e+09 1.1324908340625529e+09 1.1467353418117371e+18 4.4076210294136612e-03 2.9998664862385920e+00 6.3102233641508661e+01
1.6312008608729847e+07 6.3931231171255283e-05 5.7102559601444016e+09 6.2200860782633978e+05 5.3327590154582558e+09 1.1324908340584443e+09 1.1623154303062126e+18 4.4274926452630998e-03 2.9998664862349189e+00 6.3102233641385958e+01
1.6385550768283477e+07 6.3931231171080171e-05 5.7102559601235466e+09 6.2200860782577167e+05 5.3327590154387779e+09 1.1324908340543070e+09 1.1781071972487373e+18 4.4474538516452470e-03 2.9998664862312294e+00 6.3102233641262380e+01
1.6459424490268294e+07 6.3931231170903351e-05 5.7102559601024885e+09 6.2200860782519821e+05 5.3327590154191122e+09 1.1324908340501304e+09 1.1941135186027750e+18 4.4675050524760973e-03 2.9998664862275235e+00 6.3102233641137424e+01
1.6533631269522715e+07 6.3931231170725054e-05 5.7102559600812483e+09 6.2200860782461939e+05 5.3327590153992777e+09 1.1324908340459151e+09 1.2103373094059996e+18 4.4876466534926910e-03 2.9998664862238007e+00 6.3102233641011004e+01
1.6608172607624596e+07 6.3931231170545049e-05 5.7102559600598249e+09 6.2200860782403685e+05 5.3327590153792677e+09 1.1324908340416725e+09 1.2267815243011584e+18 4.5078790622613187e-03 2.9998664862200610e+00 6.3102233640883753e+01
1.6683050012921605e+07 6.3931231170363459e-05 5.7102559600381784e+09 6.2200860782344616e+05 5.3327590153590565e+09 1.1324908340373707e+09 1.2434491580741714e+18 4.5282026881857691e-03 2.9998664862163045e+00 6.3102233640754250e+01
1.6758265000561746e+07 6.3931231170180161e-05 5.7102559600163708e+09 6.2200860782285361e+05 5.3327590153386869e+09 1.1324908340330553e+09 1.2603432461995443e+18 4.5486179425156190e-03 2.9998664862125310e+00 6.3102233640624405e+01
1.6833819092524018e+07 6.3931231169995278e-05 5.7102559599943390e+09 6.2200860782225267e+05 5.3327590153181133e+09 1.1324908340286787e+09 1.2774668653931630e+18 4.5691252383545464e-03 2.9998664862087403e+00 6.3102233640492365e+01
1.6909713817649212e+07 6.3931231169808700e-05 5.7102559599721251e+09 6.2200860782164824e+05 5.3327590152973671e+09 1.1324908340242767e+09 1.2948231341726321e+18 4.5897249906686945e-03 2.9998664862049331e+00 6.3102233640359366e+01
1.6985950711670849e+07 6.3931231169620401e-05 5.7102559599497080e+09 6.2200860782103823e+05 5.3327590152764311e+09 1.1324908340198343e+09 1.3124152134252201e+18 4.6104176162950683e-03 2.9998664862011082e+00 6.3102233640225023e+01
1.7062531317246258e+07 6.3931231169430530e-05 5.7102559599270878e+09 6.2200860782042169e+05 5.3327590152553072e+09 1.1324908340153441e+09 1.3302463069834949e+18 4.6312035339499680e-03 2.9998664861972664e+00 6.3102233640088777e+01
1.7139457183987781e+07 6.3931231169238830e-05 5.7102559599042444e+09 6.2200860781979887e+05 5.3327590152339773e+09 1.1324908340108082e+09 1.3483196622088105e+18 4.6520831642374652e-03 2.9998664861934068e+00 6.3102233639951024e+01
1.7216729868494146e+07 6.3931231169045435e-05 5.7102559598812189e+09 6.2200860781917209e+05 5.3327590152124710e+09 1.1324908340062435e+09 1.3666385705827164e+18 4.6730569296579115e-03 2.9998664861895303e+00 6.3102233639812333e+01
1.7294350934381943e+07 6.3931231168850211e-05 5.7102559598579702e+09 6.2200860781853902e+05 5.3327590151907597e+09 1.1324908340016329e+09 1.3852063683063634e+18 4.6941252546164802e-03 2.9998664861856361e+00 6.3102233639672043e+01
1.7372321952317290e+07 6.3931231168653293e-05 5.7102559598345184e+09 6.2200860781790037e+05 5.3327590151688585e+09 1.1324908339969819e+09 1.4040264369081303e+18 4.7152885654317680e-03 2.9998664861817241e+00 6.3102233639530148e+01
1.7450644500047594e+07 6.3931231168454667e-05 5.7102559598108644e+09 6.2200860781725636e+05 5.3327590151467695e+09 1.1324908339922917e+09 1.4231022038594353e+18 4.7365472903444167e-03 2.9998664861777948e+00 6.3102233639386789e+01
1.7529320162433483e+07 6.3931231168254117e-05 5.7102559597869864e+09 6.2200860781660653e+05 5.3327590151244688e+09 1.1324908339875591e+09 1.4424371431989417e+18 4.7579018595257710e-03 2.9998664861738478e+00 6.3102233639242115e+01
1.7608350531480890e+07 6.3931231168051845e-05 5.7102559597628851e+09 6.2200860781594925e+05 5.3327590151019611e+09 1.1324908339827721e+09 1.4620347761652342e+18 4.7793527050865947e-03 2.9998664861698829e+00 6.3102233639095417e+01
1.7687737206373237e+07 6.3931231167847663e-05 5.7102559597385817e+09 6.2200860781528824e+05 5.3327590150792627e+09 1.1324908339779582e+09 1.4818986718381297e+18 4.8009002610858043e-03 2.9998664861659003e+00 6.3102233638947766e+01
1.7767481793503828e+07 6.3931231167641651e-05 5.7102559597140551e+09 6.2200860781462071e+05 5.3327590150563545e+09 1.1324908339730966e+09 1.5020324477886316e+18 4.8225449635392603e-03 2.9998664861618995e+00 6.3102233638798481e+01
1.7847585906508327e+07 6.3931231167433836e-05 5.7102559596893053e+09 6.2200860781394667e+05 5.3327590150332413e+09 1.1324908339681878e+09 1.5224397707377792e+18 4.8442872504285833e-03 2.9998664861578810e+00 6.3102233638647441e+01
1.7928051166297432e+07 6.3931231167224084e-05 5.7102559596643114e+09 6.2200860781326517e+05 5.3327590150099020e+09 1.1324908339632246e+09 1.5431243572244326e+18 4.8661275617100253e-03 2.9998664861538442e+00 6.3102233638494418e+01
1.8008879201089658e+07 6.3931231167012502e-05 5.7102559596391153e+09 6.2200860781257926e+05 5.3327590149863729e+09 1.1324908339582293e+09 1.5640899742820792e+18 4.8880663393233575e-03 2.9998664861497888e+00 6.3102233638340216e+01
1.8090071646444291e+07 6.3931231166799009e-05 5.7102559596136961e+09 6.2200860781188752e+05 5.3327590149626350e+09 1.1324908339531915e+09 1.5853404401249226e+18 4.9101040272008295e-03 2.9998664861457156e+00 6.3102233638184522e+01
1.8171630145294484e+07 6.3931231166583578e-05 5.7102559595880327e+09 6.2200860781118809e+05 5.3327590149386683e+09 1.1324908339480977e+09 1.6068796248432320e+18 4.9322410712761442e-03 2.9998664861416238e+00 6.3102233638026853e+01
1.8253556347980499e+07 6.3931231166366101e-05 5.7102559595621262e+09 6.2200860781048215e+05 5.3327590149144745e+09 1.1324908339429564e+09 1.6287114511081344e+18 4.9544779194934810e-03 2.9998664861375137e+00 6.3102233637867450e+01
1.8335851912283104e+07 6.3931231166146685e-05 5.7102559595360174e+09 6.2200860780977248e+05 5.3327590148900881e+09 1.1324908339377880e+09 1.6508398948860370e+18 4.9768150218165580e-03 2.9998664861333850e+00 6.3102233637707201e+01
1.8418518503457118e+07 6.3931231165925359e-05 5.7102559595096445e+09 6.2200860780905327e+05 5.3327590148654604e+09 1.1324908339325502e+09 1.6732689861627005e+18 4.9992528302377440e-03 2.9998664861292377e+00 6.3102233637544323e+01
1.8501557794265106e+07 6.3931231165702081e-05 5.7102559594830484e+09 6.2200860780832870e+05 5.3327590148406239e+09 1.1324908339272733e+09 1.6960028096771804e+18 5.0217917987872007e-03 2.9998664861250717e+00 6.3102233637379960e+01
1.8584971465011232e+07 6.3931231165476662e-05 5.7102559594562082e+09 6.2200860780759831e+05 5.3327590148155584e+09 1.1324908339219539e+09 1.7190455056657295e+18 5.0444323835420685e-03 2.9998664861208870e+00 6.3102233637214169e+01
1.8668761203575253e+07 6.3931231165249305e-05 5.7102559594291258e+09 6.2200860780686024e+05 5.3327590147902660e+09 1.1324908339165788e+09 1.7424012706157980e+18 5.0671750426356946e-03 2.9998664861166833e+00 6.3102233637046375e+01
1.8752928705446675e+07 6.3931231165019792e-05 5.7102559594017992e+09 6.2200860780611658e+05 5.3327590147647457e+09 1.1324908339111629e+09 1.7660743580303119e+18 5.0900202362669095e-03 2.9998664861124609e+00 6.3102233636877138e+01
1.8837475673759073e+07 6.3931231164788234e-05 5.7102559593742294e+09 6.2200860780536616e+05 5.3327590147389965e+09 1.1324908339056976e+09 1.7900690792022835e+18 5.1129684267093344e-03 2.9998664861082194e+00 6.3102233636706131e+01
1.8922403819324531e+07 6.3931231164554629e-05 5.7102559593463955e+09 6.2200860780460737e+05 5.3327590147130060e+09 1.1324908339001715e+09 1.8143898040000054e+18 5.1360200783207299e-03 2.9998664861039583e+00 6.3102233636532794e+01
1.9007714860668283e+07 6.3931231164318869e-05 5.7102559593183184e+09 6.2200860780384275e+05 5.3327590146867838e+09 1.1324908338946030e+09 1.8390409616628526e+18 5.1591756575524086e-03 2.9998664860996787e+00 6.3102233636358044e+01
1.9093410524063475e+07 6.3931231164081063e-05 5.7102559592899981e+09 6.2200860780307162e+05 5.3327590146603365e+09 1.1324908338889871e+09 1.8640270416079575e+18 5.1824356329586577e-03 2.9998664860953794e+00 6.3102233636181460e+01
1.9179492543566100e+07 6.3931231163840994e-05 5.7102559592614136e+09 6.2200860780229350e+05 5.3327590146336412e+09 1.1324908338833201e+09 1.8893525942477750e+18 5.2058004752062251e-03 2.9998664860910607e+00 6.3102233636003263e+01
1.9265962661050081e+07 6.3931231163598756e-05 5.7102559592325659e+09 6.2200860780150793e+05 5.3327590146066999e+09 1.1324908338775990e+09 1.9150222318188355e+18 5.2292706570838451e-03 2.9998664860867224e+00 6.3102233635822977e+01
1.9352822626242533e+07 6.3931231163354363e-05 5.7102559592034540e+09 6.2200860780071467e+05 5.3327590145795126e+09 1.1324908338718219e+09 1.9410406292216791e+18 5.2528466535118074e-03 2.9998664860823649e+00 6.3102233635640680e+01
1.9440074196759149e+07 6.3931231163107815e-05 5.7102559591740990e+09 6.2200860779991583e+05 5.3327590145520983e+09 1.1324908338660040e+09 1.9674125248722637e+18 5.2765289415515632e-03 2.9998664860779876e+00 6.3102233635456876e+01
1.9527719138139781e+07 6.3931231162858991e-05 5.7102559591444597e+09 6.2200860779910837e+05 5.3327590145244207e+09 1.1324908338601234e+09 1.9941427215649098e+18 5.3003180004153778e-03 2.9998664860735906e+00 6.3102233635270757e+01
1.9615759223884154e+07 6.3931231162607903e-05 5.7102559591145563e+09 6.2200860779829393e+05 5.3327590144964924e+09 1.1324908338541920e+09 2.0212360873469563e+18 5.3242143114760297e-03 2.9998664860691737e+00 6.3102233635082882e+01
1.9704196235487770e+07 6.3931231162354647e-05 5.7102559590843897e+09 6.2200860779747204e+05 5.3327590144683228e+09 1.1324908338482063e+09 2.0486975564053565e+18 5.3482183582765535e-03 2.9998664860647368e+00 6.3102233634892961e+01
1.9793031962477930e+07 6.3931231162099020e-05 5.7102559590539598e+09 6.2200860779664433e+05 5.3327590144399023e+09 1.1324908338421783e+09 2.0765321299652442e+18 5.3723306265400176e-03 2.9998664860602799e+00 6.3102233634701541e+01
1.9882268202449974e+07 6.3931231161840993e-05 5.7102559590232248e+09 6.2200860779580683e+05 5.3327590144111996e+09 1.1324908338360791e+09 2.1047448772007580e+18 5.3965516041793588e-03 2.9998664860558031e+00 6.3102233634507577e+01
1.9971906761103638e+07 6.3931231161580825e-05 5.7102559589922466e+09 6.2200860779496352e+05 5.3327590143822680e+09 1.1324908338299375e+09 2.1333409361582500e+18 5.4208817813072574e-03 2.9998664860513062e+00 6.3102233634312014e+01
2.0061949452279586e+07 6.3931231161318150e-05 5.7102559589609642e+09 6.2200860779411183e+05 5.3327590143530550e+09 1.1324908338237345e+09 2.1623255146919918e+18 5.4453216502460431e-03 2.9998664860467885e+00 6.3102233634114263e+01
2.0152398097996142e+07 6.3931231161053198e-05 5.7102559589293985e+09 6.2200860779325129e+05 5.3327590143235769e+09 1.1324908338174675e+09 2.1917038914126267e+18 5.4698717055376728e-03 2.9998664860422508e+00 6.3102233633914160e+01
2.0243254528486129e+07 6.3931231160785753e-05 5.7102559588975677e+09 6.2200860779238585e+05 5.3327590142938480e+09 1.1324908338111649e+09 2.2214814166484808e+18 5.4945324439537218e-03 2.9998664860376927e+00 6.3102233633712750e+01
2.0334520582233917e+07 6.3931231160516044e-05 5.7102559588654337e+09 6.2200860779150971e+05 5.3327590142638388e+09 1.1324908338047838e+09 2.2516635134200059e+18 5.5193043645054510e-03 2.9998664860331141e+00 6.3102233633508490e+01
2.0426198106012616e+07 6.3931231160243706e-05 5.7102559588330154e+09 6.2200860779062798e+05 5.3327590142335634e+09 1.1324908337983625e+09 2.2822556784273326e+18 5.5441879684538908e-03 2.9998664860285147e+00 6.3102233633302902e+01
2.0518288954921469e+07 6.3931231159968996e-05 5.7102559588002920e+09 6.2200860778973624e+05 5.3327590142030029e+09 1.1324908337918682e+09 2.3132634830513905e+18 5.5691837593199959e-03 2.9998664860238948e+00 6.3102233633094528e+01
2.0610794992423363e+07 6.3931231159691901e-05 5.7102559587672853e+09 6.2200860778883705e+05 5.3327590141721792e+09 1.1324908337853196e+09 2.3446925743684982e+18 5.5942922428948256e-03 2.9998664860192537e+00 6.3102233632884058e+01
2.0703718090382539e+07 6.3931231159412190e-05 5.7102559587339745e+09 6.2200860778792994e+05 5.3327590141410713e+09 1.1324908337787132e+09 2.3765486761788544e+18 5.6195139272497835e-03 2.9998664860145920e+00 6.3102233632671599e+01
2.0797060129102495e+07 6.3931231159129986e-05 5.7102559587003593e+09 6.2200860778701399e+05 5.3327590141096783e+09 1.1324908337720425e+09 2.4088375900488878e+18 5.6448493227468947e-03 2.9998664860099091e+00 6.3102233632456802e+01
2.0890822997364003e+07 6.3931231158845166e-05 5.7102559586664391e+09 6.2200860778609035e+05 5.3327590140780010e+09 1.1324908337653158e+09 2.4415651963678525e+18 5.6702989420491364e-03 2.9998664860052049e+00 6.3102233632239944e+01
2.0985008592463344e+07 6.3931231158557839e-05 5.7102559586322355e+09 6.2200860778515995e+05 5.3327590140460577e+09 1.1324908337585399e+09 2.4747374554187633e+18 5.6958633001308106e-03 2.9998664860004798e+00 6.3102233632021296e+01
2.1079618820250701e+07 6.3931231158267910e-05 5.7102559585977068e+09 6.2200860778421955e+05 5.3327590140138111e+09 1.1324908337516911e+09 2.5083604084638428e+18 5.7215429142879583e-03 2.9998664859957334e+00 6.3102233631799997e+01
2.1174655595168717e+07 6.3931231157975365e-05 5.7102559585628548e+09 6.2200860778326960e+05 5.3327590139812651e+09 1.1324908337447729e+09 2.5424401788447775e+18 5.7473383041488427e-03 2.9998664859909656e+00 6.3102233631576105e+01
2.1270120840291239e+07 6.3931231157680218e-05 5.7102559585276976e+09 6.2200860778231174e+05 5.3327590139484329e+09 1.1324908337377970e+09 2.5769829730978621e+18 5.7732499916844466e-03 2.9998664859861761e+00 6.3102233631350046e+01
2.1366016487362228e+07 6.3931231157382334e-05 5.7102559584922352e+09 6.2200860778134689e+05 5.3327590139153137e+09 1.1324908337307701e+09 2.6119950820843141e+18 5.7992785012190434e-03 2.9998664859813653e+00 6.3102233631122274e+01
2.1462344476834852e+07 6.3931231157081725e-05 5.7102559584564295e+09 6.2200860778037133e+05 5.3327590138818741e+09 1.1324908337236655e+09 2.6474828821359708e+18 5.8254243594408079e-03 2.9998664859765323e+00 6.3102233630891625e+01
2.1559106757910751e+07 6.3931231156778514e-05 5.7102559584203186e+09 6.2200860777938785e+05 5.3327590138481503e+09 1.1324908337165029e+09 2.6834528362165453e+18 5.8516880954124686e-03 2.9998664859716779e+00 6.3102233630658780e+01
2.1656305288579468e+07 6.3931231156472458e-05 5.7102559583838625e+09 6.2200860777839459e+05 5.3327590138141060e+09 1.1324908337092693e+09 2.7199114950986158e+18 5.8780702405820161e-03 2.9998664859668014e+00 6.3102233630423399e+01
2.1753942035658088e+07 6.3931231156163677e-05 5.7102559583471031e+09 6.2200860777739459e+05 5.3327590137797747e+09 1.1324908337019863e+09 2.7568654985566541e+18 5.9045713287934560e-03 2.9998664859619031e+00 6.3102233630186149e+01
2.1852018974831026e+07 6.3931231155852050e-05 5.7102559583099985e+09 6.2200860777638457e+05 5.3327590137451210e+09 1.1324908336946306e+09 2.7943215765762468e+18 5.9311918962976192e-03 2.9998664859569830e+00 6.3102233629946333e+01
2.1950538090689994e+07 6.3931231155537699e-05 5.7102559582725487e+09 6.2200860777536384e+05 5.3327590137101488e+09 1.1324908336871967e+09 2.8322865505797606e+18 5.9579324817629949e-03 2.9998664859520403e+00 6.3102233629703512e+01
2.2049501376774188e+07 6.3931231155220516e-05 5.7102559582347746e+09 6.2200860777433519e+05 5.3327590136748734e+09 1.1324908336797054e+09 2.8707673346686019e+18 5.9847936262866514e-03 2.9998664859470754e+00 6.3102233629458581e+01
2.2148910835610602e+07 6.3931231154900378e-05 5.7102559581966553e+09 6.2200860777329747e+05 5.3327590136392717e+09 1.1324908336721478e+09 2.9097709368824607e+18 6.0117758734051681e-03 2.9998664859420883e+00 6.3102233629211312e+01
2.2248768478754554e+07 6.3931231154577408e-05 5.7102559581581707e+09 6.2200860777224810e+05 5.3327590136033354e+09 1.1324908336645055e+09 2.9493044604755436e+18 6.0388797691056460e-03 2.9998664859370785e+00 6.3102233628960811e+01
2.2349076326830398e+07 6.3931231154251469e-05 5.7102559581193619e+09 6.2200860777119198e+05 5.3327590135670919e+09 1.1324908336568141e+09 2.9893751052102385e+18 6.0661058618367491e-03 2.9998664859320461e+00 6.3102233628708554e+01
2.2449836409572411e+07 6.3931231153922590e-05 5.7102559580802088e+09 6.2200860777012655e+05 5.3327590135305243e+09 1.1324908336490548e+09 3.0299901686683090e+18 6.0934547025198061e-03 2.9998664859269910e+00 6.3102233628453845e+01
2.2551050765865851e+07 6.3931231153590757e-05 5.7102559580406895e+09 6.2200860776905017e+05 5.3327590134936171e+09 1.1324908336412158e+09 3.0711570475799050e+18 6.1209268445599528e-03 2.9998664859219133e+00 6.3102233628196174e+01
2.2652721443788238e+07 6.3931231153255969e-05 5.7102559580008059e+09 6.2200860776796332e+05 5.3327590134563732e+09 1.1324908336333003e+09 3.1128832391706634e+18 6.1485228438573391e-03 2.9998664859168125e+00 6.3102233627935604e+01
2.2754850500650767e+07 6.3931231152918104e-05 5.7102559579605770e+09 6.2200860776686831e+05 5.3327590134188032e+09 1.1324908336253257e+09 3.1551763425270420e+18 6.1762432588183640e-03 2.9998664859116886e+00 6.3102233627672980e+01
2.2857440003039960e+07 6.3931231152577190e-05 5.7102559579199829e+09 6.2200860776576330e+05 5.3327590133808908e+09 1.1324908336172781e+09 3.1980440599803305e+18 6.2040886503669946e-03 2.9998664859065420e+00 6.3102233627407593e+01
2.2960492026859485e+07 6.3931231152233200e-05 5.7102559578790035e+09 6.2200860776464641e+05 5.3327590133426228e+09 1.1324908336091440e+09 3.2414941985093002e+18 6.2320595819560995e-03 2.9998664859013719e+00 6.3102233627139043e+01
2.3064008657372143e+07 6.3931231151886147e-05 5.7102559578376789e+09 6.2200860776352137e+05 5.3327590133040276e+09 1.1324908336009505e+09 3.2855346711620219e+18 6.2601566195788563e-03 2.9998664858961788e+00 6.3102233626868291e+01
2.3167991989242077e+07 6.3931231151535909e-05 5.7102559577959690e+09 6.2200860776238563e+05 5.3327590132650766e+09 1.1324908335926793e+09 3.3301734984969851e+18 6.2883803317802011e-03 2.9998664858909616e+00 6.3102233626594661e+01
2.3272444126577158e+07 6.3931231151182500e-05 5.7102559577538738e+09 6.2200860776123893e+05 5.3327590132257652e+09 1.1324908335843279e+09 3.3754188100437975e+18 6.3167312896683439e-03 2.9998664858857214e+00 6.3102233626318032e+01
2.3377367182971556e+07 6.3931231150825906e-05 5.7102559577114134e+09 6.2200860776008316e+05 5.3327590131861124e+09 1.1324908335759108e+09 3.4212788457836698e+18 6.3452100669263095e-03 2.9998664858804576e+00 6.3102233626038988e+01
2.3482763281548515e+07 6.3931231150466140e-05 5.7102559576685667e+09 6.2200860775891622e+05 5.3327590131460981e+09 1.1324908335674121e+09 3.4677619576501084e+18 6.3738172398235642e-03 2.9998664858751702e+00 6.3102233625756959e+01
2.3588634555003311e+07 6.3931231150103068e-05 5.7102559576253157e+09 6.2200860775773763e+05 5.3327590131057072e+09 1.1324908335588288e+09 3.5148766110499338e+18 6.4025533872276502e-03 2.9998664858698585e+00 6.3102233625471676e+01
2.3694983145646397e+07 6.3931231149736702e-05 5.7102559575816984e+09 6.2200860775655066e+05 5.3327590130649719e+09 1.1324908335501842e+09 3.5626313864049910e+18 6.4314190906159304e-03 2.9998664858645232e+00 6.3102233625184354e+01
2.3801811205446780e+07 6.3931231149367057e-05 5.7102559575376759e+09 6.2200860775535181e+05 5.3327590130238590e+09 1.1324908335414531e+09 3.6110349807147940e+18 6.4604149340873364e-03 2.9998664858591639e+00 6.3102233624893664e+01
2.3909120896075532e+07 6.3931231148993997e-05 5.7102559574932480e+09 6.2200860775414202e+05 5.3327590129823694e+09 1.1324908335326426e+09 3.6600962091403848e+18 6.4895415043741810e-03 2.9998664858537802e+00 6.3102233624600139e+01
2.4016914388949562e+07 6.3931231148617643e-05 5.7102559574484138e+09 6.2200860775292013e+05 5.3327590129405003e+09 1.1324908335237439e+09 3.7098240066097679e+18 6.5187993908540501e-03 2.9998664858483721e+00 6.3102233624303253e+01
2.4125193865275532e+07 6.3931231148237888e-05 5.7102559574031944e+09 6.2200860775168915e+05 5.3327590128982697e+09 1.1324908335147789e+09 3.7602274294451108e+18 6.5481891855617164e-03 2.9998664858429400e+00 6.3102233624003908e+01
2.4233961516094014e+07 6.3931231147854717e-05 5.7102559573575487e+09 6.2200860775044537e+05 5.3327590128556442e+09 1.1324908335057206e+09 3.8113156570120356e+18 6.5777114832011249e-03 2.9998664858374831e+00 6.3102233623701068e+01
2.4343219542323802e+07 6.3931231147468023e-05 5.7102559573115177e+09 6.2200860774919298e+05 5.3327590128126516e+09 1.1324908334965997e+09 3.8630979933913672e+18 6.6073668811574152e-03 2.9998664858320017e+00 6.3102233623396032e+01
2.4452970154806469e+07 6.3931231147077927e-05 5.7102559572650404e+09 6.2200860774792591e+05 5.3327590127692480e+09 1.1324908334873719e+09 3.9155838690735826e+18 6.6371559795090265e-03 2.9998664858264958e+00 6.3102233623086910e+01
2.4563215574351091e+07 6.3931231146684199e-05 5.7102559572181568e+09 6.2200860774664977e+05 5.3327590127254648e+09 1.1324908334780781e+09 3.9687828426762706e+18 6.6670793810398327e-03 2.9998664858209647e+00 6.3102233622775387e+01
2.4673958031779196e+07 6.3931231146286947e-05 5.7102559571708479e+09 6.2200860774536151e+05 5.3327590126812840e+09 1.1324908334686959e+09 4.0227046026848840e+18 6.6971376912513311e-03 2.9998664858154092e+00 6.3102233622460531e+01
2.4785199767969944e+07 6.3931231145886186e-05 5.7102559571231127e+09 6.2200860774406092e+05 5.3327590126367044e+09 1.1324908334592240e+09 4.0773589692172616e+18 6.7273315183749233e-03 2.9998664858098283e+00 6.3102233622142322e+01
2.4896943033905271e+07 6.3931231145481670e-05 5.7102559570749521e+09 6.2200860774275032e+05 5.3327590125917244e+09 1.1324908334496791e+09 4.1327558958119526e+18 6.7576614733841599e-03 2.9998664858042221e+00 6.3102233621821512e+01
2.5009190090715751e+07 6.3931231145073630e-05 5.7102559570263443e+09 6.2200860774142575e+05 5.3327590125463333e+09 1.1324908334400325e+09 4.1889054712410204e+18 6.7881281700071829e-03 2.9998664857985906e+00 6.3102233621496765e+01
2.5121943209726132e+07 6.3931231144661728e-05 5.7102559569773111e+09 6.2200860774009186e+05 5.3327590125005388e+09 1.1324908334303181e+09 4.2458179213473669e+18 6.8187322247391007e-03 2.9998664857929338e+00 6.3102233621169717e+01
2.5235204672501367e+07 6.3931231144246316e-05 5.7102559569278107e+09 6.2200860773874214e+05 5.3327590124543171e+09 1.1324908334204884e+09 4.3035036109070044e+18 6.8494742568544643e-03 2.9998664857872517e+00 6.3102233620838014e+01
2.5348976770892758e+07 6.3931231143827028e-05 5.7102559568778849e+09 6.2200860773738287e+05 5.3327590124076881e+09 1.1324908334105892e+09 4.3619730455167022e+18 6.8803548884198030e-03 2.9998664857815438e+00 6.3102233620504038e+01
2.5463261807084348e+07 6.3931231143403891e-05 5.7102559568274918e+09 6.2200860773601057e+05 5.3327590123606272e+09 1.1324908334005949e+09 4.4212368735072241e+18 6.9113747443062153e-03 2.9998664857758106e+00 6.3102233620166395e+01
2.5578062093639512e+07 6.3931231142977000e-05 5.7102559567766533e+09 6.2200860773462616e+05 5.3327590123131485e+09 1.1324908333905125e+09 4.4813058878826286e+18 6.9425344522020148e-03 2.9998664857700508e+00 6.3102233619825491e+01
2.5693379953547727e+07 6.3931231142546247e-05 5.7102559567253675e+09 6.2200860773323057e+05 5.3327590122652531e+09 1.1324908333803487e+09 4.5421910282857626e+18 6.9738346426254190e-03 2.9998664857642656e+00 6.3102233619481581e+01
2.5809217720271602e+07 6.3931231142111631e-05 5.7102559566735954e+09 6.2200860773181985e+05 5.3327590122169056e+09 1.1324908333700747e+09 4.6039033829907011e+18 7.0052759489373203e-03 2.9998664857584543e+00 6.3102233619133422e+01
2.5925577737794079e+07 6.3931231141673044e-05 5.7102559566213770e+09 6.2200860773039865e+05 5.3327590121681366e+09 1.1324908333597243e+09 4.6664541909219983e+18 7.0368590073540986e-03 2.9998664857526163e+00 6.3102233618782570e+01
2.6042462360665876e+07 6.3931231141230594e-05 5.7102559565686722e+09 6.2200860772896255e+05 5.3327590121189175e+09 1.1324908333492656e+09 4.7298548437015890e+18 7.0685844569604939e-03 2.9998664857467525e+00 6.3102233618427483e+01
2.6159873954053126e+07 6.3931231140784066e-05 5.7102559565155001e+09 6.2200860772751481e+05 5.3327590120692587e+09 1.1324908333387220e+09 4.7941168877233418e+18 7.1004529397225360e-03 2.9998664857408621e+00 6.3102233618069377e+01
2.6277814893785235e+07 6.3931231140333444e-05 5.7102559564618406e+09 6.2200860772605403e+05 5.3327590120191469e+09 1.1324908333280835e+09 4.8592520262559191e+18 7.1324651005005421e-03 2.9998664857349451e+00 6.3102233617707718e+01
2.6396287566402957e+07 6.3931231139878838e-05 5.7102559564076958e+09 6.2200860772457928e+05 5.3327590119685822e+09 1.1324908333173432e+09 4.9252721215740836e+18 7.1646215870621562e-03 2.9998664857290014e+00 6.3102233617342165e+01
2.6515294369206689e+07 6.3931231139420044e-05 5.7102559563530626e+09 6.2200860772309173e+05 5.3327590119175596e+09 1.1324908333065095e+09 4.9921891971191132e+18 7.1969230500954677e-03 2.9998664857230311e+00 6.3102233616973287e+01
2.6634837710304983e+07 6.3931231138957144e-05 5.7102559562979231e+09 6.2200860772158951e+05 5.3327590118660679e+09 1.1324908332955692e+09 5.0600154396884316e+18 7.2293701432221682e-03 2.9998664857170336e+00 6.3102233616600238e+01
2.6754920008663263e+07 6.3931231138490165e-05 5.7102559562422962e+09 6.2200860772007378e+05 5.3327590118141203e+09 1.1324908332845304e+09 5.1287632016550246e+18 7.2619635230107777e-03 2.9998664857110091e+00 6.3102233616223415e+01
2.6875543694152780e+07 6.3931231138018876e-05 5.7102559561861830e+09 6.2200860771854664e+05 5.3327590117617140e+09 1.1324908332734087e+09 5.1984450032170875e+18 7.2947038489899405e-03 2.9998664857049575e+00 6.3102233615843573e+01
2.6996711207599785e+07 6.3931231137543263e-05 5.7102559561295414e+09 6.2200860771700391e+05 5.3327590117088156e+09 1.1324908332621732e+09 5.2690735346781471e+18 7.3275917836617584e-03 2.9998664856988788e+00 6.3102233615459603e+01
2.7118425000834916e+07 6.3931231137063463e-05 5.7102559560723934e+09 6.2200860771544720e+05 5.3327590116554470e+09 1.1324908332508361e+09 5.3406616587581809e+18 7.3606279925152122e-03 2.9998664856927726e+00 6.3102233615071697e+01
2.7240687536742803e+07 6.3931231136579218e-05 5.7102559560147381e+09 6.2200860771387815e+05 5.3327590116016026e+09 1.1324908332394090e+09 5.4132224129361664e+18 7.3938131440396048e-03 2.9998664856866388e+00 6.3102233614680486e+01
2.7363501289311912e+07 6.3931231136090663e-05 5.7102559559565554e+09 6.2200860771229374e+05 5.3327590115472660e+09 1.1324908332278700e+09 5.4867690118244342e+18 7.4271479097381080e-03 2.9998664856804771e+00 6.3102233614285005e+01
2.7486868743684612e+07 6.3931231135597676e-05 5.7102559558978453e+09 6.2200860771069489e+05 5.3327590114924374e+09 1.1324908332162259e+09 5.5613148495752745e+18 7.4606329641413432e-03 2.9998664856742878e+00 6.3102233613885630e+01
2.7610792396207448e+07 6.3931231135100271e-05 5.7102559558385868e+09 6.2200860770907975e+05 5.3327590114370995e+09 1.1324908332044632e+09 5.6368735023202683e+18 7.4942689848210321e-03 2.9998664856680710e+00 6.3102233613481729e+01
2.7735274754481666e+07 6.3931231134598313e-05 5.7102559557788219e+09 6.2200860770745319e+05 5.3327590113812828e+09 1.1324908331926174e+09 5.7134587306427638e+18 7.5280566524037022e-03 2.9998664856618258e+00 6.3102233613074809e+01
2.7860318337413952e+07 6.3931231134091923e-05 5.7102559557185087e+09 6.2200860770581034e+05 5.3327590113249578e+09 1.1324908331806526e+09 5.7910844820838625e+18 7.5619966505844705e-03 2.9998664856555526e+00 6.3102233612663248e+01
2.7985925675267398e+07 6.3931231133580884e-05 5.7102559556576481e+09 6.2200860770415305e+05 5.3327590112681227e+09 1.1324908331685829e+09 5.8697648936825590e+18 7.5960896661408624e-03 2.9998664856492505e+00 6.3102233612247851e+01
2.8112099309712704e+07 6.3931231133065183e-05 5.7102559555962191e+09 6.2200860770247923e+05 5.3327590112107544e+09 1.1324908331563928e+09 5.9495142945503846e+18 7.6303363889467244e-03 2.9998664856429209e+00 6.3102233611827948e+01
2.8238841793879610e+07 6.3931231132544834e-05 5.7102559555342627e+09 6.2200860770079307e+05 5.3327590111528940e+09 1.1324908331441128e+09 6.0303472084808796e+18 7.6647375119861709e-03 2.9998664856365620e+00 6.3102233611404607e+01
2.8366155692408562e+07 6.3931231132019823e-05 5.7102559554717388e+09 6.2200860769909038e+05 5.3327590110945024e+09 1.1324908331317127e+09 6.1122783565947761e+18 7.6992937313676178e-03 2.9998664856301751e+00 6.3102233610976711e+01
2.8494043581502602e+07 6.3931231131490041e-05 5.7102559554086466e+09 6.2200860769737209e+05 5.3327590110355797e+09 1.1324908331191988e+09 6.1953226600208896e+18 7.7340057463378600e-03 2.9998664856237589e+00 6.3102233610544630e+01
2.8622508048979495e+07 6.3931231130955488e-05 5.7102559553449860e+09 6.2200860769563867e+05 5.3327590109761295e+09 1.1324908331065745e+09 6.2794952426135388e+18 7.7688742592962245e-03 2.9998664856173138e+00 6.3102233610108371e+01
2.8751551694324102e+07 6.3931231130416179e-05 5.7102559552807379e+09 6.2200860769388755e+05 5.3327590109161301e+09 1.1324908330938215e+09 6.3648114337068728e+18 7.8038999758087814e-03 2.9998664856108399e+00 6.3102233609667117e+01
2.8881177128740981e+07 6.3931231129871855e-05 5.7102559552159204e+09 6.2200860769212293e+05 5.3327590108555975e+09 1.1324908330809700e+09 6.4512867709066506e+18 7.8390836046226247e-03 2.9998664856043367e+00 6.3102233609222353e+01
2.9011386975207210e+07 6.3931231129322666e-05 5.7102559551505156e+09 6.2200860769034177e+05 5.3327590107945166e+09 1.1324908330679982e+09 6.5389370029198531e+18 7.8744258576802072e-03 2.9998664855978041e+00 6.3102233608772906e+01
2.9142183868525483e+07 6.3931231128768585e-05 5.7102559550845222e+09 6.2200860768854409e+05 5.3327590107328863e+09 1.1324908330549061e+09 6.6277780924228383e+18 7.9099274501337538e-03 2.9998664855912422e+00 6.3102233608318990e+01
2.9273570455377415e+07 6.3931231128209394e-05 5.7102559550179405e+09 6.2200860768673196e+05 5.3327590106707058e+09 1.1324908330417087e+09 6.7178262189684777e+18 7.9455891003597338e-03 2.9998664855846506e+00 6.3102233607861045e+01
2.9405549394377097e+07 6.3931231127645202e-05 5.7102559549507504e+09 6.2200860768490215e+05 5.3327590106079569e+09 1.1324908330283825e+09 6.8090977819326433e+18 7.9814115299733836e-03 2.9998664855780297e+00 6.3102233607398219e+01
2.9538123356124889e+07 6.3931231127075901e-05 5.7102559548829517e+09 6.2200860768305580e+05 5.3327590105446396e+09 1.1324908330149360e+09 6.9016094035009198e+18 8.0173954638433267e-03 2.9998664855713786e+00 6.3102233606930973e+01
2.9671295023261480e+07 6.3931231126501491e-05 5.7102559548145237e+09 6.2200860768119106e+05 5.3327590104807377e+09 1.1324908330013554e+09 6.9953779316957266e+18 8.0535416301062285e-03 2.9998664855646973e+00 6.3102233606458491e+01
2.9805067090522144e+07 6.3931231125921849e-05 5.7102559547455082e+09 6.2200860767931258e+05 5.3327590104162827e+09 1.1324908329876750e+09 7.0904204434447329e+18 8.0898507601815384e-03 2.9998664855579862e+00 6.3102233605982349e+01
2.9939442264791287e+07 6.3931231125336882e-05 5.7102559546758432e+09 6.2200860767741548e+05 5.3327590103512230e+09 1.1324908329738586e+09 7.1867542476907551e+18 8.1263235887862814e-03 2.9998664855512445e+00 6.3102233605501119e+01
3.0074423265157215e+07 6.3931231124746805e-05 5.7102559546055689e+09 6.2200860767550184e+05 5.3327590102855968e+09 1.1324908329599221e+09 7.2843968885441382e+18 8.1629608539499337e-03 2.9998664855444725e+00 6.3102233605015066e+01
3.0210012822967157e+07 6.3931231124151266e-05 5.7102559545346460e+09 6.2200860767357051e+05 5.3327590102193613e+09 1.1324908329458566e+09 7.3833661484777964e+18 8.1997632970293530e-03 2.9998664855376704e+00 6.3102233604524358e+01
3.0346213681882523e+07 6.3931231123550401e-05 5.7102559544630938e+09 6.2200860767162219e+05 5.3327590101525373e+09 1.1324908329316673e+09 7.4836800515656909e+18 8.2367316627237792e-03 2.9998664855308372e+00 6.3102233604028982e+01
3.0483028597934444e+07 6.3931231122944075e-05 5.7102559543908730e+09 6.2200860766965477e+05 5.3327590100850945e+09 1.1324908329173388e+09 7.5853568667654267e+18 8.2738666990899035e-03 2.9998664855239734e+00 6.3102233603528276e+01
3.0620460339579519e+07 6.3931231122332300e-05 5.7102559543180227e+09 6.2200860766767128e+05 5.3327590100170574e+09 1.1324908329028935e+09 7.6884151112452854e+18 8.3111691575570076e-03 2.9998664855170785e+00 6.3102233603023180e+01
3.0758511687755845e+07 6.3931231121714969e-05 5.7102559542445030e+09 6.2200860766566917e+05 5.3327590099483995e+09 1.1324908328883126e+09 7.7928735537565297e+18 8.3486397929421682e-03 2.9998664855101524e+00 6.3102233602512904e+01
3.0897185435939286e+07 6.3931231121092068e-05 5.7102559541703138e+09 6.2200860766364844e+05 5.3327590098791161e+09 1.1324908328735962e+09 7.8987512180515625e+18 8.3862793634655285e-03 2.9998664855031953e+00 6.3102233601997497e+01
3.1036484390200008e+07 6.3931231120463596e-05 5.7102559540954552e+09 6.2200860766160907e+05 5.3327590098092070e+09 1.1324908328587437e+09 8.0060673863484600e+18 8.4240886307656374e-03 2.9998664854962072e+00 6.3102233601476861e+01
3.1176411369259246e+07 6.3931231119829338e-05 5.7102559540199270e+09 6.2200860765955271e+05 5.3327590097386723e+09 1.1324908328437676e+09 8.1148416028426885e+18 8.4620683599148788e-03 2.9998664854891870e+00 6.3102233600951628e+01
3.1316969204546351e+07 6.3931231119189401e-05 5.7102559539437294e+09 6.2200860765747866e+05 5.3327590096675100e+09 1.1324908328286629e+09 8.2250936772663388e+18 8.5002193194349263e-03 2.9998664854821353e+00 6.3102233600421435e+01
3.1458160740256082e+07 6.3931231118543664e-05 5.7102559538668213e+09 6.2200860765538388e+05 5.3327590095956879e+09 1.1324908328134069e+09 8.3368436884959007e+18 8.5385422813123221e-03 2.9998664854750516e+00 6.3102233599885565e+01
3.1599988833406150e+07 6.3931231117892153e-05 5.7102559537892237e+09 6.2200860765327001e+05 5.3327590095232191e+09 1.1324908327980120e+09 8.4501119882089708e+18 8.5770380210140711e-03 2.9998664854679364e+00 6.3102233599344409e+01
3.1742456353895050e+07 6.3931231117234720e-05 5.7102559537109365e+09 6.2200860765113868e+05 5.3327590094501066e+09 1.1324908327824900e+09 8.5649192045906739e+18 8.6157073175033520e-03 2.9998664854607888e+00 6.3102233598798392e+01
3.1885566184560105e+07 6.3931231116571283e-05 5.7102559536319189e+09 6.2200860764898639e+05 5.3327590093763142e+09 1.1324908327668154e+09 8.6812862460903690e+18 8.6545509532552738e-03 2.9998664854536092e+00 6.3102233598246571e+01
3.2029321221235834e+07 6.3931231115901924e-05 5.7102559535522118e+09 6.2200860764681641e+05 5.3327590093018770e+09 1.1324908327510118e+09 8.7992343052295700e+18 8.6935697142727156e-03 2.9998664854463972e+00 6.3102233597689896e+01
3.2173724372812521e+07 6.3931231115226561e-05 5.7102559534717741e+09 6.2200860764462524e+05 5.3327590092267561e+09 1.1324908327350540e+09 8.9187848624612997e+18 8.7327643901022045e-03 2.9998664854391524e+00 6.3102233597127309e+01
3.2318778561295085e+07 6.3931231114544950e-05 5.7102559533906069e+09 6.2200860764241521e+05 5.3327590091509523e+09 1.1324908327189589e+09 9.0399596900822825e+18 8.7721357738499341e-03 2.9998664854318755e+00 6.3102233596559614e+01
3.2464486721862216e+07 6.3931231113857308e-05 5.7102559533087082e+09 6.2200860764018469e+05 5.3327590090744696e+09 1.1324908327027144e+09 9.1627808561978429e+18 8.8116846621977760e-03 2.9998664854245654e+00 6.3102233595986000e+01
3.2610851802925758e+07 6.3931231113163433e-05 5.7102559532260599e+09 6.2200860763793322e+05 5.3327590089972887e+09 1.1324908326863174e+09 9.2872707287411528e+18 8.8514118554194280e-03 2.9998664854172223e+00 6.3102233595406688e+01
3.2757876766190369e+07 6.3931231112463187e-05 5.7102559531426802e+09 6.2200860763566336e+05 5.3327590089194174e+09 1.1324908326697862e+09 9.4134519795465728e+18 8.8913181573965858e-03 2.9998664854098460e+00 6.3102233594822387e+01
3.2905564586713471e+07 6.3931231111756707e-05 5.7102559530585299e+09 6.2200860763337091e+05 5.3327590088408327e+09 1.1324908326530910e+09 9.5413475884787855e+18 8.9314043756352247e-03 2.9998664854024368e+00 6.3102233594231720e+01
3.3053918252965417e+07 6.3931231111043858e-05 5.7102559529736300e+09 6.2200860763105866e+05 5.3327590087615471e+09 1.1324908326362512e+09 9.6709808476177756e+18 8.9716713212819304e-03 2.9998664853949939e+00 6.3102233593635447e+01
3.3202940766889993e+07 6.3931231110324422e-05 5.7102559528879786e+09 6.2200860762872780e+05 5.3327590086815529e+09 1.1324908326192760e+09 9.8023753655007212e+18 9.0121198091403162e-03 2.9998664853875177e+00 6.3102233593034249e+01
3.3352635143965147e+07 6.3931231109598630e-05 5.7102559528015356e+09 6.2200860762637341e+05 5.3327590086008272e+09 1.1324908326021297e+09 9.9355550714215485e+18 9.0527506576875208e-03 2.9998664853800077e+00 6.3102233592426344e+01
3.3503004413264010e+07 6.3931231108866251e-05 5.7102559527143021e+09 6.2200860762399691e+05 5.3327590085193615e+09 1.1324908325848219e+09 1.0070544219788886e+19 9.0935646890907430e-03 2.9998664853724639e+00 6.3102233591812343e+01
3.3654051617516197e+07 6.3931231108127178e-05 5.7102559526262970e+09 6.2200860762160108e+05 5.3327590084371710e+09 1.1324908325673738e+09 1.0207367394543262e+19 9.1345627292239110e-03 2.9998664853648860e+00 6.3102233591193091e+01
3.3805779813169368e+07 6.3931231107381518e-05 5.7102559525374813e+09 6.2200860761918174e+05 5.3327590083542309e+09 1.1324908325497541e+09 1.0346049513634193e+19 9.1757456076843706e-03 2.9998664853572738e+00 6.3102233590567089e+01
3.3958192070451066e+07 6.3931231106629149e-05 5.7102559524478741e+09 6.2200860761674121e+05 5.3327590082705488e+09 1.1324908325319803e+09 1.0486615833558229e+19 9.2171141578096770e-03 2.9998664853496275e+00 6.3102233589935182e+01
3.4111291473430865e+07 6.3931231105869855e-05 5.7102559523574553e+09 6.2200860761427926e+05 5.3327590081861067e+09 1.1324908325140502e+09 1.0629091953958664e+19 9.2586692166944703e-03 2.9998664853419466e+00 6.3102233589297519e+01
3.4265081120082773e+07 6.3931231105103745e-05 5.7102559522662249e+09 6.2200860761179519e+05 5.3327590081009035e+09 1.1324908324959593e+09 1.0773503822287632e+19 9.3004116252073978e-03 2.9998664853342309e+00 6.3102233588653611e+01
3.4419564122347906e+07 6.3931231104330817e-05 5.7102559521741629e+09 6.2200860760928737e+05 5.3327590080149317e+09 1.1324908324776955e+09 1.0919877738531619e+19 9.3423422280081384e-03 2.9998664853264807e+00 6.3102233588003024e+01
3.4574743606197454e+07 6.3931231103550747e-05 5.7102559520812693e+09 6.2200860760675813e+05 5.3327590079281788e+09 1.1324908324592755e+09 1.1068240360001122e+19 9.3844618735644796e-03 2.9998664853186954e+00 6.3102233587346618e+01
3.4730622711695969e+07 6.3931231102763738e-05 5.7102559519875441e+09 6.2200860760420584e+05 5.3327590078406487e+09 1.1324908324406877e+09 1.1218618706185542e+19 9.4267714141695186e-03 2.9998664853108750e+00 6.3102233586683617e+01
3.4887204593064860e+07 6.3931231101969587e-05 5.7102559518929663e+09 6.2200860760163027e+05 5.3327590077523241e+09 1.1324908324219303e+09 1.1371040163673760e+19 9.4692717059588760e-03 2.9998664853030195e+00 6.3102233586014187e+01
3.5044492418746255e+07 6.3931231101168280e-05 5.7102559517975168e+09 6.2200860759902978e+05 5.3327590076631880e+09 1.1324908324029913e+09 1.1525532491141843e+19 9.5119636089280278e-03 2.9998664852951284e+00 6.3102233585337828e+01
3.5202489371467099e+07 6.3931231100359696e-05 5.7102559517012348e+09 6.2200860759640858e+05 5.3327590075732679e+09 1.1324908323839016e+09 1.1682123824408347e+19 9.5548479869497199e-03 2.9998664852872019e+00 6.3102233584655721e+01
3.5361198648303546e+07 6.3931231099543726e-05 5.7102559516040602e+09 6.2200860759376246e+05 5.3327590074825191e+09 1.1324908323646307e+09 1.1840842681558315e+19 9.5979257077914333e-03 2.9998664852792394e+00 6.3102233583966736e+01
3.5520623460745677e+07 6.3931231098720504e-05 5.7102559515060139e+09 6.2200860759109189e+05 5.3327590073909540e+09 1.1324908323451815e+09 1.2001717968137038e+19 9.6411976431329555e-03 2.9998664852712413e+00 6.3102233583270845e+01
3.5680767034762464e+07 6.3931231097889775e-05 5.7102559514070950e+09 6.2200860758839897e+05 5.3327590072985725e+09 1.1324908323255694e+09 1.2164778982414182e+19 9.6846646685840136e-03 2.9998664852632069e+00 6.3102233582568715e+01
3.5841632610867053e+07 6.3931231097051551e-05 5.7102559513072634e+09 6.2200860758567997e+05 5.3327590072053413e+09 1.1324908323057675e+09 1.2330055420719569e+19 9.7283276637019859e-03 2.9998664852551364e+00 6.3102233581859345e+01
3.6003223444182359e+07 6.3931231096205833e-05 5.7102559512065392e+09 6.2200860758293653e+05 5.3327590071112757e+09 1.1324908322857876e+09 1.2497577382851359e+19 9.7721875120097158e-03 2.9998664852470296e+00 6.3102233581143061e+01
3.6165542804506876e+07 6.3931231095352403e-05 5.7102559511049013e+09 6.2200860758016864e+05 5.3327590070163574e+09 1.1324908322656295e+09 1.2667375377557850e+19 9.8162451010133708e-03 2.9998664852388863e+00 6.3102233580420027e+01
3.6328593976380907e+07 6.3931231094491235e-05 5.7102559510023508e+09 6.2200860757737653e+05 5.3327590069205866e+09 1.1324908322452950e+09 1.2839480328093567e+19 9.8605013222204142e-03 2.9998664852307062e+00 6.3102233579690250e+01
3.6492380259152986e+07 6.3931231093622355e-05 5.7102559508988676e+09 6.2200860757455812e+05 5.3327590068239460e+09 1.1324908322247691e+09 1.3013923577851023e+19 9.9049570711576447e-03 2.9998664852224892e+00 6.3102233578953019e+01
3.6656904967046663e+07 6.3931231092745520e-05 5.7102559507944508e+09 6.2200860757171502e+05 5.3327590067264309e+09 1.1324908322040634e+09 1.3190736896068899e+19 9.9496132473893117e-03 2.9998664852142349e+00 6.3102233578208967e+01
3.6822171429227546e+07 6.3931231091860852e-05 5.7102559506890802e+09 6.2200860756884469e+05 5.3327590066280279e+09 1.1324908321831594e+09 1.3369952483617708e+19 9.9944707545353232e-03 2.9998664852059438e+00 6.3102233577457277e+01
3.6988182989870675e+07 6.3931231090968120e-05 5.7102559505827570e+09 6.2200860756594874e+05 5.3327590065287333e+09 1.1324908321620688e+09 1.3551602978864245e+19 1.0039530500289518e-02 2.9998664851976149e+00 6.3102233576698517e+01
3.7154943008228198e+07 6.3931231090067324e-05 5.7102559504755001e+09 6.2200860756302928e+05 5.3327590064285650e+09 1.1324908321408069e+09 1.3735721463615590e+19 1.0084793396438051e-02 2.9998664851892487e+00 6.3102233575933099e+01
3.7322454858697362e+07 6.3931231089158465e-05 5.7102559503672495e+09 6.2200860756008071e+05 5.3327590063274736e+09 1.1324908321193333e+09 1.3922341469143904e+19 1.0130260358877841e-02 2.9998664851808448e+00 6.3102233575159410e+01
3.7490721930888735e+07 6.3931231088241324e-05 5.7102559502580242e+09 6.2200860755710606e+05 5.3327590062254686e+09 1.1324908320976694e+09 1.4111496982293035e+19 1.0175932307635078e-02 2.9998664851724031e+00 6.3102233574378637e+01
3.7659747629694872e+07 6.3931231087315999e-05 5.7102559501478262e+09 6.2200860755410534e+05 5.3327590061225567e+09 1.1324908320758157e+09 1.4303222451668165e+19 1.0221810166883883e-02 2.9998664851639232e+00 6.3102233573590311e+01
3.7829535375359140e+07 6.3931231086382148e-05 5.7102559500366135e+09 6.2200860755107668e+05 5.3327590060186949e+09 1.1324908320537586e+09 1.4497552793909524e+19 1.0267894864964967e-02 2.9998664851554051e+00 6.3102233572794475e+01
3.8000088603545003e+07 6.3931231085440017e-05 5.7102559499244061e+09 6.2200860754802055e+05 5.3327590059139051e+09 1.1324908320315015e+09 1.4694523400051321e+19 1.0314187334404451e-02 2.9998664851468484e+00 6.3102233571990652e+01
3.8171410765405461e+07 6.3931231084489253e-05 5.7102559498111849e+09 6.2200860754493764e+05 5.3327590058081684e+09 1.1324908320090492e+09 1.4894170141967081e+19 1.0360688511932701e-02 2.9998664851382535e+00 6.3102233571179582e+01
3.8343505327652946e+07 6.3931231083529978e-05 5.7102559496969290e+09 6.2200860754182539e+05 5.3327590057014685e+09 1.1324908319863832e+09 1.5096529378902526e+19 1.0407399338503315e-02 2.9998664851296195e+00 6.3102233570360085e+01
3.8516375772629455e+07 6.3931231082561948e-05 5.7102559495816593e+09 6.2200860753868730e+05 5.3327590055938168e+09 1.1324908319635293e+09 1.5301637964097393e+19 1.0454320759312147e-02 2.9998664851209469e+00 6.3102233569533510e+01
3.8690025598376997e+07 6.3931231081585177e-05 5.7102559494653339e+09 6.2200860753551940e+05 5.3327590054851809e+09 1.1324908319404581e+09 1.5509533251496782e+19 1.0501453723816431e-02 2.9998664851122347e+00 6.3102233568698530e+01
3.8864458318708390e+07 6.3931231080599664e-05 5.7102559493479538e+09 6.2200860753232217e+05 5.3327590053755636e+09 1.1324908319171734e+09 1.5720253102554286e+19 1.0548799185753997e-02 2.9998664851034835e+00 6.3102233567855208e+01
3.9039677463278376e+07 6.3931231079605180e-05 5.7102559492295189e+09 6.2200860752909677e+05 5.3327590052649574e+09 1.1324908318936834e+09 1.5933835893127053e+19 1.0596358103162576e-02 2.9998664850946932e+00 6.3102233567004106e+01
3.9215686577655017e+07 6.3931231078601724e-05 5.7102559491100092e+09 6.2200860752584203e+05 5.3327590051533508e+09 1.1324908318699799e+09 1.6150320520464769e+19 1.0644131438399176e-02 2.9998664850858630e+00 6.3102233566144712e+01
3.9392489223391458e+07 6.3931231077589187e-05 5.7102559489894238e+09 6.2200860752255819e+05 5.3327590050407362e+09 1.1324908318460643e+09 1.6369746410293567e+19 1.0692120158159561e-02 2.9998664850769927e+00 6.3102233565277110e+01
3.9570088978097998e+07 6.3931231076567557e-05 5.7102559488677626e+09 6.2200860751924547e+05 5.3327590049271173e+09 1.1324908318219383e+09 1.6592153523996119e+19 1.0740325233497820e-02 2.9998664850680830e+00 6.3102233564401423e+01
3.9748489435514458e+07 6.3931231075536616e-05 5.7102559487449865e+09 6.2200860751590203e+05 5.3327590048124580e+09 1.1324908317975888e+09 1.6817582365889313e+19 1.0788747639845987e-02 2.9998664850591323e+00 6.3102233563517125e+01
3.9927694205582932e+07 6.3931231074496473e-05 5.7102559486210947e+09 6.2200860751252691e+05 5.3327590046967583e+09 1.1324908317730086e+09 1.7046073990600823e+19 1.0837388357033816e-02 2.9998664850501418e+00 6.3102233562623901e+01
4.0107706914520815e+07 6.3931231073446789e-05 5.7102559484961071e+09 6.2200860750912456e+05 5.3327590045800304e+09 1.1324908317482297e+09 1.7277670010545967e+19 1.0886248369308588e-02 2.9998664850411108e+00 6.3102233561723096e+01
4.0288531204894193e+07 6.3931231072387687e-05 5.7102559483699627e+09 6.2200860750568868e+05 5.3327590044622278e+09 1.1324908317232070e+09 1.7512412603505973e+19 1.0935328665355033e-02 2.9998664850320389e+00 6.3102233560812742e+01
4.0470170735691525e+07 6.3931231071319043e-05 5.7102559482427034e+09 6.2200860750222346e+05 5.3327590043433809e+09 1.1324908316979704e+09 1.7750344520309316e+19 1.0984630238315316e-02 2.9998664850229262e+00 6.3102233559894238e+01
4.0652629182397716e+07 6.3931231070240641e-05 5.7102559481142664e+09 6.2200860749872541e+05 5.3327590042234364e+09 1.1324908316724949e+09 1.7991509092617435e+19 1.1034154085809171e-02 2.9998664850137722e+00 6.3102233558966596e+01
4.0835910237068474e+07 6.3931231069152576e-05 5.7102559479846945e+09 6.2200860749519733e+05 5.3327590041024284e+09 1.1324908316468005e+09 1.8235950240816269e+19 1.1083901209954061e-02 2.9998664850045773e+00 6.3102233558030278e+01
4.1020017608405009e+07 6.3931231068054740e-05 5.7102559478539448e+09 6.2200860749163642e+05 5.3327590039803238e+09 1.1324908316208673e+09 1.8483712482014851e+19 1.1133872617385460e-02 2.9998664849953407e+00 6.3102233557084745e+01
4.1204955021829106e+07 6.3931231066946808e-05 5.7102559477219992e+09 6.2200860748804314e+05 5.3327590038571005e+09 1.1324908315946982e+09 1.8734840938152661e+19 1.1184069319277233e-02 2.9998664849860628e+00 6.3102233556130329e+01
4.1390726219558477e+07 6.3931231065828995e-05 5.7102559475888767e+09 6.2200860748441797e+05 5.3327590037327795e+09 1.1324908315682967e+09 1.8989381344217240e+19 1.1234492331362074e-02 2.9998664849767427e+00 6.3102233555166748e+01
4.1577334960682504e+07 6.3931231064701073e-05 5.7102559474545364e+09 6.2200860748075880e+05 5.3327590036073227e+09 1.1324908315416477e+09 1.9247380056573235e+19 1.1285142673952083e-02 2.9998664849673804e+00 6.3102233554193546e+01
4.1764785021238312e+07 6.3931231063562918e-05 5.7102559473190002e+09 6.2200860747706820e+05 5.3327590034807444e+09 1.1324908315147698e+09 1.9508884061404815e+19 1.1336021371959409e-02 2.9998664849579764e+00 6.3102233553211683e+01
4.1953080194287159e+07 6.3931231062414436e-05 5.7102559471822252e+09 6.2200860747334361e+05 5.3327590033530111e+09 1.1324908314876444e+09 1.9773940983272645e+19 1.1387129454916975e-02 2.9998664849485297e+00 6.3102233552220078e+01
4.2142224289991185e+07 6.3931231061255627e-05 5.7102559470442133e+09 6.2200860746958479e+05 5.3327590032241249e+09 1.1324908314602697e+09 2.0042599093787214e+19 1.1438467956999323e-02 2.9998664849390404e+00 6.3102233551218909e+01
4.2332221135690540e+07 6.3931231060086369e-05 5.7102559469049644e+09 6.2200860746579268e+05 5.3327590030940809e+09 1.1324908314326525e+09 2.0314907320399847e+19 1.1490037917043535e-02 2.9998664849295085e+00 6.3102233550208382e+01
4.2523074575980805e+07 6.3931231058906541e-05 5.7102559467644577e+09 6.2200860746196657e+05 5.3327590029628630e+09 1.1324908314047875e+09 2.0590915255313433e+19 1.1541840378570253e-02 2.9998664849199335e+00 6.3102233549188107e+01
4.2714788472790800e+07 6.3931231057716046e-05 5.7102559466226721e+09 6.2200860745810485e+05 5.3327590028304520e+09 1.1324908313766634e+09 2.0870673164513976e+19 1.1593876389804806e-02 2.9998664849103154e+00 6.3102233548157891e+01
4.2907366705460705e+07 6.3931231056514750e-05 5.7102559464796085e+09 6.2200860745420912e+05 5.3327590026968470e+09 1.1324908313482919e+09 2.1154231996924846e+19 1.1646147003698407e-02 2.9998664849006538e+00 6.3102233547118097e+01
4.3100813170820616e+07 6.3931231055302680e-05 5.7102559463352470e+09 6.2200860745027685e+05 5.3327590025620289e+09 1.1324908313196537e+09 2.1441643393685660e+19 1.1698653277949462e-02 2.9998664848909486e+00 6.3102233546067929e+01
4.3295131783269316e+07 6.3931231054079591e-05 5.7102559461895876e+09 6.2200860744631011e+05 5.3327590024259987e+09 1.1324908312907648e+09 2.1732959697556881e+19 1.1751396275024978e-02 2.9998664848811996e+00 6.3102233545008140e+01
4.3490326474853568e+07 6.3931231052845363e-05 5.7102559460426292e+09 6.2200860744231008e+05 5.3327590022887526e+09 1.1324908312616334e+09 2.2028233962452566e+19 1.1804377062182063e-02 2.9998664848714069e+00 6.3102233543938958e+01
4.3686401195347615e+07 6.3931231051600129e-05 5.7102559458943110e+09 6.2200860743826954e+05 5.3327590021502419e+09 1.1324908312322068e+09 2.2327519963102257e+19 1.1857596711489508e-02 2.9998664848615699e+00 6.3102233542858315e+01
4.3883359912333131e+07 6.3931231050343539e-05 5.7102559457446756e+09 6.2200860743419570e+05 5.3327590020104971e+09 1.1324908312025380e+09 2.2630872204844397e+19 1.1911056299849501e-02 2.9998664848516889e+00 6.3102233541768172e+01
4.4081206611279517e+07 6.3931231049075700e-05 5.7102559455936794e+09 6.2200860743008321e+05 5.3327590018694839e+09 1.1324908311725876e+09 2.2938345933552751e+19 1.1964756909019405e-02 2.9998664848417631e+00 6.3102233540667157e+01
4.4279945295624517e+07 6.3931231047796287e-05 5.7102559454413052e+09 6.2200860742593347e+05 5.3327590017271852e+09 1.1324908311423659e+09 2.3249997145697583e+19 1.2018699625633652e-02 2.9998664848317924e+00 6.3102233539555627e+01
4.4479579986855254e+07 6.3931231046505395e-05 5.7102559452875710e+09 6.2200860742174694e+05 5.3327590015836134e+09 1.1324908311118762e+09 2.3565882598543704e+19 1.2072885541225721e-02 2.9998664848217769e+00 6.3102233538433694e+01
4.4680114724589579e+07 6.3931231045202808e-05 5.7102559451324368e+09 6.2200860741752177e+05 5.3327590014387360e+09 1.1324908310811052e+09 2.3886059820487000e+19 1.2127315752250243e-02 2.9998664848117160e+00 6.3102233537300819e+01
4.4881553566657856e+07 6.3931231043888524e-05 5.7102559449759026e+09 6.2200860741325817e+05 5.3327590012925520e+09 1.1324908310500541e+09 2.4210587121531322e+19 1.2181991360105178e-02 2.9998664848016099e+00 6.3102233536157073e+01
4.5083900589185022e+07 6.3931231042562193e-05 5.7102559448179693e+09 6.2200860740895872e+05 5.3327590011450558e+09 1.1324908310187423e+09 2.4539523603907707e+19 1.2236913471154092e-02 2.9998664847914585e+00 6.3102233535003244e+01
4.5287159886673100e+07 6.3931231041224071e-05 5.7102559446585951e+09 6.2200860740461759e+05 5.3327590009962196e+09 1.1324908309871266e+09 2.4872929172838150e+19 1.2292083196748566e-02 2.9998664847812608e+00 6.3102233533837492e+01
4.5491335572084032e+07 6.3931231039873670e-05 5.7102559444977808e+09 6.2200860740023875e+05 5.3327590008460360e+09 1.1324908309552364e+09 2.5210864547445252e+19 1.2347501653250666e-02 2.9998664847710175e+00 6.3102233532661280e+01
4.5696431776922934e+07 6.3931231038511234e-05 5.7102559443355064e+09 6.2200860739581846e+05 5.3327590006944923e+09 1.1324908309230444e+09 2.5553391271810306e+19 1.2403169962055543e-02 2.9998664847607279e+00 6.3102233531473090e+01
4.5902452651321657e+07 6.3931231037136425e-05 5.7102559441717911e+09 6.2200860739136091e+05 5.3327590005415974e+09 1.1324908308905809e+09 2.5900571726181687e+19 1.2459089249614122e-02 2.9998664847503922e+00 6.3102233530274518e+01
4.6109402364122808e+07 6.3931231035749107e-05 5.7102559440065746e+09 6.2200860738686193e+05 5.3327590003873034e+09 1.1324908308578157e+09 2.6252469138335175e+19 1.2515260647455891e-02 2.9998664847400094e+00 6.3102233529064172e+01
4.6317285102964059e+07 6.3931231034349321e-05 5.7102559438398561e+09 6.2200860738232080e+05 5.3327590002316084e+09 1.1324908308247435e+09 2.6609147595089089e+19 1.2571685292211801e-02 2.9998664847295804e+00 6.3102233527841946e+01
4.6526105074362934e+07 6.3931231032936917e-05 5.7102559436716576e+09 6.2200860737774079e+05 5.3327590000745287e+09 1.1324908307913883e+09 2.6970672053975540e+19 1.2628364325637267e-02 2.9998664847191039e+00 6.3102233526608579e+01
4.6735866503801897e+07 6.3931231031511679e-05 5.7102559435019169e+09 6.2200860737311817e+05 5.3327589999160109e+09 1.1324908307577226e+09 2.7337108355070325e+19 1.2685298894635273e-02 2.9998664847085803e+00 6.3102233525363168e+01
4.6946573635813847e+07 6.3931231030073607e-05 5.7102559433306551e+09 6.2200860736845434e+05 5.3327589997560711e+09 1.1324908307237568e+09 2.7708523232983704e+19 1.2742490151279578e-02 2.9998664846980092e+00 6.3102233524106168e+01
4.7158230734068051e+07 6.3931231028622470e-05 5.7102559431578512e+09 6.2200860736374953e+05 5.3327589995946903e+09 1.1324908306894927e+09 2.8084984329013875e+19 1.2799939252838018e-02 2.9998664846873906e+00 6.3102233522837494e+01
4.7370842081456356e+07 6.3931231027158282e-05 5.7102559429834652e+09 6.2200860735899955e+05 5.3327589994318323e+09 1.1324908306548996e+09 2.8466560203465630e+19 1.2857647361795940e-02 2.9998664846767240e+00 6.3102233521556030e+01
4.7584411980179921e+07 6.3931231025680921e-05 5.7102559428075171e+09 6.2200860735420766e+05 5.3327589992675171e+09 1.1324908306200013e+09 2.8853320348136636e+19 1.2915615645879723e-02 2.9998664846660090e+00 6.3102233520262708e+01
4.7798944751836210e+07 6.3931231024190157e-05 5.7102559426299658e+09 6.2200860734937177e+05 5.3327589991017065e+09 1.1324908305847826e+09 2.9245335198972719e+19 1.2973845278080388e-02 2.9998664846552461e+00 6.3102233518956801e+01
4.8014444737506486e+07 6.3931231022685880e-05 5.7102559424508324e+09 6.2200860734449443e+05 5.3327589989344120e+09 1.1324908305492618e+09 2.9642676148895994e+19 1.3032337436677359e-02 2.9998664846444347e+00 6.3102233517639220e+01
4.8230916297843635e+07 6.3931231021167970e-05 5.7102559422700558e+09 6.2200860733957100e+05 5.3327589987655869e+09 1.1324908305134053e+09 3.0045415560806449e+19 1.3091093305262287e-02 2.9998664846335745e+00 6.3102233516308601e+01
4.8448363813160390e+07 6.3931231019636440e-05 5.7102559420876560e+09 6.2200860733460356e+05 5.3327589985952473e+09 1.1324908304772284e+09 3.0453626780760654e+19 1.3150114072763008e-02 2.9998664846226650e+00 6.3102233514965356e+01
4.8666791683517992e+07 6.3931231018091059e-05 5.7102559419036131e+09 6.2200860732959141e+05 5.3327589984233694e+09 1.1324908304407260e+09 3.0867384151329350e+19 1.3209400933467601e-02 2.9998664846117067e+00 6.3102233513609526e+01
4.8886204328815222e+07 6.3931231016531705e-05 5.7102559417179070e+09 6.2200860732453433e+05 5.3327589982499409e+09 1.1324908304038963e+09 3.1286763025136669e+19 1.3268955087048555e-02 2.9998664846006990e+00 6.3102233512240900e+01
4.9106606188877814e+07 6.3931231014958148e-05 5.7102559415305176e+09 6.2200860731943185e+05 5.3327589980749388e+09 1.1324908303667359e+09 3.1711839778583032e+19 1.3328777738587034e-02 2.9998664845896417e+00 6.3102233510859392e+01
4.9328001723548330e+07 6.3931231013370510e-05 5.7102559413414431e+09 6.2200860731428303e+05 5.3327589978983641e+09 1.1324908303292382e+09 3.2142691825754771e+19 1.3388870098597287e-02 2.9998664845785341e+00 6.3102233509464604e+01
4.9550395412776366e+07 6.3931231011768452e-05 5.7102559411506453e+09 6.2200860730908695e+05 5.3327589977201824e+09 1.1324908302913961e+09 3.2579397632522572e+19 1.3449233383051106e-02 2.9998664845673768e+00 6.3102233508056500e+01
4.9773791756709248e+07 6.3931231010151975e-05 5.7102559409581223e+09 6.2200860730384314e+05 5.3327589975403872e+09 1.1324908302532067e+09 3.3022036730831532e+19 1.3509868813402465e-02 2.9998664845561693e+00 6.3102233506634754e+01
4.9998195275783047e+07 6.3931231008520847e-05 5.7102559407638750e+09 6.2200860729855369e+05 5.3327589973589802e+09 1.1324908302146845e+09 3.3470689733185430e+19 1.3570777616612220e-02 2.9998664845449108e+00 6.3102233505200218e+01
5.0223610510814093e+07 6.3931231006874947e-05 5.7102559405678625e+09 6.2200860729321605e+05 5.3327589971759262e+09 1.1324908301758115e+09 3.3925438347327468e+19 1.3631961025172935e-02 2.9998664845336021e+00 6.3102233503751798e+01
5.0450042023090817e+07 6.3931231005214301e-05 5.7102559403700857e+09 6.2200860728782951e+05 5.3327589969912252e+09 1.1324908301365826e+09 3.4386365391121007e+19 1.3693420277133831e-02 2.9998664845222422e+00 6.3102233502289465e+01
5.0677494394466095e+07 6.3931231003538531e-05 5.7102559401705236e+09 6.2200860728239571e+05 5.3327589968048553e+09 1.1324908300970092e+09 3.4853554807631987e+19 1.3755156616125832e-02 2.9998664845108309e+00 6.3102233500813774e+01
5.0905972227449916e+07 6.3931231001847677e-05 5.7102559399691353e+09 6.2200860727690998e+05 5.3327589966167831e+09 1.1324908300570579e+09 3.5327091680416547e+19 1.3817171291386723e-02 2.9998664844993681e+00 6.3102233499323262e+01
5.1135480145302549e+07 6.3931231000141482e-05 5.7102559397659416e+09 6.2200860727137676e+05 5.3327589964270229e+09 1.1324908300167606e+09 3.5807062249016242e+19 1.3879465557786448e-02 2.9998664844878538e+00 6.3102233497819249e+01
5.1366022792128071e+07 6.3931230998419837e-05 5.7102559395609226e+09 6.2200860726579442e+05 5.3327589962355537e+09 1.1324908299761055e+09 3.6293553924663722e+19 1.3942040675852483e-02 2.9998664844762879e+00 6.3102233496301345e+01
5.1597604832968369e+07 6.3931230996682755e-05 5.7102559393540363e+09 6.2200860726015968e+05 5.3327589960423489e+09 1.1324908299350688e+09 3.6786655306202071e+19 1.4004897911795355e-02 2.9998664844646692e+00 6.3102233494768349e+01
5.1830230953897499e+07 6.3931230994929885e-05 5.7102559391452847e+09 6.2200860725447489e+05 5.3327589958473969e+09 1.1324908298936677e+09 3.7286456196220133e+19 1.4068038537534253e-02 2.9998664844529985e+00 6.3102233493221256e+01
5.2063905862116531e+07 6.3931230993161226e-05 5.7102559389346457e+09 6.2200860724873841e+05 5.3327589956506834e+09 1.1324908298518898e+09 3.7793047617407050e+19 1.4131463830722769e-02 2.9998664844412755e+00 6.3102233491659291e+01
5.2298634286048815e+07 6.3931230991376548e-05 5.7102559387220993e+09 6.2200860724295001e+05 5.3327589954521904e+09 1.1324908298097341e+09 3.8306521829129388e+19 1.4195175074774772e-02 2.9998664844294991e+00 6.3102233490082632e+01
5.2534420975435622e+07 6.3931230989575755e-05 5.7102559385076466e+09 6.2200860723711038e+05 5.3327589952519131e+09 1.1324908297672055e+09 3.8826972344232968e+19 1.4259173558890332e-02 2.9998664844176699e+00 6.3102233488491407e+01
5.2771270701432303e+07 6.3931230987758727e-05 5.7102559382912464e+09 6.2200860723121674e+05 5.3327589950498190e+09 1.1324908297242832e+09 3.9354493946073457e+19 1.4323460578081858e-02 2.9998664844057870e+00 6.3102233486884764e+01
5.3009188256704777e+07 6.3931230985925220e-05 5.7102559380728979e+09 6.2200860722527117e+05 5.3327589948459044e+09 1.1324908296809828e+09 3.9889182705777861e+19 1.4388037433200267e-02 2.9998664843938507e+00 6.3102233485263291e+01
5.3248178455526561e+07 6.3931230984075137e-05 5.7102559378525620e+09 6.2200860721927043e+05 5.3327589946401348e+09 1.1324908296372807e+09 4.0431135999740969e+19 1.4452905430961319e-02 2.9998664843818608e+00 6.3102233483626080e+01
5.3488246133876167e+07 6.3931230982208358e-05 5.7102559376302376e+09 6.2200860721321590e+05 5.3327589944325104e+09 1.1324908295931866e+09 4.0980452527359394e+19 1.4518065883972073e-02 2.9998664843698166e+00 6.3102233481973563e+01
5.3729396149534948e+07 6.3931230980324665e-05 5.7102559374059057e+09 6.2200860720710666e+05 5.3327589942230082e+09 1.1324908295486944e+09 4.1537232329006293e+19 1.4583520110757409e-02 2.9998664843577183e+00 6.3102233480305529e+01
5.3971633382185414e+07 6.3931230978424045e-05 5.7102559371795444e+09 6.2200860720094154e+05 5.3327589940116119e+09 1.1324908295037949e+09 4.2101576804250690e+19 1.4649269435786760e-02 2.9998664843455654e+00 6.3102233478621407e+01
5.4214962733509965e+07 6.3931230976506173e-05 5.7102559369511538e+09 6.2200860719472286e+05 5.3327589937983208e+09 1.1324908294585056e+09 4.2673588730324017e+19 1.4715315189500852e-02 2.9998664843333578e+00 6.3102233476922031e+01
5.4459389127290078e+07 6.3931230974570912e-05 5.7102559367206745e+09 6.2200860718844598e+05 5.3327589935830774e+09 1.1324908294127924e+09 4.3253372280837808e+19 1.4781658708338695e-02 2.9998664843210952e+00 6.3102233475206198e+01
5.4704917509506032e+07 6.3931230972618278e-05 5.7102559364881258e+09 6.2200860718211276e+05 5.3327589933659039e+09 1.1324908293666687e+09 4.3841033044755743e+19 1.4848301334764591e-02 2.9998664843087770e+00 6.3102233473474122e+01
5.4951552848436594e+07 6.3931230970647930e-05 5.7102559362534876e+09 6.2200860717572388e+05 5.3327589931467733e+09 1.1324908293201399e+09 4.4436678045622370e+19 1.4915244417295220e-02 2.9998664842964033e+00 6.3102233471726237e+01
5.5199300134760164e+07 6.3931230968659869e-05 5.7102559360167189e+09 6.2200860716927587e+05 5.3327589929256601e+09 1.1324908292731802e+09 4.5040415761055392e+19 1.4982489310527102e-02 2.9998664842839742e+00 6.3102233469961341e+01
5.5448164381655343e+07 6.3931230966653756e-05 5.7102559357778006e+09 6.2200860716276919e+05 5.3327589927025375e+09 1.1324908292257934e+09 4.5652356142500454e+19 1.5050037375163859e-02 2.9998664842714886e+00 6.3102233468179747e+01
5.5698150624902502e+07 6.3931230964629578e-05 5.7102559355367308e+09 6.2200860715620383e+05 5.3327589924774055e+09 1.1324908291779792e+09 4.6272610635255611e+19 1.5117889978043818e-02 2.9998664842589466e+00 6.3102233466381428e+01
5.5949263922985643e+07 6.3931230962586995e-05 5.7102559352934704e+09 6.2200860714957886e+05 5.3327589922502260e+09 1.1324908291297309e+09 4.6901292198767297e+19 1.5186048492167642e-02 2.9998664842463487e+00 6.3102233464566211e+01
5.6201509357194789e+07 6.3931230960526022e-05 5.7102559350480394e+09 6.2200860714289616e+05 5.3327589920210180e+09 1.1324908290810621e+09 4.7538515327202419e+19 1.5254514296726132e-02 2.9998664842336935e+00 6.3102233462734333e+01
5.6454892031728789e+07 6.3931230958446427e-05 5.7102559348003569e+09 6.2200860713615012e+05 5.3327589917897148e+09 1.1324908290319321e+09 4.8184396070299771e+19 1.5323288777128109e-02 2.9998664842209815e+00 6.3102233460884328e+01
5.6709417073798619e+07 6.3931230956347981e-05 5.7102559345504627e+09 6.2200860712934588e+05 5.3327589915563393e+09 1.1324908289823782e+09 4.8839052054504718e+19 1.5392373325028470e-02 2.9998664842082121e+00 6.3102233459017796e+01
5.6965089633731104e+07 6.3931230954230683e-05 5.7102559342982969e+09 6.2200860712247784e+05 5.3327589913208437e+09 1.1324908289323597e+09 4.9502602504391197e+19 1.5461769338356352e-02 2.9998664841953850e+00 6.3102233457132982e+01
5.7221914885073155e+07 6.3931230952094195e-05 5.7102559340438585e+09 6.2200860711554904e+05 5.3327589910832262e+09 1.1324908288818986e+09 5.0175168264374469e+19 1.5531478221343396e-02 2.9998664841825002e+00 6.3102233455230738e+01
5.7479898024696454e+07 6.3931230949938395e-05 5.7102559337871075e+09 6.2200860710855620e+05 5.3327589908434496e+09 1.1324908288309712e+09 5.0856871820719178e+19 1.5601501384552179e-02 2.9998664841695573e+00 6.3102233453310319e+01
5.7739044272902593e+07 6.3931230947763065e-05 5.7102559335280638e+09 6.2200860710150306e+05 5.3327589906015282e+09 1.1324908287796047e+09 5.1547837323846189e+19 1.5671840244904742e-02 2.9998664841565561e+00 6.3102233451372562e+01
5.7999358873528749e+07 6.3931230945568193e-05 5.7102559332666464e+09 6.2200860709438263e+05 5.3327589903573980e+09 1.1324908287277479e+09 5.2248190610942779e+19 1.5742496225711299e-02 2.9998664841434959e+00 6.3102233449415472e+01
5.8260847094053753e+07 6.3931230943353344e-05 5.7102559330028963e+09 6.2200860708720144e+05 5.3327589901110811e+09 1.1324908286754487e+09 5.2958059228879684e+19 1.5813470756698970e-02 2.9998664841303775e+00 6.3102233447441151e+01
5.8523514225704700e+07 6.3931230941118613e-05 5.7102559327367325e+09 6.2200860707995156e+05 5.3327589898625164e+09 1.1324908286226494e+09 5.3677572457439740e+19 1.5884765274040799e-02 2.9998664841171991e+00 6.3102233445447041e+01
5.8787365583563998e+07 6.3931230938863568e-05 5.7102559324681950e+09 6.2200860707263998e+05 5.3327589896117287e+09 1.1324908285694005e+09 5.4406861332861903e+19 1.5956381220384723e-02 2.9998664841039622e+00 6.3102233443435352e+01
5.9052406506676942e+07 6.3931230936588180e-05 5.7102559321972017e+09 6.2200860706525948e+05 5.3327589893586531e+09 1.1324908285156498e+09 5.5146058671705596e+19 1.6028320044882839e-02 2.9998664840906653e+00 6.3102233441403868e+01
5.9318642358159743e+07 6.3931230934292246e-05 5.7102559319237757e+09 6.2200860705781356e+05 5.3327589891033030e+09 1.1324908284614227e+09 5.5895299095038640e+19 1.6100583203220692e-02 2.9998664840773079e+00 6.3102233439353775e+01
5.9586078525308028e+07 6.3931230931975645e-05 5.7102559316478729e+09 6.2200860705029918e+05 5.3327589888456411e+09 1.1324908284066970e+09 5.6654719052954337e+19 1.6173172157646722e-02 2.9998664840638907e+00 6.3102233437283935e+01
5.9854720419705883e+07 6.3931230929638024e-05 5.7102559313694763e+09 6.2200860704271751e+05 5.3327589885856514e+09 1.1324908283514812e+09 5.7424456849421550e+19 1.6246088377001883e-02 2.9998664840504130e+00 6.3102233435194876e+01
6.0124573477335356e+07 6.3931230927279179e-05 5.7102559310885630e+09 6.2200860703506786e+05 5.3327589883233061e+09 1.1324908282957704e+09 5.8204652667472167e+19 1.6319333336749346e-02 2.9998664840368745e+00 6.3102233433086433e+01
6.0395643158686414e+07 6.3931230924899193e-05 5.7102559308051147e+09 6.2200860702734836e+05 5.3327589880585995e+09 1.1324908282395508e+09 5.8995448594730934e+19 1.6392908519004348e-02 2.9998664840232752e+00 6.3102233430957817e+01
6.0667934948867500e+07 6.3931230922497644e-05 5.7102559305191097e+09 6.2200860701955971e+05 5.3327589877915001e+09 1.1324908281828277e+09 5.9796988649292415e+19 1.6466815412564211e-02 2.9998664840096145e+00 6.3102233428809448e+01
6.0941454357716456e+07 6.3931230920074290e-05 5.7102559302305088e+09 6.2200860701170051e+05 5.3327589875219793e+09 1.1324908281255908e+09 6.0609418805948924e+19 1.6541055512938434e-02 2.9998664839958922e+00 6.3102233426640929e+01
6.1216206919912070e+07 6.3931230917629129e-05 5.7102559299393101e+09 6.2200860700377054e+05 5.3327589872500305e+09 1.1324908280678382e+09 6.1432887022775271e+19 1.6615630322378970e-02 2.9998664839821076e+00 6.3102233424452052e+01
6.1492198195086047e+07 6.3931230915161824e-05 5.7102559296454744e+09 6.2200860699576885e+05 5.3327589869756203e+09 1.1324908280095634e+09 6.2267543268074783e+19 1.6690541349910642e-02 2.9998664839682614e+00 6.3102233422242634e+01
6.1769433767935507e+07 6.3931230912672252e-05 5.7102559293489819e+09 6.2200860698769428e+05 5.3327589866987295e+09 1.1324908279507582e+09 6.3113539547690918e+19 1.6765790111361645e-02 2.9998664839543525e+00 6.3102233420012318e+01
6.2047919248335987e+07 6.3931230910160210e-05 5.7102559290498104e+09 6.2200860697954660e+05 5.3327589864193354e+09 1.1324908278914204e+09 6.3971029932690350e+19 1.6841378129394236e-02 2.9998664839403810e+00 6.3102233417761006e+01
6.2327660271454982e+07 6.3931230907625440e-05 5.7102559287479420e+09 6.2200860697132628e+05 5.3327589861374235e+09 1.1324908278315532e+09 6.4840170587422122e+19 1.6917306933535551e-02 2.9998664839263465e+00 6.3102233415488861e+01
6.2608662497865945e+07 6.3931230905067739e-05 5.7102559284433537e+09 6.2200860696303262e+05 5.3327589858529711e+09 1.1324908277711523e+09 6.5721119797957968e+19 1.6993578060208535e-02 2.9998664839122489e+00 6.3102233413195670e+01
6.2890931613662831e+07 6.3931230902486986e-05 5.7102559281359873e+09 6.2200860695466097e+05 5.3327589855659256e+09 1.1324908277101831e+09 6.6614038000918995e+19 1.7070193052763055e-02 2.9998664838980873e+00 6.3102233410880110e+01
6.3174473330575198e+07 6.3931230899882827e-05 5.7102559278258610e+09 6.2200860694621620e+05 5.3327589852763023e+09 1.1324908276486816e+09 6.7519087812694041e+19 1.7147153461507122e-02 2.9998664838838622e+00 6.3102233408543519e+01
6.3459293386083707e+07 6.3931230897255290e-05 5.7102559275129156e+09 6.2200860693769227e+05 5.3327589849840488e+09 1.1324908275866036e+09 6.8436434059055055e+19 1.7224460843738250e-02 2.9998664838695728e+00 6.3102233406184205e+01
6.3745397543536291e+07 6.3931230894603887e-05 5.7102559271971703e+09 6.2200860692909476e+05 5.3327589846891747e+09 1.1324908275239897e+09 6.9366243805174858e+19 1.7302116763774970e-02 2.9998664838552189e+00 6.3102233403803716e+01
6.4032791592264757e+07 6.3931230891928537e-05 5.7102559268785439e+09 6.2200860692041693e+05 5.3327589843916140e+09 1.1324908274607909e+09 7.0308686386052760e+19 1.7380122792988510e-02 2.9998664838408007e+00 6.3102233401400291e+01
6.4321481347701892e+07 6.3931230889228982e-05 5.7102559265570574e+09 6.2200860691166273e+05 5.3327589840913801e+09 1.1324908273970358e+09 7.1263933437353222e+19 1.7458480509834562e-02 2.9998664838263172e+00 6.3102233398974860e+01
6.4611472651499204e+07 6.3931230886505019e-05 5.7102559262326498e+09 6.2200860690282797e+05 5.3327589837884188e+09 1.1324908273326941e+09 7.2232158926664081e+19 1.7537191499885224e-02 2.9998664838117683e+00 6.3102233396526444e+01
6.4902771371645086e+07 6.3931230883756417e-05 5.7102559259053202e+09 6.2200860689391452e+05 5.3327589834827280e+09 1.1324908272677791e+09 7.3213539185179107e+19 1.7616257355861104e-02 2.9998664837971538e+00 6.3102233394055268e+01
6.5195383402583562e+07 6.3931230880983055e-05 5.7102559255750294e+09 6.2200860688491957e+05 5.3327589831742725e+09 1.1324908272022707e+09 7.4208252939810849e+19 1.7695679677663539e-02 2.9998664837824736e+00 6.3102233391560709e+01
6.5489314665333569e+07 6.3931230878184594e-05 5.7102559252417555e+09 6.2200860687584383e+05 5.3327589828630323e+09 1.1324908271361740e+09 7.5216481345740276e+19 1.7775460072406959e-02 2.9998664837677271e+00 6.3102233389042958e+01
6.5784571107608758e+07 6.3931230875360925e-05 5.7102559249054594e+09 6.2200860686668451e+05 5.3327589825489712e+09 1.1324908270694683e+09 7.6238408019408323e+19 1.7855600154451413e-02 2.9998664837529141e+00 6.3102233386501048e+01
6.6081158703937866e+07 6.3931230872511587e-05 5.7102559245661411e+09 6.2200860685744486e+05 5.3327589822320805e+09 1.1324908270021780e+09 7.7274219071955485e+19 1.7936101545435245e-02 2.9998664837380344e+00 6.3102233383936301e+01
6.6379083455785595e+07 6.3931230869636581e-05 5.7102559242237387e+09 6.2200860684811976e+05 5.3327589819123163e+09 1.1324908269342651e+09 7.8324103143116358e+19 1.8016965874307903e-02 2.9998664837230877e+00 6.3102233381346807e+01
6.6678351391674042e+07 6.3931230866735568e-05 5.7102559238782530e+09 6.2200860683871154e+05 5.3327589815896711e+09 1.1324908268657470e+09 7.9388251435574067e+19 1.8098194777362887e-02 2.9998664837080735e+00 6.3102233378733423e+01
6.6978968567304708e+07 6.3931230863808439e-05 5.7102559235296421e+09 6.2200860682921717e+05 5.3327589812641077e+09 1.1324908267966013e+09 8.0466857749781742e+19 1.8179789898270887e-02 2.9998664836929914e+00 6.3102233376095271e+01
6.7280941065681040e+07 6.3931230860854733e-05 5.7102559231778879e+09 6.2200860681963875e+05 5.3327589809356070e+09 1.1324908267268436e+09 8.1560118519257104e+19 1.8261752888113013e-02 2.9998664836778417e+00 6.3102233373432924e+01
6.7584274997231483e+07 6.3931230857874343e-05 5.7102559228229485e+09 6.2200860680997302e+05 5.3327589806041327e+09 1.1324908266564500e+09 8.2668232846356431e+19 1.8344085405414216e-02 2.9998664836626232e+00 6.3102233370745523e+01
6.7888976499933168e+07 6.3931230854867037e-05 5.7102559224648037e+09 6.2200860680021998e+05 5.3327589802696638e+09 1.1324908265854206e+09 8.3791402538534765e+19 1.8426789116176876e-02 2.9998664836473363e+00 6.3102233368032991e+01
6.8195051739436090e+07 6.3931230851832586e-05 5.7102559221034126e+09 6.2200860679037776e+05 5.3327589799321671e+09 1.1324908265137417e+09 8.4929832145098572e+19 1.8509865693914451e-02 2.9998664836319806e+00 6.3102233365294737e+01
6.8502506909187883e+07 6.3931230848770772e-05 5.7102559217387552e+09 6.2200860678044590e+05 5.3327589795916176e+09 1.1324908264414101e+09 8.6083728994458026e+19 1.8593316819685415e-02 2.9998664836165556e+00 6.3102233362530725e+01
6.8811348230559126e+07 6.3931230845681134e-05 5.7102559213708115e+09 6.2200860677042650e+05 5.3327589792479982e+09 1.1324908263684409e+09 8.7253303231884853e+19 1.8677144182127202e-02 2.9998664836010613e+00 6.3102233359741504e+01
6.9121581952969253e+07 6.3931230842563674e-05 5.7102559209995413e+09 6.2200860676031560e+05 5.3327589789012737e+09 1.1324908262948050e+09 8.8438767857783865e+19 1.8761349477490450e-02 2.9998664835854969e+00 6.3102233356925879e+01
6.9433214354012996e+07 6.3931230839418037e-05 5.7102559206249228e+09 6.2200860675011389e+05 5.3327589785514193e+09 1.1324908262205081e+09 8.9640338766484095e+19 1.8845934409673245e-02 2.9998664835698623e+00 6.3102233354084234e+01
6.9746251739587411e+07 6.3931230836243913e-05 5.7102559202469168e+09 6.2200860673982045e+05 5.3327589781984034e+09 1.1324908261455431e+09 9.0858234785556824e+19 1.8930900690255662e-02 2.9998664835541575e+00 6.3102233351216114e+01
7.0060700444019511e+07 6.3931230833041153e-05 5.7102559198654823e+09 6.2200860672943247e+05 5.3327589778421869e+09 1.1324908260698895e+09 9.2092677715668287e+19 1.9016250038534379e-02 2.9998664835383813e+00 6.3102233348320716e+01
7.0376566830194414e+07 6.3931230829809444e-05 5.7102559194805994e+09 6.2200860671895044e+05 5.3327589774827499e+09 1.1324908259935510e+09 9.3343892370973409e+19 1.9101984181557459e-02 2.9998664835225344e+00 6.3102233345398275e+01
7.0693857289684057e+07 6.3931230826548557e-05 5.7102559190922470e+09 6.2200860670837434e+05 5.3327589771200724e+09 1.1324908259165273e+09 9.4612106620058272e+19 1.9188104854159296e-02 2.9998664835066160e+00 6.3102233342448649e+01
7.1012578242876604e+07 6.3931230823258126e-05 5.7102559187003851e+09 6.2200860669770301e+05 5.3327589767541151e+09 1.1324908258388102e+09 9.5897551427439510e+19 1.9274613798995737e-02 2.9998664834906261e+00 6.3102233339471681e+01
7.1332736139106348e+07 6.3931230819938068e-05 5.7102559183049936e+09 6.2200860668693576e+05 5.3327589763848629e+09 1.1324908257603946e+09 9.7200460895626756e+19 1.9361512766579336e-02 2.9998664834745634e+00 6.3102233336467002e+01
7.1654337456784144e+07 6.3931230816587911e-05 5.7102559179060116e+09 6.2200860667607025e+05 5.3327589760122576e+09 1.1324908256812632e+09 9.8521072307756843e+19 1.9448803515314760e-02 2.9998664834584288e+00 6.3102233333434093e+01
7.1977388703528598e+07 6.3931230813207423e-05 5.7102559175034180e+09 6.2200860666510626e+05 5.3327589756362791e+09 1.1324908256014147e+09 9.9859626170807632e+19 1.9536487811534390e-02 2.9998664834422213e+00 6.3102233330372840e+01
7.2301896416297689e+07 6.3931230809796509e-05 5.7102559170972128e+09 6.2200860665404494e+05 5.3327589752569275e+09 1.1324908255208573e+09 1.0121636625939844e+20 1.9624567429534060e-02 2.9998664834259410e+00 6.3102233327283344e+01
7.2627867161521047e+07 6.3931230806354709e-05 5.7102559166873159e+09 6.2200860664288211e+05 5.3327589748741293e+09 1.1324908254395607e+09 1.0259153966018568e+20 1.9713044151608957e-02 2.9998664834095869e+00 6.3102233324164665e+01
7.2955307535232842e+07 6.3931230802881793e-05 5.7102559162737064e+09 6.2200860663161776e+05 5.3327589744878654e+09 1.1324908253575246e+09 1.0398539681686195e+20 1.9801919768089676e-02 2.9998664833931592e+00 6.3102233321016783e+01
7.3284224163205400e+07 6.3931230799377516e-05 5.7102559158563843e+09 6.2200860662025376e+05 5.3327589740981312e+09 1.1324908252747629e+09 1.0539819157576673e+20 1.9891196077378510e-02 2.9998664833766577e+00 6.3102233317840025e+01
7.3614623701082677e+07 6.3931230795841567e-05 5.7102559154352694e+09 6.2200860660878499e+05 5.3327589737048569e+09 1.1324908251912382e+09 1.0683018123211402e+20 1.9980874885985652e-02 2.9998664833600817e+00 6.3102233314633118e+01
7.3946512834515825e+07 6.3931230792273715e-05 5.7102559150103598e+09 6.2200860659721331e+05 5.3327589733080378e+09 1.1324908251069639e+09 1.0828162657685409e+20 2.0070958008566016e-02 2.9998664833434305e+00 6.3102233311396439e+01
7.4279898279297903e+07 6.3931230788673594e-05 5.7102559145816164e+09 6.2200860658553778e+05 5.3327589729076385e+09 1.1324908250219336e+09 1.0975279194416570e+20 2.0161447267955785e-02 2.9998664833267048e+00 6.3102233308129854e+01
7.4614786781499907e+07 6.3931230785040894e-05 5.7102559141489782e+09 6.2200860657375539e+05 5.3327589725036039e+09 1.1324908249361246e+09 1.1124394525959671e+20 2.0252344495209337e-02 2.9998664833099031e+00 6.3102233304832382e+01
7.4951185117607236e+07 6.3931230781375355e-05 5.7102559137124443e+09 6.2200860656186775e+05 5.3327589720959291e+09 1.1324908248495493e+09 1.1275535808885804e+20 2.0343651529636294e-02 2.9998664832930264e+00 6.3102233301504604e+01
7.5289100094656900e+07 6.3931230777676789e-05 5.7102559132719755e+09 6.2200860654987278e+05 5.3327589716845789e+09 1.1324908247621925e+09 1.1428730568728071e+20 2.0435370218838737e-02 2.9998664832760733e+00 6.3102233298145727e+01
7.5628538550375178e+07 6.3931230773944708e-05 5.7102559128275089e+09 6.2200860653776862e+05 5.3327589712694969e+09 1.1324908246740403e+09 1.1584006704994478e+20 2.0527502418748605e-02 2.9998664832590434e+00 6.3102233294755507e+01
7.5969507353316024e+07 6.3931230770178908e-05 5.7102559123790264e+09 6.2200860652555502e+05 5.3327589708506632e+09 1.1324908245850911e+09 1.1741392496248919e+20 2.0620049993665242e-02 2.9998664832419371e+00 6.3102233291333583e+01
7.6312013403000087e+07 6.3931230766379145e-05 5.7102559119265070e+09 6.2200860651323199e+05 5.3327589704280596e+09 1.1324908244953449e+09 1.1900916605261264e+20 2.0713014816293129e-02 2.9998664832247535e+00 6.3102233287880033e+01
7.6656063630054206e+07 6.3931230762544973e-05 5.7102559114698696e+09 6.2200860650079558e+05 5.3327589700016127e+09 1.1324908244047730e+09 1.2062608084227264e+20 2.0806398767779753e-02 2.9998664832074926e+00 6.3102233284393733e+01
7.7001664996351764e+07 6.3931230758676173e-05 5.7102559110091333e+09 6.2200860648824903e+05 5.3327589695713329e+09 1.1324908243133991e+09 1.2226496380059561e+20 2.0900203737753711e-02 2.9998664831901536e+00 6.3102233280875637e+01
7.7348824495153546e+07 6.3931230754772381e-05 5.7102559105442181e+09 6.2200860647558817e+05 5.3327589691371555e+09 1.1324908242211926e+09 1.2392611339750475e+20 2.0994431624362909e-02 2.9998664831727369e+00 6.3102233277324544e+01
7.7697549151249170e+07 6.3931230750833272e-05 5.7102559100751038e+09 6.2200860646281322e+05 5.3327589686990538e+09 1.1324908241281552e+09 1.2560983215807655e+20 2.1089084334312995e-02 2.9998664831552411e+00 6.3102233273740516e+01
7.8047846021099359e+07 6.3931230746858627e-05 5.7102559096017494e+09 6.2200860644992231e+05 5.3327589682569923e+09 1.1324908240342734e+09 1.2731642671763630e+20 2.1184163782905944e-02 2.9998664831376667e+00 6.3102233270122895e+01
7.8399722192978591e+07 6.3931230742848095e-05 5.7102559091241150e+09 6.2200860643691430e+05 5.3327589678109341e+09 1.1324908239395385e+09 1.2904620787760153e+20 2.1279671894078787e-02 2.9998664831200132e+00 6.3102233266471536e+01
7.8753184787118629e+07 6.3931230738801324e-05 5.7102559086421785e+09 6.2200860642379033e+05 5.3327589673608599e+09 1.1324908238439593e+09 1.3079949066208489e+20 2.1375610600442567e-02 2.9998664831022799e+00 6.3102233262786491e+01
7.9108240955852583e+07 6.3931230734717880e-05 5.7102559081558609e+09 6.2200860641054600e+05 5.3327589669066944e+09 1.1324908237475035e+09 1.3257659437526542e+20 2.1471981843321435e-02 2.9998664830844666e+00 6.3102233259066786e+01
7.9464897883759588e+07 6.3931230730597641e-05 5.7102559076651821e+09 6.2200860639718431e+05 5.3327589664484529e+09 1.1324908236501930e+09 1.3437784265953953e+20 2.1568787572791938e-02 2.9998664830665733e+00 6.3102233255313088e+01
7.9823162787810266e+07 6.3931230726440037e-05 5.7102559071700392e+09 6.2200860638369992e+05 5.3327589659860420e+09 1.1324908235519891e+09 1.3620356355446261e+20 2.1666029747722484e-02 2.9998664830485993e+00 6.3102233251523998e+01
8.0183042917512685e+07 6.3931230722244961e-05 5.7102559066704340e+09 6.2200860637009423e+05 5.3327589655194664e+09 1.1324908234529016e+09 1.3805408955648996e+20 2.1763710335812966e-02 2.9998664830305439e+00 6.3102233247699729e+01
8.0544545555059075e+07 6.3931230718011951e-05 5.7102559061663046e+09 6.2200860635636491e+05 5.3327589650486670e+09 1.1324908233529136e+09 1.3992975767953113e+20 2.1861831313634571e-02 2.9998664830124073e+00 6.3102233243839734e+01
8.0907678015473217e+07 6.3931230713740669e-05 5.7102559056576309e+09 6.2200860634251265e+05 5.3327589645736198e+09 1.1324908232520304e+09 1.4183090951632577e+20 2.1960394666669807e-02 2.9998664829941890e+00 6.3102233239944191e+01
8.1272447646758437e+07 6.3931230709430884e-05 5.7102559051443520e+09 6.2200860632853373e+05 5.3327589640942764e+09 1.1324908231502247e+09 1.4375789130065412e+20 2.2059402389352660e-02 2.9998664829758885e+00 6.3102233236011870e+01
8.1638861830046281e+07 6.3931230705082041e-05 5.7102559046264467e+09 6.2200860631443048e+05 5.3327589636106091e+09 1.1324908230475135e+09 1.4571105397039214e+20 2.2158856485108951e-02 2.9998664829575055e+00 6.3102233232043744e+01
8.2006927979745895e+07 6.3931230700693908e-05 5.7102559041038561e+09 6.2200860630019940e+05 5.3327589631225672e+09 1.1324908229438715e+09 1.4769075323142328e+20 2.2258758966396858e-02 2.9998664829390393e+00 6.3102233228038479e+01
8.2376653543694034e+07 6.3931230696266135e-05 5.7102559035765390e+09 6.2200860628583888e+05 5.3327589626301107e+09 1.1324908228392868e+09 1.4969734962241969e+20 2.2359111854747701e-02 2.9998664829204902e+00 6.3102233223995931e+01
8.2748046003305808e+07 6.3931230691798382e-05 5.7102559030444536e+09 6.2200860627134820e+05 5.3327589621332016e+09 1.1324908227337542e+09 1.5173120858050206e+20 2.2459917180806758e-02 2.9998664829018575e+00 6.3102233219915533e+01
8.3121112873726010e+07 6.3931230687290202e-05 5.7102559025075607e+09 6.2200860625672713e+05 5.3327589616318035e+09 1.1324908226272719e+09 1.5379270050779238e+20 2.2561176984374435e-02 2.9998664828831405e+00 6.3102233215797568e+01
8.3495861703981251e+07 6.3931230682741255e-05 5.7102559019658194e+09 6.2200860624197451e+05 5.3327589611258764e+09 1.1324908225198314e+09 1.5588220083887129e+20 2.2662893314447478e-02 2.9998664828643395e+00 6.3102233211641384e+01
8.3872300077132657e+07 6.3931230678151312e-05 5.7102559014191895e+09 6.2200860622708825e+05 5.3327589606153851e+09 1.1324908224114177e+09 1.5800009010915076e+20 2.2765068229260502e-02 2.9998664828454538e+00 6.3102233207446453e+01
8.4250435610429361e+07 6.3931230673519804e-05 5.7102559008676081e+09 6.2200860621206695e+05 5.3327589601002684e+09 1.1324908223020208e+09 1.6014675402417678e+20 2.2867703796327569e-02 2.9998664828264823e+00 6.3102233203212542e+01
8.4630275955462590e+07 6.3931230668846391e-05 5.7102559003110371e+09 6.2200860619690991e+05 5.3327589595804920e+09 1.1324908221916351e+09 1.6232258352987301e+20 2.2970802092484064e-02 2.9998664828074260e+00 6.3102233198939302e+01
8.5011828798320562e+07 6.3931230664130844e-05 5.7102558997494555e+09 6.2200860618161689e+05 5.3327589590560360e+09 1.1324908220802591e+09 1.6452797488373953e+20 2.3074365203928731e-02 2.9998664827882831e+00 6.3102233194626606e+01
8.5395101859743908e+07 6.3931230659372605e-05 5.7102558991827812e+09 6.2200860616618488e+05 5.3327589585268259e+09 1.1324908219678707e+09 1.6676332972701784e+20 2.3178395226265844e-02 2.9998664827690544e+00 6.3102233190273665e+01
8.5780102895282045e+07 6.3931230654571419e-05 5.7102558986109943e+09 6.2200860615061340e+05 5.3327589579928389e+09 1.1324908218544669e+09 1.6902905515783704e+20 2.3282894264547660e-02 2.9998664827497388e+00 6.3102233185880380e+01
8.6166839695449963e+07 6.3931230649726865e-05 5.7102558980340347e+09 6.2200860613490082e+05 5.3327589574540243e+09 1.1324908217400353e+09 1.7132556380535410e+20 2.3387864433316967e-02 2.9998664827303361e+00 6.3102233181446046e+01
8.6555320085885972e+07 6.3931230644838482e-05 5.7102558974518614e+09 6.2200860611904645e+05 5.3327589569103384e+09 1.1324908216245711e+09 1.7365327390490028e+20 2.3493307856649912e-02 2.9998664827108459e+00 6.3102233176970806e+01
8.6945551927510008e+07 6.3931230639905905e-05 5.7102558968644342e+09 6.2200860610304959e+05 5.3327589563617439e+09 1.1324908215080693e+09 1.7601260937415020e+20 2.3599226668198973e-02 2.9998664826912682e+00 6.3102233172454206e+01
8.7337543116682708e+07 6.3931230634928820e-05 5.7102558962716913e+09 6.2200860608690721e+05 5.3327589558081903e+09 1.1324908213905075e+09 1.7840399989032380e+20 2.3705623011236091e-02 2.9998664826716017e+00 6.3102233167895292e+01
8.7731301585365206e+07 6.3931230629906660e-05 5.7102558956735926e+09 6.2200860607061954e+05 5.3327589552496300e+09 1.1324908212718878e+09 1.8082788096843933e+20 2.3812499038696124e-02 2.9998664826518469e+00 6.3102233163294471e+01
8.8126835301279604e+07 6.3931230624839167e-05 5.7102558950700979e+09 6.2200860605418519e+05 5.3327589546860313e+09 1.1324908211521997e+09 1.8328469404062745e+20 2.3919856913220326e-02 2.9998664826320027e+00 6.3102233158650989e+01
8.8524152268070236e+07 6.3931230619725921e-05 5.7102558944611254e+09 6.2200860603759997e+05 5.3327589541173220e+09 1.1324908210314128e+09 1.8577488653652460e+20 2.4027698807200158e-02 2.9998664826120693e+00 6.3102233153963773e+01
8.8923260525465608e+07 6.3931230614566338e-05 5.7102558938466759e+09 6.2200860602086806e+05 5.3327589535434904e+09 1.1324908209095576e+09 1.8829891196475739e+20 2.4136026902821239e-02 2.9998664825920458e+00 6.3102233149234131e+01
8.9324168149441049e+07 6.3931230609360311e-05 5.7102558932266674e+09 6.2200860600398318e+05 5.3327589529644737e+09 1.1324908207865884e+09 1.9085722999553534e+20 2.4244843392107463e-02 2.9998664825719326e+00 6.3102233144459916e+01
8.9726883252382189e+07 6.3931230604107026e-05 5.7102558926010399e+09 6.2200860598694556e+05 5.3327589523802052e+09 1.1324908206625071e+09 1.9345030654436413e+20 2.4354150476965424e-02 2.9998664825517278e+00 6.3102233139641612e+01
9.0131413983249098e+07 6.3931230598806402e-05 5.7102558919697723e+09 6.2200860596975451e+05 5.3327589517906723e+09 1.1324908205373080e+09 1.9607861385689835e+20 2.4463950369228930e-02 2.9998664825314325e+00 6.3102233134778587e+01
9.0537768527741119e+07 6.3931230593457843e-05 5.7102558913328037e+09 6.2200860595240840e+05 5.3327589511958122e+09 1.1324908204109797e+09 1.9874263059494466e+20 2.4574245290703751e-02 2.9998664825110457e+00 6.3102233129870704e+01
9.0945955108462602e+07 6.3931230588061024e-05 5.7102558906900539e+09 6.2200860593490279e+05 5.3327589505955572e+09 1.1324908202834899e+09 2.0144284192363522e+20 2.4685037473212604e-02 2.9998664824905670e+00 6.3102233124916467e+01
9.1355981985089213e+07 6.3931230582615252e-05 5.7102558900415220e+09 6.2200860591724282e+05 5.3327589499898977e+09 1.1324908201548760e+09 2.0417973959978543e+20 2.4796329158640287e-02 2.9998664824699959e+00 6.3102233119917599e+01
9.1767857454535112e+07 6.3931230577120434e-05 5.7102558893871279e+09 6.2200860589942196e+05 5.3327589493787670e+09 1.1324908200250902e+09 2.0695382206145063e+20 2.4908122598979076e-02 2.9998664824493320e+00 6.3102233114871758e+01
9.2181589851120800e+07 6.3931230571575865e-05 5.7102558887268095e+09 6.2200860588143952e+05 5.3327589487621002e+09 1.1324908198941278e+09 2.0976559451870111e+20 2.5020420056374244e-02 2.9998664824285748e+00 6.3102233109779277e+01
9.2597187546741828e+07 6.3931230565981206e-05 5.7102558880605259e+09 6.2200860586329503e+05 5.3327589481398659e+09 1.1324908197619851e+09 2.1261556904563055e+20 2.5133223803169916e-02 2.9998664824077239e+00 6.3102233104639566e+01
9.3014658951038137e+07 6.3931230560336023e-05 5.7102558873882179e+09 6.2200860584498569e+05 5.3327589475120049e+09 1.1324908196286418e+09 2.1550426467361227e+20 2.5246536121954953e-02 2.9998664823867793e+00 6.3102233099452093e+01
9.3434012511564270e+07 6.3931230554639841e-05 5.7102558867098446e+09 6.2200860582651175e+05 5.3327589468784790e+09 1.1324908194940999e+09 2.1843220748582584e+20 2.5360359305609224e-02 2.9998664823657402e+00 6.3102233094216764e+01
9.3855256713960290e+07 6.3931230548892106e-05 5.7102558860253239e+09 6.2200860580786993e+05 5.3327589462392130e+09 1.1324908193583353e+09 2.2139993071306510e+20 2.5474695657349940e-02 2.9998664823446064e+00 6.3102233088932749e+01
9.4278400082123488e+07 6.3931230543092478e-05 5.7102558853346357e+09 6.2200860578906094e+05 5.3327589455941839e+09 1.1324908192213531e+09 2.2440797483084972e+20 2.5589547490778301e-02 2.9998664823233772e+00 6.3102233083600211e+01
9.4703451178380877e+07 6.3931230537240375e-05 5.7102558846376991e+09 6.2200860577008198e+05 5.3327589449433222e+09 1.1324908190831332e+09 2.2745688765785496e+20 2.5704917129926296e-02 2.9998664823020520e+00 6.3102233078218269e+01
9.5130418603662431e+07 6.3931230531335471e-05 5.7102558839344540e+09 6.2200860575092980e+05 5.3327589442865705e+09 1.1324908189436517e+09 2.3054722445567938e+20 2.5820806909303728e-02 2.9998664822806309e+00 6.3102233072785950e+01
9.5559310997675151e+07 6.3931230525377184e-05 5.7102558832248583e+09 6.2200860573160532e+05 5.3327589436238880e+09 1.1324908188029153e+09 2.3367954802996819e+20 2.5937219173945460e-02 2.9998664822591135e+00 6.3102233067303530e+01
9.5990137039077863e+07 6.3931230519364958e-05 5.7102558825088530e+09 6.2200860571210692e+05 5.3327589429552155e+09 1.1324908186609125e+09 2.3685442883290998e+20 2.6054156279458857e-02 2.9998664822374987e+00 6.3102233061770796e+01
9.6422905445656851e+07 6.3931230513298562e-05 5.7102558817863750e+09 6.2200860569243110e+05 5.3327589422805042e+09 1.1324908185176175e+09 2.4007244506712608e+20 2.6171620592071461e-02 2.9998664822157863e+00 6.3102233056186250e+01
9.6857624974502251e+07 6.3931230507177197e-05 5.7102558810573854e+09 6.2200860567257996e+05 5.3327589415997038e+09 1.1324908183730457e+09 2.4333418279097215e+20 2.6289614488678861e-02 2.9998664821939767e+00 6.3102233050550971e+01
9.7294304422185242e+07 6.3931230501000524e-05 5.7102558803217821e+09 6.2200860565254721e+05 5.3327589409127321e+09 1.1324908182271512e+09 2.4664023602526913e+20 2.6408140356892804e-02 2.9998664821720680e+00 6.3102233044862821e+01
9.7732952624936104e+07 6.3931230494768097e-05 5.7102558795795450e+09 6.2200860563233402e+05 5.3327589402195644e+09 1.1324908180799425e+09 2.4999120686148642e+20 2.6527200595089503e-02 2.9998664821500611e+00 6.3102233039122169e+01
9.8173578458822921e+07 6.3931230488479331e-05 5.7102558788305931e+09 6.2200860561193759e+05 5.3327589395201254e+09 1.1324908179313996e+09 2.5338770557139186e+20 2.6646797612458157e-02 2.9998664821279548e+00 6.3102233033328353e+01
9.8616190839931265e+07 6.3931230482133685e-05 5.7102558780748653e+09 6.2200860559135675e+05 5.3327589388143616e+09 1.1324908177815135e+09 2.5683035071819389e+20 2.6766933829049717e-02 2.9998664821057486e+00 6.3102233027480850e+01
9.9060798724544570e+07 6.3931230475730794e-05 5.7102558773123217e+09 6.2200860557059036e+05 5.3327589381022310e+09 1.1324908176302760e+09 2.6031976926919288e+20 2.6887611675825838e-02 2.9998664820834424e+00 6.3102233021579316e+01
9.9507411109325424e+07 6.3931230469269979e-05 5.7102558765428801e+09 6.2200860554963606e+05 5.3327589373836584e+09 1.1324908174776700e+09 2.6385659670996386e+20 2.7008833594708102e-02 2.9998664820610355e+00 6.3102233015623334e+01
9.9956037031497523e+07 6.3931230462750685e-05 5.7102558757665005e+09 6.2200860552849434e+05 5.3327589366585999e+09 1.1324908173236992e+09 2.6744147716008850e+20 2.7130602038627386e-02 2.9998664820385277e+00 6.3102233009612760e+01
1.0040668556902863e+08 6.3931230456172573e-05 5.7102558749830809e+09 6.2200860550715891e+05 5.3327589359269762e+09 1.1324908171683176e+09 2.7107506349046156e+20 2.7252919471573534e-02 2.9998664820159187e+00 6.3102233003545841e+01
1.0085936584081422e+08 6.3931230449535060e-05 5.7102558741926012e+09 6.2200860548563208e+05 5.3327589351887550e+09 1.1324908170115418e+09 2.7475801744219052e+20 2.7375788368645172e-02 2.9998664819932075e+00 6.3102232997423172e+01
1.0131408700686201e+08 6.3931230442837469e-05 5.7102558733949614e+09 6.2200860546390992e+05 5.3327589344438477e+09 1.1324908168533437e+09 2.7849100974710987e+20 2.7499211216099877e-02 2.9998664819703942e+00 6.3102232991243739e+01
1.0177085826847731e+08 6.3931230436079338e-05 5.7102558725901184e+09 6.2200860544199194e+05 5.3327589336922131e+09 1.1324908166937196e+09 2.8227472024993396e+20 2.7623190511404376e-02 2.9998664819474774e+00 6.3102232985007447e+01
1.0222968886844920e+08 6.3931230429260235e-05 5.7102558717780132e+09 6.2200860541987629e+05 5.3327589329337969e+09 1.1324908165326557e+09 2.8610983803206844e+20 2.7747728763285153e-02 2.9998664819244576e+00 6.3102232978713381e+01
1.0269058809123762e+08 6.3931230422379468e-05 5.7102558709585648e+09 6.2200860539756040e+05 5.3327589321685209e+09 1.1324908163701336e+09 2.8999706153710469e+20 2.7872828491779227e-02 2.9998664819013343e+00 6.3102232972361257e+01
1.0315356526316114e+08 6.3931230415436468e-05 5.7102558701316910e+09 6.2200860537504149e+05 5.3327589313963127e+09 1.1324908162061329e+09 2.9393709869801839e+20 2.7998492228285054e-02 2.9998664818781067e+00 6.3102232965950058e+01
1.0361862975258578e+08 6.3931230408430774e-05 5.7102558692973719e+09 6.2200860535232141e+05 5.3327589306171513e+09 1.1324908160406671e+09 2.9793066706609766e+20 2.8124722515613876e-02 2.9998664818547738e+00 6.3102232959480155e+01
1.0408579097011450e+08 6.3931230401361708e-05 5.7102558684554853e+09 6.2200860532939387e+05 5.3327589298309240e+09 1.1324908158736906e+09 3.0197849394162067e+20 2.8251521908041054e-02 2.9998664818313361e+00 6.3102232952950018e+01
1.0455505836877768e+08 6.3931230394228823e-05 5.7102558676060114e+09 6.2200860530626029e+05 5.3327589290376062e+09 1.1324908157052133e+09 3.0608131650631198e+20 2.8378892971357858e-02 2.9998664818077927e+00 6.3102232946359891e+01
1.0502644144422436e+08 6.3931230387031442e-05 5.7102558667488499e+09 6.2200860528291739e+05 5.3327589282371149e+09 1.1324908155352116e+09 3.1023988195759365e+20 2.8506838282923285e-02 2.9998664817841432e+00 6.3102232939708657e+01
1.0549994973491442e+08 6.3931230379768981e-05 5.7102558658839579e+09 6.2200860525936494e+05 5.3327589274293985e+09 1.1324908153636839e+09 3.1445494764466668e+20 2.8635360431716314e-02 2.9998664817603871e+00 6.3102232932996607e+01
1.0597559282231157e+08 6.3931230372440872e-05 5.7102558650112352e+09 6.2200860523559828e+05 5.3327589266143694e+09 1.1324908151905963e+09 3.1872728120643505e+20 2.8764462018388202e-02 2.9998664817365239e+00 6.3102232926222186e+01
1.0645338033107723e+08 6.3931230365046681e-05 5.7102558641306219e+09 6.2200860521161580e+05 5.3327589257919779e+09 1.1324908150159366e+09 3.2305766071130771e+20 2.8894145655315180e-02 2.9998664817125529e+00 6.3102232919384733e+01
1.0693332192926531e+08 6.3931230357585486e-05 5.7102558632420549e+09 6.2200860518741817e+05 5.3327589249621525e+09 1.1324908148397102e+09 3.2744687479889887e+20 2.9024413966651265e-02 2.9998664816884739e+00 6.3102232912484801e+01
1.0741542732851779e+08 6.3931230350057058e-05 5.7102558623454752e+09 6.2200860516300192e+05 5.3327589241248446e+09 1.1324908146618915e+09 3.3189572282365267e+20 2.9155269588381390e-02 2.9998664816642866e+00 6.3102232905521014e+01
1.0789970628426133e+08 6.3931230342460487e-05 5.7102558614407606e+09 6.2200860513836308e+05 5.3327589232799444e+09 1.1324908144824519e+09 3.3640501500042124e+20 2.9286715168374722e-02 2.9998664816399900e+00 6.3102232898492424e+01
1.0838616859590456e+08 6.3931230334795204e-05 5.7102558605278902e+09 6.2200860511350376e+05 5.3327589224274235e+09 1.1324908143014064e+09 3.4097557255201751e+20 2.9418753366438264e-02 2.9998664816155838e+00 6.3102232891399716e+01
1.0887482410703646e+08 6.3931230327060777e-05 5.7102558596067638e+09 6.2200860508841812e+05 5.3327589215671930e+09 1.1324908141187127e+09 3.4560822785877626e+20 2.9551386854370656e-02 2.9998664815910678e+00 6.3102232884241012e+01
1.0936568270562547e+08 6.3931230319256378e-05 5.7102558586773195e+09 6.2200860506310710e+05 5.3327589206991940e+09 1.1324908139343777e+09 3.5030382461014396e+20 2.9684618316016244e-02 2.9998664815664413e+00 6.3102232877016554e+01
1.0985875432421967e+08 6.3931230311381357e-05 5.7102558577394762e+09 6.2200860503756814e+05 5.3327589198233500e+09 1.1324908137483826e+09 3.5506321795833155e+20 2.9818450447319397e-02 2.9998664815417033e+00 6.3102232869725867e+01
1.1035404894014765e+08 6.3931230303435348e-05 5.7102558567931528e+09 6.2200860501179635e+05 5.3327589189395885e+09 1.1324908135606918e+09 3.5988727467405089e+20 2.9952885956379040e-02 2.9998664815168543e+00 6.3102232862367188e+01
1.1085157657572052e+08 6.3931230295417456e-05 5.7102558558382683e+09 6.2200860498579172e+05 5.3327589180478354e+09 1.1324908133713055e+09 3.6477687330437045e+20 3.0087927563503491e-02 2.9998664814918929e+00 6.3102232854940588e+01
1.1135134729843459e+08 6.3931230287326990e-05 5.7102558548747625e+09 6.2200860495955334e+05 5.3327589171480246e+09 1.1324908131802166e+09 3.6973290433271464e+20 3.0223578001265457e-02 2.9998664814668192e+00 6.3102232847446082e+01
1.1185337122117521e+08 6.3931230279163625e-05 5.7102558539025526e+09 6.2200860493307677e+05 5.3327589162400894e+09 1.1324908129873931e+09 3.7475627034103638e+20 3.0359840014557351e-02 2.9998664814416323e+00 6.3102232839881843e+01
1.1235765850242129e+08 6.3931230270926318e-05 5.7102558529215593e+09 6.2200860490636225e+05 5.3327589153239470e+09 1.1324908127928364e+09 3.7984788617419247e+20 3.0496716360646856e-02 2.9998664814163316e+00 6.3102232832248518e+01
1.1286421934645095e+08 6.3931230262614634e-05 5.7102558519317007e+09 6.2200860487940605e+05 5.3327589143995285e+09 1.1324908125965199e+09 3.8500867910655522e+20 3.0634209809232673e-02 2.9998664813909173e+00 6.3102232824544494e+01
1.1337306400354797e+08 6.3931230254227775e-05 5.7102558509328947e+09 6.2200860485220631e+05 5.3327589134667511e+09 1.1324908123984299e+09 3.9023958901088394e+20 3.0772323142500595e-02 2.9998664813653884e+00 6.3102232816769643e+01
1.1388420277020916e+08 6.3931230245765157e-05 5.7102558499250412e+09 6.2200860482475883e+05 5.3327589125255318e+09 1.1324908121985352e+09 3.9554156852949352e+20 3.0911059155179811e-02 2.9998664813397440e+00 6.3102232808922395e+01
1.1439764598935279e+08 6.3931230237226116e-05 5.7102558489081001e+09 6.2200860479706433e+05 5.3327589115758190e+09 1.1324908119968419e+09 4.0091558324774738e+20 3.1050420654599443e-02 2.9998664813139841e+00 6.3102232801003197e+01
1.1491340405052781e+08 6.3931230228609853e-05 5.7102558478819675e+09 6.2200860476912023e+05 5.3327589106175241e+09 1.1324908117933307e+09 4.0636261186990768e+20 3.1190410460745346e-02 2.9998664812881084e+00 6.3102232793011147e+01
1.1543148739012413e+08 6.3931230219915798e-05 5.7102558468465652e+09 6.2200860474092327e+05 5.3327589096505737e+09 1.1324908115879779e+09 4.1188364639737486e+20 3.1331031406317184e-02 2.9998664812621154e+00 6.3102232784945329e+01
1.1595190649158379e+08 6.3931230211143031e-05 5.7102558458017893e+09 6.2200860471247113e+05 5.3327589086748695e+09 1.1324908113807666e+09 4.1747969230934914e+20 3.1472286336785747e-02 2.9998664812360056e+00 6.3102232776805131e+01
1.1647467188561307e+08 6.3931230202291116e-05 5.7102558447475805e+09 6.2200860468376148e+05 5.3327589076903543e+09 1.1324908111716800e+09 4.2315176874594697e+20 3.1614178110450523e-02 2.9998664812097782e+00 6.3102232768589751e+01
1.1699979415039562e+08 6.3931230193359147e-05 5.7102558436838570e+09 6.2200860465479409e+05 5.3327589066969528e+09 1.1324908109607165e+09 4.2890090869380245e+20 3.1756709598497544e-02 2.9998664811834326e+00 6.3102232760299202e+01
1.1752728391180645e+08 6.3931230184346432e-05 5.7102558426104965e+09 6.2200860462556290e+05 5.3327589056945553e+09 1.1324908107478316e+09 4.3472815917419476e+20 3.1899883685057473e-02 2.9998664811569680e+00 6.3102232751931680e+01
1.1805715184362701e+08 6.3931230175252280e-05 5.7102558415274601e+09 6.2200860459606955e+05 5.3327589046831150e+09 1.1324908105330374e+09 4.4063458143372870e+20 3.2043703267263988e-02 2.9998664811303839e+00 6.3102232743487605e+01
1.1858940866776115e+08 6.3931230166075918e-05 5.7102558404346247e+09 6.2200860456630890e+05 5.3327589036625271e+09 1.1324908103162966e+09 4.4662125113760658e+20 3.2188171255312370e-02 2.9998664811036804e+00 6.3102232734965618e+01
1.1912406515445204e+08 6.3931230156816763e-05 5.7102558393319101e+09 6.2200860453627794e+05 5.3327589026327152e+09 1.1324908100975873e+09 4.5268925856552701e+20 3.2333290572518422e-02 2.9998664810768561e+00 6.3102232726364612e+01
1.1966113212250020e+08 6.3931230147473787e-05 5.7102558382192345e+09 6.2200860450597713e+05 5.3327589015935984e+09 1.1324908098769124e+09 4.5883970881024203e+20 3.2479064155377595e-02 2.9998664810499109e+00 6.3102232717684942e+01
1.2020062043948227e+08 6.3931230138046446e-05 5.7102558370964966e+09 6.2200860447540134e+05 5.3327589005450859e+09 1.1324908096542351e+09 4.6507372197881807e+20 3.2625494953624441e-02 2.9998664810228446e+00 6.3102232708924937e+01
1.2074254102197112e+08 6.3931230128533818e-05 5.7102558359636145e+09 6.2200860444455012e+05 5.3327588994870987e+09 1.1324908094295518e+09 4.7139243339662308e+20 3.2772585930292281e-02 2.9998664809956561e+00 6.3102232700084606e+01
1.2128690483575653e+08 6.3931230118935336e-05 5.7102558348205080e+09 6.2200860441342043e+05 5.3327588984195614e+09 1.1324908092028406e+09 4.7779699381409232e+20 3.2920340061773148e-02 2.9998664809683446e+00 6.3102232691162889e+01
1.2183372289606723e+08 6.3931230109250077e-05 5.7102558336670561e+09 6.2200860438200831e+05 5.3327588973423653e+09 1.1324908089740727e+09 4.8428856961630123e+20 3.3068760337878034e-02 2.9998664809409106e+00 6.3102232682158757e+01
1.2238300626779376e+08 6.3931230099477268e-05 5.7102558325031757e+09 6.2200860435031215e+05 5.3327588962554312e+09 1.1324908087432358e+09 4.9086834303538181e+20 3.3217849761897393e-02 2.9998664809133526e+00 6.3102232673071654e+01
1.2293476606571236e+08 6.3931230089616110e-05 5.7102558313287868e+09 6.2200860431833053e+05 5.3327588951586800e+09 1.1324908085103202e+09 4.9753751236583254e+20 3.3367611350661922e-02 2.9998664808856703e+00 6.3102232663901191e+01
1.2348901345470983e+08 6.3931230079665913e-05 5.7102558301437883e+09 6.2200860428605974e+05 5.3327588940520220e+09 1.1324908082752986e+09 5.0429729218274512e+20 3.3518048134603531e-02 2.9998664808578632e+00 6.3102232654646230e+01
1.2404575965000956e+08 6.3931230069625658e-05 5.7102558289480782e+09 6.2200860425349814e+05 5.3327588929353590e+09 1.1324908080381589e+09 5.1114891356300280e+20 3.3669163157816789e-02 2.9998664808299305e+00 6.3102232645306444e+01
1.2460501591739836e+08 6.3931230059494778e-05 5.7102558277415552e+09 6.2200860422064085e+05 5.3327588918086023e+09 1.1324908077988658e+09 5.1809362430948088e+20 3.3820959478120395e-02 2.9998664808018725e+00 6.3102232635880100e+01
1.2516679357345451e+08 6.3931230049272378e-05 5.7102558265241385e+09 6.2200860418748693e+05 5.3327588906716671e+09 1.1324908075574126e+09 5.2513268917829416e+20 3.3973440167119173e-02 2.9998664807736874e+00 6.3102232626367247e+01
1.2573110398577669e+08 6.3931230038957523e-05 5.7102558252957058e+09 6.2200860415403289e+05 5.3327588895244474e+09 1.1324908073137736e+09 5.3226739010912951e+20 3.4126608310266093e-02 2.9998664807453754e+00 6.3102232616766649e+01
1.2629795857321405e+08 6.3931230028549426e-05 5.7102558240561752e+09 6.2200860412027710e+05 5.3327588883668623e+09 1.1324908070679369e+09 5.3949902645871523e+20 3.4280467006924831e-02 2.9998664807169360e+00 6.3102232607077923e+01
1.2686736880609722e+08 6.3931230018047315e-05 5.7102558228054476e+09 6.2200860408621631e+05 5.3327588871988220e+09 1.1324908068198791e+09 5.4682891523745068e+20 3.4435019370432411e-02 2.9998664806883681e+00 6.3102232597300066e+01
1.2743934620647046e+08 6.3931230007450255e-05 5.7102558215434198e+09 6.2200860405184841e+05 5.3327588860202265e+09 1.1324908065695846e+09 5.5425839134926393e+20 3.4590268528162223e-02 2.9998664806596711e+00 6.3102232587432418e+01
1.2801390234832481e+08 6.3931229996757447e-05 5.7102558202699900e+09 6.2200860401716968e+05 5.3327588848309813e+09 1.1324908063170264e+09 5.6178880783471182e+20 3.4746217621587298e-02 2.9998664806308453e+00 6.3102232577474062e+01
1.2859104885783222e+08 6.3931229985968131e-05 5.7102558189850378e+09 6.2200860398217547e+05 5.3327588836309795e+09 1.1324908060621705e+09 5.6942153611740840e+20 3.4902869806343904e-02 2.9998664806018893e+00 6.3102232567423329e+01
1.2917079741358092e+08 6.3931229975081142e-05 5.7102558176884813e+09 6.2200860394686717e+05 5.3327588824201393e+09 1.1324908058050275e+09 5.7715796625377054e+20 3.5060228252295336e-02 2.9998664805728028e+00 6.3102232557280871e+01
1.2975315974681163e+08 6.3931229964095802e-05 5.7102558163801994e+09 6.2200860391123872e+05 5.3327588811983500e+09 1.1324908055455527e+09 5.8499950718617806e+20 3.5218296143596145e-02 2.9998664805435848e+00 6.3102232547044828e+01
1.3033814764165500e+08 6.3931229953011204e-05 5.7102558150601101e+09 6.2200860387528944e+05 5.3327588799655294e+09 1.1324908052837412e+09 5.9294758699956987e+20 3.5377076678756503e-02 2.9998664805142354e+00 6.3102232536715022e+01
1.3092577293537004e+08 6.3931229941826452e-05 5.7102558137280722e+09 6.2200860383901349e+05 5.3327588787215548e+09 1.1324908050195508e+09 6.0100365318152008e+20 3.5536573070706942e-02 2.9998664804847537e+00 6.3102232526289669e+01
1.3151604751858369e+08 6.3931229930540612e-05 5.7102558123840246e+09 6.2200860380241252e+05 5.3327588774663620e+09 1.1324908047529933e+09 6.0916917288585462e+20 3.5696788546863402e-02 2.9998664804551392e+00 6.3102232515769280e+01
1.3210898333553135e+08 6.3931229919152695e-05 5.7102558110278044e+09 6.2200860376547882e+05 5.3327588761998005e+09 1.1324908044840126e+09 6.1744563319983794e+20 3.5857726349192459e-02 2.9998664804253909e+00 6.3102232505151669e+01
1.3270459238429865e+08 6.3931229907661995e-05 5.7102558096593313e+09 6.2200860372821079e+05 5.3327588749218006e+09 1.1324908042125971e+09 6.2583454141501276e+20 3.6019389734277020e-02 2.9998664803955086e+00 6.3102232494436130e+01
1.3330288671706417e+08 6.3931229896067374e-05 5.7102558082785025e+09 6.2200860369060747e+05 5.3327588736322556e+09 1.1324908039387398e+09 6.3433742530169038e+20 3.6181781973382135e-02 2.9998664803654917e+00 6.3102232483622707e+01
1.3390387844034339e+08 6.3931229884367938e-05 5.7102558068851776e+09 6.2200860365266306e+05 5.3327588723310461e+09 1.1324908036623983e+09 6.4295583338719491e+20 3.6344906352521265e-02 2.9998664803353394e+00 6.3102232472709460e+01
1.3450757971523356e+08 6.3931229872562779e-05 5.7102558054792747e+09 6.2200860361437709e+05 5.3327588710180874e+09 1.1324908033835692e+09 6.5169133523787068e+20 3.6508766172522730e-02 2.9998664803050508e+00 6.3102232461696353e+01
1.3511400275765988e+08 6.3931229860650975e-05 5.7102558040606728e+09 6.2200860357574513e+05 5.3327588696932669e+09 1.1324908031022205e+09 6.6054552174493434e+20 3.6673364749096486e-02 2.9998664802746258e+00 6.3102232450581965e+01
1.3572315983862266e+08 6.3931229848631523e-05 5.7102558026292286e+09 6.2200860353676206e+05 5.3327588683564577e+09 1.1324908028183146e+09 6.6952000541419962e+20 3.6838705412901268e-02 2.9998664802440640e+00 6.3102232439364911e+01
1.3633506328444558e+08 6.3931229836503502e-05 5.7102558011848621e+09 6.2200860349742766e+05 5.3327588670075788e+09 1.1324908025318501e+09 6.7861642065975024e+20 3.7004791509611980e-02 2.9998664802133641e+00 6.3102232428044978e+01
1.3694972547702518e+08 6.3931229824265774e-05 5.7102557997274303e+09 6.2200860345773748e+05 5.3327588656464996e+09 1.1324908022427945e+09 6.8783642410158300e+20 3.7171626399987320e-02 2.9998664801825257e+00 6.3102232416621057e+01
1.3756715885408133e+08 6.3931229811917538e-05 5.7102557982568531e+09 6.2200860341769014e+05 5.3327588642731400e+09 1.1324908019511380e+09 6.9718169486732480e+20 3.7339213459937903e-02 2.9998664801515482e+00 6.3102232405092593e+01
1.3818737590940905e+08 6.3931229799457683e-05 5.7102557967729673e+09 6.2200860337727959e+05 5.3327588628873558e+09 1.1324908016568360e+09 7.0665393489802061e+20 3.7507556080594452e-02 2.9998664801204313e+00 6.3102232393457783e+01
1.3881038919313109e+08 6.3931229786885153e-05 5.7102557952756729e+09 6.2200860333650443e+05 5.3327588614890471e+09 1.1324908013598788e+09 7.1625486925808796e+20 3.7676657668376509e-02 2.9998664800891741e+00 6.3102232381716441e+01
1.3943621131195217e+08 6.3931229774199079e-05 5.7102557937648458e+09 6.2200860329535999e+05 5.3327588600781021e+09 1.1324908010602322e+09 7.2598624644948532e+20 3.7846521645061318e-02 2.9998664800577757e+00 6.3102232369866925e+01
1.4006485492941380e+08 6.3931229761398297e-05 5.7102557922403660e+09 6.2200860325384443e+05 5.3327588586544065e+09 1.1324908007578826e+09 7.3584983873014517e+20 3.8017151447853094e-02 2.9998664800262360e+00 6.3102232357908754e+01
1.4069633276615074e+08 6.3931229748481899e-05 5.7102557907021122e+09 6.2200860321195330e+05 5.3327588572178469e+09 1.1324908004527979e+09 7.4584744243673458e+20 3.8188550529452532e-02 2.9998664799945538e+00 6.3102232345840683e+01
1.4133065760014829e+08 6.3931229735448758e-05 5.7102557891499405e+09 6.2200860316968244e+05 5.3327588557682934e+09 1.1324908001449478e+09 7.5598087831179742e+20 3.8360722358126736e-02 2.9998664799627290e+00 6.3102232333661448e+01
1.4196784226700085e+08 6.3931229722297752e-05 5.7102557875837708e+09 6.2200860312703252e+05 5.3327588543056583e+09 1.1324907998343370e+09 7.6625199183534306e+20 3.8533670417779296e-02 2.9998664799307608e+00 6.3102232321371304e+01
1.4260789966017172e+08 6.3931229709027944e-05 5.7102557860034218e+09 6.2200860308399471e+05 5.3327588528297882e+09 1.1324907995209012e+09 7.7666265356094485e+20 3.8707398208020896e-02 2.9998664798986483e+00 6.3102232308967537e+01
1.4325084273125395e+08 6.3931229695638210e-05 5.7102557844088097e+09 6.2200860304056969e+05 5.3327588513405943e+09 1.1324907992046456e+09 7.8721475945640703e+20 3.8881909244240093e-02 2.9998664798663910e+00 6.3102232296450424e+01
1.4389668449023241e+08 6.3931229682127533e-05 5.7102557827997742e+09 6.2200860299675073e+05 5.3327588498379354e+09 1.1324907988855209e+09 7.9791023124903625e+20 3.9057207057674397e-02 2.9998664798339885e+00 6.3102232283817884e+01
1.4454543800574708e+08 6.3931229668494666e-05 5.7102557811761932e+09 6.2200860295253573e+05 5.3327588483216887e+09 1.1324907985635121e+09 8.0875101677563819e+20 3.9233295195481785e-02 2.9998664798014398e+00 6.3102232271069525e+01
1.4519711640535748e+08 6.3931229654738689e-05 5.7102557795379448e+09 6.2200860290792119e+05 5.3327588467917480e+09 1.1324907982385933e+09 8.1973909033725578e+20 3.9410177220812505e-02 2.9998664797687442e+00 6.3102232258204012e+01
1.4585173287580830e+08 6.3931229640858353e-05 5.7102557778849068e+09 6.2200860286290525e+05 5.3327588452479916e+09 1.1324907979107513e+09 8.3087645305871322e+20 3.9587856712881057e-02 2.9998664797359011e+00 6.3102232245220968e+01
1.4650930066329619e+08 6.3931229626852548e-05 5.7102557762169180e+09 6.2200860281748138e+05 5.3327588436902723e+09 1.1324907975799387e+09 8.4216513325305115e+20 3.9766337267038709e-02 2.9998664797029102e+00 6.3102232232118489e+01
1.4716983307373795e+08 6.3931229612720217e-05 5.7102557745338554e+09 6.2200860277164681e+05 5.3327588421184769e+09 1.1324907972461345e+09 8.5360718679094998e+20 3.9945622494846303e-02 2.9998664796697705e+00 6.3102232218895693e+01
1.4783334347303960e+08 6.3931229598460126e-05 5.7102557728355780e+09 6.2200860272539780e+05 5.3327588405324726e+09 1.1324907969093122e+09 8.6520469747510333e+20 4.0125716024147169e-02 2.9998664796364811e+00 6.3102232205551537e+01
1.4849984528736687e+08 6.3931229584071137e-05 5.7102557711219425e+09 6.2200860267873039e+05 5.3327588389321289e+09 1.1324907965694430e+09 8.7695977741973402e+20 4.0306621499140688e-02 2.9998664796030421e+00 6.3102232192084777e+01
1.4916935200341707e+08 6.3931229569552233e-05 5.7102557693928499e+09 6.2200860263164272e+05 5.3327588373173456e+09 1.1324907962265129e+09 8.8887456743525712e+20 4.0488342580455972e-02 2.9998664795694516e+00 6.3102232178494873e+01
1.4984187716869166e+08 6.3931229554902046e-05 5.7102557676481152e+09 6.2200860258412873e+05 5.3327588356879578e+09 1.1324907958804781e+09 9.0095123741813165e+20 4.0670882945225875e-02 2.9998664795357102e+00 6.3102232164780105e+01
1.5051743439177075e+08 6.3931229540119451e-05 5.7102557658875971e+09 6.2200860253618401e+05 5.3327588340438309e+09 1.1324907955313065e+09 9.1319198674606961e+20 4.0854246287161562e-02 2.9998664795018168e+00 6.3102232150939017e+01
1.5119603734258813e+08 6.3931229525203187e-05 5.7102557641111946e+09 6.2200860248780879e+05 5.3327588323848619e+09 1.1324907951789997e+09 9.2559904467855894e+20 4.1038436316627069e-02 2.9998664794677703e+00 6.3102232136971949e+01
1.5187769975270817e+08 6.3931229510152225e-05 5.7102557623187246e+09 6.2200860243899445e+05 5.3327588307108936e+09 1.1324907948234944e+09 9.3817467076285969e+20 4.1223456760714518e-02 2.9998664794335701e+00 6.3102232122876131e+01
1.5256243541560343e+08 6.3931229494965222e-05 5.7102557605100660e+09 6.2200860238974006e+05 5.3327588290218067e+09 1.1324907944647846e+09 9.5092115524551416e+20 4.1409311363319448e-02 2.9998664793992162e+00 6.3102232108651314e+01
1.5325025818693402e+08 6.3931229479640919e-05 5.7102557586850567e+09 6.2200860234004026e+05 5.3327588273174458e+09 1.1324907941028311e+09 9.6384081948942323e+20 4.1596003885216629e-02 2.9998664793647070e+00 6.3102232094296063e+01
1.5394118198482773e+08 6.3931229464178176e-05 5.7102557568435535e+09 6.2200860228989110e+05 5.3327588255976858e+09 1.1324907937376049e+09 9.7693601639663403e+20 4.1783538104136098e-02 2.9998664793300422e+00 6.3102232079808985e+01
1.5463522079016185e+08 6.3931229448575762e-05 5.7102557549853945e+09 6.2200860223928699e+05 5.3327588238623743e+09 1.1324907933690655e+09 9.9020913083682442e+20 4.1971917814839693e-02 2.9998664792952217e+00 6.3102232065188538e+01
1.5533238864684597e+08 6.3931229432832292e-05 5.7102557531104584e+09 6.2200860218822700e+05 5.3327588221113892e+09 1.1324907929972057e+09 1.0036625800816361e+21 4.2161146829197776e-02 2.9998664792602434e+00 6.3102232050434516e+01
1.5603269966210616e+08 6.3931229416946522e-05 5.7102557512185831e+09 6.2200860213670670e+05 5.3327588203445864e+09 1.1324907926219938e+09 1.0172988142449053e+21 4.2351228976266329e-02 2.9998664792251080e+00 6.3102232035545477e+01
1.5673616800677055e+08 6.3931229400917094e-05 5.7102557493095856e+09 6.2200860208471888e+05 5.3327588185617933e+09 1.1324907922433770e+09 1.0311203167288744e+21 4.2542168102364546e-02 2.9998664791898140e+00 6.3102232020519544e+01
1.5744280791555589e+08 6.3931229384742979e-05 5.7102557473833647e+09 6.2200860203226260e+05 5.3327588167629147e+09 1.1324907918613484e+09 1.0451296046764568e+21 4.2733968071152546e-02 2.9998664791543606e+00 6.3102232005356093e+01
1.5815263368735573e+08 6.3931229368422606e-05 5.7102557454397163e+09 6.2200860197933135e+05 5.3327588149477634e+09 1.1324907914758608e+09 1.0593292294296688e+21 4.2926632763709678e-02 2.9998664791187477e+00 6.3102231990053390e+01
1.5886565968552974e+08 6.3931229351954700e-05 5.7102557434785213e+09 6.2200860192592349e+05 5.3327588131162214e+09 1.1324907910869021e+09 1.0737217769942459e+21 4.3120166078612916e-02 2.9998664790829741e+00 6.3102231974611080e+01
1.5958190033819425e+08 6.3931229335338041e-05 5.7102557414995947e+09 6.2200860187203181e+05 5.3327588112681217e+09 1.1324907906944201e+09 1.0883098685106296e+21 4.3314571932015829e-02 2.9998664790470388e+00 6.3102231959026675e+01
1.6030137013851440e+08 6.3931229318571234e-05 5.7102557395027742e+09 6.2200860181765212e+05 5.3327588094033127e+09 1.1324907902983837e+09 1.1030961607313200e+21 4.3509854257727895e-02 2.9998664790109419e+00 6.3102231943299287e+01
1.6102408364499715e+08 6.3931229301652828e-05 5.7102557374879198e+09 6.2200860176278255e+05 5.3327588075216608e+09 1.1324907898987796e+09 1.1180833465046823e+21 4.3706017007293818e-02 2.9998664789746825e+00 6.3102231927428193e+01
1.6175005548178616e+08 6.3931229284581550e-05 5.7102557354548473e+09 6.2200860170741612e+05 5.3327588056229954e+09 1.1324907894955571e+09 1.1332741552654278e+21 4.3903064150073917e-02 2.9998664789382592e+00 6.3102231911411380e+01
1.6247930033895746e+08 6.3931229267355949e-05 5.7102557334033957e+09 6.2200860165154911e+05 5.3327588037071676e+09 1.1324907890886889e+09 1.1486713535316285e+21 4.4100999673324065e-02 2.9998664789016720e+00 6.3102231895247762e+01
1.6321183297281682e+08 6.3931229249974766e-05 5.7102557313334208e+09 6.2200860159517801e+05 5.3327588017740393e+09 1.1324907886781497e+09 1.1642777454085947e+21 4.4299827582276574e-02 2.9998664788649196e+00 6.3102231878936195e+01
1.6394766820619842e+08 6.3931229232436508e-05 5.7102557292447424e+09 6.2200860153829772e+05 5.3327587998234415e+09 1.1324907882639019e+09 1.1800961730995141e+21 4.4499551900221160e-02 2.9998664788280016e+00 6.3102231862475186e+01
1.6468682092876464e+08 6.3931229214739618e-05 5.7102557271371765e+09 6.2200860148090357e+05 5.3327587978552074e+09 1.1324907878459120e+09 1.1961295174231096e+21 4.4700176668586424e-02 2.9998664787909171e+00 6.3102231845863557e+01
1.6542930609730738e+08 6.3931229196882930e-05 5.7102557250105610e+09 6.2200860142298928e+05 5.3327587958691845e+09 1.1324907874241338e+09 1.2123806983382594e+21 4.4901705947021545e-02 2.9998664787536655e+00 6.3102231829099246e+01
1.6617513873605081e+08 6.3931229178864872e-05 5.7102557228647346e+09 6.2200860136455228e+05 5.3327587938652201e+09 1.1324907869985490e+09 1.2288526754757765e+21 4.5104143813478471e-02 2.9998664787162457e+00 6.3102231812181543e+01
1.6692433393695530e+08 6.3931229160683859e-05 5.7102557206995134e+09 6.2200860130558768e+05 5.3327587918431396e+09 1.1324907865691218e+09 1.2455484486774211e+21 4.5307494364294466e-02 2.9998664786786571e+00 6.3102231795109226e+01
1.6767690686002287e+08 6.3931229142338616e-05 5.7102557185147152e+09 6.2200860124608898e+05 5.3327587898027811e+09 1.1324907861358047e+09 1.2624710585422174e+21 4.5511761714274943e-02 2.9998664786408993e+00 6.3102231777880043e+01
1.6843287273360386e+08 6.3931229123827572e-05 5.7102557163101778e+09 6.2200860118605313e+05 5.3327587877439861e+09 1.1324907856985757e+09 1.2796235869802036e+21 4.5716949996776751e-02 2.9998664786029714e+00 6.3102231760493247e+01
1.6919224685470515e+08 6.3931229105149248e-05 5.7102557140857191e+09 6.2200860112547479e+05 5.3327587856665878e+09 1.1324907852573957e+09 1.2970091577736930e+21 4.5923063363791788e-02 2.9998664785648721e+00 6.3102231742947204e+01
1.6995504458929971e+08 6.3931229086302169e-05 5.7102557118411760e+09 6.2200860106435022e+05 5.3327587835704288e+09 1.1324907848122380e+09 1.3146309371461952e+21 4.6130105986031109e-02 2.9998664785266014e+00 6.3102231725240863e+01
1.7072128137263745e+08 6.3931229067284748e-05 5.7102557095763254e+09 6.2200860100267152e+05 5.3327587814553108e+09 1.1324907843630445e+09 1.3324921343390198e+21 4.6338082053009162e-02 2.9998664784881579e+00 6.3102231707371779e+01
1.7149097270955765e+08 6.3931229048095386e-05 5.7102557072910061e+09 6.2200860094043589e+05 5.3327587793210764e+09 1.1324907839097948e+09 1.3505960021957445e+21 4.6546995773128770e-02 2.9998664784495412e+00 6.3102231689339341e+01
1.7226413417480257e+08 6.3931229028732714e-05 5.7102557049850540e+09 6.2200860087763867e+05 5.3327587771675692e+09 1.1324907834524555e+09 1.3689458377546054e+21 4.6756851373766006e-02 2.9998664784107500e+00 6.3102231671141965e+01
1.7304078141333351e+08 6.3931229009194930e-05 5.7102557026582479e+09 6.2200860081427358e+05 5.3327587749945879e+09 1.1324907829909801e+09 1.3875449828489872e+21 4.6967653101356227e-02 2.9998664783717843e+00 6.3102231652777974e+01
1.7382093014064437e+08 6.3931228989480679e-05 5.7102557003104038e+09 6.2200860075033433e+05 5.3327587728019629e+09 1.1324907825253236e+09 1.4063968247159461e+21 4.7179405221479065e-02 2.9998664783326427e+00 6.3102231634245321e+01
1.7460459614308399e+08 6.3931228969588239e-05 5.7102556979413605e+09 6.2200860068581905e+05 5.3327587705895376e+09 1.1324907820554719e+09 1.4255047966131778e+21 4.7392112018945873e-02 2.9998664782933249e+00 6.3102231615543559e+01
1.7539179527817270e+08 6.3931228949516011e-05 5.7102556955508938e+09 6.2200860062071960e+05 5.3327587683571062e+09 1.1324907815813656e+09 1.4448723784442414e+21 4.7605777797885759e-02 2.9998664782538298e+00 6.3102231596670336e+01
1.7618254347492403e+08 6.3931228929262328e-05 5.7102556931388416e+09 6.2200860055503389e+05 5.3327587661045132e+09 1.1324907811029897e+09 1.4645030973922882e+21 4.7820406881832811e-02 2.9998664782141562e+00 6.3102231577624977e+01
1.7697685673416686e+08 6.3931228908825673e-05 5.7102556907049608e+09 6.2200860048875120e+05 5.3327587638315392e+09 1.1324907806202662e+09 1.4844005285624511e+21 4.8036003613813542e-02 2.9998664781743041e+00 6.3102231558404334e+01
1.7777475112886932e+08 6.3931228888204378e-05 5.7102556882491093e+09 6.2200860042187152e+05 5.3327587615380449e+09 1.1324907801331952e+09 1.5045682956329277e+21 4.8252572356434896e-02 2.9998664781342721e+00 6.3102231539008251e+01
1.7857624280446404e+08 6.3931228867396601e-05 5.7102556857710648e+09 6.2200860035438836e+05 5.3327587592238216e+09 1.1324907796417289e+09 1.5250100715149307e+21 4.8470117491972421e-02 2.9998664780940598e+00 6.3102231519435058e+01
1.7938134797917473e+08 6.3931228846400876e-05 5.7102556832706223e+09 6.2200860028629447e+05 5.3327587568886852e+09 1.1324907791458149e+09 1.5457295790215557e+21 4.8688643422458981e-02 2.9998664780536664e+00 6.3102231499682361e+01
1.8019008294434449e+08 6.3931228825215390e-05 5.7102556807475605e+09 6.2200860021758312e+05 5.3327587545324249e+09 1.1324907786454041e+09 1.5667305915458118e+21 4.8908154569773793e-02 2.9998664780130904e+00 6.3102231479748426e+01
1.8100246406476536e+08 6.3931228803838433e-05 5.7102556782017164e+09 6.2200860014825291e+05 5.3327587521548901e+09 1.1324907781404860e+09 1.5880169337477857e+21 4.9128655375731946e-02 2.9998664779723319e+00 6.3102231459632641e+01
1.8181850777900955e+08 6.3931228782268299e-05 5.7102556756328669e+09 6.2200860007829592e+05 5.3327587497558651e+09 1.1324907776310034e+09 1.6095924822512302e+21 4.9350150302174323e-02 2.9998664779313891e+00 6.3102231439332776e+01
1.8263823059976205e+08 6.3931228760503170e-05 5.7102556730408096e+09 6.2200860000770818e+05 5.3327587473351698e+09 1.1324907771169271e+09 1.6314611663495029e+21 4.9572643831057764e-02 2.9998664778902620e+00 6.3102231418847545e+01
1.8346164911415470e+08 6.3931228738541354e-05 5.7102556704252996e+09 6.2200859993647970e+05 5.3327587448925734e+09 1.1324907765981846e+09 1.6536269687212225e+21 4.9796140464545835e-02 2.9998664778489497e+00 6.3102231398174233e+01
1.8428877998410192e+08 6.3931228716381143e-05 5.7102556677861767e+09 6.2200859986460907e+05 5.3327587424279222e+09 1.1324907760747652e+09 1.6760939261555544e+21 5.0020644725099955e-02 2.9998664778074509e+00 6.3102231377312137e+01
1.8511963994663784e+08 6.3931228694020598e-05 5.7102556651231956e+09 6.2200859979208885e+05 5.3327587399409914e+09 1.1324907755466151e+09 1.6988661302873607e+21 5.0246161155570838e-02 2.9998664777657646e+00 6.3102231356259267e+01
1.8595424581425494e+08 6.3931228671458025e-05 5.7102556624361553e+09 6.2200859971891344e+05 5.3327587374315910e+09 1.1324907750136933e+09 1.7219477283424203e+21 5.0472694319290468e-02 2.9998664777238910e+00 6.3102231335013776e+01
1.8679261447524425e+08 6.3931228648691487e-05 5.7102556597248106e+09 6.2200859964507539e+05 5.3327587348994970e+09 1.1324907744759457e+09 1.7453429238926622e+21 5.0700248800164410e-02 2.9998664776818282e+00 6.3102231313573704e+01
1.8763476289403716e+08 6.3931228625719276e-05 5.7102556569889793e+09 6.2200859957057075e+05 5.3327587323445320e+09 1.1324907739333434e+09 1.7690559776217191e+21 5.0928829202764571e-02 2.9998664776395758e+00 6.3102231291937635e+01
1.8848070811154863e+08 6.3931228602539359e-05 5.7102556542284193e+09 6.2200859949539322e+05 5.3327587297664719e+09 1.1324907733858407e+09 1.7930912081008926e+21 5.1158440152422394e-02 2.9998664775971329e+00 6.3102231270103943e+01
1.8933046724552202e+08 6.3931228579150042e-05 5.7102556514429255e+09 6.2200859941953723e+05 5.3327587271651278e+09 1.1324907728333969e+09 1.8174529925756315e+21 5.1389086295322434e-02 2.9998664775544990e+00 6.3102231248070765e+01
1.9018405749087548e+08 6.3931228555549251e-05 5.7102556486322365e+09 6.2200859934299416e+05 5.3327587245402536e+09 1.1324907722759492e+09 1.8421457677626919e+21 5.1620772298596330e-02 2.9998664775116723e+00 6.3102231225835737e+01
1.9104149612004992e+08 6.3931228531735306e-05 5.7102556457961674e+09 6.2200859926576028e+05 5.3327587218916779e+09 1.1324907717134705e+09 1.8671740306581844e+21 5.1853502850417350e-02 2.9998664774686530e+00 6.3102231203397537e+01
1.9190280048335844e+08 6.3931228507706052e-05 5.7102556429344568e+09 6.2200859918782837e+05 5.3327587192191553e+09 1.1324907711459079e+09 1.8925423393564965e+21 5.2087282660095158e-02 2.9998664774254395e+00 6.3102231180754210e+01
1.9276798800933746e+08 6.3931228483459767e-05 5.7102556400468798e+09 6.2200859910919052e+05 5.3327587165224791e+09 1.1324907705732043e+09 1.9182553138804682e+21 5.2322116458171156e-02 2.9998664773820312e+00 6.3102231157903333e+01
1.9363707620509946e+08 6.3931228458994190e-05 5.7102556371332140e+09 6.2200859902984393e+05 5.3327587138014345e+09 1.1324907699953392e+09 1.9443176370227220e+21 5.2558008996514152e-02 2.9998664773384269e+00 6.3102231134844246e+01
1.9451008265668708e+08 6.3931228434307611e-05 5.7102556341932154e+09 6.2200859894977952e+05 5.3327587110557995e+09 1.1324907694122462e+09 1.9707340551985347e+21 5.2794965048416610e-02 2.9998664772946264e+00 6.3102231111574064e+01
1.9538702502942911e+08 6.3931228409397876e-05 5.7102556312266407e+09 6.2200859886899148e+05 5.3327587082853479e+09 1.1324907688238833e+09 1.9975093793101914e+21 5.3032989408691125e-02 2.9998664772506283e+00 6.3102231088091088e+01
1.9626792106829789e+08 6.3931228384263061e-05 5.7102556282332678e+09 6.2200859878747398e+05 5.3327587054898653e+09 1.1324907682302077e+09 2.0246484856231816e+21 5.3272086893767515e-02 2.9998664772064316e+00 6.3102231064393706e+01
1.9715278859826836e+08 6.3931228358901120e-05 5.7102556252128325e+09 6.2200859870521864e+05 5.3327587026691141e+09 1.1324907676311586e+09 2.0521563166542502e+21 5.3512262341790302e-02 2.9998664771620356e+00 6.3102231040479374e+01
1.9804164552467886e+08 6.3931228333310004e-05 5.7102556221651106e+09 6.2200859862222057e+05 5.3327586998228769e+09 1.1324907670267005e+09 2.0800378820714829e+21 5.3753520612716529e-02 2.9998664771174397e+00 6.3102231016346622e+01
1.9893450983359328e+08 6.3931228307487548e-05 5.7102556190898390e+09 6.2200859853847255e+05 5.3327586969509134e+09 1.1324907664167807e+09 2.1082982596066903e+21 5.3995866588414175e-02 2.9998664770726426e+00 6.3102230991993373e+01
1.9983139959216511e+08 6.3931228281431730e-05 5.7102556159867744e+09 6.2200859845396737e+05 5.3327586940529928e+09 1.1324907658013465e+09 2.1369425959801384e+21 5.4239305172760863e-02 2.9998664770276435e+00 6.3102230967417455e+01
2.0073233294900304e+08 6.3931228255140478e-05 5.7102556128556738e+09 6.2200859836869896e+05 5.3327586911288900e+09 1.1324907651803539e+09 2.1659761078378580e+21 5.4483841291743204e-02 2.9998664769824419e+00 6.3102230942617012e+01
2.0163732813453817e+08 6.3931228228611542e-05 5.7102556096962719e+09 6.2200859828265989e+05 5.3327586881783552e+09 1.1324907645537486e+09 2.1954040827017059e+21 5.4729479893556351e-02 2.9998664769370360e+00 6.3102230917590127e+01
2.0254640346139288e+08 6.3931228201842997e-05 5.7102556065083075e+09 6.2200859819584154e+05 5.3327586852011509e+09 1.1324907639214680e+09 2.2252318799323063e+21 5.4976225948704223e-02 2.9998664768914258e+00 6.3102230892333843e+01
2.0345957732475144e+08 6.3931228174832430e-05 5.7102556032915344e+09 6.2200859810823970e+05 5.3327586821970415e+09 1.1324907632834816e+09 2.2554649317050543e+21 5.5224084450099985e-02 2.9998664768456096e+00 6.3102230866847158e+01
2.0437686820273218e+08 6.3931228147577810e-05 5.7102556000457115e+09 6.2200859801984741e+05 5.3327586791657991e+09 1.1324907626397383e+09 2.2861087439994738e+21 5.5473060413167179e-02 2.9998664767995868e+00 6.3102230841128055e+01
2.0529829465676144e+08 6.3931228120076873e-05 5.7102555967705326e+09 6.2200859793065465e+05 5.3327586761071463e+09 1.1324907619901655e+09 2.3171688976019158e+21 5.5723158875941155e-02 2.9998664767533567e+00 6.3102230815173307e+01
2.0622387533194914e+08 6.3931228092327356e-05 5.7102555934657764e+09 6.2200859784065769e+05 5.3327586730208635e+09 1.1324907613347359e+09 2.3486510491219148e+21 5.5974384899171011e-02 2.9998664767069179e+00 6.3102230788982219e+01
2.0715362895746610e+08 6.3931228064327076e-05 5.7102555901311369e+09 6.2200859774984606e+05 5.3327586699066801e+09 1.1324907606733730e+09 2.3805609320223825e+21 5.6226743566422016e-02 2.9998664766602698e+00 6.3102230762551386e+01
2.0808757434692293e+08 6.3931228036073770e-05 5.7102555867663708e+09 6.2200859765821416e+05 5.3327586667643585e+09 1.1324907600060365e+09 2.4129043576637536e+21 5.6480239984178483e-02 2.9998664766134118e+00 6.3102230735879296e+01
2.0902573039875087e+08 6.3931228007565175e-05 5.7102555833711958e+09 6.2200859756575408e+05 5.3327586635936403e+09 1.1324907593326683e+09 2.4456872163623478e+21 5.6734879281947030e-02 2.9998664765663419e+00 6.3102230708963376e+01
2.0996811609658408e+08 6.3931227978798906e-05 5.7102555799453259e+09 6.2200859747245745e+05 5.3327586603942575e+09 1.1324907586532078e+09 2.4789154784630989e+21 5.6990666612360512e-02 2.9998664765190601e+00 6.3102230681801380e+01
2.1091475050964379e+08 6.3931227949772564e-05 5.7102555764884987e+09 6.2200859737831866e+05 5.3327586571659613e+09 1.1324907579676139e+09 2.5125951954268749e+21 5.7247607151282145e-02 2.9998664764715652e+00 6.3102230654391747e+01
2.1186565279312429e+08 6.3931227920484008e-05 5.7102555730004492e+09 6.2200859728333005e+05 5.3327586539085054e+09 1.1324907572758312e+09 2.5467325009325090e+21 5.7505706097910281e-02 2.9998664764238563e+00 6.3102230626731902e+01
2.1282084218858030e+08 6.3931227890930853e-05 5.7102555694808550e+09 6.2200859718748042e+05 5.3327586506215973e+09 1.1324907565777776e+09 2.5813336119939396e+21 5.7764968674883684e-02 2.9998664763759320e+00 6.3102230598818608e+01
2.1378033802431658e+08 6.3931227861110468e-05 5.7102555659294701e+09 6.2200859709076700e+05 5.3327586473049927e+09 1.1324907558734334e+09 2.6164048300923489e+21 5.8025400128387104e-02 2.9998664763277914e+00 6.3102230570651358e+01
2.1474415971577886e+08 6.3931227831020605e-05 5.7102555623459911e+09 6.2200859699317976e+05 5.3327586439584169e+09 1.1324907551627252e+09 2.6519525423238055e+21 5.8287005728257478e-02 2.9998664762794340e+00 6.3102230542226806e+01
2.1571232676594681e+08 6.3931227800658851e-05 5.7102555587301149e+09 6.2200859689470893e+05 5.3327586405815887e+09 1.1324907544455819e+09 2.6879832225625219e+21 5.8549790768090602e-02 2.9998664762308587e+00 6.3102230513542253e+01
2.1668485876572862e+08 6.3931227770022740e-05 5.7102555550815554e+09 6.2200859679534752e+05 5.3327586371742373e+09 1.1324907537219529e+09 2.7245034326397755e+21 5.8813760565348178e-02 2.9998664761820639e+00 6.3102230484595552e+01
2.1766177539435747e+08 6.3931227739109751e-05 5.7102555514000301e+09 6.2200859669508901e+05 5.3327586337361012e+09 1.1324907529917905e+09 2.7615198235389906e+21 5.9078920461465449e-02 2.9998664761330494e+00 6.3102230455384777e+01
2.1864309641978973e+08 6.3931227707917295e-05 5.7102555476852551e+09 6.2200859659392689e+05 5.3327586302669058e+09 1.1324907522550473e+09 2.7990391366070011e+21 5.9345275821959302e-02 2.9998664760838141e+00 6.3102230425908189e+01
2.1962884169910491e+08 6.3931227676443069e-05 5.7102555439368849e+09 6.2200859649184765e+05 5.3327586267663431e+09 1.1324907515116248e+09 2.8370682047817282e+21 5.9612832036536771e-02 2.9998664760343567e+00 6.3102230396161453e+01
2.2061903117890754e+08 6.3931227644684361e-05 5.7102555401546354e+09 6.2200859638884570e+05 5.3327586232341413e+09 1.1324907507614822e+09 2.8756139538366254e+21 5.9881594519204141e-02 2.9998664759846760e+00 6.3102230366143147e+01
2.2161368489573085e+08 6.3931227612638571e-05 5.7102555363382225e+09 6.2200859628491523e+05 5.3327586196700315e+09 1.1324907500045776e+09 2.9146834036419854e+21 6.0151568708376554e-02 2.9998664759347715e+00 6.3102230335851502e+01
2.2261282297644198e+08 6.3931227580303298e-05 5.7102555324873018e+09 6.2200859618004272e+05 5.3327586160736990e+09 1.1324907492408123e+09 2.9542836694433331e+21 6.0422760066987963e-02 2.9998664758846423e+00 6.3102230305282561e+01
2.2361646563864949e+08 6.3931227547675724e-05 5.7102555286016092e+09 6.2200859607422585e+05 5.3327586124448872e+09 1.1324907484701693e+09 2.9944219631573014e+21 6.0695174082601673e-02 2.9998664758342866e+00 6.3102230274435577e+01
2.2462463319111237e+08 6.3931227514753316e-05 5.7102555246807795e+09 6.2200859596745041e+05 5.3327586087832642e+09 1.1324907476925454e+09 3.0351055946850113e+21 6.0968816267521479e-02 2.9998664757837039e+00 6.3102230243306423e+01
2.2563734603415096e+08 6.3931227481533375e-05 5.7102555207245092e+09 6.2200859585970966e+05 5.3327586050885468e+09 1.1324907469078913e+09 3.0763419732433416e+21 6.1243692158903094e-02 2.9998664757328934e+00 6.3102230211892973e+01
2.2665462466005975e+08 6.3931227448013177e-05 5.7102555167324924e+09 6.2200859575099614e+05 5.3327586013604431e+09 1.1324907461161528e+09 3.1181386087142801e+21 6.1519807318866263e-02 2.9998664756818538e+00 6.3102230180193068e+01
2.2767648965352216e+08 6.3931227414190095e-05 5.7102555127044067e+09 6.2200859564130032e+05 5.3327585975986538e+09 1.1324907453172603e+09 3.1605031130126268e+21 6.1797167334607279e-02 2.9998664756305837e+00 6.3102230148203994e+01
2.2870296169202691e+08 6.3931227380061308e-05 5.7102555086399050e+09 6.2200859553061239e+05 5.3327585938028593e+09 1.1324907445111425e+09 3.2034432014722379e+21 6.2075777818512076e-02 2.9998664755790827e+00 6.3102230115922751e+01
2.2973406154628652e+08 6.3931227345624173e-05 5.7102555045386848e+09 6.2200859541892470e+05 5.3327585899727716e+09 1.1324907436977434e+09 3.2469666942511203e+21 6.2355644408269705e-02 2.9998664755273494e+00 6.3102230083347010e+01
2.3076981008065763e+08 6.3931227310875778e-05 5.7102555004003792e+09 6.2200859530622605e+05 5.3327585861080532e+09 1.1324907428769820e+09 3.2910815177556529e+21 6.2636772766986579e-02 2.9998664754753830e+00 6.3102230050473636e+01
2.3181022825356308e+08 6.3931227275813249e-05 5.7102554962247057e+09 6.2200859519251250e+05 5.3327585822084303e+09 1.1324907420488291e+09 3.3357957060840826e+21 6.2919168583300863e-02 2.9998664754231821e+00 6.3102230017301416e+01
2.3285533711791614e+08 6.3931227240433984e-05 5.7102554920112782e+09 6.2200859507776867e+05 5.3327585782735538e+09 1.1324907412131729e+09 3.3811174024897212e+21 6.3202837571497708e-02 2.9998664753707462e+00 6.3102229983825616e+01
2.3390515782154644e+08 6.3931227204734934e-05 5.7102554877597723e+09 6.2200859496198827e+05 5.3327585743031168e+09 1.1324907403699677e+09 3.4270548608639351e+21 6.3487785471624869e-02 2.9998664753180733e+00 6.3102229950044567e+01
2.3495971160762790e+08 6.3931227168713238e-05 5.7102554834698429e+09 6.2200859484516154e+05 5.3327585702967958e+09 1.1324907395191424e+09 3.4736164472393805e+21 6.3774018049608847e-02 2.9998664752651631e+00 6.3102229915955405e+01
2.3601901981510857e+08 6.3931227132366078e-05 5.7102554791411457e+09 6.2200859472727845e+05 5.3327585662542706e+09 1.1324907386606236e+09 3.5208106413135506e+21 6.4061541097371485e-02 2.9998664752120145e+00 6.3102229881554948e+01
2.3708310387914255e+08 6.3931227095690365e-05 5.7102554747733355e+09 6.2200859460833156e+05 5.3327585621752167e+09 1.1324907377943573e+09 3.5686460379931119e+21 6.4350360432947312e-02 2.9998664751586266e+00 6.3102229846841176e+01
2.3815198533152351e+08 6.3931227058683265e-05 5.7102554703660460e+09 6.2200859448830830e+05 5.3327585580592947e+09 1.1324907369202521e+09 3.6171313489591785e+21 6.4640481900601135e-02 2.9998664751049975e+00 6.3102229811810389e+01
2.3922568580112058e+08 6.3931227021341621e-05 5.7102554659189138e+09 6.2200859436720028e+05 5.3327585539061651e+09 1.1324907360382471e+09 3.6662754042538806e+21 6.4931911370946338e-02 2.9998664750511264e+00 6.3102229776460000e+01
2.4030422701431593e+08 6.3931226983662682e-05 5.7102554614316130e+09 6.2200859424499818e+05 5.3327585497155218e+09 1.1324907351482739e+09 3.7160871538884335e+21 6.5224654741063717e-02 2.9998664749970128e+00 6.3102229740787195e+01
2.4138763079544446e+08 6.3931226945643046e-05 5.7102554569037590e+09 6.2200859412169317e+05 5.3327585454870033e+09 1.1324907342502682e+09 3.7665756694731581e+21 6.5518717934620788e-02 2.9998664749426553e+00 6.3102229704789593e+01
2.4247591906723526e+08 6.3931226907279988e-05 5.7102554523349657e+09 6.2200859399727080e+05 5.3327585412202597e+09 1.1324907333441253e+09 3.8177501458695177e+21 6.5814106901991604e-02 2.9998664748880524e+00 6.3102229668462620e+01
2.4356911385125545e+08 6.3931226868570108e-05 5.7102554477249088e+09 6.2200859387172712e+05 5.3327585369149704e+09 1.1324907324298160e+09 3.8696199028647133e+21 6.6110827620377163e-02 2.9998664748332033e+00 6.3102229631805358e+01
2.4466723726835561e+08 6.3931226829510451e-05 5.7102554430731630e+09 6.2200859374504606e+05 5.3327585325707560e+09 1.1324907315072236e+09 3.9221943868689508e+21 6.6408886093926478e-02 2.9998664747781070e+00 6.3102229594813018e+01
2.4577031153911743e+08 6.3931226790097710e-05 5.7102554383794022e+09 6.2200859361722297e+05 5.3327585281872978e+09 1.1324907305763137e+09 3.9754831726358251e+21 6.6708288353857864e-02 2.9998664747227624e+00 6.3102229557484172e+01
2.4687835898430344e+08 6.3931226750328957e-05 5.7102554336432018e+09 6.2200859348824178e+05 5.3327585237642126e+09 1.1324907296369698e+09 4.0294959650060338e+21 6.7009040458581179e-02 2.9998664746671682e+00 6.3102229519813818e+01
2.4799140202530855e+08 6.3931226710200643e-05 5.7102554288642159e+09 6.2200859335809737e+05 5.3327585193011637e+09 1.1324907286891544e+09 4.0842426006748298e+21 6.7311148493820278e-02 2.9998664746113231e+00 6.3102229481800968e+01
2.4910946318461379e+08 6.3931226669709730e-05 5.7102554240420399e+09 6.2200859322677646e+05 5.3327585147977829e+09 1.1324907277327707e+09 4.1397330499834106e+21 6.7614618572736193e-02 2.9998664745552261e+00 6.3102229443441296e+01
2.5023256508624214e+08 6.3931226628852913e-05 5.7102554191762867e+09 6.2200859309426881e+05 5.3327585102537050e+09 1.1324907267677443e+09 4.1959774187347729e+21 6.7919456836050898e-02 2.9998664744988766e+00 6.3102229404731801e+01
2.5136073045621613e+08 6.3931226587626898e-05 5.7102554142665520e+09 6.2200859296056279e+05 5.3327585056685572e+09 1.1324907257939904e+09 4.2529859500340648e+21 6.8225669452171456e-02 2.9998664744422729e+00 6.3102229365669018e+01
2.5249398212301791e+08 6.3931226546028270e-05 5.7102554093124504e+09 6.2200859282564884e+05 5.3327585010419731e+09 1.1324907248114393e+09 4.3107690261540865e+21 6.8533262617314863e-02 2.9998664743854140e+00 6.3102229326250395e+01
2.5363234301805109e+08 6.3931226504053626e-05 5.7102554043135748e+09 6.2200859268951602e+05 5.3327584963735723e+09 1.1324907238200114e+09 4.3693371704261429e+21 6.8842242555633593e-02 2.9998664743282983e+00 6.3102229286472543e+01
2.5477583617610472e+08 6.3931226461699797e-05 5.7102553992695208e+09 6.2200859255215176e+05 5.3327584916629848e+09 1.1324907228196154e+09 4.4287010491564053e+21 6.9152615519341223e-02 2.9998664742709256e+00 6.3102229246331596e+01
2.5592448473581952e+08 6.3931226418963136e-05 5.7102553941798820e+09 6.2200859241354628e+05 5.3327584869098225e+09 1.1324907218101797e+09 4.4888714735685279e+21 6.9464387788839205e-02 2.9998664742132943e+00 6.3102229205824884e+01
2.5707831194015592e+08 6.3931226375840255e-05 5.7102553890442524e+09 6.2200859227368888e+05 5.3327584821137114e+09 1.1324907207916265e+09 4.5498594017725634e+21 6.9777565672843878e-02 2.9998664741554029e+00 6.3102229164949058e+01
2.5823734113686460e+08 6.3931226332327603e-05 5.7102553838622065e+09 6.2200859213256766e+05 5.3327584772742519e+09 1.1324907197638690e+09 4.6116759407605769e+21 7.0092155508514081e-02 2.9998664740972503e+00 6.3102229123700702e+01
2.5940159577895871e+08 6.3931226288421806e-05 5.7102553786333179e+09 6.2200859199016914e+05 5.3327584723910484e+09 1.1324907187268095e+09 4.6743323484294747e+21 7.0408163661579454e-02 2.9998664740388357e+00 6.3102229082075809e+01
2.6057109942518857e+08 6.3931226244119083e-05 5.7102553733572025e+09 6.2200859184648748e+05 5.3327584674637337e+09 1.1324907176804051e+09 4.7378400356312401e+21 7.0725596526469120e-02 2.9998664739801577e+00 6.3102229040072665e+01
2.6174587574051839e+08 6.3931226199416167e-05 5.7102553680333920e+09 6.2200859170150477e+05 5.3327584624918842e+09 1.1324907166245251e+09 4.8022105682510831e+21 7.1044460526441255e-02 2.9998664739212151e+00 6.3102228997685806e+01
2.6292594849660513e+08 6.3931226154309196e-05 5.7102553626614599e+09 6.2200859155521146e+05 5.3327584574750929e+09 1.1324907155591006e+09 4.8674556693137546e+21 7.1364762113712968e-02 2.9998664738620064e+00 6.3102228954912576e+01
2.6411134157227936e+08 6.3931226108794511e-05 5.7102553572409830e+09 6.2200859140759683e+05 5.3327584524129658e+09 1.1324907144840531e+09 4.9335872211185345e+21 7.1686507769590763e-02 2.9998664738025314e+00 6.3102228911749876e+01
2.6530207895402873e+08 6.3931226062868506e-05 5.7102553517715321e+09 6.2200859125864925e+05 5.3327584473051004e+09 1.1324907133992980e+09 5.0006172674032455e+21 7.2009704004601854e-02 2.9998664737427876e+00 6.3102228868194075e+01
2.6649818473648307e+08 6.3931226016527537e-05 5.7102553462526426e+09 6.2200859110835404e+05 5.3327584421510668e+09 1.1324907123047283e+09 5.0685580155375699e+21 7.2334357358625798e-02 2.9998664736827751e+00 6.3102228824240811e+01
2.6769968312290218e+08 6.3931225969767741e-05 5.7102553406838675e+09 6.2200859095670003e+05 5.3327584369504480e+09 1.1324907112002628e+09 5.1374218387462774e+21 7.2660474401026937e-02 2.9998664736224914e+00 6.3102228779886907e+01
2.6890659842566538e+08 6.3931225922585363e-05 5.7102553350647812e+09 6.2200859080367675e+05 5.3327584317028408e+09 1.1324907100858252e+09 5.2072212783625845e+21 7.2988061730787146e-02 2.9998664735619363e+00 6.3102228735129259e+01
2.7011895506676352e+08 6.3931225874976554e-05 5.7102553293949165e+09 6.2200859064927092e+05 5.3327584264078102e+09 1.1324907089613187e+09 5.2779690461121951e+21 7.3317125976639516e-02 2.9998664735011076e+00 6.3102228689963951e+01
2.7133677757829338e+08 6.3931225826937562e-05 5.7102553236738071e+09 6.2200859049346903e+05 5.3327584210649261e+09 1.1324907078266451e+09 5.3496780264282595e+21 7.3647673797202481e-02 2.9998664734400053e+00 6.3102228644386834e+01
2.7256009060295373e+08 6.3931225778464306e-05 5.7102553179009867e+09 6.2200859033625922e+05 5.3327584156737490e+09 1.1324907066817179e+09 5.4223612787979106e+21 7.3979711881114421e-02 2.9998664733786269e+00 6.3102228598394582e+01
2.7378891889454418e+08 6.3931225729553141e-05 5.7102553120760088e+09 6.2200859017762868e+05 5.3327584102338629e+09 1.1324907055264435e+09 5.4960320401406280e+21 7.4313246947169107e-02 2.9998664733169722e+00 6.3102228551983153e+01
2.7502328731846613e+08 6.3931225680199865e-05 5.7102553061983862e+09 6.2200859001756483e+05 5.3327584047448101e+09 1.1324907043607309e+09 5.5707037272189216e+21 7.4648285744451717e-02 2.9998664732550395e+00 6.3102228505149121e+01
2.7626322085222566e+08 6.3931225630400507e-05 5.7102553002676315e+09 6.2200858985605370e+05 5.3327583992061405e+09 1.1324907031844780e+09 5.6463899390817327e+21 7.4984835052475218e-02 2.9998664731928271e+00 6.3102228457888266e+01
2.7750874458593929e+08 6.3931225580151206e-05 5.7102552942833004e+09 6.2200858969308389e+05 5.3327583936174326e+09 1.1324907019976020e+09 5.7231044595410880e+21 7.5322901681317736e-02 2.9998664731303348e+00 6.3102228410197135e+01
2.7875988372284150e+08 6.3931225529447760e-05 5.7102552882448635e+09 6.2200858952863980e+05 5.3327583879782028e+09 1.1324907007999890e+09 5.8008612596823632e+21 7.5662492471760212e-02 2.9998664730675602e+00 6.3102228362070925e+01
2.8001666357979453e+08 6.3931225478286075e-05 5.7102552821518745e+09 6.2200858936271095e+05 5.3327583822880201e+09 1.1324906995915625e+09 5.8796745004086712e+21 7.6003614295424876e-02 2.9998664730045026e+00 6.3102228313506913e+01
2.8127910958780116e+08 6.3931225426662073e-05 5.7102552760038271e+09 6.2200858919528290e+05 5.3327583765464201e+09 1.1324906983722179e+09 5.9595585350198488e+21 7.6346274054914398e-02 2.9998664729411613e+00 6.3102228264500610e+01
2.8254724729251879e+08 6.3931225374571444e-05 5.7102552698001947e+09 6.2200858902634028e+05 5.3327583707529125e+09 1.1324906971418431e+09 6.0405279118263834e+21 7.6690478683951346e-02 2.9998664728775335e+00 6.3102228215047546e+01
2.8382110235477674e+08 6.3931225322010190e-05 5.7102552635405083e+09 6.2200858885587100e+05 5.3327583649070597e+09 1.1324906959003496e+09 6.1225973767989551e+21 7.7036235147518631e-02 2.9998664728136193e+00 6.3102228165143920e+01
2.8510070055109525e+08 6.3931225268973785e-05 5.7102552572242622e+09 6.2200858868386294e+05 5.3327583590083790e+09 1.1324906946476498e+09 6.2057818762539633e+21 7.7383550442000459e-02 2.9998664727494169e+00 6.3102228114786556e+01
2.8638606777420712e+08 6.3931225215458135e-05 5.7102552508509293e+09 6.2200858851029957e+05 5.3327583530563879e+09 1.1324906933836229e+09 6.2900965595754728e+21 7.7732431595323781e-02 2.9998664726849249e+00 6.3102228063970202e+01
2.8767723003358185e+08 6.3931225161458931e-05 5.7102552444199820e+09 6.2200858833516552e+05 5.3327583470505981e+09 1.1324906921081569e+09 6.3755567819742102e+21 7.8082885667100629e-02 2.9998664726201421e+00 6.3102228012690439e+01
2.8897421345595169e+08 6.3931225106971632e-05 5.7102552379309320e+09 6.2200858815845079e+05 5.3327583409905405e+09 1.1324906908211794e+09 6.4621781072840334e+21 7.8434919748770884e-02 2.9998664725550674e+00 6.3102227960944283e+01
2.9027704428584033e+08 6.3931225051991903e-05 5.7102552313832531e+09 6.2200858798014047e+05 5.3327583348757277e+09 1.1324906895225813e+09 6.5499763107963244e+21 7.8788540963745796e-02 2.9998664724896993e+00 6.3102227908727286e+01
2.9158574888609421e+08 6.3931224996515337e-05 5.7102552247763777e+09 6.2200858780021616e+05 5.3327583287056351e+09 1.1324906882122290e+09 6.6389673821330746e+21 7.9143756467552159e-02 2.9998664724240363e+00 6.3102227856034261e+01
2.9290035373841572e+08 6.3931224940537491e-05 5.7102552181097975e+09 6.2200858761866577e+05 5.3327583224797859e+09 1.1324906868900342e+09 6.7291675281587060e+21 7.9500573447976994e-02 2.9998664723580770e+00 6.3102227802861172e+01
2.9422088544389904e+08 6.3931224884053607e-05 5.7102552113829851e+09 6.2200858743547718e+05 5.3327583161976824e+09 1.1324906855559087e+09 6.8205931759317927e+21 7.9858999125213090e-02 2.9998664722918207e+00 6.3102227749204758e+01
2.9554737072356874e+08 6.3931224827059363e-05 5.7102552045953531e+09 6.2200858725062967e+05 5.3327583098587847e+09 1.1324906842097018e+09 6.9132609756966106e+21 8.0219040752005061e-02 2.9998664722252655e+00 6.3102227695058808e+01
2.9687983641892016e+08 6.3931224769549986e-05 5.7102551977464142e+09 6.2200858706411556e+05 5.3327583034626303e+09 1.1324906828513572e+09 7.0071878039155130e+21 8.0580705613796211e-02 2.9998664721584101e+00 6.3102227640420992e+01
2.9821830949246252e+08 6.3931224711520938e-05 5.7102551908355589e+09 6.2200858687591343e+05 5.3327582970086536e+09 1.1324906814807191e+09 7.1023907663423996e+21 8.0944001028875667e-02 2.9998664720912536e+00 6.3102227585284986e+01
2.9956281702826476e+08 6.3931224652967448e-05 5.7102551838622408e+09 6.2200858668600977e+05 5.3327582904963446e+09 1.1324906800976892e+09 7.1988872011379722e+21 8.1308934348526818e-02 2.9998664720237938e+00 6.3102227529646854e+01
3.0091338623250347e+08 6.3931224593884867e-05 5.7102551768259115e+09 6.2200858649439039e+05 5.3327582839251928e+09 1.1324906787021639e+09 7.2966946820273618e+21 8.1675512957175816e-02 2.9998664719560302e+00 6.3102227473502239e+01
3.0227004443401343e+08 6.3931224534268181e-05 5.7102551697260027e+09 6.2200858630104107e+05 5.3327582772946568e+09 1.1324906772940400e+09 7.3958310215005514e+21 8.2043744272541089e-02 2.9998664718879611e+00 6.3102227416847263e+01
3.0363281908484048e+08 6.3931224474112863e-05 5.7102551625619268e+09 6.2200858610594319e+05 5.3327582706042004e+09 1.1324906758731816e+09 7.4963142740564247e+21 8.2413635745783448e-02 2.9998664718195847e+00 6.3102227359675936e+01
3.0500173776079708e+08 6.3931224413413913e-05 5.7102551553330956e+09 6.2200858590908092e+05 5.3327582638532705e+09 1.1324906744394736e+09 7.5981627394907743e+21 8.2785194861656780e-02 2.9998664717509000e+00 6.3102227301983952e+01
3.0637682816202056e+08 6.3931224352166329e-05 5.7102551480389404e+09 6.2200858571044076e+05 5.3327582570413351e+09 1.1324906729928174e+09 7.7013949662289797e+21 8.3158429138659617e-02 2.9998664716819059e+00 6.3102227243767146e+01
3.0775811811353326e+08 6.3931224290365233e-05 5.7102551406788721e+09 6.2200858551000617e+05 5.3327582501678438e+09 1.1324906715330930e+09 7.8060297547041053e+21 8.3533346129187211e-02 2.9998664716126004e+00 6.3102227185020695e+01
3.0914563556580567e+08 6.3931224228005624e-05 5.7102551332522840e+09 6.2200858530775947e+05 5.3327582432322273e+09 1.1324906700601709e+09 7.9120861607806884e+21 8.3909953419684255e-02 2.9998664715429828e+00 6.3102227125739276e+01
3.1053940859532219e+08 6.3931224165082514e-05 5.7102551257585869e+09 6.2200858510368527e+05 5.3327582362339411e+09 1.1324906685739400e+09 8.0195834992252483e+21 8.4288258630798626e-02 2.9998664714730512e+00 6.3102227065918413e+01
3.1193946540514910e+08 6.3931224101590659e-05 5.7102551181971512e+09 6.2200858489776589e+05 5.3327582291723928e+09 1.1324906670742707e+09 8.1285413472237309e+21 8.4668269417535288e-02 2.9998664714028043e+00 6.3102227005552891e+01
3.1334583432550526e+08 6.3931224037525085e-05 5.7102551105673895e+09 6.2200858468998619e+05 5.3327582220470409e+09 1.1324906655610533e+09 8.2389795479469823e+21 8.5049993469411472e-02 2.9998664713322403e+00 6.3102226944637955e+01
3.1475854381433541e+08 6.3931223972880561e-05 5.7102551028686934e+09 6.2200858448032988e+05 5.3327582148573055e+09 1.1324906640341687e+09 8.3509182141645046e+21 8.5433438510612095e-02 2.9998664712613583e+00 6.3102226883169060e+01
3.1617762245788604e+08 6.3931223907651855e-05 5.7102550951003923e+09 6.2200858426877577e+05 5.3327582076025705e+09 1.1324906624934630e+09 8.4643777319073019e+21 8.5818612300146119e-02 2.9998664711901566e+00 6.3102226821139944e+01
3.1760309897128373e+08 6.3931223841833518e-05 5.7102550872619190e+09 6.2200858405531407e+05 5.3327582002822981e+09 1.1324906609388647e+09 8.5793787641805836e+21 8.6205522632003498e-02 2.9998664711186342e+00 6.3102226758547580e+01
3.1903500219911635e+08 6.3931223775420443e-05 5.7102550793525839e+09 6.2200858383992058e+05 5.3327581928958540e+09 1.1324906593701973e+09 8.6959422547268574e+21 8.6594177335312952e-02 2.9998664710467891e+00 6.3102226695384765e+01
3.2047336111601657e+08 6.3931223708407195e-05 5.7102550713717775e+09 6.2200858362258063e+05 5.3327581854426584e+09 1.1324906577873545e+09 8.8140894318401862e+21 8.6984584274500384e-02 2.9998664709746201e+00 6.3102226631647319e+01
3.2191820482724839e+08 6.3931223640788283e-05 5.7102550633188314e+09 6.2200858340327581e+05 5.3327581779220972e+09 1.1324906561902020e+09 8.9338418122321591e+21 8.7376751349447945e-02 2.9998664709021257e+00 6.3102226567329673e+01
3.2336956256929576e+08 6.3931223572558289e-05 5.7102550551931362e+09 6.2200858318199147e+05 5.3327581703335915e+09 1.1324906545786328e+09 9.0552212049505550e+21 8.7770686495653963e-02 2.9998664708293044e+00 6.3102226502427584e+01
3.2482746371045458e+08 6.3931223503711762e-05 5.7102550469939823e+09 6.2200858295870456e+05 5.3327581626764898e+09 1.1324906529524796e+09 9.1782497153511305e+21 8.8166397684393452e-02 2.9998664707561544e+00 6.3102226436933982e+01
3.2629193775142646e+08 6.3931223434242999e-05 5.7102550387207403e+09 6.2200858273340110e+05 5.3327581549501963e+09 1.1324906513116400e+09 9.3029497491233450e+21 8.8563892922879403e-02 2.9998664706826750e+00 6.3102226370844903e+01
3.2776301432591629e+08 6.3931223364146347e-05 5.7102550303727417e+09 6.2200858250606270e+05 5.3327581471540804e+09 1.1324906496559806e+09 9.4293440163708980e+21 8.8963180254424928e-02 2.9998664706088642e+00 6.3102226304155103e+01
3.2924072320123136e+08 6.3931223293416345e-05 5.7102550219492750e+09 6.2200858227666677e+05 5.3327581392874956e+09 1.1324906479853363e+09 9.5574555357476270e+21 8.9364267758605828e-02 2.9998664705347204e+00 6.3102226236857476e+01
3.3072509427888387e+08 6.3931223222047083e-05 5.7102550134497128e+09 6.2200858204520098e+05 5.3327581313498411e+09 1.1324906462996178e+09 9.6873076386496554e+21 8.9767163551424237e-02 2.9998664704602427e+00 6.3102226168948576e+01
3.3221615759519619e+08 6.3931223150032776e-05 5.7102550048733244e+09 6.2200858181164251e+05 5.3327581233404388e+09 1.1324906445986588e+09 9.8189239734643500e+21 9.0171875785472769e-02 2.9998664703854288e+00 6.3102226100421760e+01
3.3371394332190824e+08 6.3931223077367744e-05 5.7102549962194185e+09 6.2200858157597156e+05 5.3327581152586479e+09 1.1324906428823149e+09 9.9523285098771671e+21 9.0578412650099430e-02 2.9998664703102778e+00 6.3102226031270909e+01
3.3521848176678842e+08 6.3931223004045970e-05 5.7102549874873075e+09 6.2200858133817161e+05 5.3327581071038198e+09 1.1324906411504662e+09 1.0087545543237036e+22 9.0986782371573469e-02 2.9998664702347875e+00 6.3102225961491328e+01
3.3672980337424672e+08 6.3931222930061653e-05 5.7102549786763010e+09 6.2200858109822357e+05 5.3327580988753119e+09 1.1324906394029732e+09 1.0224599698980840e+22 9.1396993213251745e-02 2.9998664701589570e+00 6.3102225891077175e+01
3.3824793872595066e+08 6.3931222855408560e-05 5.7102549697856474e+09 6.2200858085610648e+05 5.3327580905724211e+09 1.1324906376396832e+09 1.0363515937118241e+22 9.1809053475745875e-02 2.9998664700827851e+00 6.3102225820022525e+01
3.3977291854144424e+08 6.3931222780080890e-05 5.7102549608146582e+09 6.2200858061180171e+05 5.3327580821945057e+09 1.1324906358604612e+09 1.0504319556777302e+22 9.2222971497090384e-02 2.9998664700062689e+00 6.3102225748321629e+01
3.4130477367876953e+08 6.3931222704072518e-05 5.7102549517626028e+09 6.2200858036528924e+05 5.3327580737408829e+09 1.1324906340651608e+09 1.0647036200811911e+22 9.2638755652911117e-02 2.9998664699294082e+00 6.3102225675968583e+01
3.4284353513509119e+08 6.3931222627377181e-05 5.7102549426287298e+09 6.2200858011654858e+05 5.3327580652108536e+09 1.1324906322536328e+09 1.0791691860471817e+22 9.3056414356595035e-02 2.9998664698522011e+00 6.3102225602957276e+01
3.4438923404732335e+08 6.3931222549988768e-05 5.7102549334123096e+09 6.2200857986555924e+05 5.3327580566037340e+09 1.1324906304257283e+09 1.0938312880136080e+22 9.3475956059460324e-02 2.9998664697746453e+00 6.3102225529281846e+01
3.4594190169276011e+08 6.3931222471900922e-05 5.7102549241125917e+09 6.2200857961230166e+05 5.3327580479188261e+09 1.1324906285813048e+09 1.1086925962110896e+22 9.3897389250927207e-02 2.9998664696967405e+00 6.3102225454936281e+01
3.4750156948970819e+08 6.3931222393107478e-05 5.7102549147288446e+09 6.2200857935675583e+05 5.3327580391554413e+09 1.1324906267202160e+09 1.1237558171492441e+22 9.4320722458690151e-02 2.9998664696184840e+00 6.3102225379914685e+01
3.4906826899812263e+08 6.3931222313601876e-05 5.7102549052602787e+09 6.2200857909889962e+05 5.3327580303128443e+09 1.1324906248423016e+09 1.1390236941096069e+22 9.4745964248890022e-02 2.9998664695398745e+00 6.3102225304210641e+01
3.5064203192024559e+08 6.3931222233377759e-05 5.7102548957061634e+09 6.2200857883871510e+05 5.3327580213903532e+09 1.1324906229474304e+09 1.1544990076452228e+22 9.5173123226287640e-02 2.9998664694609110e+00 6.3102225227818742e+01
3.5222289010124773e+08 6.3931222152428636e-05 5.7102548860656862e+09 6.2200857857617759e+05 5.3327580123872128e+09 1.1324906210354228e+09 1.1701845760870290e+22 9.5602208034437752e-02 2.9998664693815908e+00 6.3102225150731599e+01
3.5381087552987260e+08 6.3931222070747935e-05 5.7102548763380966e+09 6.2200857831126847e+05 5.3327580033027163e+09 1.1324906191061435e+09 1.1860832560571381e+22 9.6033227355864101e-02 2.9998664693019133e+00 6.3102225072943831e+01
3.5540602033908403e+08 6.3931221988329176e-05 5.7102548665226049e+09 6.2200857804396539e+05 5.3327579941361294e+09 1.1324906171594293e+09 1.2021979429890630e+22 9.6466189912234934e-02 2.9998664692218768e+00 6.3102224994448591e+01
3.5700835680671620e+08 6.3931221905165435e-05 5.7102548566183977e+09 6.2200857777424669e+05 5.3327579848866920e+09 1.1324906151951227e+09 1.2185315716550407e+22 9.6901104464539603e-02 2.9998664691414789e+00 6.3102224915239752e+01
3.5861791735612690e+08 6.3931221821250233e-05 5.7102548466246853e+09 6.2200857750208979e+05 5.3327579755536671e+09 1.1324906132130592e+09 1.2350871167004960e+22 9.7337979813265793e-02 2.9998664690607186e+00 6.3102224835310444e+01
3.6023473455685353e+08 6.3931221736576645e-05 5.7102548365406551e+09 6.2200857722747326e+05 5.3327579661362953e+09 1.1324906112130826e+09 1.2518675931857873e+22 9.7776824798577550e-02 2.9998664689795946e+00 6.3102224754654401e+01
3.6185884112527215e+08 6.3931221651137746e-05 5.7102548263654766e+09 6.2200857695037429e+05 5.3327579566338024e+09 1.1324906091950269e+09 1.2688760571352895e+22 9.8217648300494217e-02 2.9998664688981043e+00 6.3102224673264871e+01
3.6349026992525971e+08 6.3931221564926842e-05 5.7102548160983572e+09 6.2200857667077123e+05 5.3327579470454454e+09 1.1324906071587346e+09 1.2861156060939631e+22 9.8660459239070172e-02 2.9998664688162466e+00 6.3102224591135354e+01
3.6512905396885872e+08 6.3931221477936761e-05 5.7102548057384663e+09 6.2200857638864359e+05 5.3327579373704500e+09 1.1324906051040559e+09 1.3035893796914715e+22 9.9105266574575190e-02 2.9998664687340200e+00 6.3102224508259752e+01
3.6677522641694540e+08 6.3931221390160472e-05 5.7102547952849302e+09 6.2200857610396459e+05 5.3327579276079998e+09 1.1324906030307965e+09 1.3213005602139467e+22 9.9552079307675789e-02 2.9998664686514229e+00 6.3102224424630343e+01
3.6842882057990080e+08 6.3931221301591061e-05 5.7102547847369394e+09 6.2200857581671327e+05 5.3327579177573376e+09 1.1324906009388034e+09 1.3392523731835650e+22 1.0000090647961740e-01 2.9998664685684528e+00 6.3102224340240625e+01
3.7008986991828471e+08 6.3931221212221116e-05 5.7102547740935993e+09 6.2200857552686497e+05 5.3327579078176346e+09 1.1324905988278968e+09 1.3574480879459508e+22 1.0045175717240734e-01 2.9998664684851089e+00 6.3102224255083456e+01
3.7175840804351270e+08 6.3931221122043508e-05 5.7102547633541002e+09 6.2200857523439941e+05 5.3327578977881231e+09 1.1324905966979296e+09 1.3758910182655961e+22 1.0090464050899840e-01 2.9998664684013892e+00 6.3102224169152940e+01
3.7343446871853638e+08 6.3931221031050960e-05 5.7102547525175276e+09 6.2200857493928913e+05 5.3327578876679592e+09 1.1324905945487013e+09 1.3945845229293482e+22 1.0135956565347370e-01 2.9998664683172920e+00 6.3102224082440721e+01
3.7511808585852647e+08 6.3931220939236194e-05 5.7102547415830307e+09 6.2200857464151201e+05 5.3327578774563475e+09 1.1324905923800509e+09 1.4135320063581067e+22 1.0181654181123188e-01 2.9998664682328151e+00 6.3102223994940218e+01
3.7680929353155923e+08 6.3931220846591511e-05 5.7102547305496960e+09 6.2200857434104313e+05 5.3327578671524315e+09 1.1324905901917968e+09 1.4327369192268320e+22 1.0227557822917352e-01 2.9998664681479577e+00 6.3102223906644291e+01
3.7850812595930564e+08 6.3931220753109743e-05 5.7102547194166708e+09 6.2200857403785945e+05 5.3327578567554150e+09 1.1324905879837716e+09 1.4522027590929726e+22 1.0273668419588823e-01 2.9998664680627178e+00 6.3102223817545863e+01
3.8021461751772398e+08 6.3931220658783043e-05 5.7102547081830235e+09 6.2200857373193558e+05 5.3327578462644262e+09 1.1324905857557902e+09 1.4719330710334233e+22 1.0319986904184250e-01 2.9998664679770934e+00 6.3102223727637600e+01
3.8192880273775548e+08 6.3931220563603929e-05 5.7102546968478594e+09 6.2200857342324732e+05 5.3327578356786356e+09 1.1324905835076761e+09 1.4919314482901660e+22 1.0366514213956858e-01 2.9998664678910827e+00 6.3102223636912136e+01
3.8365071630602294e+08 6.3931220467564569e-05 5.7102546854102678e+09 6.2200857311177091e+05 5.3327578249971828e+09 1.1324905812392564e+09 1.5122015329246461e+22 1.0413251290385415e-01 2.9998664678046847e+00 6.3102223545362705e+01
3.8538039306553262e+08 6.3931220370657345e-05 5.7102546738692942e+09 6.2200857279747748e+05 5.3327578142191868e+09 1.1324905789503212e+09 1.5327470164810603e+22 1.0460199079193269e-01 2.9998664677178968e+00 6.3102223452980496e+01
3.8711786801637948e+08 6.3931220272874425e-05 5.7102546622240248e+09 6.2200857248034352e+05 5.3327578033437939e+09 1.1324905766406989e+09 1.5535716406586597e+22 1.0507358530367505e-01 2.9998664676307172e+00 6.3102223359758561e+01
3.8886317631645513e+08 6.3931220174207745e-05 5.7102546504735279e+09 6.2200857216034527e+05 5.3327577923701248e+09 1.1324905743102164e+09 1.5746791979931727e+22 1.0554730598178153e-01 2.9998664675431450e+00 6.3102223265690000e+01
3.9061635328215951e+08 6.3931220074649363e-05 5.7102546386168289e+09 6.2200857183745434e+05 5.3327577812972746e+09 1.1324905719586673e+09 1.5960735325474943e+22 1.0602316241197486e-01 2.9998664674551776e+00 6.3102223170766358e+01
3.9237743438911527e+08 6.3931219974191201e-05 5.7102546266529751e+09 6.2200857151164557e+05 5.3327577701243544e+09 1.1324905695858681e+09 1.6177585406117537e+22 1.0650116422319443e-01 2.9998664673668141e+00 6.3102223074980145e+01
3.9414645527288586e+08 6.3931219872825305e-05 5.7102546145810118e+09 6.2200857118289219e+05 5.3327577588504705e+09 1.1324905671916239e+09 1.6397381714129120e+22 1.0698132108779097e-01 2.9998664672780517e+00 6.3102222978323326e+01
3.9592345172969639e+08 6.3931219770543189e-05 5.7102546023999252e+09 6.2200857085116673e+05 5.3327577474746819e+09 1.1324905647757347e+09 1.6620164278339664e+22 1.0746364272172229e-01 2.9998664671888888e+00 6.3102222880788013e+01
3.9770845971715826e+08 6.3931219667336873e-05 5.7102545901087828e+09 6.2200857051644474e+05 5.3327577359961109e+09 1.1324905623380225e+09 1.6845973671429733e+22 1.0794813888474980e-01 2.9998664670993245e+00 6.3102222782366667e+01
3.9950151535499644e+08 6.3931219563197737e-05 5.7102545777065487e+09 6.2200857017869735e+05 5.3327577244137907e+09 1.1324905598782766e+09 1.7074851017319122e+22 1.0843481938063619e-01 2.9998664670093560e+00 6.3102222683050982e+01
4.0130265492578053e+08 6.3931219458117499e-05 5.7102545651922302e+09 6.2200856983789732e+05 5.3327577127267981e+09 1.1324905573962991e+09 1.7306837998656607e+22 1.0892369405734348e-01 2.9998664669189816e+00 6.3102222582832674e+01
4.0311191487565899e+08 6.3931219352087744e-05 5.7102545525648327e+09 6.2200856949401787e+05 5.3327577009342012e+09 1.1324905548918948e+09 1.7541976864410904e+22 1.0941477280723269e-01 2.9998664668282000e+00 6.3102222481703883e+01
4.0492933181509644e+08 6.3931219245099609e-05 5.7102545398233004e+09 6.2200856914703036e+05 5.3327576890350161e+09 1.1324905523648553e+09 1.7780310437564940e+22 1.0990806556726364e-01 2.9998664667370090e+00 6.3102222379656247e+01
4.0675494251961470e+08 6.3931219137144704e-05 5.7102545269666405e+09 6.2200856879690802e+05 5.3327576770283127e+09 1.1324905498149853e+09 1.8021882122914830e+22 1.1040358231919629e-01 2.9998664666454067e+00 6.3102222276681609e+01
4.0858878393053675e+08 6.3931219028214058e-05 5.7102545139937763e+09 6.2200856844362128e+05 5.3327576649130878e+09 1.1324905472420695e+09 1.8266735914974475e+22 1.1090133308979248e-01 2.9998664665533914e+00 6.3102222172771469e+01
4.1043089315573430e+08 6.3931218918299133e-05 5.7102545009036751e+09 6.2200856808714056e+05 5.3327576526883774e+09 1.1324905446458929e+09 1.8514916405987886e+22 1.1140132795101898e-01 2.9998664664609613e+00 6.3102222067916799e+01
4.1228130747037882e+08 6.3931218807390753e-05 5.7102544876952600e+09 6.2200856772743794e+05 5.3327576403531761e+09 1.1324905420262516e+09 1.8766468794050186e+22 1.1190357702025132e-01 2.9998664663681147e+00 6.3102221962109482e+01
4.1414006431769556e+08 6.3931218695480164e-05 5.7102544743674974e+09 6.2200856736448570e+05 5.3327576279065161e+09 1.1324905393829441e+09 1.9021438891338850e+22 1.1240809046047824e-01 2.9998664662748489e+00 6.3102221855341163e+01
4.1600720130972135e+08 6.3931218582558054e-05 5.7102544609192924e+09 6.2200856699825497e+05 5.3327576153473740e+09 1.1324905367157602e+09 1.9279873132457173e+22 1.1291487848050769e-01 2.9998664661811629e+00 6.3102221747603487e+01
4.1788275622806573e+08 6.3931218468615575e-05 5.7102544473495274e+09 6.2200856662871107e+05 5.3327576026747122e+09 1.1324905340244467e+09 1.9541818582890636e+22 1.1342395133517312e-01 2.9998664660870542e+00 6.3102221638886064e+01
4.1976676702467525e+08 6.3931218353643389e-05 5.7102544336571484e+09 6.2200856625582930e+05 5.3327575898875418e+09 1.1324905313088248e+09 1.9807322947578375e+22 1.1393531932554113e-01 2.9998664659925214e+00 6.3102221529181335e+01
4.2165927182260185e+08 6.3931218237632103e-05 5.7102544198410196e+09 6.2200856587957707e+05 5.3327575769848003e+09 1.1324905285686560e+09 2.0076434579601240e+22 1.1444899279911985e-01 2.9998664658975618e+00 6.3102221418480177e+01
4.2356030891677362e+08 6.3931218120572380e-05 5.7102544059000454e+09 6.2200856549992645e+05 5.3327575639654665e+09 1.1324905258037376e+09 2.0349202488987555e+22 1.1496498215006827e-01 2.9998664658021745e+00 6.3102221306773799e+01
4.2546991677477050e+08 6.3931218002454801e-05 5.7102543918330688e+09 6.2200856511684298e+05 5.3327575508284636e+09 1.1324905230138185e+09 2.0625676351638853e+22 1.1548329781940668e-01 2.9998664657063570e+00 6.3102221194052234e+01
4.2738813403760189e+08 6.3931217883269717e-05 5.7102543776389751e+09 6.2200856473029871e+05 5.3327575375727444e+09 1.1324905201986949e+09 2.0905906518376707e+22 1.1600395029522782e-01 2.9998664656101073e+00 6.3102221080307210e+01
4.2931499952048916e+08 6.3931217763007586e-05 5.7102543633165865e+09 6.2200856434025895e+05 5.3327575241972160e+09 1.1324905173581147e+09 2.1189944024112480e+22 1.1652695011290913e-01 2.9998664655134237e+00 6.3102220965528375e+01
4.3125055221365082e+08 6.3931217641658529e-05 5.7102543488647881e+09 6.2200856394669740e+05 5.3327575107008286e+09 1.1324905144918857e+09 2.1477840597141651e+22 1.1705230785532596e-01 2.9998664654163041e+00 6.3102220849707905e+01
4.3319483128309137e+08 6.3931217519212882e-05 5.7102543342823629e+09 6.2200856354957633e+05 5.3327574970824528e+09 1.1324905115997338e+09 2.1769648668564634e+22 1.1758003415306566e-01 2.9998664653187466e+00 6.3102220732834681e+01
4.3514787607139409e+08 6.3931217395660672e-05 5.7102543195681734e+09 6.2200856314886827e+05 5.3327574833410215e+09 1.1324905086814582e+09 2.2065421381835099e+22 1.1811013968464268e-01 2.9998664652207494e+00 6.3102220614900467e+01
4.3710972609851700e+08 6.3931217270991896e-05 5.7102543047209835e+09 6.2200856274453667e+05 5.3327574694753866e+09 1.1324905057367933e+09 2.2365212602438659e+22 1.1864263517671471e-01 2.9998664651223099e+00 6.3102220495894542e+01
4.3908042106259257e+08 6.3931217145196445e-05 5.7102542897396364e+09 6.2200856233655289e+05 5.3327574554844589e+09 1.1324905027655303e+09 2.2669076927702517e+22 1.1917753140429968e-01 2.9998664650234268e+00 6.3102220375808351e+01
4.4106000084073091e+08 6.3931217018264085e-05 5.7102542746228952e+09 6.2200856192488223e+05 5.3327574413670902e+09 1.1324904997674167e+09 2.2977069696738694e+22 1.1971483919099370e-01 2.9998664649240978e+00 6.3102220254631682e+01
4.4304850548982692e+08 6.3931216890184627e-05 5.7102542593695412e+09 6.2200856150949118e+05 5.3327574271221380e+09 1.1324904967422080e+09 2.3289247000522245e+22 1.2025456940919024e-01 2.9998664648243207e+00 6.3102220132354539e+01
4.4504597524737066e+08 6.3931216760947700e-05 5.7102542439783382e+09 6.2200856109034596e+05 5.3327574127484522e+09 1.1324904936896584e+09 2.3605665692106447e+22 1.2079673298029994e-01 2.9998664647240938e+00 6.3102220008966810e+01
4.4705245053226149e+08 6.3931216630542777e-05 5.7102542284480276e+09 6.2200856066741189e+05 5.3327573982448549e+09 1.1324904906095157e+09 2.3926383396976591e+22 1.2134134087497174e-01 2.9998664646234152e+00 6.3102219884458407e+01
4.4906797194562626e+08 6.3931216498959502e-05 5.7102542127773724e+09 6.2200856024065521e+05 5.3327573836101942e+09 1.1324904875015333e+09 2.4251458523544863e+22 1.2188840411331478e-01 2.9998664645222823e+00 6.3102219758819047e+01
4.5109258027164048e+08 6.3931216366186979e-05 5.7102541969650946e+09 6.2200855981004215e+05 5.3327573688432713e+09 1.1324904843654659e+09 2.4580950273787364e+22 1.2243793376512145e-01 2.9998664644206934e+00 6.3102219632039088e+01
4.5312631647835398e+08 6.3931216232214529e-05 5.7102541810099363e+09 6.2200855937553965e+05 5.3327573539429121e+09 1.1324904812010727e+09 2.4914918654025895e+22 1.2298994095009125e-01 2.9998664643186466e+00 6.3102219504108461e+01
4.5516922171851957e+08 6.3931216097031364e-05 5.7102541649105778e+09 6.2200855893710931e+05 5.3327573389078865e+09 1.1324904780080736e+09 2.5253424485856109e+22 1.2354443683805594e-01 2.9998664642161392e+00 6.3102219375015835e+01
4.5722133733042592e+08 6.3931215960626479e-05 5.7102541486657028e+09 6.2200855849471502e+05 5.3327573237369680e+09 1.1324904747862060e+09 2.5596529417224362e+22 1.2410143264920541e-01 2.9998664641131700e+00 6.3102219244750600e+01
4.5928270483873403e+08 6.3931215822988843e-05 5.7102541322740517e+09 6.2200855804832606e+05 5.3327573084289722e+09 1.1324904715352459e+09 2.5944295933654631e+22 1.2466093965431489e-01 2.9998664640097363e+00 6.3102219113303505e+01
4.6135336595531762e+08 6.3931215684107450e-05 5.7102541157342443e+09 6.2200855759789981e+05 5.3327572929826174e+09 1.1324904682548828e+09 2.6296787369628558e+22 1.2522296917497278e-01 2.9998664639058363e+00 6.3102218980662037e+01
4.6343336258010679e+08 6.3931215543970823e-05 5.7102540990449648e+09 6.2200855714340438e+05 5.3327572773966703e+09 1.1324904649448850e+09 2.6654067920119477e+22 1.2578753258380990e-01 2.9998664638014678e+00 6.3102218846816740e+01
4.6552273680193633e+08 6.3931215402567848e-05 5.7102540822048712e+09 6.2200855668480159e+05 5.3327572616698780e+09 1.1324904616049743e+09 2.7016202652283642e+22 1.2635464130472951e-01 2.9998664636966286e+00 6.3102218711756102e+01
4.6762153089939708e+08 6.3931215259886923e-05 5.7102540652125864e+09 6.2200855622205487e+05 5.3327572458009605e+09 1.1324904582348840e+09 2.7383257517310041e+22 1.2692430681313860e-01 2.9998664635913168e+00 6.3102218575469436e+01
4.6972978734169149e+08 6.3931215115916584e-05 5.7102540480667295e+09 6.2200855575512466e+05 5.3327572297886200e+09 1.1324904548343263e+09 2.7755299362431274e+22 1.2749654063617985e-01 2.9998664634855303e+00 6.3102218437945069e+01
4.7184754878949308e+08 6.3931214970645134e-05 5.7102540307659206e+09 6.2200855528397509e+05 5.3327572136315737e+09 1.1324904514030397e+09 2.8132395943097683e+22 1.2807135435296507e-01 2.9998664633792664e+00 6.3102218299172193e+01
4.7397485809580964e+08 6.3931214824060879e-05 5.7102540133087616e+09 6.2200855480856751e+05 5.3327571973285151e+09 1.1324904479407430e+09 2.8514615935316682e+22 1.2864875959480948e-01 2.9998664632725234e+00 6.3102218159139468e+01
4.7611175830685025e+08 6.3931214676151891e-05 5.7102539956938515e+09 6.2200855432886467e+05 5.3327571808781309e+09 1.1324904444471648e+09 2.8902028948159949e+22 1.2922876804546685e-01 2.9998664631652989e+00 6.3102218017835845e+01
4.7825829266289657e+08 6.3931214526906135e-05 5.7102539779197292e+09 6.2200855384482513e+05 5.3327571642790613e+09 1.1324904409220033e+09 2.9294705536440507e+22 1.2981139144136619e-01 2.9998664630575913e+00 6.3102217875249075e+01
4.8041450459917760e+08 6.3931214376311687e-05 5.7102539599849968e+09 6.2200855335641257e+05 5.3327571475299997e+09 1.1324904373649938e+09 2.9692717213561945e+22 1.3039664157184910e-01 2.9998664629493978e+00 6.3102217731368228e+01
4.8258043774674857e+08 6.3931214224356172e-05 5.7102539418881712e+09 6.2200855286358576e+05 5.3327571306295605e+09 1.1324904337758367e+09 3.0096136464542342e+22 1.3098453027940823e-01 2.9998664628407163e+00 6.3102217586181332e+01
4.8475613593337399e+08 6.3931214071027542e-05 5.7102539236278133e+09 6.2200855236630514e+05 5.3327571135764008e+09 1.1324904301542430e+09 3.0505036759214928e+22 1.3157506945992703e-01 2.9998664627315450e+00 6.3102217439676330e+01
4.8694164318441445e+08 6.3931213916313084e-05 5.7102539052024212e+09 6.2200855186453066e+05 5.3327570963691149e+09 1.1324904264999216e+09 3.0919492565608375e+22 1.3216827106292031e-01 2.9998664626218812e+00 6.3102217291841683e+01
4.8913700372371739e+08 6.3931213760200535e-05 5.7102538866105146e+09 6.2200855135822087e+05 5.3327570790063257e+09 1.1324904228125703e+09 3.1339579363508714e+22 1.3276414709177639e-01 2.9998664625117226e+00 6.3102217142664813e+01
4.9134226197451204e+08 6.3931213602677167e-05 5.7102538678505716e+09 6.2200855084733386e+05 5.3327570614866123e+09 1.1324904190918844e+09 3.1765373658205497e+22 1.3336270960399932e-01 2.9998664624010680e+00 6.3102216992133521e+01
4.9355746256030828e+08 6.3931213443730147e-05 5.7102538489211121e+09 6.2200855033183214e+05 5.3327570438085823e+09 1.1324904153375902e+09 3.2196952994424767e+22 1.3396397071145349e-01 2.9998664622899138e+00 6.3102216840236593e+01
4.9578265030579960e+08 6.3931213283346776e-05 5.7102538298205929e+09 6.2200854981167219e+05 5.3327570259708023e+09 1.1324904115493712e+09 3.2634395970451297e+22 1.3456794258060834e-01 2.9998664621782587e+00 6.3102216686960986e+01
4.9801787023777032e+08 6.3931213121513853e-05 5.7102538105474319e+09 6.2200854928681022e+05 5.3327570079717979e+09 1.1324904077269082e+09 3.3077782252442905e+22 1.3517463743278471e-01 2.9998664620661000e+00 6.3102216532293973e+01
5.0026316758600646e+08 6.3931212958218573e-05 5.7102537911001081e+09 6.2200854875720455e+05 5.3327569898101425e+09 1.1324904038698981e+09 3.3527192588938815e+22 1.3578406754440206e-01 2.9998664619534354e+00 6.3102216376223062e+01
5.0251858778421092e+08 6.3931212793447395e-05 5.7102537714770193e+09 6.2200854822281282e+05 5.3327569714843445e+09 1.1324903999780319e+09 3.3982708825565482e+22 1.3639624524722668e-01 2.9998664618402633e+00 6.3102216218735649e+01
5.0478417647092319e+08 6.3931212627187160e-05 5.7102537516766024e+09 6.2200854768359219e+05 5.3327569529929371e+09 1.1324903960509977e+09 3.4444413919942180e+22 1.3701118292862163e-01 2.9998664617265804e+00 6.3102216059819213e+01
5.0705997949044251e+08 6.3931212459424465e-05 5.7102537316972551e+09 6.2200854713949910e+05 5.3327569343344297e+09 1.1324903920884786e+09 3.4912391956789065e+22 1.3762889303179693e-01 2.9998664616123847e+00 6.3102215899460582e+01
5.0934604289375567e+08 6.3931212290145568e-05 5.7102537115373344e+09 6.2200854659048817e+05 5.3327569155072870e+09 1.1324903880901439e+09 3.5386728163240355e+22 1.3824938805606177e-01 2.9998664614976742e+00 6.3102215737646517e+01
5.1164241293946892e+08 6.3931212119336969e-05 5.7102536911952372e+09 6.2200854603651608e+05 5.3327568965100117e+09 1.1324903840556781e+09 3.5867508924365853e+22 1.3887268055707697e-01 2.9998664613824468e+00 6.3102215574363932e+01
5.1394913609474367e+08 6.3931211946984670e-05 5.7102536706692801e+09 6.2200854547753604e+05 5.3327568773410358e+09 1.1324903799847403e+09 3.6354821798903031e+22 1.3949878314710942e-01 2.9998664612666994e+00 6.3102215409599204e+01
5.1626625903623736e+08 6.3931211773074725e-05 5.7102536499578400e+09 6.2200854491350590e+05 5.3327568579988317e+09 1.1324903758770237e+09 3.6848755535203120e+22 1.4012770849528702e-01 2.9998664611504302e+00 6.3102215243339785e+01
5.1859382865104741e+08 6.3931211597593161e-05 5.7102536290592327e+09 6.2200854434437887e+05 5.3327568384818373e+09 1.1324903717321873e+09 3.7349400087393825e+22 1.4075946932785513e-01 2.9998664610336370e+00 6.3102215075571721e+01
5.2093189203766018e+08 6.3931211420525775e-05 5.7102536079717550e+09 6.2200854377010791e+05 5.3327568187884598e+09 1.1324903675498891e+09 3.7856846631761336e+22 1.4139407842843407e-01 2.9998664609163166e+00 6.3102214906280956e+01
5.2328049650690407e+08 6.3931211241858161e-05 5.7102535866936817e+09 6.2200854319064505e+05 5.3327567989170885e+09 1.1324903633297791e+09 3.8371187583355323e+22 1.4203154863827780e-01 2.9998664607984673e+00 6.3102214735453515e+01
5.2563968958290690e+08 6.3931211061575764e-05 5.7102535652233295e+09 6.2200854260594794e+05 5.3327567788661480e+09 1.1324903590715492e+09 3.8892516612819300e+22 1.4267189285653359e-01 2.9998664606800869e+00 6.3102214563076778e+01
5.2800951900405735e+08 6.3931210879664284e-05 5.7102535435589533e+09 6.2200854201596626e+05 5.3327567586340113e+09 1.1324903547748330e+09 3.9420928663449680e+22 1.4331512404050326e-01 2.9998664605611722e+00 6.3102214389135611e+01
5.3039003272397107e+08 6.3931210696108721e-05 5.7102535216987886e+09 6.2200854142065323e+05 5.3327567382190266e+09 1.1324903504392896e+09 3.9956519968486617e+22 1.4396125520590514e-01 2.9998664604417216e+00 6.3102214213616342e+01
5.3278127891246104e+08 6.3931210510894329e-05 5.7102534996410494e+09 6.2200854081995832e+05 5.3327567176195316e+09 1.1324903460645509e+09 4.0499388068639789e+22 1.4461029942713755e-01 2.9998664603217327e+00 6.3102214036504087e+01
5.3518330595651245e+08 6.3931210324006104e-05 5.7102534773839922e+09 6.2200854021383729e+05 5.3327566968338947e+09 1.1324903416502950e+09 4.1049631829852307e+22 1.4526226983754337e-01 2.9998664602012020e+00 6.3102213857785380e+01
5.3759616246126127e+08 6.3931210135428950e-05 5.7102534549257898e+09 6.2200853960223799e+05 5.3327566758604107e+09 1.1324903371961422e+09 4.1607351461305846e+22 1.4591717962967560e-01 2.9998664600801281e+00 6.3102213677445022e+01
5.4001989725097859e+08 6.3931209945147538e-05 5.7102534322646179e+09 6.2200853898511105e+05 5.3327566546973763e+09 1.1324903327017324e+09 4.2172648533670710e+22 1.4657504205556457e-01 2.9998664599585085e+00 6.3102213495468362e+01
5.4245455937005758e+08 6.3931209753146514e-05 5.7102534093986492e+09 6.2200853836240643e+05 5.3327566333430815e+09 1.1324903281667016e+09 4.2745625997603271e+22 1.4723587042698566e-01 2.9998664598363400e+00 6.3102213311840451e+01
5.4490019808400714e+08 6.3931209559410347e-05 5.7102533863260384e+09 6.2200853773407475e+05 5.3327566117958097e+09 1.1324903235906901e+09 4.3326388202495627e+22 1.4789967811572921e-01 2.9998664597136209e+00 6.3102213126546673e+01
5.4735686288044751e+08 6.3931209363923355e-05 5.7102533630448990e+09 6.2200853710006294e+05 5.3327565900537958e+09 1.1324903189733117e+09 4.3915040915478851e+22 1.4856647855387059e-01 2.9998664595903484e+00 6.3102212939571437e+01
5.4982460347011256e+08 6.3931209166669643e-05 5.7102533395533838e+09 6.2200853646032396e+05 5.3327565681153116e+09 1.1324903143142231e+09 4.4511691340685574e+22 1.4923628523404217e-01 2.9998664594665199e+00 6.3102212750900549e+01
5.5230346978785539e+08 6.3931208967633299e-05 5.7102533158495674e+09 6.2200853581480309e+05 5.3327565459785585e+09 1.1324903096130264e+09 4.5116448138773483e+22 1.4990911170970636e-01 2.9998664593421327e+00 6.3102212560517991e+01
5.5479351199365854e+08 6.3931208766798318e-05 5.7102532919315214e+09 6.2200853516344680e+05 5.3327565236417465e+09 1.1324903048693314e+09 4.5729421446714292e+22 1.5058497159542977e-01 2.9998664592171851e+00 6.3102212368407635e+01
5.5729478047364950e+08 6.3931208564148233e-05 5.7102532677973385e+09 6.2200853450620617e+05 5.3327565011030788e+09 1.1324903000827820e+09 4.6350722897851844e+22 1.5126387856715873e-01 2.9998664590916739e+00 6.3102212174555270e+01
5.5980732584111965e+08 6.3931208359666822e-05 5.7102532434450312e+09 6.2200853384302370e+05 5.3327564783607130e+09 1.1324902952529595e+09 4.6980465642232263e+22 1.5194584636249595e-01 2.9998664589655966e+00 6.3102211978943650e+01
5.6233119893754911e+08 6.3931208153337362e-05 5.7102532188726711e+09 6.2200853317385097e+05 5.3327564554128351e+09 1.1324902903795111e+09 4.7618764367210767e+22 1.5263088878097864e-01 2.9998664588389508e+00 6.3102211781558537e+01
5.6486645083363497e+08 6.3931207945143277e-05 5.7102531940782118e+09 6.2200853249862767e+05 5.3327564322575474e+09 1.1324902854619975e+09 4.8265735318338137e+22 1.5331901968435743e-01 2.9998664587117339e+00 6.3102211582381955e+01
5.6741313283032465e+08 6.3931207735067776e-05 5.7102531690597029e+09 6.2200853181730374e+05 5.3327564088930197e+09 1.1324902805000546e+09 4.8921496320531021e+22 1.5401025299687712e-01 2.9998664585839436e+00 6.3102211381399002e+01
5.6997129645985472e+08 6.3931207523093702e-05 5.7102531438150768e+09 6.2200853112982097e+05 5.3327563853173237e+09 1.1324902754932580e+09 4.9586166799530170e+22 1.5470460270555830e-01 2.9998664584555765e+00 6.3102211178592661e+01
5.7254099348679268e+08 6.3931207309203910e-05 5.7102531183423252e+09 6.2200853043612768e+05 5.3327563615285826e+09 1.1324902704412315e+09 5.0259867803649598e+22 1.5540208286048030e-01 2.9998664583266312e+00 6.3102210973947329e+01
5.7512227590908527e+08 6.3931207093381243e-05 5.7102530926393776e+09 6.2200852973616496e+05 5.3327563375248632e+09 1.1324902653435459e+09 5.0942722025822005e+22 1.5610270757506559e-01 2.9998664581971037e+00 6.3102210767445676e+01
5.7771519595911014e+08 6.3931206875608097e-05 5.7102530667041254e+09 6.2200852902987483e+05 5.3327563133041983e+09 1.1324902601997790e+09 5.1634853825943033e+22 1.5680649102636526e-01 2.9998664580669927e+00 6.3102210559070478e+01
5.8031980610473275e+08 6.3931206655866893e-05 5.7102530405344982e+09 6.2200852831720281e+05 5.3327562888646564e+09 1.1324902550095344e+09 5.2336389253519381e+22 1.5751344745534598e-01 2.9998664579362950e+00 6.3102210348805514e+01
5.8293615905036855e+08 6.3931206434139770e-05 5.7102530141283665e+09 6.2200852759809000e+05 5.3327562642042398e+09 1.1324902497723827e+09 5.3047456070624881e+22 1.5822359116717793e-01 2.9998664578050076e+00 6.3102210136633509e+01
5.8556430773804879e+08 6.3931206210408919e-05 5.7102529874836006e+09 6.2200852687247843e+05 5.3327562393209677e+09 1.1324902444879019e+09 5.3768183775167961e+22 1.5893693653152449e-01 2.9998664576731282e+00 6.3102209922536964e+01
5.8820430534849238e+08 6.3931205984656058e-05 5.7102529605980301e+09 6.2200852614030917e+05 5.3327562142128105e+09 1.1324902391556630e+09 5.4498703624475639e+22 1.5965349798283282e-01 2.9998664575406542e+00 6.3102209706498726e+01
5.9085620530218184e+08 6.3931205756863121e-05 5.7102529334694824e+09 6.2200852540152171e+05 5.3327561888777409e+09 1.1324902337752249e+09 5.5239148659197721e+22 1.6037329002062606e-01 2.9998664574075828e+00 6.3102209488500634e+01
5.9352006126044381e+08 6.3931205527011475e-05 5.7102529060957890e+09 6.2200852465606038e+05 5.3327561633137293e+09 1.1324902283461823e+09 5.5989653727535767e+22 1.6109632720979639e-01 2.9998664572739111e+00 6.3102209268526224e+01
5.9619592712653565e+08 6.3931205295082632e-05 5.7102528784746962e+09 6.2200852390386024e+05 5.3327561375186739e+09 1.1324902228680627e+09 5.6750355509801533e+22 1.6182262418090021e-01 2.9998664571396367e+00 6.3102209046556354e+01
5.9888385704673564e+08 6.3931205061057824e-05 5.7102528506039934e+09 6.2200852314486308e+05 5.3327561114905138e+09 1.1324902173404415e+09 5.7521392543308630e+22 1.6255219563045370e-01 2.9998664570047571e+00 6.3102208822573502e+01
6.0158390541143870e+08 6.3931204824918008e-05 5.7102528224814100e+09 6.2200852237900649e+05 5.3327560852271233e+09 1.1324902117628646e+09 5.8302905247602684e+22 1.6328505632123061e-01 2.9998664568692690e+00 6.3102208596559414e+01
6.0429612685625744e+08 6.3931204586644184e-05 5.7102527941046715e+09 6.2200852160622785e+05 5.3327560587263803e+09 1.1324902061348758e+09 5.9095035950034273e+22 1.6402122108256056e-01 2.9998664567331699e+00 6.3102208368495390e+01
6.0702057626312697e+08 6.3931204346216958e-05 5.7102527654715071e+09 6.2200852082646801e+05 5.3327560319861603e+09 1.1324902004560444e+09 5.9897928911679130e+22 1.6476070481062932e-01 2.9998664565964570e+00 6.3102208138363928e+01
6.0975730876141584e+08 6.3931204103617005e-05 5.7102527365795631e+09 6.2200852003965923e+05 5.3327560050042715e+09 1.1324901947258770e+09 6.0711730353610559e+22 1.6550352246878008e-01 2.9998664564591278e+00 6.3102207906144898e+01
6.1250637972904181e+08 6.3931203858824591e-05 5.7102527074265070e+09 6.2200851924573933e+05 5.3327559777785339e+09 1.1324901889439209e+09 6.1536588483529055e+22 1.6624968908781645e-01 2.9998664563211794e+00 6.3102207671819897e+01
6.1526784479359210e+08 6.3931203611819918e-05 5.7102526780100050e+09 6.2200851844464615e+05 5.3327559503067636e+09 1.1324901831097231e+09 6.2372653522753373e+22 1.6699921976630627e-01 2.9998664561826085e+00 6.3102207435370538e+01
6.1804175983344877e+08 6.3931203362583034e-05 5.7102526483276434e+09 6.2200851763631194e+05 5.3327559225867147e+09 1.1324901772227905e+09 6.3220077733578417e+22 1.6775212967088726e-01 2.9998664560434132e+00 6.3102207196776476e+01
6.2082818097892034e+08 6.3931203111093708e-05 5.7102526183770285e+09 6.2200851682067197e+05 5.3327558946161451e+09 1.1324901712826517e+09 6.4079015447005164e+22 1.6850843403657390e-01 2.9998664559035899e+00 6.3102206956018868e+01
6.2362716461337650e+08 6.3931202857331608e-05 5.7102525881557665e+09 6.2200851599766314e+05 5.3327558663928185e+09 1.1324901652888470e+09 6.4949623090846556e+22 1.6926814816706565e-01 2.9998664557631360e+00 6.3102206713078729e+01
6.2643876737438965e+08 6.3931202601276191e-05 5.7102525576613617e+09 6.2200851516721421e+05 5.3327558379144096e+09 1.1324901592408574e+09 6.5832059218216176e+22 1.7003128743505658e-01 2.9998664556220489e+00 6.3102206467935090e+01
6.2926304615488088e+08 6.3931202342906788e-05 5.7102525268914003e+09 6.2200851432926254e+05 5.3327558091786575e+09 1.1324901531382270e+09 6.6726484536403429e+22 1.7079786728254648e-01 2.9998664554803254e+00 6.3102206220569251e+01
6.3210005810427129e+08 6.3931202082202366e-05 5.7102524958433466e+09 6.2200851348373713e+05 5.3327557801832008e+09 1.1324901469804385e+09 6.7633061936140980e+22 1.7156790322115326e-01 2.9998664553379628e+00 6.3102205970960313e+01
6.3494986062963808e+08 6.3931201819141838e-05 5.7102524645147047e+09 6.2200851263057115e+05 5.3327557509257040e+09 1.1324901407670054e+09 6.8551956521270207e+22 1.7234141083242668e-01 2.9998664551949585e+00 6.3102205719088275e+01
6.3781251139687657e+08 6.3931201553704047e-05 5.7102524329029398e+09 6.2200851176969428e+05 5.3327557214038010e+09 1.1324901344974155e+09 6.9483335638809460e+22 1.7311840576816379e-01 2.9998664550513090e+00 6.3102205464932325e+01
6.4068806833186662e+08 6.3931201285867445e-05 5.7102524010054741e+09 6.2200851090103574e+05 5.3327556916150885e+09 1.1324901281711535e+09 7.0427368909430755e+22 1.7389890375072553e-01 2.9998664549070120e+00 6.3102205208471609e+01
6.4357658962164533e+08 6.3931201015610321e-05 5.7102523688197517e+09 6.2200851002452802e+05 5.3327556615571775e+09 1.1324901217877276e+09 7.1384228258350870e+22 1.7468292057335494e-01 2.9998664547620639e+00 6.3102204949685841e+01
6.4647813371558404e+08 6.3931200742910760e-05 5.7102523363431778e+09 6.2200850914010103e+05 5.3327556312276363e+09 1.1324901153466270e+09 7.2354087946641776e+22 1.7547047210049649e-01 2.9998664546164626e+00 6.3102204688554529e+01
6.4939275932657099e+08 6.3931200467746862e-05 5.7102523035730925e+09 6.2200850824767910e+05 5.3327556006239920e+09 1.1324901088473010e+09 7.3337124602966551e+22 1.7626157426811717e-01 2.9998664544702045e+00 6.3102204425054950e+01
6.5232052543219995e+08 6.3931200190096117e-05 5.7102522705068588e+09 6.2200850734719355e+05 5.3327555697437754e+09 1.1324901022892494e+09 7.4333517255746886e+22 1.7705624308402917e-01 2.9998664543232865e+00 6.3102204159167009e+01
6.5526149127596307e+08 6.3931199909936270e-05 5.7102522371417799e+09 6.2200850643856777e+05 5.3327555385844765e+09 1.1324900956719141e+09 7.5343447365766940e+22 1.7785449462821334e-01 2.9998664541757063e+00 6.3102203890867735e+01
6.5821571636844957e+08 6.3931199627244404e-05 5.7102522034751968e+09 6.2200850552173355e+05 5.3327555071435966e+09 1.1324900889947984e+09 7.6367098859220592e+22 1.7865634505314479e-01 2.9998664540274604e+00 6.3102203620137153e+01
6.6118326048855078e+08 6.3931199341997887e-05 5.7102521695043516e+09 6.2200850459661218e+05 5.3327554754185743e+09 1.1324900822573295e+09 7.7404658161207820e+22 1.7946181058411984e-01 2.9998664538785462e+00 6.3102203346951718e+01
6.6416418368466878e+08 6.3931199054173570e-05 5.7102521352265043e+09 6.2200850366313010e+05 5.3327554434068470e+09 1.1324900754589710e+09 7.8456314229685685e+22 1.8027090751958369e-01 2.9998664537289605e+00 6.3102203071289452e+01
6.6715854627593195e+08 6.3931198763748063e-05 5.7102521006388569e+09 6.2200850272121024e+05 5.3327554111058035e+09 1.1324900685991619e+09 7.9522258589881037e+22 1.8108365223146108e-01 2.9998664535787003e+00 6.3102202793127780e+01
6.7016640885341585e+08 6.3931198470697852e-05 5.7102520657386703e+09 6.2200850177078182e+05 5.3327553785128746e+09 1.1324900616773868e+09 8.0602685369170587e+22 1.8190006116548688e-01 2.9998664534277619e+00 6.3102202512445764e+01
6.7318783228136849e+08 6.3931198174999314e-05 5.7102520305230627e+09 6.2200850081176218e+05 5.3327553456253824e+09 1.1324900546930435e+09 8.1697791332434894e+22 1.8272015084153898e-01 2.9998664532761437e+00 6.3102202229218641e+01
6.7622287769844258e+08 6.3931197876628489e-05 5.7102519949891939e+09 6.2200849984407448e+05 5.3327553124406700e+09 1.1324900476455729e+09 8.2807775917892537e+22 1.8354393785397261e-01 2.9998664531238410e+00 6.3102201943423779e+01
6.7927160651893246e+08 6.3931197575561185e-05 5.7102519591342049e+09 6.2200849886764260e+05 5.3327552789560642e+09 1.1324900405344198e+09 8.3932841273421627e+22 1.8437143887195626e-01 2.9998664529708519e+00 6.3102201655038542e+01
6.8233408043401682e+08 6.3931197271773103e-05 5.7102519229551945e+09 6.2200849788238714e+05 5.3327552451688604e+09 1.1324900333590066e+09 8.5073192293374041e+22 1.8520267063980847e-01 2.9998664528171726e+00 6.3102201364039338e+01
6.8541036141300690e+08 6.3931196965239483e-05 5.7102518864492197e+09 6.2200849688822776e+05 5.3327552110763025e+09 1.1324900261187482e+09 8.6229036655890527e+22 1.8603764997733696e-01 2.9998664526628005e+00 6.3102201070402543e+01
6.8850051170460069e+08 6.3931196655935793e-05 5.7102518496133194e+09 6.2200849588508205e+05 5.3327551766756392e+09 1.1324900188130441e+09 8.7400584860722511e+22 1.8687639378017917e-01 2.9998664525077321e+00 6.3102200774103373e+01
6.9160459383814240e+08 6.3931196343836827e-05 5.7102518124445324e+09 6.2200849487287132e+05 5.3327551419640923e+09 1.1324900114413214e+09 8.8588050267567613e+22 1.8771891902014345e-01 2.9998664523519643e+00 6.3102200475118707e+01
6.9472267062488759e+08 6.3931196028917255e-05 5.7102517749398346e+09 6.2200849385151314e+05 5.3327551069388418e+09 1.1324900040029795e+09 8.9791649134926266e+22 1.8856524274555289e-01 2.9998664521954943e+00 6.3102200173424066e+01
6.9785480515927458e+08 6.3931195711151761e-05 5.7102517370962248e+09 6.2200849282092648e+05 5.3327550715970821e+09 1.1324899964974289e+09 9.1011600659486249e+22 1.8941538208159039e-01 2.9998664520383183e+00 6.3102199868995413e+01
7.0100106082020056e+08 6.3931195390514445e-05 5.7102516989105778e+09 6.2200849178102380e+05 5.3327550359359016e+09 1.1324899889240313e+09 9.2248127016041991e+22 1.9026935423064467e-01 2.9998664518804339e+00 6.3102199561806778e+01
7.0416150127230489e+08 6.3931195066979532e-05 5.7102516603798513e+09 6.2200849073172361e+05 5.3327549999524527e+09 1.1324899812821939e+09 9.3501453397956669e+22 1.9112717647265881e-01 2.9998664517218372e+00 6.3102199251834037e+01
7.0733619046725655e+08 6.3931194740520782e-05 5.7102516215009212e+09 6.2200848967294139e+05 5.3327549636438208e+09 1.1324899735713007e+09 9.4771808058173714e+22 1.9198886616547950e-01 2.9998664515625255e+00 6.3102198939051902e+01
7.1052519264504850e+08 6.3931194411111621e-05 5.7102515822706223e+09 6.2200848860459076e+05 5.3327549270070496e+09 1.1324899657907228e+09 9.6059422350785695e+22 1.9285444074520830e-01 2.9998664514024953e+00 6.3102198623434987e+01
7.1372857233529770e+08 6.3931194078725606e-05 5.7102515426857891e+09 6.2200848752658418e+05 5.3327548900391827e+09 1.1324899579398227e+09 9.7364530773167954e+22 1.9372391772655481e-01 2.9998664512417434e+00 6.3102198304957291e+01
7.1694639435855091e+08 6.3931193743335687e-05 5.7102515027432384e+09 6.2200848643883760e+05 5.3327548527372427e+09 1.1324899500179882e+09 9.8687371008684604e+22 1.9459731470319039e-01 2.9998664510802664e+00 6.3102197983593832e+01
7.2017872382759619e+08 6.3931193404914840e-05 5.7102514624396830e+09 6.2200848534125718e+05 5.3327548150981722e+09 1.1324899420245359e+09 1.0002818396997484e+23 1.9547464934810466e-01 2.9998664509180615e+00 6.3102197659316779e+01
7.2342562614878023e+08 6.3931193063435473e-05 5.7102514217719173e+09 6.2200848423376074e+05 5.3327547771189623e+09 1.1324899339588673e+09 1.0138721384282724e+23 1.9635593941396282e-01 2.9998664507551247e+00 6.3102197332101717e+01
7.2668716702333236e+08 6.3931192718870113e-05 5.7102513807366133e+09 6.2200848311625398e+05 5.3327547387965164e+09 1.1324899258202956e+09 1.0276470813065035e+23 1.9724120273346485e-01 2.9998664505914534e+00 6.3102197001920850e+01
7.2996341244869363e+08 6.3931192371190912e-05 5.7102513393304863e+09 6.2200848198864958e+05 5.3327547001277599e+09 1.1324899176081851e+09 1.0416091769954722e+23 1.9813045721970646e-01 2.9998664504270440e+00 6.3102196668747908e+01
7.3325442871985567e+08 6.3931192020369625e-05 5.7102512975501480e+09 6.2200848085085349e+05 5.3327546611095314e+09 1.1324899093218505e+09 1.0557609682400404e+23 1.9902372086654208e-01 2.9998664502618930e+00 6.3102196332555415e+01
7.3656028243068933e+08 6.3931191666377832e-05 5.7102512553922300e+09 6.2200847970277537e+05 5.3327546217386875e+09 1.1324899009606340e+09 1.0701050323319223e+23 1.9992101174894580e-01 2.9998664500959973e+00 6.3102195993316236e+01
7.3988104047531152e+08 6.3931191309186925e-05 5.7102512128533049e+09 6.2200847854431998e+05 5.3327545820120230e+09 1.1324898925238421e+09 1.0846439815791385e+23 2.0082234802338209e-01 2.9998664499293537e+00 6.3102195651002496e+01
7.4321677004942548e+08 6.3931190948767955e-05 5.7102511699299631e+09 6.2200847737539769e+05 5.3327545419263563e+09 1.1324898840108221e+09 1.0993804637817056e+23 2.0172774792816967e-01 2.9998664497619583e+00 6.3102195305587259e+01
7.4656753865168440e+08 6.3931190585091825e-05 5.7102511266187162e+09 6.2200847619591141e+05 5.3327545014784269e+09 1.1324898754208665e+09 1.1143171627138605e+23 2.0263722978385132e-01 2.9998664495938079e+00 6.3102194957041839e+01
7.4993341408505678e+08 6.3931190218129152e-05 5.7102510829160347e+09 6.2200847500576358e+05 5.3327544606649485e+09 1.1324898667532654e+09 1.1294567986128250e+23 2.0355081199356484e-01 2.9998664494248994e+00 6.3102194605337196e+01
7.5331446445819890e+08 6.3931189847850041e-05 5.7102510388184080e+09 6.2200847380486107e+05 5.3327544194826269e+09 1.1324898580073400e+09 1.1448021286742047e+23 2.0446851304341504e-01 2.9998664492552294e+00 6.3102194250446040e+01
7.5671075818683219e+08 6.3931189474224649e-05 5.7102509943222656e+09 6.2200847259310633e+05 5.3327543779281387e+09 1.1324898491823802e+09 1.1603559475541227e+23 2.0539035150284798e-01 2.9998664490847937e+00 6.3102193892339073e+01
7.6012236399512863e+08 6.3931189097222644e-05 5.7102509494240179e+09 6.2200847137040272e+05 5.3327543359981251e+09 1.1324898402776821e+09 1.1761210878781773e+23 2.0631634602502660e-01 2.9998664489135898e+00 6.3102193530987812e+01
7.6354935091710079e+08 6.3931188716813696e-05 5.7102509041199923e+09 6.2200847013664641e+05 5.3327542936891642e+09 1.1324898312924893e+09 1.1921004207573111e+23 2.0724651534720814e-01 2.9998664487416136e+00 6.3102193166361289e+01
7.6699178829799843e+08 6.3931188332966811e-05 5.7102508584065361e+09 6.2200846889174008e+05 5.3327542509978380e+09 1.1324898222260935e+09 1.2082968563106854e+23 2.0818087829112311e-01 2.9998664485688615e+00 6.3102192798430970e+01
7.7044974579571259e+08 6.3931187945651103e-05 5.7102508122799797e+09 6.2200846763558500e+05 5.3327542079207230e+09 1.1324898130777752e+09 1.2247133441956721e+23 2.0911945376335628e-01 2.9998664483953310e+00 6.3102192427167083e+01
7.7392329338218451e+08 6.3931187554834980e-05 5.7102507657365475e+09 6.2200846636807686e+05 5.3327541644542894e+09 1.1324898038467753e+09 1.2413528741450309e+23 2.1006226075572926e-01 2.9998664482210176e+00 6.3102192052539216e+01
7.7741250134482157e+08 6.3931187160487122e-05 5.7102507187724876e+09 6.2200846508911252e+05 5.3327541205950413e+09 1.1324897945323422e+09 1.2582184765113911e+23 2.1100931834568426e-01 2.9998664480459181e+00 6.3102191674516376e+01
7.8091744028791964e+08 6.3931186762575276e-05 5.7102506713840065e+09 6.2200846379859140e+05 5.3327540763394251e+09 1.1324897851337435e+09 1.2753132228191363e+23 2.1196064569667078e-01 2.9998664478700285e+00 6.3102191293068962e+01
7.8443818113409173e+08 6.3931186361067523e-05 5.7102506235672693e+09 6.2200846249640710e+05 5.3327540316838665e+09 1.1324897756502042e+09 1.2926402263237748e+23 2.1291626205853267e-01 2.9998664476933463e+00 6.3102190908165220e+01
7.8797479512570333e+08 6.3931185955931258e-05 5.7102505753184023e+09 6.2200846118245483e+05 5.3327539866247482e+09 1.1324897660809615e+09 1.3102026425789261e+23 2.1387618676789813e-01 2.9998664475158670e+00 6.3102190519774119e+01
7.9152735382631373e+08 6.3931185547133561e-05 5.7102505266334887e+09 6.2200845985662821e+05 5.3327539411584110e+09 1.1324897564252400e+09 1.3280036700109945e+23 2.1484043924857060e-01 2.9998664473375878e+00 6.3102190127864155e+01
7.9509592912212396e+08 6.3931185134641512e-05 5.7102504775086136e+09 6.2200845851882035e+05 5.3327538952811928e+09 1.1324897466822619e+09 1.3460465505016585e+23 2.1580903901192167e-01 2.9998664471585039e+00 6.3102189732403730e+01
7.9868059322343206e+08 6.3931184718421692e-05 5.7102504279397612e+09 6.2200845716892043e+05 5.3327538489893560e+09 1.1324897368512201e+09 1.3643345699782791e+23 2.1678200565728634e-01 2.9998664469786127e+00 6.3102189333359689e+01
8.0228141866609347e+08 6.3931184298440395e-05 5.7102503779229736e+09 6.2200845580682368e+05 5.3327538022791910e+09 1.1324897269313512e+09 1.3828710590123166e+23 2.1775935887235887e-01 2.9998664467979101e+00 6.3102188930701217e+01
8.0589847831298923e+08 6.3931183874663537e-05 5.7102503274541550e+09 6.2200845443241647e+05 5.3327537551468801e+09 1.1324897169218278e+09 1.4016593934258889e+23 2.1874111843359167e-01 2.9998664466163927e+00 6.3102188524394514e+01
8.0953184535550070e+08 6.3931183447056951e-05 5.7102502765292273e+09 6.2200845304558706e+05 5.3327537075886154e+09 1.1324897068218362e+09 1.4207029949065693e+23 2.1972730420659503e-01 2.9998664464340568e+00 6.3102188114406438e+01
8.1318159331498981e+08 6.3931183015585998e-05 5.7102502251440916e+09 6.2200845164622576e+05 5.3327536596005688e+09 1.1324896966305776e+09 1.4400053316305286e+23 2.2071793614653931e-01 2.9998664462508984e+00 6.3102187700704320e+01
8.1684779604428709e+08 6.3931182580215793e-05 5.7102501732945690e+09 6.2200845023421687e+05 5.3327536111788340e+09 1.1324896863472092e+09 1.4595699188941541e+23 2.2171303429855857e-01 2.9998664460669140e+00 6.3102187283254032e+01
8.2053052772918642e+08 6.3931182140910923e-05 5.7102501209764605e+09 6.2200844880944723e+05 5.3327535623194923e+09 1.1324896759709070e+09 1.4794003197542452e+23 2.2271261879815588e-01 2.9998664458820996e+00 6.3102186862021945e+01
8.2422986288994586e+08 6.3931181697636071e-05 5.7102500681855669e+09 6.2200844737180322e+05 5.3327535130186195e+09 1.1324896655008435e+09 1.4995001456769076e+23 2.2371670987161127e-01 2.9998664456964521e+00 6.3102186436974264e+01
8.2794587638279545e+08 6.3931181250355106e-05 5.7102500149175663e+09 6.2200844592116587e+05 5.3327534632721844e+09 1.1324896549361522e+09 1.5198730571952598e+23 2.2472532783639029e-01 2.9998664455099671e+00 6.3102186008075783e+01
8.3167864340145242e+08 6.3931180799031936e-05 5.7102499611681795e+09 6.2200844445741945e+05 5.3327534130761833e+09 1.1324896442759902e+09 1.5405227645760869e+23 2.2573849310155569e-01 2.9998664453226414e+00 6.3102185575292367e+01
8.3542823947864199e+08 6.3931180343630215e-05 5.7102499069330435e+09 6.2200844298044359e+05 5.3327533624265509e+09 1.1324896335194814e+09 1.5614530284955330e+23 2.2675622616817959e-01 2.9998664451344705e+00 6.3102185138587771e+01
8.3919474048762667e+08 6.3931179884112795e-05 5.7102498522077770e+09 6.2200844149012095e+05 5.3327533113191862e+09 1.1324896226657705e+09 1.5826676607239962e+23 2.2777854762975913e-01 2.9998664449454511e+00 6.3102184697927797e+01
8.4297822264374077e+08 6.3931179420442542e-05 5.7102497969879379e+09 6.2200843998632999e+05 5.3327532597499466e+09 1.1324896117139728e+09 1.6041705248203109e+23 2.2880547817263239e-01 2.9998664447555794e+00 6.3102184253276072e+01
8.4677876250593305e+08 6.3931178952582118e-05 5.7102497412690611e+09 6.2200843846894777e+05 5.3327532077146645e+09 1.1324896006631930e+09 1.6259655368353682e+23 2.2983703857639720e-01 2.9998664445648515e+00 6.3102183804595988e+01
8.5059643697831583e+08 6.3931178480493441e-05 5.7102496850466452e+09 6.2200843693785346e+05 5.3327531552091274e+09 1.1324895895125508e+09 1.6480566660253002e+23 2.3087324971433160e-01 2.9998664443732630e+00 6.3102183351852041e+01
8.5443132331172132e+08 6.3931178004138388e-05 5.7102496283161240e+09 6.2200843539292156e+05 5.3327531022290802e+09 1.1324895782611325e+09 1.6704479355743481e+23 2.3191413255381613e-01 2.9998664441808107e+00 6.3102182895006848e+01
8.5828349910526407e+08 6.3931177523478443e-05 5.7102495710729342e+09 6.2200843383402913e+05 5.3327530487702541e+09 1.1324895669080427e+09 1.6931434233275468e+23 2.3295970815675765e-01 2.9998664439874902e+00 6.3102182434023760e+01
8.6215304230791211e+08 6.3931177038474655e-05 5.7102495133124084e+09 6.2200843226104719e+05 5.3327529948282957e+09 1.1324895554523418e+09 1.7161472625333815e+23 2.3400999768001618e-01 2.9998664437932985e+00 6.3102181968864819e+01
8.6604003122006381e+08 6.3931176549087722e-05 5.7102494550298815e+09 6.2200843067384954e+05 5.3327529403988447e+09 1.1324895438931110e+09 1.7394636425965141e+23 2.3506502237583224e-01 2.9998664435982305e+00 6.3102181499492502e+01
8.6994454449513233e+08 6.3931176055278031e-05 5.7102493962206478e+09 6.2200842907230905e+05 5.3327528854775066e+09 1.1324895322294242e+09 1.7630968098407517e+23 2.3612480359225718e-01 2.9998664434022828e+00 6.3102181025869093e+01
8.7386666114113712e+08 6.3931175557005817e-05 5.7102493368799582e+09 6.2200842745629558e+05 5.3327528300598488e+09 1.1324895204603341e+09 1.7870510682823697e+23 2.3718936277358513e-01 2.9998664432054514e+00 6.3102180547955726e+01
8.7780646052230251e+08 6.3931175054230438e-05 5.7102492770029659e+09 6.2200842582567642e+05 5.3327527741413431e+09 1.1324895085848737e+09 1.8113307804139499e+23 2.3825872146078639e-01 2.9998664430077322e+00 6.3102180065713533e+01
8.8176402236066437e+08 6.3931174546911452e-05 5.7102492165848618e+09 6.2200842418032116e+05 5.3327527177174978e+09 1.1324894966020935e+09 1.8359403679988672e+23 2.3933290129194396e-01 2.9998664428091217e+00 6.3102179579103378e+01
8.8573942673768234e+08 6.3931174035007646e-05 5.7102491556207380e+09 6.2200842252009618e+05 5.3327526607837315e+09 1.1324894845110204e+09 1.8608843128765606e+23 2.4041192400269060e-01 2.9998664426096151e+00 6.3102179088085883e+01
8.8973275409586084e+08 6.3931173518477684e-05 5.7102490941056833e+09 6.2200842084486852e+05 5.3327526033354540e+09 1.1324894723106859e+09 1.8861671577787642e+23 2.4149581142664900e-01 2.9998664424092087e+00 6.3102178592621520e+01
8.9374408524037671e+08 6.3931172997279637e-05 5.7102490320346870e+09 6.2200841915450082e+05 5.3327525453679905e+09 1.1324894600000896e+09 1.9117935071568061e+23 2.4258458549587342e-01 2.9998664422078987e+00 6.3102178092669533e+01
8.9777350134071434e+08 6.3931172471371394e-05 5.7102489694027395e+09 6.2200841744885664e+05 5.3327524868766594e+09 1.1324894475782382e+09 1.9377680280201626e+23 2.4367826824129324e-01 2.9998664420056809e+00 6.3102177588189527e+01
9.0182108393230796e+08 6.3931171940710484e-05 5.7102489062047682e+09 6.2200841572779720e+05 5.3327524278567286e+09 1.1324894350441208e+09 1.9640954507863995e+23 2.4477688179315893e-01 2.9998664418025509e+00 6.3102177079140120e+01
9.0588691491819179e+08 6.3931171405253755e-05 5.7102488424356823e+09 6.2200841399118677e+05 5.3327523683034334e+09 1.1324894223967488e+09 1.9907805701426632e+23 2.4588044838148951e-01 2.9998664415985044e+00 6.3102176565481322e+01
9.0997107657065713e+08 6.3931170864958028e-05 5.7102487780902863e+09 6.2200841223888053e+05 5.3327523082119312e+09 1.1324894096350675e+09 2.0178282459188723e+23 2.4698899033652250e-01 2.9998664413935381e+00 6.3102176047169998e+01
9.1407365153291738e+08 6.3931170319779596e-05 5.7102487131633883e+09 6.2200841047073784e+05 5.3327522475773726e+09 1.1324893967580531e+09 2.0452434039727783e+23 2.4810253008916558e-01 2.9998664411876472e+00 6.3102175524164444e+01
9.1819472282077992e+08 6.3931169769674184e-05 5.7102486476497135e+09 6.2200840868661506e+05 5.3327521863948298e+09 1.1324893837646587e+09 2.0730310370870466e+23 2.4922109017145033e-01 2.9998664409808282e+00 6.3102174996422129e+01
9.2233437382432652e+08 6.3931169214597245e-05 5.7102485815439873e+09 6.2200840688637039e+05 5.3327521246593714e+09 1.1324893706538522e+09 2.1011962058785295e+23 2.5034469321698827e-01 2.9998664407730757e+00 6.3102174463901008e+01
9.2649268830959988e+08 6.3931168654504067e-05 5.7102485148408537e+09 6.2200840506985597e+05 5.3327520623660021e+09 1.1324893574245567e+09 2.1297440397198845e+23 2.5147336196142855e-01 2.9998664405643867e+00 6.3102173926557185e+01
9.3066975042029989e+08 6.3931168089349075e-05 5.7102484475349169e+09 6.2200840323692700e+05 5.3327519995096779e+09 1.1324893440757174e+09 2.1586797376737314e+23 2.5260711924291812e-01 2.9998664403547566e+00 6.3102173384347623e+01
9.3486564467948496e+08 6.3931167519086759e-05 5.7102483796206989e+09 6.2200840138743073e+05 5.3327519360852928e+09 1.1324893306062222e+09 2.1880085694394790e+23 2.5374598800256343e-01 2.9998664401441810e+00 6.3102172837226988e+01
9.3908045599128330e+08 6.3931166943670783e-05 5.7102483110927219e+09 6.2200839952122024e+05 5.3327518720877228e+09 1.1324893170150011e+09 2.2177358763130338e+23 2.5488999128489498e-01 2.9998664399326556e+00 6.3102172285151831e+01
9.4331426964261043e+08 6.3931166363054566e-05 5.7102482419454699e+09 6.2200839763814746e+05 5.3327518075118122e+09 1.1324893033009753e+09 2.2478670721595395e+23 2.5603915223833329e-01 2.9998664397201762e+00 6.3102171728078225e+01
9.4756717130489540e+08 6.3931165777191218e-05 5.7102481721732807e+09 6.2200839573805337e+05 5.3327517423522863e+09 1.1324892894629869e+09 2.2784076443993333e+23 2.5719349411565723e-01 2.9998664395067385e+00 6.3102171165959000e+01
9.5183924703581381e+08 6.3931165186033385e-05 5.7102481017705755e+09 6.2200839382078964e+05 5.3327516766039248e+09 1.1324892754999559e+09 2.3093631550072961e+23 2.5835304027447442e-01 2.9998664392923380e+00 6.3102170598749964e+01
9.5613058328102970e+08 6.3931164589533024e-05 5.7102480307315950e+09 6.2200839188619703e+05 5.3327516102613535e+09 1.1324892614107225e+09 2.3407392415257888e+23 2.5951781417769371e-01 2.9998664390769707e+00 6.3102170026404160e+01
9.6044126687594438e+08 6.3931163987641874e-05 5.7102479590506363e+09 6.2200838993412349e+05 5.3327515433192444e+09 1.1324892471941791e+09 2.3725416180913358e+23 2.6068783939400014e-01 2.9998664388606322e+00 6.3102169448876325e+01
9.6477138504745400e+08 6.3931163380311323e-05 5.7102478867218781e+09 6.2200838796440815e+05 5.3327514757721624e+09 1.1324892328491545e+09 2.4047760764752759e+23 2.6186313959833141e-01 2.9998664386433180e+00 6.3102168866118738e+01
9.6912102541571403e+08 6.3931162767492323e-05 5.7102478137394581e+09 6.2200838597688987e+05 5.3327514076146345e+09 1.1324892183744748e+09 2.4374484871385343e+23 2.6304373857235708e-01 2.9998664384250233e+00 6.3102168278083575e+01
9.7349027599591291e+08 6.3931162149135016e-05 5.7102477400974913e+09 6.2200838397141197e+05 5.3327513388411598e+09 1.1324892037689991e+09 2.4705648003007362e+23 2.6422966020495953e-01 2.9998664382057445e+00 6.3102167684724435e+01
9.7787922520005226e+08 6.3931161525189418e-05 5.7102476657899952e+09 6.2200838194780960e+05 5.3327512694461546e+09 1.1324891890315268e+09 2.5041310470238437e+23 2.6542092849271715e-01 2.9998664379854763e+00 6.3102167085992491e+01
9.8228796183873665e+08 6.3931160895605129e-05 5.7102475908109636e+09 6.2200837990591885e+05 5.3327511994240103e+09 1.1324891741608641e+09 2.5381533403105106e+23 2.6661756754039034e-01 2.9998664377642150e+00 6.3102166481838971e+01
9.8671657512297034e+08 6.3931160260331137e-05 5.7102475151543303e+09 6.2200837784557510e+05 5.3327511287690592e+09 1.1324891591558125e+09 2.5726378762173701e+23 2.6781960156140838e-01 2.9998664375419559e+00 6.3102165872215060e+01
9.9116515466596234e+08 6.3931159619315902e-05 5.7102474388139706e+09 6.2200837576661259e+05 5.3327510574755821e+09 1.1324891440151644e+09 2.6075909349834324e+23 2.6902705487835998e-01 2.9998664373186941e+00 6.3102165257071775e+01
9.9563379048494005e+08 6.3931158972507868e-05 5.7102473617837152e+09 6.2200837366886134e+05 5.3327509855378208e+09 1.1324891287376821e+09 2.6430188821738333e+23 2.7023995192348471e-01 2.9998664370944255e+00 6.3102164636358310e+01
1.0001225730029706e+09 6.3931158319854319e-05 5.7102472840572977e+09 6.2200837155215140e+05 5.3327509129499226e+09 1.1324891133221276e+09 2.6789281698391010e+23 2.7145831723916780e-01 2.9998664368691452e+00 6.3102164010024666e+01
1.0046315930507904e+09 6.3931157661302587e-05 5.7102472056284676e+09 6.2200836941631394e+05 5.3327508397060442e+09 1.1324890977672715e+09 2.7153253376901882e+23 2.7268217547843648e-01 2.9998664366428489e+00 6.3102163378020492e+01
1.0091609418686434e+09 6.3931156996799385e-05 5.7102471264908361e+09 6.2200836726117227e+05 5.3327507658002262e+09 1.1324890820718274e+09 2.7522170142894656e+23 2.7391155140545842e-01 2.9998664364155321e+00 6.3102162740293551e+01
1.0137107111081274e+09 6.3931156326290910e-05 5.7102470466380320e+09 6.2200836508655525e+05 5.3327506912265158e+09 1.1324890662345483e+09 2.7896099182578935e+23 2.7514646989604313e-01 2.9998664361871903e+00 6.3102162096792910e+01
1.0182809928340480e+09 6.3931155649722964e-05 5.7102469660635853e+09 6.2200836289228569e+05 5.3327506159788713e+09 1.1324890502541440e+09 2.8275108594985922e+23 2.7638695593814500e-01 2.9998664359578182e+00 6.3102161447466067e+01
1.0228718795262824e+09 6.3931154967040605e-05 5.7102468847609615e+09 6.2200836067818617e+05 5.3327505400511875e+09 1.1324890341293225e+09 2.8659267404370440e+23 2.7763303463236882e-01 2.9998664357274119e+00 6.3102160792260470e+01
1.0274834640816501e+09 6.3931154278188743e-05 5.7102468027235899e+09 6.2200835844407696e+05 5.3327504634373302e+09 1.1324890178587749e+09 2.9048645572781439e+23 2.7888473119247759e-01 2.9998664354959659e+00 6.3102160131122787e+01
1.0321158398157930e+09 6.3931153583111515e-05 5.7102467199448147e+09 6.2200835618977691e+05 5.3327503861310873e+09 1.1324890014411819e+09 2.9443314012803199e+23 2.8014207094590243e-01 2.9998664352634767e+00 6.3102159463999207e+01
1.0367691004650635e+09 6.3931152881752690e-05 5.7102466364179630e+09 6.2200835391510581e+05 5.3327503081262207e+09 1.1324889848752308e+09 2.9843344600469735e+23 2.8140507933425546e-01 2.9998664350299387e+00 6.3102158790836356e+01
1.0414433401884210e+09 6.3931152174055497e-05 5.7102465521362381e+09 6.2200835161987599e+05 5.3327502294163876e+09 1.1324889681595552e+09 3.0248810188354628e+23 2.8267378191384368e-01 2.9998664347953472e+00 6.3102158111578589e+01
1.0461386535693380e+09 6.3931151459962812e-05 5.7102464670928640e+09 6.2200834930390469e+05 5.3327501499952564e+09 1.1324889512928238e+09 3.0659784618838714e+23 2.8394820435618678e-01 2.9998664345596975e+00 6.3102157426171509e+01
1.0508551356177132e+09 6.3931150739416604e-05 5.7102463812809229e+09 6.2200834696700331e+05 5.3327500698563690e+09 1.1324889342736633e+09 3.1076342737558046e+23 2.8522837244853594e-01 2.9998664343229855e+00 6.3102156734559365e+01
1.0555928817717944e+09 6.3931150012358623e-05 5.7102462946934767e+09 6.2200834460898279e+05 5.3327499889932442e+09 1.1324889171006968e+09 3.1498560407034438e+23 2.8651431209439560e-01 2.9998664340852055e+00 6.3102156036686004e+01
1.0603519879001098e+09 6.3931149278730011e-05 5.7102462073235064e+09 6.2200834222965129e+05 5.3327499073993301e+09 1.1324888997725272e+09 3.1926514520491429e+23 2.8780604931404785e-01 2.9998664338463530e+00 6.3102155332494661e+01
1.0651325503034073e+09 6.3931148538471530e-05 5.7102461191639729e+09 6.2200833982881834e+05 5.3327498250680523e+09 1.1324888822877672e+09 3.2360283015857770e+23 2.8910361024507819e-01 2.9998664336064236e+00 6.3102154621928499e+01
1.0699346657166040e+09 6.3931147791523074e-05 5.7102460302077141e+09 6.2200833740628813e+05 5.3327497419927158e+09 1.1324888646449907e+09 3.2799944889961169e+23 2.9040702114290462e-01 2.9998664333654115e+00 6.3102153904929814e+01
1.0747584313107431e+09 6.3931147037824240e-05 5.7102459404475288e+09 6.2200833496186463e+05 5.3327496581666059e+09 1.1324888468427703e+09 3.3245580212915074e+23 2.9171630838130902e-01 2.9998664331233127e+00 6.3102153181440258e+01
1.0796039446949601e+09 6.3931146277314163e-05 5.7102458498761749e+09 6.2200833249535086e+05 5.3327495735829525e+09 1.1324888288796713e+09 3.3697270142700663e+23 2.9303149845297005e-01 2.9998664328801219e+00 6.3102152451401267e+01
1.0844713039184585e+09 6.3931145509931044e-05 5.7102457584863081e+09 6.2200833000654751e+05 5.3327494882348938e+09 1.1324888107542422e+09 3.4155096939947109e+23 2.9435261796999984e-01 2.9998664326358342e+00 6.3102151714754108e+01
1.0893606074724929e+09 6.3931144735613016e-05 5.7102456662705030e+09 6.2200832749524899e+05 5.3327494021155062e+09 1.1324887924649858e+09 3.4619143982912619e+23 2.9567969366448160e-01 2.9998664323904447e+00 6.3102150971437517e+01
1.0942719542923634e+09 6.3931143954297249e-05 5.7102455732213354e+09 6.2200832496125693e+05 5.3327493152178497e+09 1.1324887740104575e+09 3.5089495782669034e+23 2.9701275238901093e-01 2.9998664321439485e+00 6.3102150221392648e+01
1.0992054437594154e+09 6.3931143165920520e-05 5.7102454793312788e+09 6.2200832240436645e+05 5.3327492275348921e+09 1.1324887553891649e+09 3.5566237998492616e+23 2.9835182111723890e-01 2.9998664318963408e+00 6.3102149464558821e+01
1.1041611757030530e+09 6.3931142370419092e-05 5.7102453845926847e+09 6.2200831982436543e+05 5.3327491390594988e+09 1.1324887365995636e+09 3.6049457453464147e+23 2.9969692694441735e-01 2.9998664316476158e+00 6.3102148700873066e+01
1.1091392504027574e+09 6.3931141567728469e-05 5.7102452889979458e+09 6.2200831722105131e+05 5.3327490497845545e+09 1.1324887176401780e+09 3.6539242150280770e+23 3.0104809708794772e-01 2.9998664313977690e+00 6.3102147930275443e+01
1.1141397685901167e+09 6.3931140757783706e-05 5.7102451925392723e+09 6.2200831459420873e+05 5.3327489597027931e+09 1.1324886985094397e+09 3.7035681287282809e+23 3.0240535888793074e-01 2.9998664311467955e+00 6.3102147152701967e+01
1.1191628314508638e+09 6.3931139940519372e-05 5.7102450952088947e+09 6.2200831194362743e+05 5.3327488688069563e+09 1.1324886792058177e+09 3.7538865274698216e+23 3.0376873980772040e-01 2.9998664308946901e+00 6.3102146368090146e+01
1.1242085406269248e+09 6.3931139115869156e-05 5.7102449969988995e+09 6.2200830926909088e+05 5.3327487770896549e+09 1.1324886597277348e+09 3.8048885751107848e+23 3.0513826743447897e-01 2.9998664306414473e+00 6.3102145576376095e+01
1.1292769982184744e+09 6.3931138283766391e-05 5.7102448979013767e+09 6.2200830657038558e+05 5.3327486845434990e+09 1.1324886400736365e+09 3.8565835600134282e+23 3.0651396947973486e-01 2.9998664303870628e+00 6.3102144777496100e+01
1.1343683067860031e+09 6.3931137444143735e-05 5.7102447979082708e+09 6.2200830384728988e+05 5.3327485911609697e+09 1.1324886202419083e+09 3.9089808967357513e+23 3.0789587377994387e-01 2.9998664301315303e+00 6.3102143971384592e+01
1.1394825693523917e+09 6.3931136596933168e-05 5.7102446970115290e+09 6.2200830109958723e+05 5.3327484969345379e+09 1.1324886002309730e+09 3.9620901277460464e+23 3.0928400829705188e-01 2.9998664298748459e+00 6.3102143157977459e+01
1.1446198894049969e+09 6.3931135742066210e-05 5.7102445952029352e+09 6.2200829832705040e+05 5.3327484018565426e+09 1.1324885800391762e+09 4.0159209251607369e+23 3.1067840111906037e-01 2.9998664296170032e+00 6.3102142337207091e+01
1.1497803708977439e+09 6.3931134879473579e-05 5.7102444924742737e+09 6.2200829552945774e+05 5.3327483059193058e+09 1.1324885596649032e+09 4.0704830925058237e+23 3.1207908046059485e-01 2.9998664293579975e+00 6.3102141509007851e+01
1.1549641182532315e+09 6.3931134009085548e-05 5.7102443888172464e+09 6.2200829270658386e+05 5.3327482091150751e+09 1.1324885391065125e+09 4.1257865665022809e+23 3.1348607466347544e-01 2.9998664290978239e+00 6.3102140673312825e+01
1.1601712363648441e+09 6.3931133130831481e-05 5.7102442842234335e+09 6.2200828985819872e+05 5.3327481114359913e+09 1.1324885183623295e+09 4.1818414188756985e+23 3.1489941219729051e-01 2.9998664288364769e+00 6.3102139830053893e+01
1.1654018305988746e+09 6.3931132244640526e-05 5.7102441786843777e+09 6.2200828698407090e+05 5.3327480128741560e+09 1.1324884974306679e+09 4.2386578581904919e+23 3.1631912165997217e-01 2.9998664285739509e+00 6.3102138979162405e+01
1.1706560067966561e+09 6.3931131350440895e-05 5.7102440721915569e+09 6.2200828408396989e+05 5.3327479134216080e+09 1.1324884763098495e+09 4.2962462317090660e+23 3.1774523177837483e-01 2.9998664283102405e+00 6.3102138120569762e+01
1.1759338712767043e+09 6.3931130448160135e-05 5.7102439647363291e+09 6.2200828115765960e+05 5.3327478130702772e+09 1.1324884549981549e+09 4.3546170272762247e+23 3.1917777140885656e-01 2.9998664280453413e+00 6.3102137254206241e+01
1.1812355308368683e+09 6.3931129537725132e-05 5.7102438563099918e+09 6.2200827820490347e+05 5.3327477118120384e+09 1.1324884334938610e+09 4.4137808752291705e+23 3.2061676953786261e-01 2.9998664277792466e+00 6.3102136380001603e+01
1.1865610927564917e+09 6.3931128619062498e-05 5.7102437469038010e+09 6.2200827522546309e+05 5.3327476096387243e+09 1.1324884117952318e+09 4.4737485503334719e+23 3.2206225528251192e-01 2.9998664275119524e+00 6.3102135497884859e+01
1.1919106647985840e+09 6.3931127692097505e-05 5.7102436365088511e+09 6.2200827221909515e+05 5.3327475065420179e+09 1.1324883899004953e+09 4.5345309737453195e+23 3.2351425789118593e-01 2.9998664272434521e+00 6.3102134607784372e+01
1.1972843552119999e+09 6.3931126756755464e-05 5.7102435251162558e+09 6.2200826918555889e+05 5.3327474025136242e+09 1.1324883678078980e+09 4.5961392150004396e+23 3.2497280674411999e-01 2.9998664269737407e+00 6.3102133709628163e+01
1.2026822727336316e+09 6.3931125812960481e-05 5.7102434127169886e+09 6.2200826612460869e+05 5.3327472975451050e+09 1.1324883455156512e+09 4.6585844940300802e+23 3.2643793135399846e-01 2.9998664267028130e+00 6.3102132803343714e+01
1.2081045265906067e+09 6.3931124860636135e-05 5.7102432993019409e+09 6.2200826303599635e+05 5.3327471916279612e+09 1.1324883230219471e+09 4.7218781832042819e+23 3.2790966136655081e-01 2.9998664264306631e+00 6.3102131888857365e+01
1.2135512265025012e+09 6.3931123899705432e-05 5.7102431848619213e+09 6.2200825991946971e+05 5.3327470847536049e+09 1.1324883003249497e+09 4.7860318094030345e+23 3.2938802656115185e-01 2.9998664261572858e+00 6.3102130966094442e+01
1.2190224826835573e+09 6.3931122930090581e-05 5.7102430693876801e+09 6.2200825677477848e+05 5.3327469769134045e+09 1.1324882774228358e+09 4.8510570561154530e+23 3.3087305685142404e-01 2.9998664258826753e+00 6.3102130034980433e+01
1.2245184058449144e+09 6.3931121951713100e-05 5.7102429528698854e+09 6.2200825360166887e+05 5.3327468680986347e+09 1.1324882543137574e+09 4.9169657655675998e+23 3.3236478228584221e-01 2.9998664256068261e+00 6.3102129095440255e+01
1.2300391071968503e+09 6.3931120964493855e-05 5.7102428352990837e+09 6.2200825039988174e+05 5.3327467583004761e+09 1.1324882309958270e+09 4.9837699408790844e+23 3.3386323304834198e-01 2.9998664253297327e+00 6.3102128147396947e+01
1.2355846984510300e+09 6.3931119968352779e-05 5.7102427166657600e+09 6.2200824716915959e+05 5.3327466475100393e+09 1.1324882074671693e+09 5.0514817482490567e+23 3.3536843945892969e-01 2.9998664250513896e+00 6.3102127190774219e+01
1.2411552918227673e+09 6.3931118963209341e-05 5.7102425969603395e+09 6.2200824390924210e+05 5.3327465357183781e+09 1.1324881837258887e+09 5.1201135191718762e+23 3.3688043197429623e-01 2.9998664247717910e+00 6.3102126225494871e+01
1.2467510000332944e+09 6.3931117948982228e-05 5.7102424761731043e+09 6.2200824061986292e+05 5.3327464229164219e+09 1.1324881597700453e+09 5.1896777526828716e+23 3.3839924118843268e-01 2.9998664244909312e+00 6.3102125251479855e+01
1.2523719363120449e+09 6.3931116925589350e-05 5.7102423542942762e+09 6.2200823730075546e+05 5.3327463090950432e+09 1.1324881355976977e+09 5.2601871176346169e+23 3.3992489783324953e-01 2.9998664242088044e+00 6.3102124268650101e+01
1.2580182143989420e+09 6.3931115892947686e-05 5.7102422313140173e+09 6.2200823395165498e+05 5.3327461942450447e+09 1.1324881112069175e+09 5.3316544550041275e+23 3.4145743277919804e-01 2.9998664239254054e+00 6.3102123276927188e+01
1.2636899485467029e+09 6.3931114850973873e-05 5.7102421072223444e+09 6.2200823057228606e+05 5.3327460783571100e+09 1.1324880865956993e+09 5.4040927802314424e+23 3.4299687703589482e-01 2.9998664236407278e+00 6.3102122276229380e+01
1.2693872535231485e+09 6.3931113799583548e-05 5.7102419820092382e+09 6.2200822716237791e+05 5.3327459614218826e+09 1.1324880617620709e+09 5.4775152855899007e+23 3.4454326175274880e-01 2.9998664233547663e+00 6.3102121266476111e+01
1.2751102446135273e+09 6.3931112738691519e-05 5.7102418556645546e+09 6.2200822372165369e+05 5.3327458434298820e+09 1.1324880367040160e+09 5.5519353425887343e+23 3.4609661821959176e-01 2.9998664230675147e+00 6.3102120247585681e+01
1.2808590376228476e+09 6.3931111668212053e-05 5.7102417281780472e+09 6.2200822024983261e+05 5.3327457243715506e+09 1.1324880114194899e+09 5.6273665044081661e+23 3.4765697786731109e-01 2.9998664227789678e+00 6.3102119219474574e+01
1.2866337488782203e+09 6.3931110588058291e-05 5.7102415995394325e+09 6.2200821674663853e+05 5.3327456042372732e+09 1.1324879859064813e+09 5.7038225083677054e+23 3.4922437226848513e-01 2.9998664224891192e+00 6.3102118182060934e+01
1.2924344952312138e+09 6.3931109498142983e-05 5.7102414697382832e+09 6.2200821321178460e+05 5.3327454830173159e+09 1.1324879601629014e+09 5.7813172784279464e+23 3.5079883313802235e-01 2.9998664221979632e+00 6.3102117135259860e+01
1.2982613940602176e+09 6.3931108398377807e-05 5.7102413387640896e+09 6.2200820964498585e+05 5.3327453607018652e+09 1.1324879341866744e+09 5.8598649277262851e+23 3.5238039233380247e-01 2.9998664219054936e+00 6.3102116078986619e+01
1.3041145632728183e+09 6.3931107288673817e-05 5.7102412066062431e+09 6.2200820604595216e+05 5.3327452372810163e+09 1.1324879079756880e+09 5.9394797611472441e+23 3.5396908185732101e-01 2.9998664216117050e+00 6.3102115013155128e+01
1.3099941213081849e+09 6.3931106168941201e-05 5.7102410732540512e+09 6.2200820241439203e+05 5.3327451127447777e+09 1.1324878815278189e+09 6.0201762779275506e+23 3.5556493385433691e-01 2.9998664213165913e+00 6.3102113937679277e+01
1.3159001871394649e+09 6.3931105039089333e-05 5.7102409386967421e+09 6.2200819875001418e+05 5.3327449870830936e+09 1.1324878548409460e+09 6.1019691742967019e+23 3.5716798061552169e-01 2.9998664210201462e+00 6.3102112852472253e+01
1.3218328802761929e+09 6.3931103899026665e-05 5.7102408029234018e+09 6.2200819505252037e+05 5.3327448602857704e+09 1.1324878279128971e+09 6.1848733461534036e+23 3.5877825457711399e-01 2.9998664207223644e+00 6.3102111757445876e+01
1.3277923207667089e+09 6.3931102748661015e-05 5.7102406659230347e+09 6.2200819132161001e+05 5.3327447323425407e+09 1.1324878007414832e+09 6.2689038917783180e+23 3.6039578832157454e-01 2.9998664204232388e+00 6.3102110652510959e+01
1.3337786292005856e+09 6.3931101587899220e-05 5.7102405276845856e+09 6.2200818755698460e+05 5.3327446032430763e+09 1.1324877733245304e+09 6.3540761145837346e+23 3.6202061457824564e-01 2.9998664201227645e+00 6.3102109537578890e+01
1.3397919267110710e+09 6.3931100416647404e-05 5.7102403881968346e+09 6.2200818375833612e+05 5.3327444729769039e+09 1.1324877456597953e+09 6.4404055259005888e+23 3.6365276622401332e-01 2.9998664198209344e+00 6.3102108412558444e+01
1.3458323349775381e+09 6.3931099234810712e-05 5.7102402474485025e+09 6.2200817992535816e+05 5.3327443415334864e+09 1.1324877177450466e+09 6.5279078478032258e+23 3.6529227628397187e-01 2.9998664195177427e+00 6.3102107277358684e+01
1.3518999762279468e+09 6.3931098042293422e-05 5.7102401054281893e+09 6.2200817605774105e+05 5.3327442089021816e+09 1.1324876895780289e+09 6.6165990159727815e+23 3.6693917793209219e-01 2.9998664192131836e+00 6.3102106131887702e+01
1.3579949732413187e+09 6.3931096838999122e-05 5.7102399621244116e+09 6.2200817215517093e+05 5.3327440750722580e+09 1.1324876611564567e+09 6.7064951825992114e+23 3.6859350449189271e-01 2.9998664189072510e+00 6.3102104976052651e+01
1.3641174493502200e+09 6.3931095624830355e-05 5.7102398175255651e+09 6.2200816821733280e+05 5.3327439400328865e+09 1.1324876324780359e+09 6.7976127193229203e+23 3.7025528943711317e-01 2.9998664185999382e+00 6.3102103809759889e+01
1.3702675284432580e+09 6.3931094399688907e-05 5.7102396716199455e+09 6.2200816424390697e+05 5.3327438037731333e+09 1.1324876035404379e+09 6.8899682202163099e+23 3.7192456639239202e-01 2.9998664182912389e+00 6.3102102632914622e+01
1.3764453349675877e+09 6.3931093163475532e-05 5.7102395243957462e+09 6.2200816023457283e+05 5.3327436662819700e+09 1.1324875743413281e+09 6.9835785048057688e+23 3.7360136913394626e-01 2.9998664179811474e+00 6.3102101445421930e+01
1.3826509939314301e+09 6.3931091916090267e-05 5.7102393758410568e+09 6.2200815618900559e+05 5.3327435275482759e+09 1.1324875448783412e+09 7.0784606211348390e+23 3.7528573159025469e-01 2.9998664176696570e+00 6.3102100247185312e+01
1.3888846309066014e+09 6.3931090657432050e-05 5.7102392259438496e+09 6.2200815210687835e+05 5.3327433875608168e+09 1.1324875151490960e+09 7.1746318488688842e+23 3.7697768784274410e-01 2.9998664173567615e+00 6.3102099038107987e+01
1.3951463720310545e+09 6.3931089387399129e-05 5.7102390746919718e+09 6.2200814798785793e+05 5.3327432463082504e+09 1.1324874851511667e+09 7.2721097024420297e+23 3.7867727212647828e-01 2.9998664170424547e+00 6.3102097818090982e+01
1.4014363440114315e+09 6.3931088105888519e-05 5.7102389220731916e+09 6.2200814383161324e+05 5.3327431037791452e+09 1.1324874548821418e+09 7.3709119342468239e+23 3.8038451883085167e-01 2.9998664167267304e+00 6.3102096587036300e+01
1.4077546741256263e+09 6.3931086812796625e-05 5.7102387680751724e+09 6.2200813963780832e+05 5.3327429599619818e+09 1.1324874243395743e+09 7.4710565378671877e+23 3.8209946250028320e-01 2.9998664164095814e+00 6.3102095344844287e+01
1.4141014902253623e+09 6.3931085508018860e-05 5.7102386126854401e+09 6.2200813540610229e+05 5.3327428148451128e+09 1.1324873935209820e+09 7.5725617513553858e+23 3.8382213783491598e-01 2.9998664160910020e+00 6.3102094091413640e+01
1.4204769207387769e+09 6.3931084191449393e-05 5.7102384558914165e+09 6.2200813113615452e+05 5.3327426684167900e+09 1.1324873624238842e+09 7.6754460605534234e+23 3.8555257969131917e-01 2.9998664157709856e+00 6.3102092826643563e+01
1.4268810946730227e+09 6.3931082862981920e-05 5.7102382976804218e+09 6.2200812682761787e+05 5.3327425206651707e+09 1.1324873310457525e+09 7.7797282024596340e+23 3.8729082308319263e-01 2.9998664154495258e+00 6.3102091550431105e+01
1.4333141416168764e+09 6.3931081522508682e-05 5.7102381380396147e+09 6.2200812248014263e+05 5.3327423715782681e+09 1.1324872993840404e+09 7.8854271686409311e+23 3.8903690318207501e-01 2.9998664151266157e+00 6.3102090262672540e+01
1.4397761917433612e+09 6.3931080169921315e-05 5.7102379769561138e+09 6.2200811809337931e+05 5.3327422211440449e+09 1.1324872674362023e+09 7.9925622086916253e+23 3.9079085531805535e-01 2.9998664148022489e+00 6.3102088963264116e+01
1.4462673758123815e+09 6.3931078805110368e-05 5.7102378144168749e+09 6.2200811366697238e+05 5.3327420693503275e+09 1.1324872351996491e+09 8.1011528337388805e+23 3.9255271498048794e-01 2.9998664144764189e+00 6.3102087652100380e+01
1.4527878251733685e+09 6.3931077427965212e-05 5.7102376504087105e+09 6.2200810920056142e+05 5.3327419161847925e+09 1.1324872026717563e+09 8.2112188199961209e+23 3.9432251781870920e-01 2.9998664141491194e+00 6.3102086329074822e+01
1.4593376717679374e+09 6.3931076038374566e-05 5.7102374849183941e+09 6.2200810469378810e+05 5.3327417616350899e+09 1.1324871698499136e+09 8.3227802123645589e+23 3.9610029964275956e-01 2.9998664138203432e+00 6.3102084994080840e+01
1.4659170481325591e+09 6.3931074636225783e-05 5.7102373179324961e+09 6.2200810014628596e+05 5.3327416056886797e+09 1.1324871367314527e+09 8.4358573280837210e+23 3.9788609642410722e-01 2.9998664134900839e+00 6.3102083647009913e+01
1.4725260874012396e+09 6.3931073221405618e-05 5.7102371494375067e+09 6.2200809555768524e+05 5.3327414483329458e+09 1.1324871033136806e+09 8.5504707604314538e+23 3.9967994429637566e-01 2.9998664131583350e+00 6.3102082287752232e+01
1.4791649233082163e+09 6.3931071793799267e-05 5.7102369794197912e+09 6.2200809092761762e+05 5.3327412895551548e+09 1.1324870695939150e+09 8.6666413824744019e+23 4.0148187955607517e-01 2.9998664128250896e+00 6.3102080916198808e+01
1.4858336901906619e+09 6.3931070353291357e-05 5.7102368078655767e+09 6.2200808625570522e+05 5.3327411293424416e+09 1.1324870355694036e+09 8.7843903508691517e+23 4.0329193866333535e-01 2.9998664124903409e+00 6.3102079532237497e+01
1.4925325229914050e+09 6.3931068899765242e-05 5.7102366347610064e+09 6.2200808154157340e+05 5.3327409676818666e+09 1.1324870012374184e+09 8.9037391097154015e+23 4.0511015824264440e-01 2.9998664121540819e+00 6.3102078135757175e+01
1.4992615572616587e+09 6.3931067433103408e-05 5.7102364600920429e+09 6.2200807678483729e+05 5.3327408045603256e+09 1.1324869665951562e+09 9.0247093944611051e+23 4.0693657508358844e-01 2.9998664118163063e+00 6.3102076726643610e+01
1.5060209291637647e+09 6.3931065953186931e-05 5.7102362838445654e+09 6.2200807198511437e+05 5.3327406399646215e+09 1.1324869316398315e+09 9.1473232358608842e+23 4.0877122614159594e-01 2.9998664114770071e+00 6.3102075304783583e+01
1.5128107754739485e+09 6.3931064459896129e-05 5.7102361060043144e+09 6.2200806714201649e+05 5.3327404738814421e+09 1.1324868963686171e+09 9.2716029639881789e+23 4.1061414853868566e-01 2.9998664111361770e+00 6.3102073870061993e+01
1.5196312335850859e+09 6.3931062953110046e-05 5.7102359265568638e+09 6.2200806225514924e+05 5.3327403062973185e+09 1.1324868607786412e+09 9.3975712123019331e+23 4.1246537956421664e-01 2.9998664107938096e+00 6.3102072422361822e+01
1.5264824415094850e+09 6.3931061432706844e-05 5.7102357454877100e+09 6.2200805732411798e+05 5.3327401371987000e+09 1.1324868248670292e+09 9.5252509217684524e+23 4.1432495667564256e-01 2.9998664104498975e+00 6.3102070961566085e+01
1.5333645378816772e+09 6.3931059898563507e-05 5.7102355627822056e+09 6.2200805234852410e+05 5.3327399665719128e+09 1.1324867886308782e+09 9.6546653450393530e+23 4.1619291749926962e-01 2.9998664101044343e+00 6.3102069487556527e+01
1.5402776619612231e+09 6.3931058350555719e-05 5.7102353784255419e+09 6.2200804732796410e+05 5.3327397944031248e+09 1.1324867520672500e+09 9.7858380506861505e+23 4.1806929983101693e-01 2.9998664097574124e+00 6.3102068000213585e+01
1.5472219536355314e+09 6.3931056788558199e-05 5.7102351924028072e+09 6.2200804226203240e+05 5.3327396206784105e+09 1.1324867151731906e+09 9.9187929274925489e+23 4.1995414163718148e-01 2.9998664094088254e+00 6.3102066499416871e+01
1.5541975534226875e+09 6.3931055212444664e-05 5.7102350046989498e+09 6.2200803715031850e+05 5.3327394453837156e+09 1.1324866779457104e+09 1.0053554188804911e+24 4.2184748105520548e-01 2.9998664090586655e+00 6.3102064985044798e+01
1.5612046024742987e+09 6.3931053622087343e-05 5.7102348152987757e+09 6.2200803199240938e+05 5.3327392685048418e+09 1.1324866403818016e+09 1.0190146376941921e+24 4.2374935639444783e-01 2.9998664087069264e+00 6.3102063456975003e+01
1.5682432425783494e+09 6.3931052017357715e-05 5.7102346241869459e+09 6.2200802678788616e+05 5.3327390900274773e+09 1.1324866024784138e+09 1.0328594367664045e+24 4.2565980613695875e-01 2.9998664083536002e+00 6.3102061915082935e+01
1.5753136161620708e+09 6.3931050398125731e-05 5.7102344313480043e+09 6.2200802153632906e+05 5.3327389099371758e+09 1.1324865642324893e+09 1.0468923374703935e+24 4.2757886893825847e-01 2.9998664079986805e+00 6.3102060359244547e+01
1.5824158662948225e+09 6.3931048764260325e-05 5.7102342367663288e+09 6.2200801623731246e+05 5.3327387282193546e+09 1.1324865256409290e+09 1.0611158954358055e+24 4.2950658362811811e-01 2.9998664076421595e+00 6.3102058789333434e+01
1.5895501366909876e+09 6.3931047115629454e-05 5.7102340404261980e+09 6.2200801089040795e+05 5.3327385448593273e+09 1.1324864867006125e+09 1.0755327010141009e+24 4.3144298921134594e-01 2.9998664072840300e+00 6.3102057205222600e+01
1.5967165717128806e+09 6.3931045452099422e-05 5.7102338423116875e+09 6.2200800549518224e+05 5.3327383598422270e+09 1.1324864474083848e+09 1.0901453797502911e+24 4.3338812486857509e-01 2.9998664069242853e+00 6.3102055606783580e+01
1.6039153163736694e+09 6.3931043773535789e-05 5.7102336424067688e+09 6.2200800005119736e+05 5.3327381731530838e+09 1.1324864077610557e+09 1.1049565928610909e+24 4.3534202995705695e-01 2.9998664065629175e+00 6.3102053993886528e+01
1.6111465163403087e+09 6.3931042079802623e-05 5.7102334406952753e+09 6.2200799455801444e+05 5.3327379847767982e+09 1.1324863677554293e+09 1.1199690377195702e+24 4.3730474401145636e-01 2.9998664061999194e+00 6.3102052366401239e+01
1.6184103179364874e+09 6.3931040370762731e-05 5.7102332371608562e+09 6.2200798901518760e+05 5.3327377946981039e+09 1.1324863273882585e+09 1.1351854483463859e+24 4.3927630674465157e-01 2.9998664058352840e+00 6.3102050724195784e+01
1.6257068681455910e+09 6.3931038646278013e-05 5.7102330317870779e+09 6.2200798342227004e+05 5.3327376029016495e+09 1.1324862866562891e+09 1.1506085959076776e+24 4.4125675804853659e-01 2.9998664054690032e+00 6.3102049067137294e+01
1.6330363146136742e+09 6.3931036906208688e-05 5.7102328245572863e+09 6.2200797777880775e+05 5.3327374093718824e+09 1.1324862455562148e+09 1.1662412892197608e+24 4.4324613799482915e-01 2.9998664051010704e+00 6.3102047395091482e+01
1.6403988056524489e+09 6.3931035150413933e-05 5.7102326154547043e+09 6.2200797208434343e+05 5.3327372140931377e+09 1.1324862040847056e+09 1.1820863752606336e+24 4.4524448683587947e-01 2.9998664047314776e+00 6.3102045707922734e+01
1.6477944902422864e+09 6.3931033378751784e-05 5.7102324044624319e+09 6.2200796633841726e+05 5.3327370170496292e+09 1.1324861622384121e+09 1.1981467396884726e+24 4.4725184500548609e-01 2.9998664043602177e+00 6.3102044005494484e+01
1.6552235180352302e+09 6.3931031591078598e-05 5.7102321915633688e+09 6.2200796054056380e+05 5.3327368182253866e+09 1.1324861200139451e+09 1.2144253073671404e+24 4.4926825311971147e-01 2.9998664039872827e+00 6.3102042287669235e+01
1.6626860393580256e+09 6.3931029787249905e-05 5.7102319767403126e+09 6.2200795469031530e+05 5.3327366176043472e+09 1.1324860774078977e+09 1.2309250428988523e+24 4.5129375197770510e-01 2.9998664036126654e+00 6.3102040554307720e+01
1.6701822052151611e+09 6.3931027967119677e-05 5.7102317599758348e+09 6.2200794878719421e+05 5.3327364151702375e+09 1.1324860344167926e+09 1.2476489511640804e+24 4.5332838256252772e-01 2.9998664032363584e+00 6.3102038805268748e+01
1.6777121672919240e+09 6.3931026130540502e-05 5.7102315412524309e+09 6.2200794283072720e+05 5.3327362109067039e+09 1.1324859910371823e+09 1.2646000778687869e+24 4.5537218604197982e-01 2.9998664028583533e+00 6.3102037040411915e+01
1.6852760779574702e+09 6.3931024277363738e-05 5.7102313205523682e+09 6.2200793682042952e+05 5.3327360047971897e+09 1.1324859472655365e+09 1.2817815100990785e+24 4.5742520376943474e-01 2.9998664024786432e+00 6.3102035259593499e+01
1.6928740902679060e+09 6.3931022407439465e-05 5.7102310978577957e+09 6.2200793075581524e+05 5.3327357968250237e+09 1.1324859030983167e+09 1.2991963768834377e+24 4.5948747728467454e-01 2.9998664020972199e+00 6.3102033462669397e+01
1.7005063579693871e+09 6.3931020520616193e-05 5.7102308731506786e+09 6.2200792463639355e+05 5.3327355869733629e+09 1.1324858585319479e+09 1.3168478497625345e+24 4.6155904831473010e-01 2.9998664017140761e+00 6.3102031649494243e+01
1.7081730355012281e+09 6.3931018616741417e-05 5.7102306464128599e+09 6.2200791846167017e+05 5.3327353752252493e+09 1.1324858135628307e+09 1.3347391433668403e+24 4.6363995877472458e-01 2.9998664013292036e+00 6.3102029819921320e+01
1.7158742779990289e+09 6.3931016695660908e-05 5.7102304176259403e+09 6.2200791223114240e+05 5.3327351615635052e+09 1.1324857681873043e+09 1.3528735160020452e+24 4.6573025076872188e-01 2.9998664009425946e+00 6.3102027973801633e+01
1.7236102412978125e+09 6.3931014757219205e-05 5.7102301867714376e+09 6.2200790594430873e+05 5.3327349459708662e+09 1.1324857224017158e+09 1.3712542702424375e+24 4.6782996659057668e-01 2.9998664005542417e+00 6.3102026110986621e+01
1.7313810819351864e+09 6.3931012801259247e-05 5.7102299538306704e+09 6.2200789960066183e+05 5.3327347284298820e+09 1.1324856762023711e+09 1.3898847535323838e+24 4.6993914872479264e-01 2.9998664001641369e+00 6.3102024231325878e+01
1.7391869571544816e+09 6.3931010827623054e-05 5.7102297187847490e+09 6.2200789319968247e+05 5.3327345089229212e+09 1.1324856295854883e+09 1.4087683587958788e+24 4.7205783984737365e-01 2.9998663997722721e+00 6.3102022334665406e+01
1.7470280249079769e+09 6.3931008836150529e-05 5.7102294816146870e+09 6.2200788674085867e+05 5.3327342874322414e+09 1.1324855825473392e+09 1.4279085250545371e+24 4.7418608282669772e-01 2.9998663993786394e+00 6.3102020420853563e+01
1.7549044438600662e+09 6.3931006826680736e-05 5.7102292423012724e+09 6.2200788022366446e+05 5.3327340639399080e+09 1.1324855350840929e+09 1.4473087380538350e+24 4.7632392072437663e-01 2.9998663989832308e+00 6.3102018489734256e+01
1.7628163733904774e+09 6.3931004799051058e-05 5.7102290008251114e+09 6.2200787364756968e+05 5.3327338384278135e+09 1.1324854871918888e+09 1.4669725308979238e+24 4.7847139679612855e-01 2.9998663985860383e+00 6.3102016541150356e+01
1.7707639735974965e+09 6.3931002753097062e-05 5.7102287571667089e+09 6.2200786701204954e+05 5.3327336108777409e+09 1.1324854388669047e+09 1.4869034846930617e+24 4.8062855449265240e-01 2.9998663981870539e+00 6.3102014574946438e+01
1.7787474053012066e+09 6.3931000688653488e-05 5.7102285113063049e+09 6.2200786031656037e+05 5.3327333812712460e+09 1.1324853901051815e+09 1.5071052291997978e+24 4.8279543746050646e-01 2.9998663977862696e+00 6.3102012590961245e+01
1.7867668300467441e+09 6.3930998605553086e-05 5.7102282632240200e+09 6.2200785356056341e+05 5.3327331495897570e+09 1.1324853409027956e+09 1.5275814434939799e+24 4.8497208954299120e-01 2.9998663973836770e+00 6.3102010589035039e+01
1.7948224101075656e+09 6.3930996503627194e-05 5.7102280128997498e+09 6.2200784674350987e+05 5.3327329158144999e+09 1.1324852912557497e+09 1.5483358566368037e+24 4.8715855478103559e-01 2.9998663969792685e+00 6.3102008569005370e+01
1.8029143084887326e+09 6.3930994382705835e-05 5.7102277603132677e+09 6.2200783986485028e+05 5.3327326799265881e+09 1.1324852411600430e+09 1.5693722483539005e+24 4.8935487741408756e-01 2.9998663965730352e+00 6.3102006530709119e+01
1.8110426889302094e+09 6.3930992242617273e-05 5.7102275054441061e+09 6.2200783292402606e+05 5.3327324419069052e+09 1.1324851906116071e+09 1.5906944497236701e+24 4.9156110188100827e-01 2.9998663961649692e+00 6.3102004473980692e+01
1.8192077159101770e+09 6.3930990083188333e-05 5.7102272482716532e+09 6.2200782592047658e+05 5.3327322017361994e+09 1.1324851396063590e+09 1.6123063438750311e+24 4.9377727282097139e-01 2.9998663957550620e+00 6.3102002398654022e+01
1.8274095546483603e+09 6.3930987904244134e-05 5.7102269887750740e+09 6.2200781885363418e+05 5.3327319593950186e+09 1.1324850881401651e+09 1.6342118666945404e+24 4.9600343507436495e-01 2.9998663953433060e+00 6.3102000304560896e+01
1.8356483711093726e+09 6.3930985705608437e-05 5.7102267269333735e+09 6.2200781172292656e+05 5.3327317148637552e+09 1.1324850362088571e+09 1.6564150075431841e+24 4.9823963368369806e-01 2.9998663949296920e+00 6.3101998191531564e+01
1.8439243320060730e+09 6.3930983487103151e-05 5.7102264627253513e+09 6.2200780452777678e+05 5.3327314681226063e+09 1.1324849838082333e+09 1.6789198099829318e+24 5.0048591389451191e-01 2.9998663945142119e+00 6.3101996059395113e+01
1.8522376048029399e+09 6.3930981248548743e-05 5.7102261961296453e+09 6.2200779726760462e+05 5.3327312191516228e+09 1.1324849309340684e+09 1.7017303725130881e+24 5.0274232115629458e-01 2.9998663940968573e+00 6.3101993907979498e+01
1.8605883577194600e+09 6.3930978989764085e-05 5.7102259271246519e+09 6.2200778994181938e+05 5.3327309679306326e+09 1.1324848775820603e+09 1.7248508493167053e+24 5.0500890112339913e-01 2.9998663936776198e+00 6.3101991737109650e+01
1.8689767597335322e+09 6.3930976710566449e-05 5.7102256556886234e+09 6.2200778254982969e+05 5.3327307144393215e+09 1.1324848237479026e+09 1.7482854510171270e+24 5.0728569965596837e-01 2.9998663932564908e+00 6.3101989546610291e+01
1.8774029805848866e+09 6.3930974410771180e-05 5.7102253817995481e+09 6.2200777509103506e+05 5.3327304586571417e+09 1.1324847694272215e+09 1.7720384454447887e+24 5.0957276282086028e-01 2.9998663928334621e+00 6.3101987336303445e+01
1.8858671907785194e+09 6.3930972090192148e-05 5.7102251054353142e+09 6.2200776756483642e+05 5.3327302005634298e+09 1.1324847146156549e+09 1.7961141584144696e+24 5.1187013689258065e-01 2.9998663924085243e+00 6.3101985106011639e+01
1.8943695615881429e+09 6.3930969748641529e-05 5.7102248265735064e+09 6.2200775997062074e+05 5.3327299401372623e+09 1.1324846593087378e+09 1.8205169745130546e+24 5.1417786835421786e-01 2.9998663919816697e+00 6.3101982855553032e+01
1.9029102650596514e+09 6.3930967385930008e-05 5.7102245451915846e+09 6.2200775230777427e+05 5.3327296773575859e+09 1.1324846035020003e+09 1.8452513378980618e+24 5.1649600389838290e-01 2.9998663915528896e+00 6.3101980584745711e+01
1.9114894740146027e+09 6.3930965001866128e-05 5.7102242612667675e+09 6.2200774457567791e+05 5.3327294122031240e+09 1.1324845471909342e+09 1.8703217531069653e+24 5.1882459042815376e-01 2.9998663911221746e+00 6.3101978293406312e+01
1.9201073620537148e+09 6.3930962596256928e-05 5.7102239747760515e+09 6.2200773677370371e+05 5.3327291446523972e+09 1.1324844903709662e+09 1.8957327858775516e+24 5.2116367505802341e-01 2.9998663906895162e+00 6.3101975981348723e+01
1.9287641035603790e+09 6.3930960168907767e-05 5.7102236856962681e+09 6.2200772890122165e+05 5.3327288746837673e+09 1.1324844330375078e+09 1.9214890639794000e+24 5.2351330511485239e-01 2.9998663902549061e+00 6.3101973648386114e+01
1.9374598737041883e+09 6.3930957719622296e-05 5.7102233940040274e+09 6.2200772095759399e+05 5.3327286022753897e+09 1.1324843751859148e+09 1.9475952780566526e+24 5.2587352813882504e-01 2.9998663898183349e+00 6.3101971294329438e+01
1.9461948484444821e+09 6.3930955248202011e-05 5.7102230996756964e+09 6.2200771294217790e+05 5.3327283274051952e+09 1.1324843168115056e+09 1.9740561824822694e+24 5.2824439188441197e-01 2.9998663893797937e+00 6.3101968918988455e+01
1.9549692045339069e+09 6.3930952754447052e-05 5.7102228026874781e+09 6.2200770485432539e+05 5.3327280500509586e+09 1.1324842579095612e+09 2.0008765962238347e+24 5.3062594432133403e-01 2.9998663889392745e+00 6.3101966522170855e+01
1.9637831195219927e+09 6.3930950238155597e-05 5.7102225030153131e+09 6.2200769669337990e+05 5.3327277701902132e+09 1.1324841984752998e+09 2.0280614037211982e+24 5.3301823363553313e-01 2.9998663884967676e+00 6.3101964103682107e+01
1.9726367717587454e+09 6.3930947699123800e-05 5.7102222006349602e+09 6.2200768845868367e+05 5.3327274878003187e+09 1.1324841385039315e+09 2.0556155557759728e+24 5.3542130823014611e-01 2.9998663880522640e+00 6.3101961663327351e+01
1.9815303403982568e+09 6.3930945137146355e-05 5.7102218955219517e+09 6.2200768014956871e+05 5.3327272028584213e+09 1.1324840779905913e+09 2.0835440704531485e+24 5.3783521672648271e-01 2.9998663876057550e+00 6.3101959200908624e+01
1.9904640054023287e+09 6.3930942552015895e-05 5.7102215876515808e+09 6.2200767176536191e+05 5.3327269153414564e+09 1.1324840169303772e+09 2.1118520339949584e+24 5.4026000796500961e-01 2.9998663871572315e+00 6.3101956716226262e+01
1.9994379475441148e+09 6.3930939943523005e-05 5.7102212769989147e+09 6.2200766330538457e+05 5.3327266252261333e+09 1.1324839553183467e+09 2.1405446017471402e+24 5.4269573100633683e-01 2.9998663867066844e+00 6.3101954209079395e+01
2.0084523484117785e+09 6.3930937311456687e-05 5.7102209635388384e+09 6.2200765476895357e+05 5.3327263324889965e+09 1.1324838931495245e+09 2.1696269990978227e+24 5.4514243513221006e-01 2.9998663862541042e+00 6.3101951679265461e+01
2.0175073904121680e+09 6.3930934655603909e-05 5.7102206472459545e+09 6.2200764615537552e+05 5.3327260371063328e+09 1.1324838304188612e+09 2.1991045224291169e+24 5.4760016984650661e-01 2.9998663857994821e+00 6.3101949126578980e+01
2.0266032567745063e+09 6.3930931975749673e-05 5.7102203280946808e+09 6.2200763746395544e+05 5.3327257390542488e+09 1.1324837671212952e+09 2.2289825400816695e+24 5.5006898487623634e-01 2.9998663853428087e+00 6.3101946550813949e+01
2.0357401315541000e+09 6.3930929271677084e-05 5.7102200060591726e+09 6.2200762869398831e+05 5.3327254383086100e+09 1.1324837032516923e+09 2.2592664933323127e+24 5.5254893017254736e-01 2.9998663848840752e+00 6.3101943951761520e+01
2.0449181996360626e+09 6.3930926543167202e-05 5.7102196811133823e+09 6.2200761984476633e+05 5.3327251348450842e+09 1.1324836388048978e+09 2.2899618973849797e+24 5.5504005591173422e-01 2.9998663844232718e+00 6.3101941329211904e+01
2.0541376467390559e+09 6.3930923789999377e-05 5.7102193532309990e+09 6.2200761091557099e+05 5.3327248286391068e+09 1.1324835737756789e+09 2.3210743423751322e+24 5.5754241249625469e-01 2.9998663839603892e+00 6.3101938682952238e+01
2.0633986594190490e+09 6.3930921011950550e-05 5.7102190223854866e+09 6.2200760190568143e+05 5.3327245196658907e+09 1.1324835081587861e+09 2.3526094943877669e+24 5.6005605055574637e-01 2.9998663834954180e+00 6.3101936012768896e+01
2.0727014250730917e+09 6.3930918208796004e-05 5.7102186885500689e+09 6.2200759281436796e+05 5.3327242079004364e+09 1.1324834419489048e+09 2.3845730964893113e+24 5.6258102094805151e-01 2.9998663830283490e+00 6.3101933318445624e+01
2.0820461319431081e+09 6.3930915380308831e-05 5.7102183516977234e+09 6.2200758364089392e+05 5.3327238933175001e+09 1.1324833751406708e+09 2.4169709697734936e+24 5.6511737476024415e-01 2.9998663825591727e+00 6.3101930599764117e+01
2.0914329691197042e+09 6.3930912526260087e-05 5.7102180118011847e+09 6.2200757438451727e+05 5.3327235758916254e+09 1.1324833077286794e+09 2.4498090144214449e+24 5.6766516330966377e-01 2.9998663820878790e+00 6.3101927856504659e+01
2.1008621265459950e+09 6.3930909646418797e-05 5.7102176688329258e+09 6.2200756504448713e+05 5.3327232555971060e+09 1.1324832397074628e+09 2.4830932107762262e+24 5.7022443814495216e-01 2.9998663816144595e+00 6.3101925088444439e+01
2.1103337950214481e+09 6.3930906740551817e-05 5.7102173227652140e+09 6.2200755562005006e+05 5.3327229324080372e+09 1.1324831710715339e+09 2.5168296204318993e+24 5.7279525104709517e-01 2.9998663811389035e+00 6.3101922295360538e+01
2.1198481662057440e+09 6.3930903808423942e-05 5.7102169735700340e+09 6.2200754611044307e+05 5.3327226062982559e+09 1.1324831018153358e+09 2.5510243873374321e+24 5.7537765403046948e-01 2.9998663806612016e+00 6.3101919477026712e+01
2.1294054326226549e+09 6.3930900849797949e-05 5.7102166212191277e+09 6.2200753651489620e+05 5.3327222772413750e+09 1.1324830319332612e+09 2.5856837389156190e+24 5.7797169934389470e-01 2.9998663801813445e+00 6.3101916633214735e+01
2.1390057876639397e+09 6.3930897864434338e-05 5.7102162656839514e+09 6.2200752683263062e+05 5.3327219452107410e+09 1.1324829614196382e+09 2.6208139871971237e+24 5.8057743947168805e-01 2.9998663796993226e+00 6.3101913763693972e+01
2.1486494255932584e+09 6.3930894852091345e-05 5.7102159069357386e+09 6.2200751706286450e+05 5.3327216101794815e+09 1.1324828902687731e+09 2.6564215299700559e+24 5.8319492713472754e-01 2.9998663792151254e+00 6.3101910868232899e+01
2.1583365415501022e+09 6.3930891812525364e-05 5.7102155449454813e+09 6.2200750720480829e+05 5.3327212721205091e+09 1.1324828184749157e+09 2.6925128519450273e+24 5.8582421529151496e-01 2.9998663787287434e+00 6.3101907946597201e+01
2.1680673315537415e+09 6.3930888745490185e-05 5.7102151796838446e+09 6.2200749725766201e+05 5.3327209310064306e+09 1.1324827460322404e+09 2.7290945259361296e+24 5.8846535713924797e-01 2.9998663782401667e+00 6.3101904998550275e+01
2.1778419925071945e+09 6.3930885650737690e-05 5.7102148111212711e+09 6.2200748722062050e+05 5.3327205868096428e+09 1.1324826729348831e+09 2.7661732140579353e+24 5.9111840611489486e-01 2.9998663777493859e+00 6.3101902023853235e+01
2.1876607222012091e+09 6.3930882528017360e-05 5.7102144392279396e+09 6.2200747709287237e+05 5.3327202395022964e+09 1.1324825991769350e+09 2.8037556689387705e+24 5.9378341589627526e-01 2.9998663772563900e+00 6.3101899022265847e+01
2.1975237193182673e+09 6.3930879377076399e-05 5.7102140639737463e+09 6.2200746687359782e+05 5.3327198890562725e+09 1.1324825247524257e+09 2.8418487349504063e+24 5.9646044040314383e-01 2.9998663767611702e+00 6.3101895993545178e+01
2.2074311834366045e+09 6.3930876197659857e-05 5.7102136853283424e+09 6.2200745656197122e+05 5.3327195354432297e+09 1.1324824496553423e+09 2.8804593494545566e+24 5.9914953379828129e-01 2.9998663762637157e+00 6.3101892937446607e+01
2.2173833150342464e+09 6.3930872989510413e-05 5.7102133032610350e+09 6.2200744615715370e+05 5.3327191786345110e+09 1.1324823738795760e+09 2.9195945440662327e+24 6.0185075048858805e-01 2.9998663757640163e+00 6.3101889853721651e+01
2.2273803154930701e+09 6.3930869752368237e-05 5.7102129177409277e+09 6.2200743565830681e+05 5.3327188186012554e+09 1.1324822974190204e+09 2.9592614459343129e+24 6.0456414512618528e-01 2.9998663752620622e+00 6.3101886742121977e+01
2.2374223871028743e+09 6.3930866485971549e-05 5.7102125287368202e+09 6.2200742506457958e+05 5.3327184553143291e+09 1.1324822202674780e+09 2.9994672790394956e+24 6.0728977260951833e-01 2.9998663747578433e+00 6.3101883602395226e+01
2.2475097330654755e+09 6.3930863190055776e-05 5.7102121362172079e+09 6.2200741437511379e+05 5.3327180887443085e+09 1.1324821424186990e+09 3.0402193655098145e+24 6.1002768808446661e-01 2.9998663742513494e+00 6.3101880434287402e+01
2.2576425574988184e+09 6.3930859864354245e-05 5.7102117401503429e+09 6.2200740358904586e+05 5.3327177188615456e+09 1.1324820638663943e+09 3.0815251269541712e+24 6.1277794694545784e-01 2.9998663737425697e+00 6.3101877237542489e+01
2.2678210654411077e+09 6.3930856508597844e-05 5.7102113405041723e+09 6.2200739270550269e+05 5.3327173456361055e+09 1.1324819846042051e+09 3.1233920858138872e+24 6.1554060483658890e-01 2.9998663732314945e+00 6.3101874011901863e+01
2.2780454628549552e+09 6.3930853122514804e-05 5.7102109372463207e+09 6.2200738172360160e+05 5.3327169690377522e+09 1.1324819046257036e+09 3.1658278667325731e+24 6.1831571765274829e-01 2.9998663727181132e+00 6.3101870757104152e+01
2.2883159566315489e+09 6.3930849705831215e-05 5.7102105303441658e+09 6.2200737064245460e+05 5.3327165890360260e+09 1.1324818239244225e+09 3.2088401979447690e+24 6.2110334154074787e-01 2.9998663722024150e+00 6.3101867472886155e+01
2.2986327545948391e+09 6.3930846258270429e-05 5.7102101197647839e+09 6.2200735946116596e+05 5.3327162056001711e+09 1.1324817424938390e+09 3.2524369126832643e+24 6.2390353290045630e-01 2.9998663716843903e+00 6.3101864158982636e+01
2.3089960655057435e+09 6.3930842779553440e-05 5.7102097054749269e+09 6.2200734817882930e+05 5.3327158186991434e+09 1.1324816603273516e+09 3.2966259506057141e+24 6.2671634838593915e-01 2.9998663711640279e+00 6.3101860815124986e+01
2.3194060990663710e+09 6.3930839269398722e-05 5.7102092874410601e+09 6.2200733679453074e+05 5.3327154283016253e+09 1.1324815774183054e+09 3.3414153592404522e+24 6.2954184490660414e-01 2.9998663706413171e+00 6.3101857441042497e+01
2.3298630659242673e+09 6.3930835727522145e-05 5.7102088656293659e+09 6.2200732530735061e+05 5.3327150343760328e+09 1.1324814937600029e+09 3.3868132954521461e+24 6.3238007962835108e-01 2.9998663701162478e+00 6.3101854036462797e+01
2.3403671776766734e+09 6.3930832153636966e-05 5.7102084400057049e+09 6.2200731371635967e+05 5.3327146368904791e+09 1.1324814093456762e+09 3.4328280269271891e+24 6.3523110997472687e-01 2.9998663695888093e+00 6.3101850601110641e+01
2.3509186468748116e+09 6.3930828547454054e-05 5.7102080105356083e+09 6.2200730202061706e+05 5.3327142358127842e+09 1.1324813241684740e+09 3.4794679336793905e+24 6.3809499362808664e-01 2.9998663690589908e+00 6.3101847134707285e+01
2.3615176870281835e+09 6.3930824908681449e-05 5.7102075771843281e+09 6.2200729021917796e+05 5.3327138311104908e+09 1.1324812382215152e+09 3.5267415095760466e+24 6.4097178853075831e-01 2.9998663685267810e+00 6.3101843636972831e+01
2.3721645126088910e+09 6.3930821237024557e-05 5.7102071399167871e+09 6.2200727831108728e+05 5.3327134227508392e+09 1.1324811514978442e+09 3.5746573638847953e+24 6.4386155288621494e-01 2.9998663679921704e+00 6.3101840107624582e+01
2.3828593390559773e+09 6.3930817532186418e-05 5.7102066986975880e+09 6.2200726629537926e+05 5.3327130107007799e+09 1.1324810639904280e+09 3.6232242228414989e+24 6.4676434516024961e-01 2.9998663674551467e+00 6.3101836546376099e+01
2.3936023827797852e+09 6.3930813793867003e-05 5.7102062534910450e+09 6.2200725417108461e+05 5.3327125949269753e+09 1.1324809756922073e+09 3.6724509312393413e+24 6.4968022408215798e-01 2.9998663669157000e+00 6.3101832952940597e+01
2.4043938611663361e+09 6.3930810021763795e-05 5.7102058042610912e+09 6.2200724193721893e+05 5.3327121753957539e+09 1.1324808865960135e+09 3.7223464540395836e+24 6.5260924864592373e-01 2.9998663663738192e+00 6.3101829327026309e+01
2.4152339925817299e+09 6.3930806215571414e-05 5.7102053509713936e+09 6.2200722959279502e+05 5.3327117520731764e+09 1.1324807966946566e+09 3.7729198780042487e+24 6.5555147811141246e-01 2.9998663658294928e+00 6.3101825668340886e+01
2.4261229963765621e+09 6.3930802374982001e-05 5.7102048935852547e+09 6.2200721713681077e+05 5.3327113249249754e+09 1.1324807059808395e+09 3.8241804133508699e+24 6.5850697200556740e-01 2.9998663652827102e+00 6.3101821976587480e+01
2.4370610928903642e+09 6.3930798499684403e-05 5.7102044320656509e+09 6.2200720456826035e+05 5.3327108939165716e+09 1.1324806144472365e+09 3.8761373954297727e+24 6.6147579012361379e-01 2.9998663647334602e+00 6.3101818251468366e+01
2.4480485034560609e+09 6.3930794589365164e-05 5.7102039663752165e+09 6.2200719188612420e+05 5.3327104590130777e+09 1.1324805220864227e+09 3.9288002864242297e+24 6.6445799253026561e-01 2.9998663641817318e+00 6.3101814492681349e+01
2.4590854504044485e+09 6.3930790643707818e-05 5.7102034964762802e+09 6.2200717908937694e+05 5.3327100201793051e+09 1.1324804288909307e+09 3.9821786770735427e+24 6.6745363956094095e-01 2.9998663636275134e+00 6.3101810699922794e+01
2.4701721570686951e+09 6.3930786662392893e-05 5.7102030223308039e+09 6.2200716617698316e+05 5.3327095773797293e+09 1.1324803348532197e+09 4.0362822884196877e+24 6.7046279182297908e-01 2.9998663630707942e+00 6.3101806872886129e+01
2.4813088477888594e+09 6.3930782645098231e-05 5.7102025439004068e+09 6.2200715314789722e+05 5.3327091305785151e+09 1.1324802399656756e+09 4.0911209735776242e+24 6.7348551019686798e-01 2.9998663625115625e+00 6.3101803011261602e+01
2.4924957479164295e+09 6.3930778591498585e-05 5.7102020611463842e+09 6.2200714000106673e+05 5.3327086797395077e+09 1.1324801442206335e+09 4.1467047195296528e+24 6.7652185583747093e-01 2.9998663619498074e+00 6.3101799114737410e+01
2.5037330838188834e+09 6.3930774501265984e-05 5.7102015740296431e+09 6.2200712673542462e+05 5.3327082248262033e+09 1.1324800476103225e+09 4.2030436489441455e+24 6.7957189017526543e-01 2.9998663613855170e+00 6.3101795182997769e+01
2.5150210828842692e+09 6.3930770374069298e-05 5.7102010825107479e+09 6.2200711334989709e+05 5.3327077658017750e+09 1.1324799501269226e+09 4.2601480220190458e+24 6.8263567491758248e-01 2.9998663608186802e+00 6.3101791215724511e+01
2.5263599735258079e+09 6.3930766209574526e-05 5.7102005865499382e+09 6.2200709984340216e+05 5.3327073026290855e+09 1.1324798517625542e+09 4.3180282383502930e+24 6.8571327204985311e-01 2.9998663602492859e+00 6.3101787212597294e+01
2.5377499851865120e+09 6.3930762007444522e-05 5.7102000861070662e+09 6.2200708621484716e+05 5.3327068352706470e+09 1.1324797525092599e+09 4.3766948388258131e+24 6.8880474383686308e-01 2.9998663596773216e+00 6.3101783173292482e+01
2.5491913483438320e+09 6.3930757767339267e-05 5.7101995811416435e+09 6.2200707246312918e+05 5.3327063636886406e+09 1.1324796523590076e+09 4.4361585075450407e+24 6.9191015282400770e-01 2.9998663591027759e+00 6.3101779097483430e+01
2.5606842945143180e+09 6.3930753488915473e-05 5.7101990716127710e+09 6.2200705858713365e+05 5.3327058878448772e+09 1.1324795513036802e+09 4.4964300737646620e+24 6.9502956183855868e-01 2.9998663585256380e+00 6.3101774984840219e+01
2.5722290562583051e+09 6.3930749171826998e-05 5.7101985574792070e+09 6.2200704458573647e+05 5.3327054077008448e+09 1.1324794493350916e+09 4.5575205138707236e+24 6.9816303399093049e-01 2.9998663579458951e+00 6.3101770835029633e+01
2.5838258671846180e+09 6.3930744815724321e-05 5.7101980386993666e+09 6.2200703045780701e+05 5.3327049232176981e+09 1.1324793464450078e+09 4.6194409533775655e+24 7.0131063267595783e-01 2.9998663573635360e+00 6.3101766647717255e+01
2.5954749619553008e+09 6.3930740420254926e-05 5.7101975152312574e+09 6.2200701620220160e+05 5.3327044343562250e+09 1.1324792426251001e+09 4.6822026689539213e+24 7.0447242157417522e-01 2.9998663567785493e+00 6.3101762422564157e+01
2.6071765762903633e+09 6.3930735985063021e-05 5.7101969870325003e+09 6.2200700181776541e+05 5.3327039410768499e+09 1.1324791378669581e+09 4.7458170904764814e+24 7.0764846465310360e-01 2.9998663561909220e+00 6.3101758159228417e+01
2.6189309469725499e+09 6.3930731509789665e-05 5.7101964540603342e+09 6.2200698730333289e+05 5.3327034433396368e+09 1.1324790321620936e+09 4.8102958031114032e+24 7.1083882616854199e-01 2.9998663556006431e+00 6.3101753857364962e+01
2.6307383118521347e+09 6.3930726994072587e-05 5.7101959162716494e+09 6.2200697265773220e+05 5.3327029411043253e+09 1.1324789255019729e+09 4.8756505494241835e+24 7.1404357066586821e-01 2.9998663550077000e+00 6.3101749516626768e+01
2.6425989098517294e+09 6.3930722437546329e-05 5.7101953736228924e+09 6.2200695787977567e+05 5.3327024343302460e+09 1.1324788178779461e+09 4.9418932315179809e+24 7.1726276298133973e-01 2.9998663544120814e+00 6.3101745136662281e+01
2.6545129809711232e+09 6.3930717839842180e-05 5.7101948260701447e+09 6.2200694296826608e+05 5.3327019229763803e+09 1.1324787092812951e+09 5.0090359132011859e+24 7.2049646824340474e-01 2.9998663538137746e+00 6.3101740717116698e+01
2.6664807662921338e+09 6.3930713200587773e-05 5.7101942735691204e+09 6.2200692792200157e+05 5.3327014070013657e+09 1.1324785997032669e+09 5.0770908221843828e+24 7.2374475187401810e-01 2.9998663532127678e+00 6.3101736257634506e+01
2.6785025079834909e+09 6.3930708519407891e-05 5.7101937160750704e+09 6.2200691273975931e+05 5.3327008863634186e+09 1.1324784891349561e+09 5.1460703523070882e+24 7.2700767958996260e-01 2.9998663526090485e+00 6.3101731757853358e+01
2.6905784493057327e+09 6.3930703795923483e-05 5.7101931535428772e+09 6.2200689742031228e+05 5.3327003610204029e+09 1.1324783775674269e+09 5.2159870657948886e+24 7.3028531740417679e-01 2.9998663520026048e+00 6.3101727217410073e+01
2.7027088346161294e+09 6.3930699029752274e-05 5.7101925859270182e+09 6.2200688196242065e+05 5.3326998309298029e+09 1.1324782649916503e+09 5.2868536955470652e+24 7.3357773162708806e-01 2.9998663513934241e+00 6.3101722635937691e+01
2.7148939093736291e+09 6.3930694220508532e-05 5.7101920131815481e+09 6.2200686636483273e+05 5.3326992960487118e+09 1.1324781513985109e+09 5.3586831474554483e+24 7.3688498886795195e-01 2.9998663507814940e+00 6.3101718013065465e+01
2.7271339201438222e+09 6.3930689367803055e-05 5.7101914352601318e+09 6.2200685062628798e+05 5.3326987563338566e+09 1.1324780367788284e+09 5.4314885027546777e+24 7.4020715603619835e-01 2.9998663501668021e+00 6.3101713348420070e+01
2.7394291146039329e+09 6.3930684471242942e-05 5.7101908521159697e+09 6.2200683474551095e+05 5.3326982117415342e+09 1.1324779211233144e+09 5.5052830204044808e+24 7.4354430034278329e-01 2.9998663495493365e+00 6.3101708641624107e+01
2.7517797415478301e+09 6.3930679530432093e-05 5.7101902637018566e+09 6.2200681872121384e+05 5.3326976622276592e+09 1.1324778044225905e+09 5.5800801395041720e+24 7.4689648930154429e-01 2.9998663489290838e+00 6.3101703892296165e+01
2.7641860508910618e+09 6.3930674544970424e-05 5.7101896699702024e+09 6.2200680255210493e+05 5.3326971077477884e+09 1.1324776866672494e+09 5.6558934817401742e+24 7.5026379073056770e-01 2.9998663483060319e+00 6.3101699100053843e+01
2.7766482936759114e+09 6.3930669514454449e-05 5.7101890708729076e+09 6.2200678623687034e+05 5.3326965482570000e+09 1.1324775678477232e+09 5.7327368538665741e+24 7.5364627275355456e-01 2.9998663476801686e+00 6.3101694264508318e+01
2.7891667220764794e+09 6.3930664438476941e-05 5.7101884663615294e+09 6.2200676977419481e+05 5.3326959837100525e+09 1.1324774479544332e+09 5.8106242502195213e+24 7.5704400380120074e-01 2.9998663470514799e+00 6.3101689385270106e+01
2.8017415894037838e+09 6.3930659316627288e-05 5.7101878563871193e+09 6.2200675316274213e+05 5.3326954140612373e+09 1.1324773269776483e+09 5.8895698552656819e+24 7.6045705261257479e-01 2.9998663464199540e+00 6.3101684461943570e+01
2.8143731501108875e+09 6.3930654148490847e-05 5.7101872409003000e+09 6.2200673640116770e+05 5.3326948392644415e+09 1.1324772049075766e+09 5.9695880461854485e+24 7.6388548823650981e-01 2.9998663457855783e+00 6.3101679494130671e+01
2.8270616597980480e+09 6.3930648933649282e-05 5.7101866198512707e+09 6.2200671948811668e+05 5.3326942592731543e+09 1.1324770817343514e+09 6.0506933954911043e+24 7.6732938003299633e-01 2.9998663451483392e+00 6.3101674481430351e+01
2.8398073752178860e+09 6.3930643671680605e-05 5.7101859931897612e+09 6.2200670242221863e+05 5.3326936740404291e+09 1.1324769574479923e+09 6.1329006736806365e+24 7.7078879767458319e-01 2.9998663445082241e+00 6.3101669423436981e+01
2.8526105542805848e+09 6.3930638362158713e-05 5.7101853608650589e+09 6.2200668520209519e+05 5.3326930835189056e+09 1.1324768320384614e+09 6.2162248519276009e+24 7.7426381114778542e-01 2.9998663438652198e+00 6.3101664319742603e+01
2.8654714560591063e+09 6.3930633004654152e-05 5.7101847228259602e+09 6.2200666782634752e+05 5.3326924876607695e+09 1.1324767054955716e+09 6.3006811048075220e+24 7.7775449075449665e-01 2.9998663432193133e+00 6.3101659169932937e+01
2.8783903407944350e+09 6.3930627598733094e-05 5.7101840790208578e+09 6.2200665029357420e+05 5.3326918864178200e+09 1.1324765778091171e+09 6.3862848130612937e+24 7.8126090711341034e-01 2.9998663425704919e+00 6.3101653973593237e+01
2.8913674699008436e+09 6.3930622143958116e-05 5.7101834293976183e+09 6.2200663260235265e+05 5.3326912797413712e+09 1.1324764489687378e+09 6.4730515663961849e+24 7.8478313116144482e-01 2.9998663419187421e+00 6.3101648730302458e+01
2.9044031059711819e+09 6.3930616639887690e-05 5.7101827739036808e+09 6.2200661475125304e+05 5.3326906675823402e+09 1.1324763189640212e+09 6.5609971663249196e+24 7.8832123415517596e-01 2.9998663412640507e+00 6.3101643439637343e+01
2.9174975127821913e+09 6.3930611086076333e-05 5.7101821124859772e+09 6.2200659673882904e+05 5.3326900498911667e+09 1.1324761877844338e+09 6.6501376290431366e+24 7.9187528767227644e-01 2.9998663406064048e+00 6.3101638101169755e+01
2.9306509552998414e+09 6.3930605482074437e-05 5.7101814450909920e+09 6.2200657856362499e+05 5.3326894266178675e+09 1.1324760554193754e+09 6.7404891883462525e+24 7.9544536361296159e-01 2.9998663399457901e+00 6.3101632714468913e+01
2.9438636996846943e+09 6.3930599827428686e-05 5.7101807716647062e+09 6.2200656022416777e+05 5.3326887977120008e+09 1.1324759218581176e+09 6.8320682985857162e+24 7.9903153420144091e-01 2.9998663392821938e+00 6.3101627279098636e+01
2.9571360132972856e+09 6.3930594121681085e-05 5.7101800921526108e+09 6.2200654171897518e+05 5.3326881631226578e+09 1.1324757870898662e+09 6.9248916376654529e+24 8.0263387198737601e-01 2.9998663386156026e+00 6.3101621794620435e+01
2.9704681647035389e+09 6.3930588364370143e-05 5.7101794064996901e+09 6.2200652304654499e+05 5.3326875227984648e+09 1.1324756511036816e+09 7.0189761100791314e+24 8.0625244984734679e-01 2.9998663379460027e+00 6.3101616260589530e+01
2.9838604236801982e+09 6.3930582555029667e-05 5.7101787146504831e+09 6.2200650420537079e+05 5.3326868766876202e+09 1.1324755138885927e+09 7.1143388499885876e+24 8.0988734098632253e-01 2.9998663372733807e+00 6.3101610676560135e+01
2.9973130612202873e+09 6.3930576693189641e-05 5.7101780165489817e+09 6.2200648519392498e+05 5.3326862247378235e+09 1.1324753754334755e+09 7.2109972243441005e+24 8.1353861893913970e-01 2.9998663365977225e+00 6.3101605042080109e+01
3.0108263495385923e+09 6.3930570778375403e-05 5.7101773121386881e+09 6.2200646601067088e+05 5.3326855668963079e+09 1.1324752357271388e+09 7.3089688360471328e+24 8.1720635757198645e-01 2.9998663359190147e+00 6.3101599356694763e+01
3.0244005620771723e+09 6.3930564810108385e-05 5.7101766013625803e+09 6.2200644665405410e+05 5.3326849031098270e+09 1.1324750947582626e+09 7.4082715271558735e+24 8.2089063108389637e-01 2.9998663352372437e+00 6.3101593619943841e+01
3.0380359735108895e+09 6.3930558787905520e-05 5.7101758841631269e+09 6.2200642712250724e+05 5.3326842333246508e+09 1.1324749525154324e+09 7.5089233821344944e+24 8.2459151400824371e-01 2.9998663345523955e+00 6.3101587831363780e+01
3.0517328597529697e+09 6.3930552711279407e-05 5.7101751604822912e+09 6.2200640741445008e+05 5.3326835574865761e+09 1.1324748089871402e+09 7.6109427311464806e+24 8.2830908121424973e-01 2.9998663338644560e+00 6.3101581990486771e+01
3.0654914979605846e+09 6.3930546579738209e-05 5.7101744302615070e+09 6.2200638752828888e+05 5.3326828755409145e+09 1.1324746641617799e+09 7.7143481533927142e+24 8.3204340790849518e-01 2.9998663331734114e+00 6.3101576096841036e+01
3.0793121665404592e+09 6.3930540392785674e-05 5.7101736934416628e+09 6.2200636746241245e+05 5.3326821874324589e+09 1.1324745180276177e+09 7.8191584804948387e+24 8.3579456963643639e-01 2.9998663324792476e+00 6.3101570149949964e+01
3.0931951451545067e+09 6.3930534149921010e-05 5.7101729499631386e+09 6.2200634721519845e+05 5.3326814931055279e+09 1.1324743705728390e+09 7.9253927999247606e+24 8.3956264228393307e-01 2.9998663317819507e+00 6.3101564149333342e+01
3.1071407147254868e+09 6.3930527850638869e-05 5.7101721997657461e+09 6.2200632678500726e+05 5.3326807925039129e+09 1.1324742217855036e+09 8.0330704584805304e+24 8.4334770207877841e-01 2.9998663310815061e+00 6.3101558094506245e+01
3.1211491574426904e+09 6.3930521494429596e-05 5.7101714427887707e+09 6.2200630617018440e+05 5.3326800855709171e+09 1.1324740716535625e+09 8.1422110658096547e+24 8.4714982559223984e-01 2.9998663303779001e+00 6.3101551984978805e+01
3.1352207567676497e+09 6.3930515080778654e-05 5.7101706789709291e+09 6.2200628536906024e+05 5.3326793722493105e+09 1.1324739201648567e+09 8.2528344979800712e+24 8.5096908974060315e-01 2.9998663296711183e+00 6.3101545820257144e+01
3.1493557974398732e+09 6.3930508609166847e-05 5.7101699082504511e+09 6.2200626437995676e+05 5.3326786524813976e+09 1.1324737673071659e+09 8.3649609010998012e+24 8.5480557178672589e-01 2.9998663289611462e+00 6.3101539599844557e+01
3.1635545654826097e+09 6.3930502079070545e-05 5.7101691305648975e+09 6.2200624320116802e+05 5.3326779262088766e+09 1.1324736130680671e+09 8.4786106949856960e+24 8.5865934934159782e-01 2.9998663282479692e+00 6.3101533323236339e+01
3.1778173482086329e+09 6.3930495489961255e-05 5.7101683458513832e+09 6.2200622183098504e+05 5.3326771933730125e+09 1.1324734574351141e+09 8.5938045768820567e+24 8.6253050036590728e-01 2.9998663275315733e+00 6.3101526989926853e+01
3.1921444342260585e+09 6.3930488841305467e-05 5.7101675540463524e+09 6.2200620026767580e+05 5.3326764539144554e+09 1.1324733003956940e+09 8.7105635252297334e+24 8.6641910317161441e-01 2.9998663268119432e+00 6.3101520599403671e+01
3.2065361134441805e+09 6.3930482132565255e-05 5.7101667550857439e+09 6.2200617850949569e+05 5.3326757077733793e+09 1.1324731419371016e+09 8.8289088034864763e+24 8.7032523642353254e-01 2.9998663260890654e+00 6.3101514151150447e+01
3.2209926770793414e+09 6.3930475363197569e-05 5.7101659489048862e+09 6.2200615655468311e+05 5.3326749548893833e+09 1.1324729820465078e+09 8.9488619639991876e+24 8.7424897914091604e-01 2.9998663253629241e+00 6.3101507644646198e+01
3.2355144176608214e+09 6.3930468532654493e-05 5.7101651354385204e+09 6.2200613440146088e+05 5.3326741952015305e+09 1.1324728207109711e+09 9.0704448519287465e+24 8.7819041069905546e-01 2.9998663246335053e+00 6.3101501079365015e+01
3.2501016290367608e+09 6.3930461640383343e-05 5.7101643146208401e+09 6.2200611204803735e+05 5.3326734286483593e+09 1.1324726579174433e+09 9.1936796092281478e+24 8.8214961083087895e-01 2.9998663239007941e+00 6.3101494454776585e+01
3.2647546063801036e+09 6.3930454685826065e-05 5.7101634863853703e+09 6.2200608949260134e+05 5.3326726551677933e+09 1.1324724936527348e+09 9.3185886786747713e+24 8.8612665962856330e-01 2.9998663231647749e+00 6.3101487770345464e+01
3.2794736461945729e+09 6.3930447668419878e-05 5.7101626506651268e+09 6.2200606673333072e+05 5.3326718746972675e+09 1.1324723279035759e+09 9.4451948079573142e+24 8.9012163754514884e-01 2.9998663224254338e+00 6.3101481025532458e+01
3.2942590463206673e+09 6.3930440587596970e-05 5.7101618073924179e+09 6.2200604376837797e+05 5.3326710871735821e+09 1.1324721606565123e+09 9.5735210538183159e+24 8.9413462539616351e-01 2.9998663216827550e+00 6.3101474219790688e+01
3.3091111059416909e+09 6.3930433442784004e-05 5.7101609564990416e+09 6.2200602059589000e+05 5.3326702925330267e+09 1.1324719918980486e+09 9.7035907862530199e+24 8.9816570436125576e-01 2.9998663209367238e+00 6.3101467352572371e+01
3.3240301255898056e+09 6.3930426233402827e-05 5.7101600979161091e+09 6.2200599721398880e+05 5.3326694907112732e+09 1.1324718216145089e+09 9.8354276927650608e+24 9.0221495598583001e-01 2.9998663201873250e+00 6.3101460423321647e+01
3.3390164071521125e+09 6.3930418958869990e-05 5.7101592315741234e+09 6.2200597362078051e+05 5.3326686816434231e+09 1.1324716497921009e+09 9.9690557826803051e+24 9.0628246218269548e-01 2.9998663194345432e+00 6.3101453431478504e+01
3.3540702538767614e+09 6.3930411618596690e-05 5.7101583574029751e+09 6.2200594981435710e+05 5.3326678652640009e+09 1.1324714764169297e+09 1.0104499391518960e+25 9.1036830523371737e-01 2.9998663186783636e+00 6.3101446376478236e+01
3.3691919703790860e+09 6.3930404211988784e-05 5.7101574753319311e+09 6.2200592579279281e+05 5.3326670415069399e+09 1.1324713014749711e+09 1.0241783185427277e+25 9.1447256779147756e-01 2.9998663179187703e+00 6.3101439257751444e+01
3.3843818626477685e+09 6.3930396738446897e-05 5.7101565852895641e+09 6.2200590155414026e+05 5.3326662103055506e+09 1.1324711249520431e+09 1.0380932165669459e+25 9.1859533288094364e-01 2.9998663171557478e+00 6.3101432074721920e+01
3.3996402380510311e+09 6.3930389197366114e-05 5.7101556872038622e+09 6.2200587709643948e+05 5.3326653715925713e+09 1.1324709468338728e+09 1.0521971673180458e+25 9.2273668390114350e-01 2.9998663163892814e+00 6.3101424826810003e+01
3.4149674053428564e+09 6.3930381588136055e-05 5.7101547810021620e+09 6.2200585241771350e+05 5.3326645253001413e+09 1.1324707671060629e+09 1.0664927393180849e+25 9.2689670462684870e-01 2.9998663156193546e+00 6.3101417513430853e+01
3.4303636746692324e+09 6.3930373910141001e-05 5.7101538666110697e+09 6.2200582751595927e+05 5.3326636713597279e+09 1.1324705857540264e+09 1.0809825359854107e+25 9.3107547921026457e-01 2.9998663148459519e+00 6.3101410133991955e+01
3.4458293575744324e+09 6.3930366162759326e-05 5.7101529439566059e+09 6.2200580238916515e+05 5.3326628097022371e+09 1.1324704027631135e+09 1.0956691961087725e+25 9.3527309218272914e-01 2.9998663140690582e+00 6.3101402687898393e+01
3.4613647670073147e+09 6.3930358345364090e-05 5.7101520129641199e+09 6.2200577703529876e+05 5.3326619402579470e+09 1.1324702181185238e+09 1.1105553943278521e+25 9.3948962845641815e-01 2.9998663132886572e+00 6.3101395174549168e+01
3.4769702173276596e+09 6.3930350457322646e-05 5.7101510735582304e+09 6.2200575145230466e+05 5.3326610629564676e+09 1.1324700318052890e+09 1.1256438416203319e+25 9.4372517332605788e-01 2.9998663125047331e+00 6.3101387593336128e+01
3.4926460243125262e+09 6.3930342497996577e-05 5.7101501256629076e+09 6.2200572563811252e+05 5.3326601777267981e+09 1.1324698438083317e+09 1.1409372857955873e+25 9.4797981247064800e-01 2.9998663117172706e+00 6.3101379943646961e+01
3.5083925051626453e+09 6.3930334466741662e-05 5.7101491692014532e+09 6.2200569959063455e+05 5.3326592844973040e+09 1.1324696541124480e+09 1.1564385119950641e+25 9.5225363195518820e-01 2.9998663109262527e+00 6.3101372224864271e+01
3.5242099785088372e+09 6.3930326362907788e-05 5.7101482040964365e+09 6.2200567330776178e+05 5.3326583831956768e+09 1.1324694627022796e+09 1.1721503431994806e+25 9.5654671823241622e-01 2.9998663101316638e+00 6.3101364436364491e+01
3.5400987644184575e+09 6.3930318185839133e-05 5.7101472302697601e+09 6.2200564678736753e+05 5.3326574737489815e+09 1.1324692695623388e+09 1.1880756407429048e+25 9.6085915814455192e-01 2.9998663093334881e+00 6.3101356577518516e+01
3.5560591844018764e+09 6.3930309934874009e-05 5.7101462476426144e+09 6.2200562002730463e+05 5.3326565560836182e+09 1.1324690746769893e+09 1.2042173048338142e+25 9.6519103892504776e-01 2.9998663085317085e+00 6.3101348647691303e+01
3.5720915614189825e+09 6.3930301609344467e-05 5.7101452561354618e+09 6.2200559302540775e+05 5.3326556301253071e+09 1.1324688780304627e+09 1.2205782750832346e+25 9.6954244820035063e-01 2.9998663077263097e+00 6.3101340646242591e+01
3.5881962198857183e+09 6.3930293208576890e-05 5.7101442556680517e+09 6.2200556577948970e+05 5.3326546957991104e+09 1.1324686796068308e+09 1.2371615310400747e+25 9.7391347399166894e-01 2.9998663069172751e+00 6.3101332572525429e+01
3.6043734856806459e+09 6.3930284731891039e-05 5.7101432461594267e+09 6.2200553828734858e+05 5.3326537530294094e+09 1.1324684793900585e+09 1.2539700927336955e+25 9.7830420471674817e-01 2.9998663061045878e+00 6.3101324425888969e+01
3.6206236861515398e+09 6.3930276178601154e-05 5.7101422275278769e+09 6.2200551054675621e+05 5.3326528017399025e+09 1.1324682773639193e+09 1.2710070212238917e+25 9.8271472919165470e-01 2.9998663052882315e+00 6.3101316205674152e+01
3.6369471501220102e+09 6.3930267548014769e-05 5.7101411996909637e+09 6.2200548255546996e+05 5.3326518418536053e+09 1.1324680735120819e+09 1.2882754191583093e+25 9.8714513663256753e-01 2.9998663044681897e+00 6.3101307911217845e+01
3.6533442078981600e+09 6.3930258839433481e-05 5.7101401625654964e+09 6.2200545431122230e+05 5.3326508732928200e+09 1.1324678678180327e+09 1.3057784313374573e+25 9.9159551665757728e-01 2.9998663036444455e+00 6.3101299541849613e+01
3.6698151912752647e+09 6.3930250052152452e-05 5.7101391160675354e+09 6.2200542581172753e+05 5.3326498959791594e+09 1.1324676602651269e+09 1.3235192452873974e+25 9.9606595928849517e-01 2.9998663028169825e+00 6.3101291096893554e+01
3.6863604335444889e+09 6.3930241185460566e-05 5.7101380601123686e+09 6.2200539705467713e+05 5.3326489098335199e+09 1.1324674508365531e+09 1.3415010918401910e+25 1.0005565549526678e+00 2.9998663019857839e+00 6.3101282575667014e+01
3.7029802694996290e+09 6.3930232238640055e-05 5.7101369946145744e+09 6.2200536803774792e+05 5.3326479147761116e+09 1.1324672395153928e+09 1.3597272457222620e+25 1.0050673944848014e+00 2.9998663011508326e+00 6.3101273977483181e+01
3.7196750354438882e+09 6.3930223210966847e-05 5.7101359194879017e+09 6.2200533875858993e+05 5.3326469107263927e+09 1.1324670262845328e+09 1.3782010261507262e+25 1.0095985691287941e+00 2.9998663003121120e+00 6.3101265301647274e+01
3.7364450691966825e+09 6.3930214101710325e-05 5.7101348346453257e+09 6.2200530921483180e+05 5.3326458976030912e+09 1.1324668111267042e+09 1.3969257974378377e+25 1.0141501705395752e+00 2.9998662994696041e+00 6.3101256547458178e+01
3.7532907101004753e+09 6.3930204910133274e-05 5.7101337399990520e+09 6.2200527940408303e+05 5.3326448753242216e+09 1.1324665940244982e+09 1.4159049696036524e+25 1.0187222907849569e+00 2.9998662986232931e+00 6.3101247714209066e+01
3.7702122990276442e+09 6.3930195635491659e-05 5.7101326354604759e+09 6.2200524932393013e+05 5.3326438438070307e+09 1.1324663749603395e+09 1.4351419989969878e+25 1.0233150223474858e+00 2.9998662977731607e+00 6.3101238801186476e+01
3.7872101783873796e+09 6.3930186277034995e-05 5.7101315209402409e+09 6.2200521897194115e+05 5.3326428029680700e+09 1.1324661539165175e+09 1.4546403889248499e+25 1.0279284581263139e+00 2.9998662969191900e+00 6.3101229807671423e+01
3.8042846921326113e+09 6.3930176834005724e-05 5.7101303963480978e+09 6.2200518834565580e+05 5.3326417527230606e+09 1.1324659308751154e+09 1.4744036902903880e+25 1.0325626914390664e+00 2.9998662960613642e+00 6.3101220732936611e+01
3.8214361857669711e+09 6.3930167305639726e-05 5.7101292615930691e+09 6.2200515744259814e+05 5.3326406929870348e+09 1.1324657058181028e+09 1.4944355022395324e+25 1.0372178160237286e+00 2.9998662951996651e+00 6.3101211576249874e+01
3.8386650063517818e+09 6.3930157691165728e-05 5.7101281165833025e+09 6.2200512626026641e+05 5.3326396236742172e+09 1.1324654787272613e+09 1.5147394728164098e+25 1.0418939260405329e+00 2.9998662943340753e+00 6.3101202336871943e+01
3.8559715025130806e+09 6.3930147989805624e-05 5.7101269612261162e+09 6.2200509479613532e+05 5.3326385446980515e+09 1.1324652495842009e+09 1.5353192996276604e+25 1.0465911160738590e+00 2.9998662934645774e+00 6.3101193014056136e+01
3.8733560244486752e+09 6.3930138200774290e-05 5.7101257954280357e+09 6.2200506304766075e+05 5.3326374559712400e+09 1.1324650183703942e+09 1.5561787305157801e+25 1.0513094811341397e+00 2.9998662925911539e+00 6.3101183607050437e+01
3.8908189239352274e+09 6.3930128323279309e-05 5.7101246190946751e+09 6.2200503101227107e+05 5.3326363574056387e+09 1.1324647850671141e+09 1.5773215642416234e+25 1.0560491166597790e+00 2.9998662917137868e+00 6.3101174115094892e+01
3.9083605543353729e+09 6.3930118356521503e-05 5.7101234321308575e+09 6.2200499868737394e+05 5.3326352489123640e+09 1.1324645496554825e+09 1.5987516511761497e+25 1.0608101185190737e+00 2.9998662908324585e+00 6.3101164537422939e+01
3.9259812706048713e+09 6.3930108299694021e-05 5.7101222344404917e+09 6.2200496607035236e+05 5.3326341304016771e+09 1.1324643121164412e+09 1.6204728940016115e+25 1.0655925830121487e+00 2.9998662899471507e+00 6.3101154873261201e+01
3.9436814292997894e+09 6.3930098151983007e-05 5.7101210259266777e+09 6.2200493315856881e+05 5.3326330017830839e+09 1.1324640724307835e+09 1.6424892484222101e+25 1.0703966068728961e+00 2.9998662890578456e+00 6.3101145121830037e+01
3.9614613885837150e+09 6.3930087912567111e-05 5.7101198064915991e+09 6.2200489994935878e+05 5.3326318629652309e+09 1.1324638305791054e+09 1.6648047238844646e+25 1.0752222872709285e+00 2.9998662881645251e+00 6.3101135282341971e+01
3.9793215082350039e+09 6.3930077580617704e-05 5.7101185760365305e+09 6.2200486644003098e+05 5.3326307138559284e+09 1.1324635865418084e+09 1.6874233843073248e+25 1.0800697218135353e+00 2.9998662872671713e+00 6.3101125354001582e+01
3.9972621496540618e+09 6.3930067155298554e-05 5.7101173344619341e+09 6.2200483262787759e+05 5.3326295543622112e+09 1.1324633402991729e+09 1.7103493488222309e+25 1.0849390085476516e+00 2.9998662863657657e+00 6.3101115336008576e+01
4.0152836758706570e+09 6.3930056635765962e-05 5.7101160816673164e+09 6.2200479851016053e+05 5.3326283843902302e+09 1.1324630918312600e+09 1.7335867925231994e+25 1.0898302459618345e+00 2.9998662854602896e+00 6.3101105227553582e+01
4.0333864515512643e+09 6.3930046021168450e-05 5.7101148175512743e+09 6.2200476408411819e+05 5.3326272038452883e+09 1.1324628411179588e+09 1.7571399472271251e+25 1.0947435329882489e+00 2.9998662845507256e+00 6.3101095027820612e+01
4.0515708430064459e+09 6.3930035310646869e-05 5.7101135420114899e+09 6.2200472934696381e+05 5.3326260126318321e+09 1.1324625881389751e+09 1.7810131022444006e+25 1.0996789690046609e+00 2.9998662836370542e+00 6.3101084735986248e+01
4.0698372181982632e+09 6.3930024503334657e-05 5.7101122549447756e+09 6.2200469429588760e+05 5.3326248106534929e+09 1.1324623328738477e+09 1.8052106051599948e+25 1.1046366538364403e+00 2.9998662827192577e+00 6.3101074351219786e+01
4.0881859467477236e+09 6.3930013598356890e-05 5.7101109562469053e+09 6.2200465892804926e+05 5.3326235978129406e+09 1.1324620753018925e+09 1.8297368626251788e+25 1.1096166877585765e+00 2.9998662817973165e+00 6.3101063872682175e+01
4.1066173999422569e+09 6.3930002594831095e-05 5.7101096458128262e+09 6.2200462324059033e+05 5.3326223740120611e+09 1.1324618154022939e+09 1.8545963411599453e+25 1.1146191714976941e+00 2.9998662808712129e+00 6.3101053299528552e+01
4.1251319507432318e+09 6.3929991491866776e-05 5.7101083235364676e+09 6.2200458723062044e+05 5.3326211391518002e+09 1.1324615531540029e+09 1.8797935679663970e+25 1.1196442062340872e+00 2.9998662799409268e+00 6.3101042630904807e+01
4.1437299737935004e+09 6.3929980288565143e-05 5.7101069893108063e+09 6.2200455089522572e+05 5.3326198931322060e+09 1.1324612885358007e+09 1.9053331317531287e+25 1.1246918936037569e+00 2.9998662790064405e+00 6.3101031865950205e+01
4.1624118454249802e+09 6.3929968984019790e-05 5.7101056430278683e+09 6.2200451423146366e+05 5.3326186358524504e+09 1.1324610215262587e+09 1.9312196835708614e+25 1.1297623357004598e+00 2.9998662780677345e+00 6.3101021003794948e+01
4.1811779436662688e+09 6.3929957577315460e-05 5.7101042845786819e+09 6.2200447723636799e+05 5.3326173672107582e+09 1.1324607521037762e+09 1.9574579376593737e+25 1.1348556350777650e+00 2.9998662771247901e+00 6.3101010043562894e+01
4.2000286482502928e+09 6.3929946067529294e-05 5.7101029138533440e+09 6.2200443990694522e+05 5.3326160871044912e+09 1.1324604802465537e+09 1.9840526723059727e+25 1.1399718947511215e+00 2.9998662761775874e+00 6.3100998984369326e+01
4.2189643406219935e+09 6.3929934453729541e-05 5.7101015307408791e+09 6.2200440224017273e+05 5.3326147954300184e+09 1.1324602059325800e+09 2.0110087307156398e+25 1.1451112181999346e+00 2.9998662752261072e+00 6.3100987825321361e+01
4.2379854039460435e+09 6.3929922734976444e-05 5.7101001351293745e+09 6.2200436423300253e+05 5.3326134920828228e+09 1.1324599291396592e+09 2.0383310218929540e+25 1.1502737093696485e+00 2.9998662742703308e+00 6.3100976565518259e+01
4.2570922231146011e+09 6.3929910910321352e-05 5.7100987269058847e+09 6.2200432588235987e+05 5.3326121769574175e+09 1.1324596498453999e+09 2.0660245215360236e+25 1.1554594726738436e+00 2.9998662733102384e+00 6.3100965204051917e+01
4.2762851847550988e+09 6.3929898978807551e-05 5.7100973059564114e+09 6.2200428718513693e+05 5.3326108499473572e+09 1.1324593680271702e+09 2.0940942729425764e+25 1.1606686129963397e+00 2.9998662723458107e+00 6.3100953740003831e+01
4.2955646772380648e+09 6.3929886939469152e-05 5.7100958721660004e+09 6.2200424813820655e+05 5.3326095109452686e+09 1.1324590836621983e+09 2.1225453879283181e+25 1.1659012356933067e+00 2.9998662713770279e+00 6.3100942172450523e+01
4.3149310906849852e+09 6.3929874791331960e-05 5.7100944254185829e+09 6.2200420873840502e+05 5.3326081598427696e+09 1.1324587967274449e+09 2.1513830477578068e+25 1.1711574465953911e+00 2.9998662704038699e+00 6.3100930500457160e+01
4.3343848169761944e+09 6.3929862533412590e-05 5.7100929655970774e+09 6.2200416898254491e+05 5.3326067965305119e+09 1.1324585071996984e+09 2.1806125040879516e+25 1.1764373520098454e+00 2.9998662694263176e+00 6.3100918723082358e+01
4.3539262497588072e+09 6.3929850164719254e-05 5.7100914925833445e+09 6.2200412886740756e+05 5.3326054208981724e+09 1.1324582150555205e+09 2.2102390799243272e+25 1.1817410587226702e+00 2.9998662684443511e+00 6.3100906839374957e+01
4.3735557844546833e+09 6.3929837684250732e-05 5.7100900062581730e+09 6.2200408838974708e+05 5.3326040328344145e+09 1.1324579202712736e+09 2.2402681705904939e+25 1.1870686740007657e+00 2.9998662674579495e+00 6.3100894848376512e+01
4.3932738182684307e+09 6.3929825090996967e-05 5.7100885065012751e+09 6.2200404754628800e+05 5.3326026322269087e+09 1.1324576228231056e+09 2.2707052447104851e+25 1.1924203055940934e+00 2.9998662664670941e+00 6.3100882749119251e+01
4.4130807501954393e+09 6.3929812383938797e-05 5.7100869931912670e+09 6.2200400633372297e+05 5.3326012189622898e+09 1.1324573226869311e+09 2.3015558452046122e+25 1.1977960617378445e+00 2.9998662654717636e+00 6.3100870540626609e+01
4.4329769810299568e+09 6.3929799562047977e-05 5.7100854662056932e+09 6.2200396474871738e+05 5.3325997929262047e+09 1.1324570198384678e+09 2.3328255902988409e+25 1.2031960511546216e+00 2.9998662644719385e+00 6.3100858221913178e+01
4.4529629133732004e+09 6.3929786624286505e-05 5.7100839254209595e+09 6.2200392278790614e+05 5.3325983540032244e+09 1.1324567142532103e+09 2.3645201745478544e+25 1.2086203830566276e+00 2.9998662634675979e+00 6.3100845791985435e+01
4.4730389516414995e+09 6.3929773569607545e-05 5.7100823707123766e+09 6.2200388044789177e+05 5.3325969020769053e+09 1.1324564059064178e+09 2.3966453698720146e+25 1.2140691671478658e+00 2.9998662624587222e+00 6.3100833249839745e+01
4.4932055020744839e+09 6.3929760396954445e-05 5.7100808019541206e+09 6.2200383772524819e+05 5.3325954370297403e+09 1.1324560947731407e+09 2.4292070266084216e+25 1.2195425136263500e+00 2.9998662614452898e+00 6.3100820594464381e+01
4.5134629727432995e+09 6.3929747105261070e-05 5.7100792190192318e+09 6.2200379461651831e+05 5.3325939587431650e+09 1.1324557808282044e+09 2.4622110745762376e+25 1.2250405331863219e+00 2.9998662604272810e+00 6.3100807824838292e+01
4.5338117735588684e+09 6.3929733693451931e-05 5.7100776217796135e+09 6.2200375111821201e+05 5.3325924670975494e+09 1.1324554640461931e+09 2.4956635241565030e+25 1.2305633370204816e+00 2.9998662594046746e+00 6.3100794939930687e+01
4.5542523162801838e+09 6.3929720160441335e-05 5.7100760101059923e+09 6.2200370722680981e+05 5.3325909619721661e+09 1.1324551444014778e+09 2.5295704673865922e+25 1.2361110368222277e+00 2.9998662583774500e+00 6.3100781938702305e+01
4.5747850145226374e+09 6.3929706505134294e-05 5.7100743838679419e+09 6.2200366293875803e+05 5.3325894432452145e+09 1.1324548218681800e+09 2.5639380790695723e+25 1.2416837447879023e+00 2.9998662573455861e+00 6.3100768820103603e+01
4.5954102837663975e+09 6.3929692726425353e-05 5.7100727429338360e+09 6.2200361825047317e+05 5.3325879107937689e+09 1.1324544964202046e+09 2.5987726178986076e+25 1.2472815736190568e+00 2.9998662563090619e+00 6.3100755583076669e+01
4.6161285413648071e+09 6.3929678823199655e-05 5.7100710871708937e+09 6.2200357315833773e+05 5.3325863644938240e+09 1.1324541680312083e+09 2.6340804275966377e+25 1.2529046365247136e+00 2.9998662552678570e+00 6.3100742226553010e+01
4.6369402065528355e+09 6.3929664794331960e-05 5.7100694164451180e+09 6.2200352765870304e+05 5.3325848042202454e+09 1.1324538366746211e+09 2.6698679380715671e+25 1.2585530472236517e+00 2.9998662542219492e+00 6.3100728749455186e+01
4.6578457004555578e+09 6.3929650638686771e-05 5.7100677306212711e+09 6.2200348174788500e+05 5.3325832298467340e+09 1.1324535023236153e+09 2.7061416665870972e+25 1.2642269199466920e+00 2.9998662531713181e+00 6.3100715150695713e+01
4.6788454460966787e+09 6.3929636355118547e-05 5.7100660295629644e+09 6.2200343542217091e+05 5.3325816412459154e+09 1.1324531649511545e+09 2.7429082189495243e+25 1.2699263694389997e+00 2.9998662521159418e+00 6.3100701429178152e+01
4.6999398684070902e+09 6.3929621942471310e-05 5.7100643131324873e+09 6.2200338867780706e+05 5.3325800382891865e+09 1.1324528245299041e+09 2.7801742907106109e+25 1.2756515109623918e+00 2.9998662510557992e+00 6.3100687583794347e+01
4.7211293942334728e+09 6.3929607399578636e-05 5.7100625811909742e+09 6.2200334151101438e+05 5.3325784208468590e+09 1.1324524810323446e+09 2.8179466683868143e+25 1.2814024602976586e+00 2.9998662499908684e+00 6.3100673613428349e+01
4.7424144523469324e+09 6.3929592725263555e-05 5.7100608335982208e+09 6.2200329391797190e+05 5.3325767887880058e+09 1.1324521344306512e+09 2.8562322306950988e+25 1.2871793337468955e+00 2.9998662489211276e+00 6.3100659516952213e+01
4.7637954734516716e+09 6.3929577918338419e-05 5.7100590702128468e+09 6.2200324589483207e+05 5.3325751419805775e+09 1.1324517846968062e+09 2.8950379498054898e+25 1.2929822481358408e+00 2.9998662478465556e+00 6.3100645293230059e+01
4.7852728901937122e+09 6.3929562977604887e-05 5.7100572908920927e+09 6.2200319743770408e+05 5.3325734802912683e+09 1.1324514318024762e+09 2.9343708926106904e+25 1.2988113208162309e+00 2.9998662467671302e+00 6.3100630941113081e+01
4.8068471371696453e+09 6.3929547901853991e-05 5.7100554954919815e+09 6.2200314854266611e+05 5.3325718035856142e+09 1.1324510757191026e+09 2.9742382220129172e+25 1.3046666696681579e+00 2.9998662456828291e+00 6.3100616459443714e+01
4.8285186509354277e+09 6.3929532689865339e-05 5.7100536838672400e+09 6.2200309920576564e+05 5.3325701117279396e+09 1.1324507164179029e+09 3.0146471982282369e+25 1.3105484131024454e+00 2.9998662445936310e+00 6.3100601847055181e+01
4.8502878700152121e+09 6.3929517340408174e-05 5.7100518558712130e+09 6.2200304942300310e+05 5.3325684045812969e+09 1.1324503538697524e+09 3.0556051801085864e+25 1.3164566700630305e+00 2.9998662434995134e+00 6.3100587102766674e+01
4.8721552349102259e+09 6.3929501852239972e-05 5.7100500113560104e+09 6.2200299919035519e+05 5.3325666820075588e+09 1.1324499880453527e+09 3.0971196264818065e+25 1.3223915600293554e+00 2.9998662424004539e+00 6.3100572225390756e+01
4.8941211881076794e+09 6.3929486224107367e-05 5.7100481501723213e+09 6.2200294850375294e+05 5.3325649438672981e+09 1.1324496189150743e+09 3.1391980975098269e+25 1.3283532030187750e+00 2.9998662412964299e+00 6.3100557213726361e+01
4.9161861740897245e+09 6.3929470454745707e-05 5.7100462721695385e+09 6.2200289735909365e+05 5.3325631900198593e+09 1.1324492464490407e+09 3.1818482560653280e+25 1.3343417195889682e+00 2.9998662401874197e+00 6.3100542066562419e+01
4.9383506393424444e+09 6.3929454542878668e-05 5.7100443771956730e+09 6.2200284575223853e+05 5.3325614203233023e+09 1.1324488706171134e+09 3.2250778691271115e+25 1.3403572308403664e+00 2.9998662390734001e+00 6.3100526782677505e+01
4.9606150323648911e+09 6.3929438487218463e-05 5.7100424650973997e+09 6.2200279367901408e+05 5.3325596346344337e+09 1.1324484913889010e+09 3.2688948091943983e+25 1.3463998584185881e+00 2.9998662379543490e+00 6.3100511360839690e+01
4.9829798036781597e+09 6.3929422286465714e-05 5.7100405357199316e+09 6.2200274113520118e+05 5.3325578328087044e+09 1.1324481087336802e+09 3.3133070557203703e+25 1.3524697245168882e+00 2.9998662368302429e+00 6.3100495799804115e+01
5.0054454058345060e+09 6.3929405939309460e-05 5.7100385889071655e+09 6.2200268811654975e+05 5.3325560147003326e+09 1.1324477226205015e+09 3.3583226965651587e+25 1.3585669518786119e+00 2.9998662357010595e+00 6.3100480098315913e+01
5.0280122934265013e+09 6.3929389444426595e-05 5.7100366245015345e+09 6.2200263461876800e+05 5.3325541801621637e+09 1.1324473330181129e+09 3.4039499294685950e+25 1.3646916637996696e+00 2.9998662345667753e+00 6.3100464255109003e+01
5.0506809230962343e+09 6.3929372800482329e-05 5.7100346423440762e+09 6.2200258063752647e+05 5.3325523290457487e+09 1.1324469398949866e+09 3.4501970635429462e+25 1.3708439841310120e+00 2.9998662334273676e+00 6.3100448268905396e+01
5.0734517535445480e+09 6.3929356006129487e-05 5.7100326422743855e+09 6.2200252616845770e+05 5.3325504612012777e+09 1.1324465432193196e+09 3.4970725207859452e+25 1.3770240372811253e+00 2.9998662322828133e+00 6.3100432138416622e+01
5.0963252455403242e+09 6.3929339060009077e-05 5.7100306241305780e+09 6.2200247120715026e+05 5.3325485764775829e+09 1.1324461429589877e+09 3.5445848376143656e+25 1.3832319482185287e+00 2.9998662311330890e+00 6.3100415862340668e+01
5.1193018619298067e+09 6.3929321960749623e-05 5.7100285877493496e+09 6.2200241574915755e+05 5.3325466747221460e+09 1.1324457390816114e+09 3.5927426664184335e+25 1.3894678424742923e+00 2.9998662299781711e+00 6.3100399439365454e+01
5.1423820676459656e+09 6.3929304706967290e-05 5.7100265329659166e+09 6.2200235978999245e+05 5.3325447557810774e+09 1.1324453315545156e+09 3.6415547771373510e+25 1.3957318461445587e+00 2.9998662288180364e+00 6.3100382868167202e+01
5.1655663297179070e+09 6.3929287297265721e-05 5.7100244596139717e+09 6.2200230332512455e+05 5.3325428194990683e+09 1.1324449203447101e+09 3.6910300588562307e+25 1.4020240858930804e+00 2.9998662276526611e+00 6.3100366147408998e+01
5.1888551172803211e+09 6.3929269730236116e-05 5.7100223675257292e+09 6.2200224634998268e+05 5.3325408657194252e+09 1.1324445054189081e+09 3.7411775214247016e+25 1.4083446889537647e+00 2.9998662264820215e+00 6.3100349275742154e+01
5.2122489015829773e+09 6.3929252004456694e-05 5.7100202565318832e+09 6.2200218885995680e+05 5.3325388942840376e+09 1.1324440867435398e+09 3.7920062970975399e+25 1.4146937831332340e+00 2.9998662253060937e+00 6.3100332251806641e+01
5.2357481560002604e+09 6.3929234118492839e-05 5.7100181264616241e+09 6.2200213085039658e+05 5.3325369050333757e+09 1.1324436642847419e+09 3.8435256421975522e+25 1.4210714968133946e+00 2.9998662241248542e+00 6.3100315074230416e+01
5.2593533560407467e+09 6.3929216070897262e-05 5.7100159771425419e+09 6.2200207231660304e+05 5.3325348978064423e+09 1.1324432380082967e+09 3.8957449388010654e+25 1.4274779589540183e+00 2.9998662229382784e+00 6.3100297741627223e+01
5.2830649793568268e+09 6.3929197860209354e-05 5.7100138084007263e+09 6.2200201325384155e+05 5.3325328724408188e+09 1.1324428078797276e+09 3.9486736964462955e+25 1.4339132990953334e+00 2.9998662217463421e+00 6.3100280252600179e+01
5.3068835057543745e+09 6.3929179484955331e-05 5.7100116200606451e+09 6.2200195365732932e+05 5.3325308287725763e+09 1.1324423738642068e+09 4.0023215538649691e+25 1.4403776473606311e+00 2.9998662205490216e+00 6.3100262605738571e+01
5.3308094172024508e+09 6.3929160943648048e-05 5.7100094119452219e+09 6.2200189352224558e+05 5.3325287666363468e+09 1.1324419359266298e+09 4.0566982807373907e+25 1.4468711344588794e+00 2.9998662193462922e+00 6.3100244799620285e+01
5.3548431978430576e+09 6.3929142234787049e-05 5.7100071838757811e+09 6.2200183284372394e+05 5.3325266858652611e+09 1.1324414940315607e+09 4.1118137794714377e+25 1.4533938916873508e+00 2.9998662181381297e+00 6.3100226832810009e+01
5.3789853340009365e+09 6.3929123356858356e-05 5.7100049356719828e+09 6.2200177161685051e+05 5.3325245862909107e+09 1.1324410481432168e+09 4.1676780870056459e+25 1.4599460509342612e+00 2.9998662169245089e+00 6.3100208703857966e+01
5.4032363141934080e+09 6.3929104308334191e-05 5.7100026671519260e+09 6.2200170983667299e+05 5.3325224677434149e+09 1.1324405982255363e+09 4.2243013766368365e+25 1.4665277446814211e+00 2.9998662157054055e+00 6.3100190411303714e+01
5.4275966291402578e+09 6.3929085087672968e-05 5.7100003781319857e+09 6.2200164749818761e+05 5.3325203300512924e+09 1.1324401442420828e+09 4.2816939598725592e+25 1.4731391060068963e+00 2.9998662144807948e+00 6.3100171953671328e+01
5.4520667717736645e+09 6.3929065693319197e-05 5.7099980684269762e+09 6.2200158459635382e+05 5.3325181730415916e+09 1.1324396861561520e+09 4.3398662883086941e+25 1.4797802685876849e+00 2.9998662132506513e+00 6.3100153329474210e+01
5.4766472372481766e+09 6.3929046123703385e-05 5.7099957378499460e+09 6.2200152112607751e+05 5.3325159965397320e+09 1.1324392239306495e+09 4.3988289555325462e+25 1.4864513667024002e+00 2.9998662120149509e+00 6.3100134537209883e+01
5.5013385229507294e+09 6.3929026377241758e-05 5.7099933862123222e+09 6.2200145708222385e+05 5.3325138003695927e+09 1.1324387575281839e+09 4.4585926990518162e+25 1.4931525352339703e+00 2.9998662107736673e+00 6.3100115575364221e+01
5.5261411285107126e+09 6.3929006452336445e-05 5.7099910133237867e+09 6.2200139245960815e+05 5.3325115843534546e+09 1.1324382869110019e+09 4.5191684022497736e+25 1.4998839096723500e+00 2.9998662095267763e+00 6.3100096442407995e+01
5.5510555558100777e+09 6.3928986347374709e-05 5.7099886189923210e+09 6.2200132725300244e+05 5.3325093483119774e+09 1.1324378120410345e+09 4.5805670963669730e+25 1.5066456261172385e+00 2.9998662082742520e+00 6.3100077136799818e+01
5.5760823089934950e+09 6.3928966060729868e-05 5.7099862030241375e+09 6.2200126145712426e+05 5.3325070920642014e+09 1.1324373328798158e+09 4.6427999625098794e+25 1.5134378212808166e+00 2.9998662070160687e+00 6.3100057656981733e+01
5.6012218944785538e+09 6.3928945590759978e-05 5.7099837652237701e+09 6.2200119506665389e+05 5.3325048154275675e+09 1.1324368493886087e+09 4.7058783336868227e+25 1.5202606324904919e+00 2.9998662057522010e+00 6.3100038001385158e+01
5.6264748209660110e+09 6.3928924935808501e-05 5.7099813053939257e+09 6.2200112807621690e+05 5.3325025182178345e+09 1.1324363615282784e+09 4.7698136968715586e+25 1.5271141976916569e+00 2.9998662044826232e+00 6.3100018168425450e+01
5.6518415994500856e+09 6.3928904094203895e-05 5.7099788233355446e+09 6.2200106048039114e+05 5.3325002002490988e+09 1.1324358692593415e+09 4.8346176950949078e+25 1.5339986554504605e+00 2.9998662032073096e+00 6.3099998156503943e+01
5.6773227432287960e+09 6.3928883064259616e-05 5.7099763188477869e+09 6.2200099227370694e+05 5.3324978613337984e+09 1.1324353725419698e+09 4.9003021295647741e+25 1.5409141449565900e+00 2.9998662019262339e+00 6.3099977964007834e+01
5.7029187679143476e+09 6.3928861844273806e-05 5.7099737917279434e+09 6.2200092345064040e+05 5.3324955012826290e+09 1.1324348713359394e+09 4.9668789618149502e+25 1.5478608060260663e+00 2.9998662006393704e+00 6.3099957589308616e+01
5.7286301914435692e+09 6.3928840432529060e-05 5.7099712417715435e+09 6.2200085400562594e+05 5.3324931199046345e+09 1.1324343656007233e+09 5.0343603158831868e+25 1.5548387791040528e+00 2.9998661993466924e+00 6.3099937030765453e+01
5.7544575340883875e+09 6.3928818827292756e-05 5.7099686687722483e+09 6.2200078393304301e+05 5.3324907170071163e+09 1.1324338552953944e+09 5.1027584805187168e+25 1.5618482052676723e+00 2.9998661980481738e+00 6.3099916286721275e+01
5.7804013184663601e+09 6.3928797026816360e-05 5.7099660725218134e+09 6.2200071322721848e+05 5.3324882923955975e+09 1.1324333403786428e+09 5.1720859114199341e+25 1.5688892262288432e+00 2.9998661967437883e+00 6.3099895355503847e+01
5.8064620695512486e+09 6.3928775029335809e-05 5.7099634528101511e+09 6.2200064188242983e+05 5.3324858458738842e+09 1.1324328208087983e+09 5.2423552335023012e+25 1.5759619843371229e+00 2.9998661954335093e+00 6.3099874235426057e+01
5.8326403146836414e+09 6.3928752833070787e-05 5.7099608094252644e+09 6.2200056989290379e+05 5.3324833772439919e+09 1.1324322965438225e+09 5.3135792431971839e+25 1.5830666225825638e+00 2.9998661941173097e+00 6.3099852924786262e+01
5.8589365835816269e+09 6.3928730436225206e-05 5.7099581421532736e+09 6.2200049725281517e+05 5.3324808863061752e+09 1.1324317675412977e+09 5.3857709107818706e+25 1.5902032845985885e+00 2.9998661927951633e+00 6.3099831421867457e+01
5.8853514083515062e+09 6.3928707836986536e-05 5.7099554507783089e+09 6.2200042395628337e+05 5.3324783728588428e+09 1.1324312337584035e+09 5.4589433827412121e+25 1.5973721146648654e+00 2.9998661914670430e+00 6.3099809724936179e+01
5.9118853234985676e+09 6.3928685033525851e-05 5.7099527350825949e+09 6.2200034999737842e+05 5.3324758366986103e+09 1.1324306951519601e+09 5.5331099841614174e+25 1.6045732577102114e+00 2.9998661901329218e+00 6.3099787832244772e+01
5.9385388659378977e+09 6.3928662023997920e-05 5.7099499948463507e+09 6.2200027537011146e+05 5.3324732776202316e+09 1.1324301516783586e+09 5.6082842211562628e+25 1.6118068593154973e+00 2.9998661887927720e+00 6.3099765742028062e+01
5.9653125750052471e+09 6.3928638806540572e-05 5.7099472298478661e+09 6.2200020006844704e+05 5.3324706954166489e+09 1.1324296032936511e+09 5.6844797833263670e+25 1.6190730657165688e+00 2.9998661874465666e+00 6.3099743452507489e+01
5.9922069924679461e+09 6.3928615379275059e-05 5.7099444398633652e+09 6.2200012408628734e+05 5.3324680898788862e+09 1.1324290499534354e+09 5.7617105462517933e+25 1.6263720238071824e+00 2.9998661860942786e+00 6.3099720961885659e+01
6.0192226625358629e+09 6.3928591740305534e-05 5.7099416246671019e+09 6.2200004741748539e+05 5.3324654607961178e+09 1.1324284916129520e+09 5.8399905740185485e+25 1.6337038811419520e+00 2.9998661847358798e+00 6.3099698268351354e+01
6.0463601318724184e+09 6.3928567887719056e-05 5.7099387840312452e+09 6.2199997005583392e+05 5.3324628079555779e+09 1.1324279282270019e+09 5.9193341217793699e+25 1.6410687859393089e+00 2.9998661833713429e+00 6.3099675370075268e+01
6.0736199496056499e+09 6.3928543819585245e-05 5.7099359177259541e+09 6.2199989199507539e+05 5.3324601311426144e+09 1.1324273597500200e+09 5.9997556383493457e+25 1.6484668870844763e+00 2.9998661820006398e+00 6.3099652265213670e+01
6.1010026673393173e+09 6.3928519533956453e-05 5.7099330255192595e+09 6.2199981322888937e+05 5.3324574301405993e+09 1.1324267861359837e+09 6.0812697688367291e+25 1.6558983341324549e+00 2.9998661806237430e+00 6.3099628951904130e+01
6.1285088391640720e+09 6.3928495028867428e-05 5.7099301071771431e+09 6.2199973375090305e+05 5.3324547047309809e+09 1.1324262073384895e+09 6.1638913573095688e+25 1.6633632773110238e+00 2.9998661792406245e+00 6.3099605428268859e+01
6.1561390216686611e+09 6.3928470302335232e-05 5.7099271624634380e+09 6.2199965355468192e+05 5.3324519546932096e+09 1.1324256233106833e+09 6.2476354494984740e+25 1.6708618675237519e+00 2.9998661778512554e+00 6.3099581692412031e+01
6.1838937739511976e+09 6.3928445352358712e-05 5.7099241911398678e+09 6.2199957263373863e+05 5.3324491798047619e+09 1.1324250340053277e+09 6.3325172955361544e+25 1.6783942563530259e+00 2.9998661764556083e+00 6.3099557742422292e+01
6.2117736576304665e+09 6.3928420176918963e-05 5.7099211929659882e+09 6.2199949098152202e+05 5.3324463798410835e+09 1.1324244393747199e+09 6.4185523527341569e+25 1.6859605960630892e+00 2.9998661750536542e+00 6.3099533576369744e+01
6.2397792368572950e+09 6.3928394773978727e-05 5.7099181676992035e+09 6.2199940859142551e+05 5.3324435545756197e+09 1.1324238393707542e+09 6.5057562883972852e+25 1.6935610396030956e+00 2.9998661736453642e+00 6.3099509192307984e+01
6.2679110783259668e+09 6.3928369141482195e-05 5.7099151150946875e+09 6.2199932545678015e+05 5.3324407037797308e+09 1.1324232339448705e+09 6.5941449826763381e+25 1.7011957406101761e+00 2.9998661722307105e+00 6.3099484588272460e+01
6.2961697512856855e+09 6.3928343277355247e-05 5.7099120349054260e+09 6.2199924157085689e+05 5.3324378272227364e+09 1.1324226230480711e+09 6.6837345314594702e+25 1.7088648534125175e+00 2.9998661708096637e+00 6.3099459762280922e+01
6.3245558275520992e+09 6.3928317179504681e-05 5.7099089268821926e+09 6.2199915692687011e+05 5.3324349246718769e+09 1.1324220066309469e+09 6.7745412493029520e+25 1.7165685330324592e+00 2.9998661693821949e+00 6.3099434712334713e+01
6.3530698815188656e+09 6.3928290845818920e-05 5.7099057907734699e+09 6.2199907151796552e+05 5.3324319958922768e+09 1.1324213846435881e+09 6.8665816724016468e+25 1.7243069351895968e+00 2.9998661679482752e+00 6.3099409436414597e+01
6.3817124901692791e+09 6.3928264274166639e-05 5.7099026263255110e+09 6.2199898533723527e+05 5.3324290406469469e+09 1.1324207570356956e+09 6.9598725615998883e+25 1.7320802163039066e+00 2.9998661665078754e+00 6.3099383932486262e+01
6.4104842330879440e+09 6.3928237462397878e-05 5.7098994332822170e+09 6.2199889837769954e+05 5.3324260586967363e+09 1.1324201237564461e+09 7.0544309054432388e+25 1.7398885334988783e+00 2.9998661650609657e+00 6.3099358198493874e+01
6.4393856924725027e+09 6.3928210408342728e-05 5.7098962113852558e+09 6.2199881063232664e+05 5.3324230498003778e+09 1.1324194847546391e+09 7.1502739232717020e+25 1.7477320446046658e+00 2.9998661636075172e+00 6.3099332232366415e+01
6.4684174531454182e+09 6.3928183109812173e-05 5.7098929603738861e+09 6.2199872209401056e+05 5.3324200137143774e+09 1.1324188399785323e+09 7.2474190683549535e+25 1.7556109081612481e+00 2.9998661621474998e+00 6.3099306032011135e+01
6.4975801025658045e+09 6.3928155564597000e-05 5.7098896799850731e+09 6.2199863275558967e+05 5.3324169501930799e+09 1.1324181893759794e+09 7.3458840310701385e+25 1.7635252834216069e+00 2.9998661606808841e+00 6.3099279595319217e+01
6.5268742308413162e+09 6.3928127770468253e-05 5.7098863699533291e+09 6.2199854260982992e+05 5.3324138589885616e+09 1.1324175328943059e+09 7.4456867421228776e+25 1.7714753303549156e+00 2.9998661592076394e+00 6.3099252920160140e+01
6.5563004307400913e+09 6.3928099725176767e-05 5.7098830300108547e+09 6.2199845164943929e+05 5.3324107398507175e+09 1.1324168704804156e+09 7.5468453758119820e+25 1.7794612096497469e+00 2.9998661577277370e+00 6.3099226004386857e+01
6.5858592977027397e+09 6.3928071426453052e-05 5.7098796598873777e+09 6.2199835986705543e+05 5.3324075925271435e+09 1.1324162020807011e+09 7.6493783533385140e+25 1.7874830827172878e+00 2.9998661562411457e+00 6.3099198845831580e+01
6.6155514298543997e+09 6.3928042872007297e-05 5.7098762593102102e+09 6.2199826725525083e+05 5.3324044167631836e+09 1.1324155276410797e+09 7.7533043461598453e+25 1.7955411116945768e+00 2.9998661547478358e+00 6.3099171442307018e+01
6.6453774280168343e+09 6.3928014059528812e-05 5.7098728280041552e+09 6.2199817380652763e+05 5.3324012123018379e+09 1.1324148471069565e+09 7.8586422793892146e+25 1.8036354594477464e+00 2.9998661532477762e+00 6.3099143791605876e+01
6.6753378957205944e+09 6.3927984986685896e-05 5.7098693656915970e+09 6.2199807951332745e+05 5.3323979788838329e+09 1.1324141604232967e+09 7.9654113352414693e+25 1.8117662895752888e+00 2.9998661517409371e+00 6.3099115891502798e+01
6.7054334392172279e+09 6.3927955651126077e-05 5.7098658720923691e+09 6.2199798436801764e+05 5.3323947162475281e+09 1.1324134675345247e+09 8.0736309565256731e+25 1.8199337664113295e+00 2.9998661502272874e+00 6.3099087739750743e+01
6.7356646674915466e+09 6.3927926050475669e-05 5.7098623469237680e+09 6.2199788836289570e+05 5.3323914241289158e+09 1.1324127683845556e+09 8.1833208501850516e+25 1.8281380550289179e+00 2.9998661487067957e+00 6.3099059334082121e+01
6.7660321922739515e+09 6.3927896182339032e-05 5.7098587899005594e+09 6.2199779149019578e+05 5.3323881022616119e+09 1.1324120629168444e+09 8.2945009908851066e+25 1.8363793212433304e+00 2.9998661471794321e+00 6.3099030672210972e+01
6.7965366280528116e+09 6.3927866044299601e-05 5.7098552007349300e+09 6.2199769374207547e+05 5.3323847503768349e+09 1.1324113510742881e+09 8.4071916246504526e+25 1.8446577316153954e+00 2.9998661456451647e+00 6.3099001751828688e+01
6.8271785920868950e+09 6.3927835633918371e-05 5.7098515791364517e+09 6.2199759511062549e+05 5.3323813682033529e+09 1.1324106327992971e+09 8.5214132725509840e+25 1.8529734534548195e+00 2.9998661441039620e+00 6.3098972570607209e+01
6.8579587044178610e+09 6.3927804948734701e-05 5.7098479248121042e+09 6.2199749558786443e+05 5.3323779554675179e+09 1.1324099080337567e+09 8.6371867344381947e+25 1.8613266548235410e+00 2.9998661425557938e+00 6.3098943126197312e+01
6.8888775878828068e+09 6.3927773986265459e-05 5.7098442374661665e+09 6.2199739516573632e+05 5.3323745118931637e+09 1.1324091767190094e+09 8.7545330927322187e+25 1.8697175045390919e+00 2.9998661410006271e+00 6.3098913416227987e+01
6.9199358681268702e+09 6.3927742744005161e-05 5.7098405168002844e+09 6.2199729383611516e+05 5.3323710372016573e+09 1.1324084387958882e+09 8.8734737162602872e+25 1.8781461721779755e+00 2.9998661394384309e+00 6.3098883438307588e+01
6.9511341736158895e+09 6.3927711219425828e-05 5.7098367625134268e+09 6.2199719159080135e+05 5.3323675311118650e+09 1.1324076942046895e+09 8.9940302641473544e+25 1.8866128280790606e+00 2.9998661378691733e+00 6.3098853190023149e+01
6.9824731356491232e+09 6.3927679409976452e-05 5.7098329743017836e+09 6.2199708842151845e+05 5.3323639933400669e+09 1.1324069428851514e+09 9.1162246897595466e+25 1.8951176433469872e+00 2.9998661362928223e+00 6.3098822668938944e+01
7.0139533883720179e+09 6.3927647313083086e-05 5.7098291518588715e+09 6.2199698431992019e+05 5.3323604236000385e+09 1.1324061847765026e+09 9.2400792447011831e+25 1.9036607898555902e+00 2.9998661347093454e+00 6.3098791872598881e+01
7.0455755687890463e+09 6.3927614926148412e-05 5.7098252948753643e+09 6.2199687927757902e+05 5.3323568216029043e+09 1.1324054198173811e+09 9.3656164828660694e+25 1.9122424402513389e+00 2.9998661331187106e+00 6.3098760798523337e+01
7.0773403167765961e+09 6.3927582246551957e-05 5.7098214030392027e+09 6.2199677328599477e+05 5.3323531870572386e+09 1.1324046479458957e+09 9.4928592645438772e+25 1.9208627679567876e+00 2.9998661315208857e+00 6.3098729444210875e+01
7.1092482750959158e+09 6.3927549271649146e-05 5.7098174760354872e+09 6.2199666633659159e+05 5.3323495196689548e+09 1.1324038690996046e+09 9.6218307605821915e+25 1.9295219471740435e+00 2.9998661299158380e+00 6.3098697807138393e+01
7.1413000894061203e+09 6.3927515998771854e-05 5.7098135135464602e+09 6.2199655842071213e+05 5.3323458191413040e+09 1.1324030832154720e+09 9.7525544566052005e+25 1.9382201528882514e+00 2.9998661283035344e+00 6.3098665884758745e+01
7.1734964082772617e+09 6.3927482425227600e-05 5.7098095152515039e+09 6.2199644952962408e+05 5.3323420851748648e+09 1.1324022902299173e+09 9.8850541572896284e+25 1.9469575608710927e+00 2.9998661266839419e+00 6.3098633674502985e+01
7.2058378832034445e+09 6.3927448548299780e-05 5.7098054808271027e+09 6.2199633965451433e+05 5.3323383174675131e+09 1.1324014900787716e+09 1.0019353990698734e+26 1.9557343476842963e+00 2.9998661250570282e+00 6.3098601173778242e+01
7.2383251686160173e+09 6.3927414365247124e-05 5.7098014099468412e+09 6.2199622878649319e+05 5.3323345157144051e+09 1.1324006826973078e+09 1.0155478412675237e+26 1.9645506906831716e+00 2.9998661234227599e+00 6.3098568379969464e+01
7.2709589218968077e+09 6.3927379873303630e-05 5.7097973022813253e+09 6.2199611691658758e+05 5.3323306796079264e+09 1.1323998680201929e+09 1.0293452211293811e+26 1.9734067680201499e+00 2.9998661217811033e+00 6.3098535290437233e+01
7.3037398033914299e+09 6.3927345069678438e-05 5.7097931574981785e+09 6.2199600403574202e+05 5.3323268088376818e+09 1.1323990459814930e+09 1.0433300511374165e+26 1.9823027586483475e+00 2.9998661201320247e+00 6.3098501902517654e+01
7.3366684764226437e+09 6.3927309951555239e-05 5.7097889752620640e+09 6.2199589013482421e+05 5.3323229030904922e+09 1.1323982165147157e+09 1.0575048779055324e+26 1.9912388423251384e+00 2.9998661184754911e+00 6.3098468213524903e+01
7.3697456073037796e+09 6.3927274516092461e-05 5.7097847552345867e+09 6.2199577520461590e+05 5.3323189620503387e+09 1.1323973795527427e+09 1.0718722826432135e+26 2.0002151996157500e+00 2.9998661168114684e+00 6.3098434220747500e+01
7.4029718653522177e+09 6.3927238760422823e-05 5.7097804970743065e+09 6.2199565923581691e+05 5.3323149853983526e+09 1.1323965350278594e+09 1.0864348816254631e+26 2.0092320118968678e+00 2.9998661151399229e+00 6.3098399921450351e+01
7.4363479229029350e+09 6.3927202681653077e-05 5.7097762004366646e+09 6.2199554221903998e+05 5.3323109728127584e+09 1.1323956828717175e+09 1.1011953266691344e+26 2.0182894613602569e+00 2.9998661134608202e+00 6.3098365312872772e+01
7.4698744553221102e+09 6.3927166276863887e-05 5.7097718649740400e+09 6.2199542414481775e+05 5.3323069239689121e+09 1.1323948230153849e+09 1.1161563056157214e+26 2.0273877310164043e+00 2.9998661117741259e+00 6.3098330392230544e+01
7.5035521410207853e+09 6.3927129543109543e-05 5.7097674903356466e+09 6.2199530500359437e+05 5.3323028385392179e+09 1.1323939553892863e+09 1.1313205428207134e+26 2.0365270046981720e+00 2.9998661100798061e+00 6.3098295156713739e+01
7.5373816614685984e+09 6.3927092477417691e-05 5.7097630761675186e+09 6.2199518478572764e+05 5.3322987161931143e+09 1.1323930799232173e+09 1.1466907996495940e+26 2.0457074670644686e+00 2.9998661083778257e+00 6.3098259603487229e+01
7.5713637012075720e+09 6.3927055076789293e-05 5.7097586221125269e+09 6.2199506348148943e+05 5.3322945565970783e+09 1.1323921965463483e+09 1.1622698749805749e+26 2.0549293036039336e+00 2.9998661066681502e+00 6.3098223729690368e+01
7.6054989478659620e+09 6.3927017338197961e-05 5.7097541278102760e+09 6.2199494108106242e+05 5.3322903594145422e+09 1.1323913051872003e+09 1.1780606057141607e+26 2.0641927006386442e+00 2.9998661049507449e+00 6.3098187532436881e+01
7.6397880921721754e+09 6.3926979258590162e-05 5.7097495928971519e+09 6.2199481757454248e+05 5.3322861243059311e+09 1.1323904057736621e+09 1.1940658672896342e+26 2.0734978453278328e+00 2.9998661032255747e+00 6.3098151008814760e+01
7.6742318279687443e+09 6.3926940834884688e-05 5.7097450170062513e+09 6.2199469295193581e+05 5.3322818509285955e+09 1.1323894982329705e+09 1.2102885742085522e+26 2.0828449256716217e+00 2.9998661014926040e+00 6.3098114155886108e+01
7.7088308522263689e+09 6.3926902063972521e-05 5.7097403997673082e+09 6.2199456720315432e+05 5.3322775389367533e+09 1.1323885824916756e+09 1.2267316805653593e+26 2.0922341305147749e+00 2.9998660997517974e+00 6.3098076970685071e+01
7.7435858650580187e+09 6.3926862942716590e-05 5.7097357408067732e+09 6.2199444031802309e+05 5.3322731879815407e+09 1.1323876584756954e+09 1.2433981805852018e+26 2.1016656495504686e+00 2.9998660980031202e+00 6.3098039450220959e+01
7.7784975697330990e+09 6.3926823467951350e-05 5.7097310397476883e+09 6.2199431228627474e+05 5.3322687977109318e+09 1.1323867261102748e+09 1.2602911091690485e+26 2.1111396733240722e+00 2.9998660962465356e+00 6.3098001591475516e+01
7.8135666726916819e+09 6.3926783636482877e-05 5.7097262962097139e+09 6.2199418309754785e+05 5.3322643677697220e+09 1.1323857853199749e+09 1.2774135424462114e+26 2.1206563932369504e+00 2.9998660944820088e+00 6.3097963391403304e+01
7.8487938835588026e+09 6.3926743445088299e-05 5.7097215098090410e+09 6.2199405274138646e+05 5.3322598977994852e+09 1.1323848360286677e+09 1.2947685983343813e+26 2.1302160015502860e+00 2.9998660927095031e+00 6.3097924846931093e+01
7.8841799151588182e+09 6.3926702890515591e-05 5.7097166801584558e+09 6.2199392120724521e+05 5.3322553874385977e+09 1.1323838781595750e+09 1.3123594371072566e+26 2.1398186913889035e+00 2.9998660909289825e+00 6.3097885954959530e+01
7.9197254835298300e+09 6.3926661969483309e-05 5.7097118068671770e+09 6.2199378848447767e+05 5.3322508363221149e+09 1.1323829116351831e+09 1.3301892619698874e+26 2.1494646567451330e+00 2.9998660891404105e+00 6.3097846712359946e+01
7.9554313079381742e+09 6.3926620678680514e-05 5.7097068895409145e+09 6.2199365456234221e+05 5.3322462440818205e+09 1.1323819363772850e+09 1.3482613196418361e+26 2.1591540924826673e+00 2.9998660873437508e+00 6.3097807115975691e+01
7.9912981108929758e+09 6.3926579014766171e-05 5.7097019277818346e+09 6.2199351943000290e+05 5.3322416103461742e+09 1.1323809523069875e+09 1.3665789009482528e+26 2.1688871943404515e+00 2.9998660855389665e+00 6.3097767162622631e+01
8.0273266181607685e+09 6.3926536974369318e-05 5.7096969211885319e+09 6.2199338307652576e+05 5.3322369347403049e+09 1.1323799593446834e+09 1.3851453414189831e+26 2.1786641589365852e+00 2.9998660837260211e+00 6.3097726849087891e+01
8.0635175587801809e+09 6.3926494554088312e-05 5.7096918693558931e+09 6.2199324549087300e+05 5.3322322168858910e+09 1.1323789574100108e+09 1.4039640218958074e+26 2.1884851837722379e+00 2.9998660819048775e+00 6.3097686172128221e+01
8.0998716650766888e+09 6.3926451750490989e-05 5.7096867718752365e+09 6.2199310666191299e+05 5.3322274564012623e+09 1.1323779464219236e+09 1.4230383691479352e+26 2.1983504672355894e+00 2.9998660800754982e+00 6.3097645128473211e+01
8.1363896726774330e+09 6.3926408560113974e-05 5.7096816283341322e+09 6.2199296657841071e+05 5.3322226529012585e+09 1.1323769262986240e+09 1.4423718564958480e+26 2.2082602086057763e+00 2.9998660782378463e+00 6.3097603714821936e+01
8.1730723205261059e+09 6.3926364979462693e-05 5.7096764383164587e+09 6.2199282522903150e+05 5.3322178059972658e+09 1.1323758969575891e+09 1.4619680044436263e+26 2.2182146080568690e+00 2.9998660763918839e+00 6.3097561927844623e+01
8.2099203508979025e+09 6.3926321005011009e-05 5.7096712014023056e+09 6.2199268260233523e+05 5.3322129152971315e+09 1.1323748583155277e+09 1.4818303813198537e+26 2.2282138666618527e+00 2.9998660745375734e+00 6.3097519764180724e+01
8.2469345094145432e+09 6.3926276633200990e-05 5.7096659171680107e+09 6.2199253868678259e+05 5.3322079804052029e+09 1.1323738102884266e+09 1.5019626039272361e+26 2.2382581863966355e+00 2.9998660726748767e+00 6.3097477220440418e+01
8.2841155450593576e+09 6.3926231860442518e-05 5.7096605851860218e+09 6.2199239347072388e+05 5.3322030009222002e+09 1.1323727527914705e+09 1.5223683382010282e+26 2.2483477701440697e+00 2.9998660708037561e+00 6.3097434293201935e+01
8.3214642101924438e+09 6.3926186683112949e-05 5.7096552050249748e+09 6.2199224694240955e+05 5.3321979764452705e+09 1.1323716857391155e+09 1.5430512998764242e+26 2.2584828216979917e+00 2.9998660689241738e+00 6.3097390979014477e+01
8.3589812605658894e+09 6.3926141097557138e-05 5.7096497762496138e+09 6.2199209908998292e+05 5.3321929065679350e+09 1.1323706090450399e+09 1.5640152551649869e+26 2.2686635457672772e+00 2.9998660670360904e+00 6.3097347274395389e+01
8.3966674553390675e+09 6.3926095100086752e-05 5.7096442984207506e+09 6.2199194990148093e+05 5.3321877908800354e+09 1.1323695226221457e+09 1.5852640214402854e+26 2.2788901479799173e+00 2.9998660651394680e+00 6.3097303175831520e+01
8.4345235570940294e+09 6.3926048686980213e-05 5.7096387710951633e+09 6.2199179936482618e+05 5.3321826289676638e+09 1.1323684263825045e+09 1.6068014679328485e+26 2.2891628348871205e+00 2.9998660632342675e+00 6.3097258679776203e+01
8.4725503318507996e+09 6.3926001854482250e-05 5.7096331938257389e+09 6.2199164746784256e+05 5.3321774204132509e+09 1.1323673202374687e+09 1.6286315164344708e+26 2.2994818139673847e+00 2.9998660613204504e+00 6.3097213782653860e+01
8.5107485490830822e+09 6.3925954598803754e-05 5.7096275661612301e+09 6.2199149419823498e+05 5.3321721647953901e+09 1.1323662040975246e+09 1.6507581420122651e+26 2.3098472936306802e+00 2.9998660593979776e+00 6.3097168480854243e+01
8.5491189817336960e+09 6.3925906916121366e-05 5.7096218876463528e+09 6.2199133954360057e+05 5.3321668616888962e+09 1.1323650778723743e+09 1.6731853737322321e+26 2.3202594832225594e+00 2.9998660574668095e+00 6.3097122770735773e+01
8.5876624062302446e+09 6.3925858802577184e-05 5.7096161578217316e+09 6.2199118349142675e+05 5.3321615106647587e+09 1.1323639414709218e+09 1.6959172953927439e+26 2.3307185930283305e+00 2.9998660555269065e+00 6.3097076648624608e+01
8.6263796025008316e+09 6.3925810254278408e-05 5.7096103762237949e+09 6.2199102602908364e+05 5.3321561112900572e+09 1.1323627948012164e+09 1.7189580462679711e+26 2.3412248342772366e+00 2.9998660535782293e+00 6.3097030110812952e+01
8.6652713539898415e+09 6.3925761267297351e-05 5.7096045423848152e+09 6.2199086714382819e+05 5.3321506631279879e+09 1.1323616377704847e+09 1.7423118218614103e+26 2.3517784191466595e+00 2.9998660516207383e+00 6.3096983153559592e+01
8.7043384476737900e+09 6.3925711837670482e-05 5.7095986558328695e+09 6.2199070682280767e+05 5.3321451657378187e+09 1.1323604702851548e+09 1.7659828746696373e+26 2.3623795607663340e+00 2.9998660496543930e+00 6.3096935773091815e+01
8.7435816740772533e+09 6.3925661961398519e-05 5.7095927160916986e+09 6.2199054505304573e+05 5.3321396186747808e+09 1.1323592922507551e+09 1.7899755149564430e+26 2.3730284732225861e+00 2.9998660476791534e+00 6.3096887965600772e+01
8.7830018272888603e+09 6.3925611634446441e-05 5.7095867226807861e+09 6.2199038182145054e+05 5.3321340214901304e+09 1.1323581035719733e+09 1.8142941115374716e+26 2.3837253715625870e+00 2.9998660456949788e+00 6.3096839727243314e+01
8.8225997049773636e+09 6.3925560852742214e-05 5.7095806751152973e+09 6.2199021711481735e+05 5.3321283737310724e+09 1.1323569041526756e+09 1.8389430925755219e+26 2.3944704717986278e+00 2.9998660437018296e+00 6.3096791054144276e+01
8.8623761084077816e+09 6.3925509612177499e-05 5.7095745729059811e+09 6.2199005091981590e+05 5.3321226749407091e+09 1.1323556938958149e+09 1.8639269463866475e+26 2.4052639909124087e+00 2.9998660416996645e+00 6.3096741942391205e+01
8.9023318424576015e+09 6.3925457908606725e-05 5.7095684155591669e+09 6.2198988322299602e+05 5.3321169246580095e+09 1.1323544727034712e+09 1.8892502222571943e+26 2.4161061468593492e+00 2.9998660396884422e+00 6.3096692388036907e+01
8.9424677156330853e+09 6.3925405737846555e-05 5.7095622025767670e+09 6.2198971401079232e+05 5.3321111224178057e+09 1.1323532404768856e+09 1.9149175312719595e+26 2.4269971585729193e+00 2.9998660376681223e+00 6.3096642387100800e+01
8.9827845400856133e+09 6.3925353095676404e-05 5.7095559334561510e+09 6.2198954326950852e+05 5.3321052677507029e+09 1.1323519971163473e+09 1.9409335471535637e+26 2.4379372459689850e+00 2.9998660356386631e+00 6.3096591935563687e+01
9.0232831316281242e+09 6.3925299977837230e-05 5.7095496076901731e+09 6.2198937098532938e+05 5.3320993601830797e+09 1.1323507425212798e+09 1.9673030071132456e+26 2.4489266299501748e+00 2.9998660336000231e+00 6.3096541029372190e+01
9.0639643097516232e+09 6.3925246380031511e-05 5.7095432247671032e+09 6.2198919714431488e+05 5.3320933992370377e+09 1.1323494765901980e+09 1.9940307127132012e+26 2.4599655324102621e+00 2.9998660315521608e+00 6.3096489664436191e+01
9.1048288976417637e+09 6.3925192297923037e-05 5.7095367841705732e+09 6.2198902173239621e+05 5.3320873844303474e+09 1.1323481992206798e+09 2.0211215307406368e+26 2.4710541762385736e+00 2.9998660294950343e+00 6.3096437836628191e+01
9.1458777221955051e+09 6.3925137727136440e-05 5.7095302853795710e+09 6.2198884473537933e+05 5.3320813152764416e+09 1.1323469103093917e+09 2.0485803940936883e+26 2.4821927853244103e+00 2.9998660274286015e+00 6.3096385541784215e+01
9.1871116140378456e+09 6.3925082663256755e-05 5.7095237278684053e+09 6.2198866613894468e+05 5.3320751912843752e+09 1.1323456097520871e+09 2.0764123026793762e+26 2.4933815845614880e+00 2.9998660253528202e+00 6.3096332775703594e+01
9.2285314075386276e+09 6.3925027101829077e-05 5.7095171111065607e+09 6.2198848592863744e+05 5.3320690119587164e+09 1.1323442974435346e+09 2.1046223243237461e+26 2.5046207998523995e+00 2.9998660232676477e+00 6.3096279534146490e+01
9.2701379408294258e+09 6.3924971038358547e-05 5.7095104345588198e+09 6.2198830408987752e+05 5.3320627767996225e+09 1.1323429732775910e+09 2.1332155956943808e+26 2.5159106581130954e+00 2.9998660211730419e+00 6.3096225812836046e+01
9.3119320558204994e+09 6.3924914468309338e-05 5.7095036976850805e+09 6.2198812060795166e+05 5.3320564853027000e+09 1.1323416371471450e+09 2.1621973232354274e+26 2.5272513872773827e+00 2.9998660190689597e+00 6.3096171607457222e+01
9.3539145982178364e+09 6.3924857387105018e-05 5.7094968999403381e+09 6.2198793546800828e+05 5.3320501369589806e+09 1.1323402889440780e+09 2.1915727841153293e+26 2.5386432163014430e+00 2.9998660169553575e+00 6.3096116913654463e+01
9.3960864175402603e+09 6.3924799790127592e-05 5.7094900407747440e+09 6.2198774865507078e+05 5.3320437312549582e+09 1.1323389285593615e+09 2.2213473271874303e+26 2.5500863751683736e+00 2.9998660148321932e+00 6.3096061727035497e+01
9.4384483671366234e+09 6.3924741672717335e-05 5.7094831196334219e+09 6.2198756015402172e+05 5.3320372676724424e+09 1.1323375558829422e+09 2.2515263739636113e+26 2.5615810948927420e+00 2.9998660126994228e+00 6.3096006043167485e+01
9.4810013042030716e+09 6.3924683030172643e-05 5.7094761359565334e+09 6.2198736994960951e+05 5.3320307456886034e+09 1.1323361708037913e+09 2.2821154196011615e+26 2.5731276075251639e+00 2.9998660105570023e+00 6.3095949857578233e+01
9.5237460898003979e+09 6.3924623857749226e-05 5.7094690891791105e+09 6.2198717802644055e+05 5.3320241647758284e+09 1.1323347732098455e+09 2.3131200339030488e+26 2.5847261461569047e+00 2.9998660084048887e+00 6.3095893165754418e+01
9.5666835888714523e+09 6.3924564150660059e-05 5.7094619787311411e+09 6.2198698436898598e+05 5.3320175244017887e+09 1.1323333629880581e+09 2.3445458623317582e+26 2.5963769449244869e+00 2.9998660062430371e+00 6.3095835963143081e+01
9.6098146702586555e+09 6.3924503904074954e-05 5.7094548040374851e+09 6.2198678896157769e+05 5.3320108240293608e+09 1.1323319400243685e+09 2.3763986270369241e+26 2.6080802390143369e+00 2.9998660040714040e+00 6.3095778245150790e+01
9.6531402067215748e+09 6.3924443113120056e-05 5.7094475645177536e+09 6.2198659178840229e+05 5.3320040631165342e+09 1.1323305042036598e+09 2.4086841278968887e+26 2.6198362646674354e+00 2.9998660018899450e+00 6.3095720007141836e+01
9.6966610749545860e+09 6.3924381772877370e-05 5.7094402595863523e+09 6.2198639283350646e+05 5.3319972411164217e+09 1.1323290554097958e+09 2.4414082435744261e+26 2.6316452591839945e+00 2.9998659996986148e+00 6.3095661244439839e+01
9.7403781556046143e+09 6.3924319878384529e-05 5.7094328886523743e+09 6.2198619208079088e+05 5.3319903574771824e+09 1.1323275935255785e+09 2.4745769325867888e+26 2.6435074609281557e+00 2.9998659974973694e+00 6.3095601952326128e+01
9.7842923332889500e+09 6.3924257424634594e-05 5.7094254511195860e+09 6.2198598951400979e+05 5.3319834116420040e+09 1.1323261184327445e+09 2.5081962343902924e+26 2.6554231093327059e+00 2.9998659952861630e+00 6.3095542126038779e+01
9.8284044966131535e+09 6.3924194406574992e-05 5.7094179463864040e+09 6.2198578511677706e+05 5.3319764030490704e+09 1.1323246300120087e+09 2.5422722704796173e+26 2.6673924449038129e+00 2.9998659930649509e+00 6.3095481760775655e+01
9.8727155381890335e+09 6.3924130819107872e-05 5.7094103738457708e+09 6.2198557887255098e+05 5.3319693311314526e+09 1.1323231281429534e+09 2.5768112455020503e+26 2.6794157092257835e+00 2.9998659908336873e+00 6.3095420851689219e+01
9.9172263546527119e+09 6.3924066657089211e-05 5.7094027328851414e+09 6.2198537076464249e+05 5.3319621953171110e+09 1.1323216127040901e+09 2.6118194483868549e+26 2.6914931449658397e+00 2.9998659885923269e+00 6.3095359393888621e+01
9.9619378466827621e+09 6.3924001915328607e-05 5.7093950228864784e+09 6.2198516077621351e+05 5.3319549950288620e+09 1.1323200835728450e+09 2.6473032534899586e+26 2.7036249958789185e+00 2.9998659863408235e+00 6.3095297382440158e+01
1.0006850919018440e+10 6.3923936588588631e-05 5.7093872432261505e+09 6.2198494889027439e+05 5.3319477296843033e+09 1.1323185406255412e+09 2.6832691217542109e+26 2.7158115068124888e+00 2.9998659840791313e+00 6.3095234812365746e+01
1.0051966480477989e+10 6.3923870671584571e-05 5.7093793932748947e+09 6.2198473508968158e+05 5.3319403986957674e+09 1.1323169837373827e+09 2.7197236018853768e+26 2.7280529237113900e+00 2.9998659818072038e+00 6.3095171678642828e+01
1.0097285443977030e+10 6.3923804158984198e-05 5.7093714723977346e+09 6.2198451935713203e+05 5.3319330014702644e+09 1.1323154127824128e+09 2.7566733315441054e+26 2.7403494936226913e+00 2.9998659795249947e+00 6.3095107976202158e+01
1.0142808726547031e+10 6.3923737045406997e-05 5.7093634799539986e+09 6.2198430167517136e+05 5.3319255374094772e+09 1.1323138276335733e+09 2.7941250385540801e+26 2.7527014647005719e+00 2.9998659772324574e+00 6.3095043699930613e+01
1.0188537249353872e+10 6.3923669325423744e-05 5.7093554152972212e+09 6.2198408202618686e+05 5.3319180059096699e+09 1.1323122281626544e+09 2.8320855421265810e+26 2.7651090862112238e+00 2.9998659749295444e+00 6.3094978844669193e+01
1.0234471937716475e+10 6.3923600993556466e-05 5.7093472777751017e+09 6.2198386039240588e+05 5.3319104063616743e+09 1.1323106142402825e+09 2.8705617541016635e+26 2.7775726085377697e+00 2.9998659726162091e+00 6.3094913405211813e+01
1.0280613721125532e+10 6.3923532044277454e-05 5.7093390667294436e+09 6.2198363675589557e+05 5.3319027381508045e+09 1.1323089857359183e+09 2.9095606802062022e+26 2.7900922831852091e+00 2.9998659702924040e+00 6.3094847376306610e+01
1.0326963533262318e+10 6.3923462472009247e-05 5.7093307814961329e+09 6.2198341109856288e+05 5.3318950006568480e+09 1.1323073425178568e+09 2.9490894213290071e+26 2.8026683627853823e+00 2.9998659679580819e+00 6.3094780752654536e+01
1.0373522312017574e+10 6.3923392271123927e-05 5.7093224214049978e+09 6.2198318340214598e+05 5.3318871932539434e+09 1.1323056844531655e+09 2.9891551748132550e+26 2.8153011011019524e+00 2.9998659656131941e+00 6.3094713528907789e+01
1.0420290999510498e+10 6.3923321435942849e-05 5.7093139857798710e+09 6.2198295364822238e+05 5.3318793153106232e+09 1.1323040114077423e+09 3.0297652357664800e+26 2.8279907530354138e+00 2.9998659632576934e+00 6.3094645699671851e+01
1.0467270542107792e+10 6.3923249960735979e-05 5.7093054739384661e+09 6.2198272181820334e+05 5.3318713661897097e+09 1.1323023232462759e+09 3.0709269983883275e+26 2.8407375746281187e+00 2.9998659608915315e+00 6.3094577259503751e+01
1.0514461890442829e+10 6.3923177839721672e-05 5.7092968851923351e+09 6.2198248789332993e+05 5.3318633452482624e+09 1.1323006198322170e+09 3.1126479573163673e+26 2.8535418230693250e+00 2.9998659585146594e+00 6.3094508202911094e+01
1.0561865999434881e+10 6.3923105067065851e-05 5.7092882188468332e+09 6.2198225185467862e+05 5.3318552518375626e+09 1.1322989010278182e+09 3.1549357089901545e+26 2.8664037567002696e+00 2.9998659561270293e+00 6.3094438524353798e+01
1.0609483828308439e+10 6.3923031636882138e-05 5.7092794742009945e+09 6.2198201368314610e+05 5.3318470853029861e+09 1.1322971666940243e+09 3.1977979530338219e+26 2.8793236350192557e+00 2.9998659537285914e+00 6.3094368218239403e+01
1.0657316340612631e+10 6.3922957543230635e-05 5.7092706505475721e+09 6.2198177335946471e+05 5.3318388449840441e+09 1.1322954166905849e+09 3.2412424936574420e+26 2.8923017186867699e+00 2.9998659513192973e+00 6.3094297278927677e+01
1.0705364504240707e+10 6.3922882780117983e-05 5.7092617471729155e+09 6.2198153086418938e+05 5.3318305302142630e+09 1.1322936508759580e+09 3.2852772410774190e+26 2.9053382695306125e+00 2.9998659488990973e+00 6.3094225700727051e+01
1.0753629291449640e+10 6.3922807341496704e-05 5.7092527633569345e+09 6.2198128617769945e+05 5.3318221403211613e+09 1.1322918691073251e+09 3.3299102129561647e+26 2.9184335505510588e+00 2.9998659464679420e+00 6.3094153477894771e+01
1.0802111678879791e+10 6.3922731221264544e-05 5.7092436983730354e+09 6.2198103928019828e+05 5.3318136746261740e+09 1.1322900712405865e+09 3.3751495358613231e+26 2.9315878259260355e+00 2.9998659440257813e+00 6.3094080604637206e+01
1.0850812647574667e+10 6.3922654413264344e-05 5.7092345514880590e+09 6.2198079015170853e+05 5.3318051324446173e+09 1.1322882571303282e+09 3.4210034467447963e+26 2.9448013610163217e+00 2.9998659415725655e+00 6.3094007075108053e+01
1.0899733183000784e+10 6.3922576911283450e-05 5.7092253219622650e+09 6.2198053877207474e+05 5.3317965130856514e+09 1.1322864266298411e+09 3.4674802944418705e+26 2.9580744223707689e+00 2.9998659391082443e+00 6.3093932883409202e+01
1.0948874275067598e+10 6.3922498709052735e-05 5.7092160090491638e+09 6.2198028512095637e+05 5.3317878158521423e+09 1.1322845795910683e+09 3.5145885411906817e+26 2.9714072777315477e+00 2.9998659366327671e+00 6.3093858023589000e+01
1.0998236918147539e+10 6.3922419800246908e-05 5.7092066119955835e+09 6.2198002917783009e+05 5.3317790400407085e+09 1.1322827158646243e+09 3.5623367641723085e+26 2.9848001960394153e+00 2.9998659341460834e+00 6.3093782489642713e+01
1.1047822111096136e+10 6.3922340178483041e-05 5.7091971300415649e+09 6.2197977092199330e+05 5.3317701849416256e+09 1.1322808352998188e+09 3.6107336570717958e+26 2.9982534474389988e+00 2.9998659316481424e+00 6.3093706275513561e+01
1.1097630857272223e+10 6.3922259837321163e-05 5.7091875624202213e+09 6.2197951033254503e+05 5.3317612498387165e+09 1.1322789377445188e+09 3.6597880316603450e+26 3.0117673032841141e+00 2.9998659291388923e+00 6.3093629375087154e+01
1.1147664164558245e+10 6.3922178770262756e-05 5.7091779083577795e+09 6.2197924738840200e+05 5.3317522340093584e+09 1.1322770230452642e+09 3.7095088194067481e+26 3.0253420361435075e+00 2.9998659266182819e+00 6.3093551782204898e+01
1.1197923045380651e+10 6.3922096970750551e-05 5.7091681670735159e+09 6.2197898206829466e+05 5.3317431367244358e+09 1.1322750910472414e+09 3.7599050731079487e+26 3.0389779198064701e+00 2.9998659240862602e+00 6.3093473490667947e+01
1.1248408516730387e+10 6.3922014432168407e-05 5.7091583377795782e+09 6.2197871435075114e+05 5.3317339572481918e+09 1.1322731415941634e+09 3.8109859685039448e+26 3.0526752292864621e+00 2.9998659215427743e+00 6.3093394494195948e+01
1.1299121600183462e+10 6.3921931147840284e-05 5.7091484196811056e+09 6.2197844421411608e+05 5.3317246948383036e+09 1.1322711745284095e+09 3.8627608059663031e+26 3.0664342408275367e+00 2.9998659189877728e+00 6.3093314786454044e+01
1.1350063321921633e+10 6.3921847111029801e-05 5.7091384119759455e+09 6.2197817163652880e+05 5.3317153487456570e+09 1.1322691896908648e+09 3.9152390121918705e+26 3.0802552319098249e+00 2.9998659164212031e+00 6.3093234361047841e+01
1.1401234712753160e+10 6.3921762314939973e-05 5.7091283138548145e+09 6.2197789659593953e+05 5.3317059182144690e+09 1.1322671869210391e+09 3.9684301419183098e+26 3.0941384812549790e+00 2.9998659138430130e+00 6.3093153211528083e+01
1.1452636808133675e+10 6.3921676752712165e-05 5.7091181245010576e+09 6.2197761907009501e+05 5.3316964024820690e+09 1.1322651660569625e+09 4.0223438796629434e+26 3.1080842688316497e+00 2.9998659112531492e+00 6.3093071331386845e+01
1.1504270648187119e+10 6.3921590417426104e-05 5.7091078430906658e+09 6.2197733903654106e+05 5.3316868007789307e+09 1.1322631269352024e+09 4.0769900414851784e+26 3.1220928758609703e+00 2.9998659086515582e+00 6.3092988714057647e+01
1.1556137277726801e+10 6.3921503302098796e-05 5.7090974687921972e+09 6.2197705647262256e+05 5.3316771123285751e+09 1.1322610693908656e+09 4.1323785767728827e+26 3.1361645848220725e+00 2.9998659060381878e+00 6.3092905352915842e+01
1.1608237746276543e+10 6.3921415399684445e-05 5.7090870007666960e+09 6.2197677135547716e+05 5.3316673363475122e+09 1.1322589932575507e+09 4.1885195700530069e+26 3.1502996794576319e+00 2.9998659034129838e+00 6.3092821241276880e+01
1.1660573108091904e+10 6.3921326703073340e-05 5.7090764381676512e+09 6.2197648366204021e+05 5.3316574720451918e+09 1.1322568983673859e+09 4.2454232428267729e+26 3.1644984447794218e+00 2.9998659007758919e+00 6.3092736372397553e+01
1.1713144422181520e+10 6.3921237205091954e-05 5.7090657801408968e+09 6.2197619336903398e+05 5.3316475186239147e+09 1.1322547845509481e+09 4.3030999554297988e+26 3.1787611670739016e+00 2.9998658981268589e+00 6.3092650739472958e+01
1.1765952752328537e+10 6.3921146898501637e-05 5.7090550258245487e+09 6.2197590045297332e+05 5.3316374752787809e+09 1.1322526516373069e+09 4.3615602089174453e+26 3.1930881339078243e+00 2.9998658954658302e+00 6.3092564335638059e+01
1.1818999167112131e+10 6.3921055775998647e-05 5.7090441743489466e+09 6.2197560489015863e+05 5.3316273411976223e+09 1.1322504994539707e+09 4.4208146469758102e+26 3.2074796341338674e+00 2.9998658927927511e+00 6.3092477153965753e+01
1.1872284739929129e+10 6.3920963830213094e-05 5.7090332248366137e+09 6.2197530665668147e+05 5.3316171155609713e+09 1.1322483278269298e+09 4.4808740578585855e+26 3.2219359578962870e+00 2.9998658901075670e+00 6.3092389187468406e+01
1.1925810549015739e+10 6.3920871053708761e-05 5.7090221764020910e+09 6.2197500572840963e+05 5.3316067975419092e+09 1.1322461365805464e+09 4.5417493763503033e+26 3.2364573966365984e+00 2.9998658874102224e+00 6.3092300429093726e+01
1.1979577677469357e+10 6.3920777438982275e-05 5.7090110281520033e+09 6.2197470208100043e+05 5.3315963863061199e+09 1.1322439255376523e+09 4.6034516857561449e+26 3.2510442430992796e+00 2.9998658847006623e+00 6.3092210871728312e+01
1.2033587213270489e+10 6.3920682978462222e-05 5.7089997791848326e+09 6.2197439568988630e+05 5.3315858810116863e+09 1.1322416945194430e+09 4.6659922199188125e+26 3.2656967913374908e+00 2.9998658819788315e+00 6.3092120508193858e+01
1.2087840249304766e+10 6.3920587664509352e-05 5.7089884285909824e+09 6.2197408653027890e+05 5.3315752808091469e+09 1.1322394433455093e+09 4.7293823652627897e+26 3.2804153367188316e+00 2.9998658792446733e+00 6.3092029331247907e+01
1.2142337883385059e+10 6.3920491489414906e-05 5.7089769754526320e+09 6.2197377457716945e+05 5.3315645848413544e+09 1.1322371718338377e+09 4.7936336628662943e+26 3.2952001759311118e+00 2.9998658764981325e+00 6.3091937333584497e+01
1.2197081218273695e+10 6.3920394445401036e-05 5.7089654188436804e+09 6.2197345980531909e+05 5.3315537922434340e+09 1.1322348798007414e+09 4.8587578105614227e+26 3.3100516069881452e+00 2.9998658737391524e+00 6.3091844507830736e+01
1.2252071361704763e+10 6.3920296524619256e-05 5.7089537578296404e+09 6.2197314218926220e+05 5.3315429021426802e+09 1.1322325670608850e+09 4.9247666650627674e+26 3.3249699292355777e+00 2.9998658709676764e+00 6.3091750846548472e+01
1.2307309426406540e+10 6.3920197719150430e-05 5.7089419914676228e+09 6.2197282170330454e+05 5.3315319136585350e+09 1.1322302334272699e+09 4.9916722441249419e+26 3.3399554433567307e+00 2.9998658681836474e+00 6.3091656342233257e+01
1.2362796530124001e+10 6.3920098021004058e-05 5.7089301188061924e+09 6.2197249832151504e+05 5.3315208259024677e+09 1.1322278787111750e+09 5.0594867287293744e+26 3.3550084513784686e+00 2.9998658653870089e+00 6.3091560987311972e+01
1.2418533795641434e+10 6.3919997422117321e-05 5.7089181388853893e+09 6.2197217201773636e+05 5.3315096379779787e+09 1.1322255027222340e+09 5.1282224653007999e+26 3.3701292566770955e+00 2.9998658625777028e+00 6.3091464774146161e+01
1.2474522350805170e+10 6.3919895914354581e-05 5.7089060507365446e+09 6.2197184276557039e+05 5.3314983489804344e+09 1.1322231052683291e+09 5.1978919679538834e+26 3.3853181639842740e+00 2.9998658597556718e+00 6.3091367695027898e+01
1.2530763328546396e+10 6.3919793489506925e-05 5.7088938533822451e+09 6.2197151053837943e+05 5.3314869579970455e+09 1.1322206861556005e+09 5.2685079207702417e+26 3.4005754793929701e+00 2.9998658569208585e+00 6.3091269742179605e+01
1.2587257866904079e+10 6.3919690139291292e-05 5.7088815458362665e+09 6.2197117530928645e+05 5.3314754641067858e+09 1.1322182451884475e+09 5.3400831801064393e+26 3.4159015103634141e+00 2.9998658540732035e+00 6.3091170907754808e+01
1.2644007109048000e+10 6.3919585855349756e-05 5.7088691271034966e+09 6.2197083705117321e+05 5.3314638663803253e+09 1.1322157821695156e+09 5.4126307769333349e+26 3.4312965657291010e+00 2.9998658512126495e+00 6.3091071183837158e+01
1.2701012203301888e+10 6.3919480629249015e-05 5.7088565961798143e+09 6.2197049573667417e+05 5.3314521638799314e+09 1.1322132968996518e+09 5.4861639192071042e+26 3.4467609557028043e+00 2.9998658483391374e+00 6.3090970562438919e+01
1.2758274303166643e+10 6.3919374452479653e-05 5.7088439520520859e+09 6.2197015133818029e+05 5.3314403556594429e+09 1.1322107891779318e+09 5.5606959942725450e+26 3.4622949918826191e+00 2.9998658454526081e+00 6.3090869035501647e+01
1.2815794567343693e+10 6.3919267316455588e-05 5.7088311936979675e+09 6.2196980382782640e+05 5.3314284407641115e+09 1.1322082588015692e+09 5.6362405712988761e+26 3.4778989872580208e+00 2.9998658425530023e+00 6.3090766594893125e+01
1.2873574159758434e+10 6.3919159212512839e-05 5.7088183200859423e+09 6.2196945317750354e+05 5.3314164182306089e+09 1.1322057055660050e+09 5.7128114037487399e+26 3.4935732562159707e+00 2.9998658396402611e+00 6.3090663232410705e+01
1.2931614249583776e+10 6.3919050131909646e-05 5.7088053301751585e+09 6.2196909935884271e+05 5.3314042870868959e+09 1.1322031292647886e+09 5.7904224318806149e+26 3.5093181145470225e+00 2.9998658367143238e+00 6.3090558939776457e+01
1.2989916011263815e+10 6.3918940065825117e-05 5.7087922229153938e+09 6.2196874234322319e+05 5.3313920463521814e+09 1.1322005296896393e+09 5.8690877852852535e+26 3.5251338794514657e+00 2.9998658337751309e+00 6.3090453708639764e+01
1.3048480624537582e+10 6.3918829005358833e-05 5.7087789972469482e+09 6.2196838210176467e+05 5.3313796950368195e+09 1.1321979066303887e+09 5.9488217854564878e+26 3.5410208695454970e+00 2.9998658308226220e+00 6.3090347530574917e+01
1.3107309274462929e+10 6.3918716941529900e-05 5.7087656521005268e+09 6.2196801860532421e+05 5.3313672321422091e+09 1.1321952598749585e+09 6.0296389483970045e+26 3.5569794048674064e+00 2.9998658278567363e+00 6.3090240397080493e+01
1.3166403151440496e+10 6.3918603865276556e-05 5.7087521863972168e+09 6.2196765182449669e+05 5.3313546566607637e+09 1.1321925892093642e+09 6.1115539872594223e+26 3.5730098068837970e+00 2.9998658248774133e+00 6.3090132299579302e+01
1.3225763451237818e+10 6.3918489767455182e-05 5.7087385990483694e+09 6.2196728172961250e+05 5.3313419675758057e+09 1.1321898944176981e+09 6.1945818150232470e+26 3.5891123984958333e+00 2.9998658218845908e+00 6.3090023229417568e+01
1.3285391375013493e+10 6.3918374638839625e-05 5.7087248889554768e+09 6.2196690829073032e+05 5.3313291638614502e+09 1.1321871752820766e+09 6.2787375472081711e+26 3.6052875040454997e+00 2.9998658188782086e+00 6.3089913177863330e+01
1.3345288129341515e+10 6.3918258470120273e-05 5.7087110550101709e+09 6.2196653147764527e+05 5.3313162444826050e+09 1.1321844315826998e+09 6.3640365046241308e+26 3.6215354493219025e+00 2.9998658158582043e+00 6.3089802136108396e+01
1.3405454926235672e+10 6.3918141251903952e-05 5.7086970960940647e+09 6.2196615125987399e+05 5.3313032083948174e+09 1.1321816630977430e+09 6.4504942161588316e+26 3.6378565615675851e+00 2.9998658128245164e+00 6.3089690095263890e+01
1.3465892983174082e+10 6.3918022974712214e-05 5.7086830110786495e+09 6.2196576760665886e+05 5.3312900545441875e+09 1.1321788696033871e+09 6.5381264216029376e+26 3.6542511694848789e+00 2.9998658097770816e+00 6.3089577046362315e+01
1.3526603523123816e+10 6.3917903628981257e-05 5.7086687988252745e+09 6.2196538048696704e+05 5.3312767818673382e+09 1.1321760508738124e+09 6.6269490745137078e+26 3.6707196032422673e+00 2.9998658067158379e+00 6.3089462980356387e+01
1.3587587774565659e+10 6.3917783205061222e-05 5.7086544581849861e+09 6.2196498986948072e+05 5.3312633892912779e+09 1.1321732066811271e+09 6.7169783451174984e+26 3.6872621944807880e+00 2.9998658036407226e+00 6.3089347888116336e+01
1.3648846971518955e+10 6.3917661693214711e-05 5.7086399879985065e+09 6.2196459572260617e+05 5.3312498757333632e+09 1.1321703367954328e+09 6.8082306232515945e+26 3.7038792763204555e+00 2.9998658005516723e+00 6.3089231760433535e+01
1.3710382353566593e+10 6.3917539083616808e-05 5.7086253870960340e+09 6.2196419801445631e+05 5.3312362401011343e+09 1.1321674409846990e+09 6.9007225213460292e+26 3.7205711833667090e+00 2.9998657974486234e+00 6.3089114588013778e+01
1.3772195165880072e+10 6.3917415366353730e-05 5.7086106542973013e+09 6.2196379671286559e+05 5.3312224812923450e+09 1.1321645190148702e+09 6.9944708774458225e+26 3.7373382517168867e+00 2.9998657943315123e+00 6.3088996361483105e+01
1.3834286659244711e+10 6.3917290531422221e-05 5.7085957884112720e+09 6.2196339178536669e+05 5.3312085981947069e+09 1.1321615706496968e+09 7.0894927582743150e+26 3.7541808189667303e+00 2.9998657912002749e+00 6.3088877071380416e+01
1.3896658090084953e+10 6.3917164568729024e-05 5.7085807882363062e+09 6.2196298319921037e+05 5.3311945896860132e+09 1.1321585956508801e+09 7.1858054623379774e+26 3.7710992242169130e+00 2.9998657880548469e+00 6.3088756708163018e+01
1.3959310720489792e+10 6.3917037468089278e-05 5.7085656525597935e+09 6.2196257092134352e+05 5.3311804546338243e+09 1.1321555937779117e+09 7.2834265230734164e+26 3.7880938080795916e+00 2.9998657848951638e+00 6.3088635262201144e+01
1.4022245818238302e+10 6.3916909219226861e-05 5.7085503801582527e+09 6.2196215491841594e+05 5.3311661918955450e+09 1.1321525647881236e+09 7.3823737120370437e+26 3.8051649126849854e+00 2.9998657817211605e+00 6.3088512723778614e+01
1.4085464656825306e+10 6.3916779811772247e-05 5.7085349697971754e+09 6.2196173515678290e+05 5.3311518003182745e+09 1.1321495084367070e+09 7.4826650421381228e+26 3.8223128816879859e+00 2.9998657785327714e+00 6.3088389083094981e+01
1.4148968515487133e+10 6.3916649235262938e-05 5.7085194202308807e+09 6.2196131160248700e+05 5.3311372787386885e+09 1.1321464244765790e+09 7.5843187709155818e+26 3.8395380602747968e+00 2.9998657753299316e+00 6.3088264330259229e+01
1.4212758679227507e+10 6.3916517479141571e-05 5.7085037302024746e+09 6.2196088422127091e+05 5.3311226259829836e+09 1.1321433126584778e+09 7.6873534038593508e+26 3.8568407951695800e+00 2.9998657721125750e+00 6.3088138455294022e+01
1.4276836438843548e+10 6.3916384532755914e-05 5.7084878984436903e+09 6.2196045297856117e+05 5.3311078408667440e+09 1.1321401727308416e+09 7.7917876977767829e+26 3.8742214346411554e+00 2.9998657688806349e+00 6.3088011448130949e+01
1.4341203090951899e+10 6.3916250385357117e-05 5.7084719236748486e+09 6.2196001783947879e+05 5.3310929221948872e+09 1.1321370044398901e+09 7.8976406642047335e+26 3.8916803285097101e+00 2.9998657656340457e+00 6.3087883298613498e+01
1.4405859938014948e+10 6.3916115026099800e-05 5.7084558046047344e+09 6.2195957876882679e+05 5.3310778687615585e+09 1.1321338075295289e+09 8.0049315728679117e+26 3.9092178281535390e+00 2.9998657623727407e+00 6.3087753996493596e+01
1.4470808288367201e+10 6.3915978444040484e-05 5.7084395399304552e+09 6.2195913573109009e+05 5.3310626793500051e+09 1.1321305817413528e+09 8.1136799551842608e+26 3.9268342865158137e+00 2.9998657590966520e+00 6.3087623531431362e+01
1.4536049456241741e+10 6.3915840628137114e-05 5.7084231283374033e+09 6.2195868869043421e+05 5.3310473527325258e+09 1.1321273268146346e+09 8.2239056078178141e+26 3.9445300581113787e+00 2.9998657558057129e+00 6.3087491892994997e+01
1.4601584761796833e+10 6.3915701567247643e-05 5.7084065684990730e+09 6.2195823761070077e+05 5.3310318876703081e+09 1.1321240424862921e+09 8.3356285962797900e+26 3.9623054990335720e+00 2.9998657524998551e+00 6.3087359070659566e+01
1.4667415531142630e+10 6.3915561250130058e-05 5.7083898590770388e+09 6.2195778245540475e+05 5.3310162829134159e+09 1.1321207284908700e+09 8.4488692585785476e+26 3.9801609669610731e+00 2.9998657491790115e+00 6.3087225053805568e+01
1.4733543096368006e+10 6.3915419665440244e-05 5.7083729987207365e+09 6.2195732318773028e+05 5.3310005372005682e+09 1.1321173845605073e+09 8.5636482089191215e+26 3.9980968211647840e+00 2.9998657458431128e+00 6.3087089831718956e+01
1.4799968795567520e+10 6.3915276801732374e-05 5.7083559860675011e+09 6.2195685977053200e+05 5.3309846492591848e+09 1.1321140104249482e+09 8.6799863414528744e+26 4.0161134225147279e+00 2.9998657424920911e+00 6.3086953393590143e+01
1.4866693972868486e+10 6.3915132647456835e-05 5.7083388197423248e+09 6.2195639216632862e+05 5.3309686178051615e+09 1.1321106058114953e+09 8.7979048340780461e+26 4.0342111334869859e+00 2.9998657391258776e+00 6.3086815728513116e+01
1.4933719978458170e+10 6.3914987190960080e-05 5.7083214983577967e+09 6.2195592033729726e+05 5.3309524415428085e+09 1.1321071704449685e+09 8.9174251522920256e+26 4.0523903181706542e+00 2.9998657357444021e+00 6.3086676825483792e+01
1.5001048168611115e+10 6.3914840420483367e-05 5.7083040205140038e+09 6.2195544424527581e+05 5.3309361191647635e+09 1.1321037040477221e+09 9.0385690530955314e+26 4.0706513422748252e+00 2.9998657323475957e+00 6.3086536673400040e+01
1.5068679905716640e+10 6.3914692324161906e-05 5.7082863847984285e+09 6.2195496385175944e+05 5.3309196493518906e+09 1.1321002063396196e+09 9.1613585889503959e+26 4.0889945731356265e+00 2.9998657289353887e+00 6.3086395261061128e+01
1.5136616558306177e+10 6.3914542890023773e-05 5.7082685897857656e+09 6.2195447911789105e+05 5.3309030307731123e+09 1.1320966770379641e+09 9.2858161117899499e+26 4.1074203797231945e+00 2.9998657255077101e+00 6.3086252577165212e+01
1.5204859501081312e+10 6.3914392105989061e-05 5.7082506340379238e+09 6.2195399000446964e+05 5.3308862620854053e+09 1.1320931158575597e+09 9.4119642770853780e+26 4.1259291326488379e+00 2.9998657220644902e+00 6.3086108610311399e+01
1.5273410114941376e+10 6.3914239959868949e-05 5.7082325161037664e+09 6.2195349647193239e+05 5.3308693419335737e+09 1.1320895225105801e+09 9.5398260479658903e+26 4.1445212041720785e+00 2.9998657186056579e+00 6.3085963348994689e+01
1.5342269787011431e+10 6.3914086439364481e-05 5.7082142345191031e+09 6.2195299848036398e+05 5.3308522689502249e+09 1.1320858967066383e+09 9.6694246993953224e+26 4.1631969682077852e+00 2.9998657151311416e+00 6.3085816781608735e+01
1.5411439910670353e+10 6.3913931532066080e-05 5.7081957878065796e+09 6.2195249598948937e+05 5.3308350417556686e+09 1.1320822381527324e+09 9.8007838224055853e+26 4.1819568003333307e+00 2.9998657116408700e+00 6.3085668896443657e+01
1.5480921885579018e+10 6.3913775225451740e-05 5.7081771744754457e+09 6.2195198895866773e+05 5.3308176589577122e+09 1.1320785465532024e+09 9.9339273283871277e+26 4.2008010777957736e+00 2.9998657081347715e+00 6.3085519681684566e+01
1.5550717117708632e+10 6.3913617506886969e-05 5.7081583930215435e+09 6.2195147734689014e+05 5.3308001191516399e+09 1.1320748216097133e+09 1.0068879453438040e+27 4.2197301795190709e+00 2.9998657046127737e+00 6.3085369125410629e+01
1.5620827019369169e+10 6.3913458363622905e-05 5.7081394419271603e+09 6.2195096111278166e+05 5.3307824209200697e+09 1.1320710630212710e+09 1.0205664762771783e+27 4.2387444861113073e+00 2.9998657010748042e+00 6.3085217215595875e+01
1.5691253009237965e+10 6.3913297782795908e-05 5.7081203196608906e+09 6.2195044021459157e+05 5.3307645628328409e+09 1.1320672704841492e+09 1.0344308155185029e+27 4.2578443798719734e+00 2.9998656975207898e+00 6.3085063940106302e+01
1.5761996512388411e+10 6.3913135751426318e-05 5.7081010246774912e+09 6.2194991461018939e+05 5.3307465434468708e+09 1.1320634436918635e+09 1.0484834867585889e+27 4.2770302447992510e+00 2.9998656939506576e+00 6.3084909286698611e+01
1.5833058960318794e+10 6.3912972256417188e-05 5.7080815554178276e+09 6.2194938425706979e+05 5.3307283613060951e+09 1.1320595823352053e+09 1.0627270479583729e+27 4.2963024665973419e+00 2.9998656903643339e+00 6.3084753243022178e+01
1.5904441790981270e+10 6.3912807284553734e-05 5.7080619103087063e+09 6.2194884911234095e+05 5.3307100149413204e+09 1.1320556861021569e+09 1.0771640918141171e+27 4.3156614326838181e+00 2.9998656867617455e+00 6.3084595796615055e+01
1.5976146448810949e+10 6.3912640822501638e-05 5.7080420877626944e+09 6.2194830913272244e+05 5.3306915028700695e+09 1.1320517546778779e+09 1.0917972462289168e+27 4.3351075321969965e+00 2.9998656831428172e+00 6.3084436934903614e+01
1.6048174384755136e+10 6.3912472856806574e-05 5.7080220861781015e+09 6.2194776427454525e+05 5.3306728235965347e+09 1.1320477877447040e+09 1.1066291747906237e+27 4.3546411560033622e+00 2.9998656795074750e+00 6.3084276645202841e+01
1.6120527056302681e+10 6.3912303373892570e-05 5.7080019039387589e+09 6.2194721449374524e+05 5.3306539756113920e+09 1.1320437849820998e+09 1.1216625772562311e+27 4.3742626967049931e+00 2.9998656758556441e+00 6.3084114914714362e+01
1.6193205927513475e+10 6.3912132360061490e-05 5.7079815394139738e+09 6.2194665974586294e+05 5.3306349573917532e+09 1.1320397460666578e+09 1.1369001900428329e+27 4.3939725486470262e+00 2.9998656721872488e+00 6.3083951730525939e+01
1.6266212469048075e+10 6.3911959801491599e-05 5.7079609909582739e+09 6.2194609998603095e+05 5.3306157674009399e+09 1.1320356706720068e+09 1.1523447867252675e+27 4.4137711079251671e+00 2.9998656685022138e+00 6.3083787079608250e+01
1.6339548158197466e+10 6.3911785684236317e-05 5.7079402569114418e+09 6.2194553516898560e+05 5.3305964040884762e+09 1.1320315584688962e+09 1.1679991785404679e+27 4.4336587723931933e+00 2.9998656648004638e+00 6.3083620948818684e+01
1.6413214478912947e+10 6.3911609994223405e-05 5.7079193355982180e+09 6.2194496524904808e+05 5.3305768658898668e+09 1.1320274091250594e+09 1.1838662148987093e+27 4.4536359416705285e+00 2.9998656610819214e+00 6.3083453324895011e+01
1.6487212921836168e+10 6.3911432717253663e-05 5.7078982253282976e+09 6.2194439018013189e+05 5.3305571512265425e+09 1.1320232223052683e+09 1.1999487839017346e+27 4.4737030171498082e+00 2.9998656573465103e+00 6.3083284194458315e+01
1.6561544984329285e+10 6.3911253838999738e-05 5.7078769243960676e+09 6.2194380991572933e+05 5.3305372585056562e+09 1.1320189976712344e+09 1.2162498128679531e+27 4.4938604020045050e+00 2.9998656535941537e+00 6.3083113544008874e+01
1.6636212170505260e+10 6.3911073345005489e-05 5.7078554310806103e+09 6.2194322440891620e+05 5.3305171861200619e+09 1.1320147348816433e+09 1.2327722688647375e+27 4.5141085011965547e+00 2.9998656498247747e+00 6.3082941359926949e+01
1.6711215991258308e+10 6.3910891220683694e-05 5.7078337436454573e+09 6.2194263361234684e+05 5.3304969324480848e+09 1.1320104335921195e+09 1.2495191592479579e+27 4.5344477214840415e+00 2.9998656460382946e+00 6.3082767628472752e+01
1.6786557964294455e+10 6.3910707451316200e-05 5.7078118603384724e+09 6.2194203747824160e+05 5.3304764958534279e+09 1.1320060934551344e+09 1.2664935322088153e+27 4.5548784714288821e+00 2.9998656422346359e+00 6.3082592335781321e+01
1.6862239614162254e+10 6.3910522022051728e-05 5.7077897793917694e+09 6.2194143595839757e+05 5.3304558746850748e+09 1.1320017141200845e+09 1.2836984773281122e+27 4.5754011614045664e+00 2.9998656384137203e+00 6.3082415467866838e+01
1.6938262472283638e+10 6.3910334917905370e-05 5.7077674990214701e+09 6.2194082900416851e+05 5.3304350672770882e+09 1.1319972952331462e+09 1.3011371261380355e+27 4.5960162036039085e+00 2.9998656345754688e+00 6.3082237010615927e+01
1.7014628076984907e+10 6.3910146123756707e-05 5.7077450174276838e+09 6.2194021656647860e+05 5.3304140719485598e+09 1.1319928364373758e+09 1.3188126526915410e+27 4.6167240120468378e+00 2.9998656307198024e+00 6.3082056949792758e+01
1.7091337973527853e+10 6.3909955624349347e-05 5.7077223327942457e+09 6.2193959859580128e+05 5.3303928870033932e+09 1.1319883373725550e+09 1.3367282741394938e+27 4.6375250025882124e+00 2.9998656268466415e+00 6.3081875271031720e+01
1.7168393714141031e+10 6.3909763404289220e-05 5.7076994432885990e+09 6.2193897504216246e+05 5.3303715107301960e+09 1.1319837976752152e+09 1.3548872513156117e+27 4.6584195929256689e+00 2.9998656229559058e+00 6.3081691959838885e+01
1.7245796858051167e+10 6.3909569448043069e-05 5.7076763470617476e+09 6.2193834585514595e+05 5.3303499414021873e+09 1.1319792169786763e+09 1.3732928893293471e+27 4.6794082026074957e+00 2.9998656190475157e+00 6.3081507001594545e+01
1.7323548971514713e+10 6.3909373739938141e-05 5.7076530422479820e+09 6.2193771098387288e+05 5.3303281772770157e+09 1.1319745949128978e+09 1.3919485381668182e+27 4.7004912530405454e+00 2.9998656151213905e+00 6.3081320381545396e+01
1.7401651627849533e+10 6.3909176264160061e-05 5.7076295269647532e+09 6.2193707037700457e+05 5.3303062165965872e+09 1.1319699311044998e+09 1.4108575932998818e+27 4.7216691674981588e+00 2.9998656111774484e+00 6.3081132084806967e+01
1.7480106407466751e+10 6.3908977004751785e-05 5.7076057993125734e+09 6.2193642398274201e+05 5.3302840575869865e+09 1.1319652251767588e+09 1.4300234963034762e+27 4.7429423711281409e+00 2.9998656072156091e+00 6.3080942096363160e+01
1.7558914897902710e+10 6.3908775945612436e-05 5.7075818573748569e+09 6.2193577174882102e+05 5.3302616984583330e+09 1.1319604767495732e+09 1.4494497354813213e+27 4.7643112909607552e+00 2.9998656032357904e+00 6.3080750401064329e+01
1.7638078693851116e+10 6.3908573070496166e-05 5.7075576992176943e+09 6.2193511362249893e+05 5.3302391374045734e+09 1.1319556854393661e+09 1.4691398465001154e+27 4.7857763559167399e+00 2.9998655992379102e+00 6.3080556983623886e+01
1.7717599397195309e+10 6.3908368363010476e-05 5.7075333228897982e+09 6.2193444955056300e+05 5.3302163726034164e+09 1.1319508508591471e+09 1.4890974130323491e+27 4.8073379968153773e+00 2.9998655952218858e+00 6.3080361828620852e+01
1.7797478617040649e+10 6.3908161806614885e-05 5.7075087264222746e+09 6.2193377947932016e+05 5.3301934022161303e+09 1.1319459726184373e+09 1.5093260674077908e+27 4.8289966463825653e+00 2.9998655911876346e+00 6.3080164920496848e+01
1.7877717969747112e+10 6.3907953384620202e-05 5.7074839078284674e+09 6.2193310335458745e+05 5.3301702243874025e+09 1.1319410503232000e+09 1.5298294912738610e+27 4.8507527392589456e+00 2.9998655871350732e+00 6.3079966243553109e+01
1.7958319078961971e+10 6.3907743080186518e-05 5.7074588651038351e+09 6.2193242112169624e+05 5.3301468372452106e+09 1.1319360835758724e+09 1.5506114162649241e+27 4.8726067120080394e+00 2.9998655830641181e+00 6.3079765781952005e+01
1.8039283575652664e+10 6.3907530876321984e-05 5.7074335962257910e+09 6.2193173272548779e+05 5.3301232389006805e+09 1.1319310719753323e+09 1.5716756246806635e+27 4.8945590031244262e+00 2.9998655789746849e+00 6.3079563519715769e+01
1.8120613098139786e+10 6.3907316755881747e-05 5.7074080991534786e+09 6.2193103811029950e+05 5.3300994274478807e+09 1.1319260151167986e+09 1.5930259501736844e+27 4.9166100530419534e+00 2.9998655748666896e+00 6.3079359440722683e+01
1.8202309292130257e+10 6.3907100701566318e-05 5.7073823718276768e+09 6.2193033721996937e+05 5.3300754009637222e+09 1.1319209125918646e+09 1.6146662784463929e+27 4.9387603041419714e+00 2.9998655707400470e+00 6.3079153528708098e+01
1.8284373810750603e+10 6.3906882695920393e-05 5.7073564121706343e+09 6.2192962999783014e+05 5.3300511575078163e+09 1.1319157639884546e+09 1.6366005479573687e+27 4.9610102007615922e+00 2.9998655665946719e+00 6.3078945767262645e+01
1.8366808314580425e+10 6.3906662721331041e-05 5.7073302180858488e+09 6.2192891638670210e+05 5.3300266951222582e+09 1.1319105688907714e+09 1.6588327506372932e+27 4.9833601892020027e+00 2.9998655624304789e+00 6.3078736139831001e+01
1.8449614471685993e+10 6.3906440760026764e-05 5.7073037874579077e+09 6.2192819632888632e+05 5.3300020118314924e+09 1.1319053268792491e+09 1.6813669326145819e+27 5.0058107177367734e+00 2.9998655582473819e+00 6.3078524629709023e+01
1.8532793957653988e+10 6.3906216794075931e-05 5.7072771181523848e+09 6.2192746976616653e+05 5.3299771056421957e+09 1.1319000375305650e+09 1.7042071949508828e+27 5.0283622366202332e+00 2.9998655540452948e+00 6.3078311220045030e+01
1.8616348455625439e+10 6.3905990805384941e-05 5.7072502080156221e+09 6.2192673663980421e+05 5.3299519745430889e+09 1.1318947004176054e+09 1.7273576943865033e+27 5.0510151980958469e+00 2.9998655498241305e+00 6.3078095893837883e+01
1.8700279656329739e+10 6.3905762775697360e-05 5.7072230548744869e+09 6.2192599689052138e+05 5.3299266165047092e+09 1.1318893151093390e+09 1.7508226440960003e+27 5.0737700564046371e+00 2.9998655455838015e+00 6.3077878633932713e+01
1.8784589258118896e+10 6.3905532686592080e-05 5.7071956565363722e+09 6.2192525045851595e+05 5.3299010294793959e+09 1.1318838811709309e+09 1.7746063144539686e+27 5.0966272677936395e+00 2.9998655413242203e+00 6.3077659423024748e+01
1.8869278967001877e+10 6.3905300519482108e-05 5.7071680107888336e+09 6.2192449728343752e+05 5.3298752114009800e+09 1.1318783981635649e+09 1.7987130338112205e+27 5.1195872905243736e+00 2.9998655370452996e+00 6.3077438243652459e+01
1.8954350496679131e+10 6.3905066255612723e-05 5.7071401153995485e+09 6.2192373730439693e+05 5.3298491601847105e+09 1.1318728656445138e+09 1.8231471892815314e+27 5.1426505848813600e+00 2.9998655327469499e+00 6.3077215078200965e+01
1.9039805568577278e+10 6.3904829876060181e-05 5.7071119681160393e+09 6.2192297045995179e+05 5.3298228737270288e+09 1.1318672831670349e+09 1.8479132275389859e+27 5.1658176131806632e+00 2.9998655284290834e+00 6.3076989908897062e+01
1.9125645911883930e+10 6.3904591361730313e-05 5.7070835666656055e+09 6.2192219668811001e+05 5.3297963499054737e+09 1.1318616502803948e+09 1.8730156556261825e+27 5.1890888397784600e+00 2.9998655240916099e+00 6.3076762717810901e+01
1.9211873263582680e+10 6.3904350693356831e-05 5.7070549087549896e+09 6.2192141592631303e+05 5.3297695865784054e+09 1.1318559665297482e+09 1.8984590417733686e+27 5.2124647310796464e+00 2.9998655197344406e+00 6.3076533486850828e+01
1.9298489368488266e+10 6.3904107851499761e-05 5.7070259920703506e+09 6.2192062811144488e+05 5.3297425815849514e+09 1.1318502314562042e+09 1.9242480162287211e+27 5.2359457555464664e+00 2.9998655153574849e+00 6.3076302197766111e+01
1.9385495979281853e+10 6.3903862816543785e-05 5.7069968142769451e+09 6.2191983317981474e+05 5.3297153327447128e+09 1.1318444445966995e+09 1.9503872720998183e+27 5.2595323837071843e+00 2.9998655109606527e+00 6.3076068832142738e+01
1.9472894856546524e+10 6.3903615568697050e-05 5.7069673730190697e+09 6.2191903106716298e+05 5.3296878378577232e+09 1.1318386054840419e+09 1.9768815662065814e+27 5.2832250881647758e+00 2.9998655065438524e+00 6.3075833371403334e+01
1.9560687768802883e+10 6.3903366087989202e-05 5.7069376659197340e+09 6.2191822170864395e+05 5.3296600947041388e+09 1.1318327136467865e+09 2.0037357199457458e+27 5.3070243436056526e+00 2.9998655021069931e+00 6.3075595796804464e+01
1.9648876492544861e+10 6.3903114354270073e-05 5.7069076905805836e+09 6.2191740503883013e+05 5.3296321010441637e+09 1.1318267686092649e+09 2.0309546201670537e+27 5.3309306268084269e+00 2.9998654976499832e+00 6.3075356089436099e+01
1.9737462812275650e+10 6.3902860347207592e-05 5.7068774445816364e+09 6.2191658099170332e+05 5.3296038546177950e+09 1.1318207698915224e+09 2.0585432200613468e+27 5.3549444166526978e+00 2.9998654931727304e+00 6.3075114230220336e+01
1.9826448520543816e+10 6.3902604046286771e-05 5.7068469254811468e+09 6.2191574950065115e+05 5.3295753531447172e+09 1.1318147170092919e+09 2.0865065400606599e+27 5.3790661941278692e+00 2.9998654886751415e+00 6.3074870199909540e+01
1.9915835417979568e+10 6.3902345430807641e-05 5.7068161308153582e+09 6.2191491049845796e+05 5.3295465943240490e+09 1.1318086094739287e+09 2.1148496687505508e+27 5.4032964423419978e+00 2.9998654841571244e+00 6.3074623979084578e+01
2.0005625313331207e+10 6.3902084479883700e-05 5.7067850580983467e+09 6.2191406391730439e+05 5.3295175758342113e+09 1.1318024467924068e+09 2.1435777637947804e+27 5.4276356465306828e+00 2.9998654796185855e+00 6.3074375548154038e+01
2.0095820023501713e+10 6.3901821172440468e-05 5.7067537048217592e+09 6.2191320968875336e+05 5.3294882953326874e+09 1.1317962284672179e+09 2.1726960528725240e+27 5.4520842940659717e+00 2.9998654750594302e+00 6.3074124887350536e+01
2.0186421373585506e+10 6.3901555487213136e-05 5.7067220684546900e+09 6.2191234774375707e+05 5.3294587504558840e+09 1.1317899539964228e+09 2.2022098346283049e+27 5.4766428744653100e+00 2.9998654704795644e+00 6.3073871976733109e+01
2.0277431196905399e+10 6.3901287402745574e-05 5.7066901464434443e+09 6.2191147801264236e+05 5.3294289388189306e+09 1.1317836228735435e+09 2.2321244796347716e+27 5.5013118794005118e+00 2.9998654658788939e+00 6.3073616796182591e+01
2.0368851335049667e+10 6.3901016897388542e-05 5.7066579362113333e+09 6.2191060042510647e+05 5.3293988580154877e+09 1.1317772345875349e+09 2.2624454313685543e+27 5.5260918027067643e+00 2.9998654612573228e+00 6.3073359325400141e+01
2.0460683637909336e+10 6.3900743949297248e-05 5.7066254351584549e+09 6.2190971491021500e+05 5.3293685056175327e+09 1.1317707886227684e+09 2.2931782071993444e+27 5.5509831403916756e+00 2.9998654566147556e+00 6.3073099543907936e+01
2.0552929963715603e+10 6.3900468536430419e-05 5.7065926406615143e+09 6.2190882139639230e+05 5.3293378791751947e+09 1.1317642844589634e+09 2.3243283993923544e+27 5.5759863906443305e+00 2.9998654519510963e+00 6.3072837431045080e+01
2.0645592179077435e+10 6.3900190636548236e-05 5.7065595500735607e+09 6.2190791981141339e+05 5.3293069762165194e+09 1.1317577215711281e+09 2.3559016761244034e+27 5.6011020538443992e+00 2.9998654472662483e+00 6.3072572965966245e+01
2.0738672159019348e+10 6.3899910227210288e-05 5.7065261607238684e+09 6.2190701008240902e+05 5.3292757942473354e+09 1.1317510994295969e+09 2.3879037825137213e+27 5.6263306325712641e+00 2.9998654425601146e+00 6.3072306127642818e+01
2.0832171787019348e+10 6.3899627285774355e-05 5.7064924699176321e+09 6.2190609213584685e+05 5.3292443307510014e+09 1.1317444174998934e+09 2.4203405416637809e+27 5.6516726316131809e+00 2.9998654378325975e+00 6.3072036894857042e+01
2.0926092955047035e+10 6.3899341789393940e-05 5.7064584749357948e+09 6.2190516589753376e+05 5.3292125831882133e+09 1.1317376752427487e+09 2.4532178557211934e+27 5.6771285579764772e+00 2.9998654330835999e+00 6.3071765246204215e+01
2.1020437563601898e+10 6.3899053715016775e-05 5.7064241730348148e+09 6.2190423129260656e+05 5.3291805489968033e+09 1.1317308721140325e+09 2.4865417069480168e+27 5.7026989208947736e+00 2.9998654283130226e+00 6.3071491160088712e+01
2.1115207521751762e+10 6.3898763039383147e-05 5.7063895614464760e+09 6.2190328824552801e+05 5.3291482255915689e+09 1.1317240075647249e+09 2.5203181588085415e+27 5.7283842318382350e+00 2.9998654235207671e+00 6.3071214614722933e+01
2.1210404747171421e+10 6.3898469739023751e-05 5.7063546373776007e+09 6.2190233668007515e+05 5.3291156103639908e+09 1.1317170810408332e+09 2.5545533570708441e+27 5.7541850045228697e+00 2.9998654187067340e+00 6.3070935588124932e+01
2.1306031166181450e+10 6.3898173790257701e-05 5.7063193980099525e+09 6.2190137651934731e+05 5.3290827006821375e+09 1.1317100919834480e+09 2.5892535309232146e+27 5.7801017549198344e+00 2.9998654138708236e+00 6.3070654058120027e+01
2.1402088713787167e+10 6.3897875169190971e-05 5.7062838404998293e+09 6.2190040768573922e+05 5.3290494938903122e+09 1.1317030398285503e+09 2.6244249941057747e+27 5.8061350012647903e+00 2.9998654090129357e+00 6.3070370002333483e+01
2.1498579333717808e+10 6.3897573851714250e-05 5.7062479619779921e+09 6.2189943010095251e+05 5.3290159873089609e+09 1.1316959240070939e+09 2.6600741460573942e+27 5.8322852640672860e+00 2.9998654041329700e+00 6.3070083398193610e+01
2.1595504978465843e+10 6.3897269813501431e-05 5.7062117595493565e+09 6.2189844368597725e+05 5.3289821782343998e+09 1.1316887439448724e+09 2.6962074730781401e+27 5.8585530661201632e+00 2.9998653992308246e+00 6.3069794222926369e+01
2.1692867609326496e+10 6.3896963030006759e-05 5.7061752302928152e+09 6.2189744836109807e+05 5.3289480639386282e+09 1.1316814990625629e+09 2.7328315495075137e+27 5.8849389325090034e+00 2.9998653943063984e+00 6.3069502453558101e+01
2.1790669196437424e+10 6.3896653476463777e-05 5.7061383712609367e+09 6.2189644404587545e+05 5.3289136416690741e+09 1.1316741887755921e+09 2.7699530389186161e+27 5.9114433906216046e+00 2.9998653893595892e+00 6.3069208066909084e+01
2.1888911718818581e+10 6.3896341127882926e-05 5.7061011794797859e+09 6.2189543065914605e+05 5.3288789086484079e+09 1.1316668124941373e+09 2.8075786953284950e+27 5.9380669701574771e+00 2.9998653843902945e+00 6.3068911039594518e+01
2.1987597164412277e+10 6.3896025959049607e-05 5.7060636519486408e+09 6.2189440811901260e+05 5.3288438620742903e+09 1.1316593696230536e+09 2.8457153644249267e+27 5.9648102031373957e+00 2.9998653793984116e+00 6.3068611348020987e+01
2.2086727530123386e+10 6.3895707944522094e-05 5.7060257856398134e+09 6.2189337634284305e+05 5.3288084991191912e+09 1.1316518595618689e+09 2.8843699848097817e+27 5.9916736239129502e+00 2.9998653743838362e+00 6.3068308968387008e+01
2.2186304821859772e+10 6.3895387058629787e-05 5.7059875774983521e+09 6.2189233524725656e+05 5.3287728169301252e+09 1.1316442817046814e+09 2.9235495892592528e+27 6.0186577691761602e+00 2.9998653693464647e+00 6.3068003876678304e+01
2.2286331054572857e+10 6.3895063275470567e-05 5.7059490244418135e+09 6.2189128474812279e+05 5.3287368126284285e+09 1.1316366354401553e+09 2.9632613060011294e+27 6.0457631779690928e+00 2.9998653642861925e+00 6.3067696048668779e+01
2.2386808252298420e+10 6.3894736568909417e-05 5.7059101233600302e+09 6.2189022476055124e+05 5.3287004833095503e+09 1.1316289201514435e+09 3.0035123600094230e+27 6.0729903916935282e+00 2.9998653592029152e+00 6.3067385459915883e+01
2.2487738448197529e+10 6.3894406912575936e-05 5.7058708711148443e+09 6.2188915519888536e+05 5.3286638260427961e+09 1.1316211352161455e+09 3.0443100743165130e+27 6.1003399541206580e+00 2.9998653540965265e+00 6.3067072085760636e+01
2.2589123684597698e+10 6.3894074279862014e-05 5.7058312645398722e+09 6.2188807597669913e+05 5.3286268378711109e+09 1.1316132800062821e+09 3.0856618713430259e+27 6.1278124114007992e+00 2.9998653489669209e+00 6.3066755901325969e+01
2.2690966013034206e+10 6.3893738643920422e-05 5.7057913004402370e+09 6.2188698700678372e+05 5.3285895158108377e+09 1.1316053538881996e+09 3.1275752742457944e+27 6.1554083120731491e+00 2.9998653438139922e+00 6.3066436881512466e+01
2.2793267494291607e+10 6.3893399977661851e-05 5.7057509755923357e+09 6.2188588820114709e+05 5.3285518568514824e+09 1.1315973562225671e+09 3.1700579082840140e+27 6.1831282070755815e+00 2.9998653386376328e+00 6.3066115000999559e+01
2.2896030198445446e+10 6.3893058253753471e-05 5.7057102867435331e+09 6.2188477947099856e+05 5.3285138579554453e+09 1.1315892863642640e+09 3.2131175022039851e+27 6.2109726497544528e+00 2.9998653334377359e+00 6.3065790234239941e+01
2.2999256204904129e+10 6.3892713444615984e-05 5.7056692306120052e+09 6.2188366072675656e+05 5.3284755160578613e+09 1.1315811436624382e+09 3.2567618896425025e+27 6.2389421958744480e+00 2.9998653282141934e+00 6.3065462555462673e+01
2.3102947602451004e+10 6.3892365522422108e-05 5.7056278038863344e+09 6.2188253187802201e+05 5.3284368280662308e+09 1.1315729274603114e+09 3.3009990105493590e+27 6.2670374036284660e+00 2.9998653229668966e+00 6.3065131938665338e+01
2.3207106489286640e+10 6.3892014459094001e-05 5.7055860032253551e+09 6.2188139283358539e+05 5.3283977908602781e+09 1.1315646370952315e+09 3.3458369126290563e+27 6.2952588336475284e+00 2.9998653176957366e+00 6.3064798357615977e+01
2.3311734973071270e+10 6.3891660226301000e-05 5.7055438252578268e+09 6.2188024350141292e+05 5.3283584012916355e+09 1.1315562718985736e+09 3.3912837528020370e+27 6.3236070490107084e+00 2.9998653124006043e+00 6.3064461785849709e+01
2.3416835170967442e+10 6.3891302795457641e-05 5.7055012665822411e+09 6.2187908378864406e+05 5.3283186561836672e+09 1.1315478311957204e+09 3.4373477986857697e+27 6.3520826152551191e+00 2.9998653070813894e+00 6.3064122196667228e+01
2.3522409209682865e+10 6.3890942137721015e-05 5.7054583237664347e+09 6.2187791360157658e+05 5.3282785523311176e+09 1.1315393143059559e+09 3.4840374300957979e+27 6.3806861003858932e+00 2.9998653017379815e+00 6.3063779563131483e+01
2.3628459225513439e+10 6.3890578223988547e-05 5.7054149933474312e+09 6.2187673284566845e+05 5.3282380864999399e+09 1.1315307205424776e+09 3.5313611405672079e+27 6.4094180748862373e+00 2.9998652963702694e+00 6.3063433858068109e+01
2.3734987364386490e+10 6.3890211024895881e-05 5.7053712718310633e+09 6.2187554142551962e+05 5.3281972554269743e+09 1.1315220492122664e+09 3.5793275388966567e+27 6.4382791117274811e+00 2.9998652909781423e+00 6.3063085054059933e+01
2.3841995781904182e+10 6.3889840510814361e-05 5.7053271556917925e+09 6.2187433924487536e+05 5.3281560558197575e+09 1.1315132996161108e+09 3.6279453507052683e+27 6.4672697863791679e+00 2.9998652855614876e+00 6.3062733123447863e+01
2.3949486643387138e+10 6.3889466651848603e-05 5.7052826413723831e+09 6.2187312620661291e+05 5.3281144843562126e+09 1.1315044710485096e+09 3.6772234200227206e+27 6.4963906768191899e+00 2.9998652801201926e+00 6.3062378038328248e+01
2.4057462123918266e+10 6.3889089417834219e-05 5.7052377252835503e+09 6.2187190221272898e+05 5.3280725376843576e+09 1.1314955627975819e+09 3.7271707108928021e+27 6.5256423635439349e+00 2.9998652746541441e+00 6.3062019770547991e+01
2.4165924408386765e+10 6.3888708778335471e-05 5.7051924038037939e+09 6.2187066716434038e+05 5.3280302124221029e+09 1.1314865741450732e+09 3.7777963090006481e+27 6.5550254295784693e+00 2.9998652691632293e+00 6.3061658291705754e+01
2.4274875691532326e+10 6.3888324702642644e-05 5.7051466732790422e+09 6.2186942096167244e+05 5.3279875051569529e+09 1.1314775043662698e+09 3.8291094233220570e+27 6.5845404604867586e+00 2.9998652636473335e+00 6.3061293573148234e+01
2.4384318177989559e+10 6.3887937159769784e-05 5.7051005300223885e+09 6.2186816350405198e+05 5.3279444124457397e+09 1.1314683527299495e+09 3.8811193877951387e+27 6.6141880443819066e+00 2.9998652581063423e+00 6.3060925585968491e+01
2.4494254082332603e+10 6.3887546118452103e-05 5.7050539703137560e+09 6.2186689468989591e+05 5.3279009308143244e+09 1.1314591184982996e+09 3.9338356630145626e+27 6.6439687719364340e+00 2.9998652525401401e+00 6.3060554301002661e+01
2.4604685629119919e+10 6.3887151547143399e-05 5.7050069903996315e+09 6.2186561441670661e+05 5.3278570567573395e+09 1.1314498009268825e+09 3.9872678379487816e+27 6.6738832363925829e+00 2.9998652469486116e+00 6.3060179688829088e+01
2.4715615052939331e+10 6.3886753414013839e-05 5.7049595864927702e+09 6.2186432258106209e+05 5.3278127867379141e+09 1.1314403992645657e+09 4.0414256316804989e+27 6.7039320335726540e+00 2.9998652413316402e+00 6.3059801719764792e+01
2.4827044598453217e+10 6.3886351686947066e-05 5.7049117547719173e+09 6.2186301907861256e+05 5.3277681171874208e+09 1.1314309127534974e+09 4.0963188951706602e+27 6.7341157618893686e+00 2.9998652356891089e+00 6.3059420363865286e+01
2.4938976520443954e+10 6.3885946333537956e-05 5.7048634913814011e+09 6.2186170380405872e+05 5.3277230445050850e+09 1.1314213406289485e+09 4.1519576130463763e+27 6.7644350223562633e+00 2.9998652300209012e+00 6.3059035590918292e+01
2.5051413083859520e+10 6.3885537321089819e-05 5.7048147924309597e+09 6.2186037665115972e+05 5.3276775650578365e+09 1.1314116821193724e+09 4.2083519054130206e+27 6.7948904185981167e+00 2.9998652243268982e+00 6.3058647370445783e+01
2.5164356563859348e+10 6.3885124616611683e-05 5.7047656539953613e+09 6.2185903751271684e+05 5.3276316751799355e+09 1.1314019364462850e+09 4.2655120296908732e+27 6.8254825568614104e+00 2.9998652186069816e+00 6.3058255671700152e+01
2.5277809245860348e+10 6.3884708186815966e-05 5.7047160721140575e+09 6.2185768628055998e+05 5.3275853711726704e+09 1.1313921028241694e+09 4.3234483824766052e+27 6.8562120460247922e+00 2.9998652128610330e+00 6.3057860463659509e+01
2.5391773425583157e+10 6.3884287998115631e-05 5.7046660427909546e+09 6.2185632284554909e+05 5.3275386493041277e+09 1.1313821804604847e+09 4.3821715014299703e+27 6.8870794976096175e+00 2.9998652070889320e+00 6.3057461715029092e+01
2.5506251409098598e+10 6.3883864016621756e-05 5.7046155619940624e+09 6.2185494709755969e+05 5.3274915058088760e+09 1.1313721685555632e+09 4.4416920671860718e+27 6.9180855257904712e+00 2.9998652012905591e+00 6.3057059394236092e+01
2.5621245512874332e+10 6.3883436208140123e-05 5.7045646256550856e+09 6.2185355892547173e+05 5.3274439368875780e+09 1.1313620663025286e+09 4.5020209052934333e+27 6.9492307474057480e+00 2.9998651954657931e+00 6.3056653469428134e+01
2.5736758063821743e+10 6.3883004538169589e-05 5.7045132296692944e+09 6.2185215821716958e+05 5.3273959387068634e+09 1.1313518728872974e+09 4.5631689881783647e+27 6.9805157819682524e+00 2.9998651896145132e+00 6.3056243908471799e+01
2.5852791399343025e+10 6.3882568971898211e-05 5.7044613698949537e+09 6.2185074485952011e+05 5.3273475073988161e+09 1.1313415874884207e+09 4.6251474371358965e+27 7.0119412516758288e+00 2.9998651837365968e+00 6.3055830678947551e+01
2.5969347867378464e+10 6.3882129474201389e-05 5.7044090421532373e+09 6.2184931873837765e+05 5.3272986390608654e+09 1.1313312092771192e+09 4.6879675243476592e+27 7.0435077814220239e+00 2.9998651778319227e+00 6.3055413748150862e+01
2.6086429826453960e+10 6.3881686009638385e-05 5.7043562422276926e+09 6.2184787973856297e+05 5.3272493297553158e+09 1.1313207374171329e+09 4.7516406749270524e+27 7.0752159988067662e+00 2.9998651719003666e+00 6.3054993083086046e+01
2.6204039645728760e+10 6.3881238542449798e-05 5.7043029658640385e+09 6.2184642774386262e+05 5.3271995755091343e+09 1.1313101710647159e+09 4.8161784689921422e+27 7.1070665341470942e+00 2.9998651659418059e+00 6.3054568650466720e+01
2.6322179705043373e+10 6.3880787036555046e-05 5.7042492087697697e+09 6.2184496263701213e+05 5.3271493723135977e+09 1.1312995093685157e+09 4.8815926437665162e+27 7.1390600204878893e+00 2.9998651599561161e+00 6.3054140416710759e+01
2.6440852394967754e+10 6.3880331455548655e-05 5.7041949666138334e+09 6.2184348429969535e+05 5.3270987161239777e+09 1.1312887514695687e+09 4.9478950957087095e+27 7.1711970936126654e+00 2.9998651539431727e+00 6.3053708347940393e+01
2.6560060116849659e+10 6.3879871762698111e-05 5.7041402350262527e+09 6.2184199261252489e+05 5.3270476028592005e+09 1.1312778965011582e+09 5.0150978826702688e+27 7.2034783920543504e+00 2.9998651479028502e+00 6.3053272409976486e+01
2.6679805282863247e+10 6.3879407920940708e-05 5.7040850095978279e+09 6.2184048745503998e+05 5.3269960284015617e+09 1.1312669435888014e+09 5.0832132260831907e+27 7.2359045571061342e+00 2.9998651418350226e+00 6.3052832568338346e+01
2.6800090316057873e+10 6.3878939892880336e-05 5.7040292858797770e+09 6.2183896870569699e+05 5.3269439885963840e+09 1.1312558918501794e+09 5.1522535131768104e+27 7.2684762328323140e+00 2.9998651357395634e+00 6.3052388788240961e+01
2.6920917650407146e+10 6.3878467640784780e-05 5.7039730593833361e+09 6.2183743624185422e+05 5.3268914792516613e+09 1.1312447403950279e+09 5.2222312992247945e+27 7.3011940660791925e+00 2.9998651296163459e+00 6.3051941034590840e+01
2.7042289730858162e+10 6.3877991126582876e-05 5.7039163255794611e+09 6.2183588993976498e+05 5.3268384961377659e+09 1.1312334883250890e+09 5.2931593098224667e+27 7.3340587064859788e+00 2.9998651234652418e+00 6.3051489271983918e+01
2.7164209013380974e+10 6.3877510311860882e-05 5.7038590798984079e+09 6.2183432967456803e+05 5.3267850349870634e+09 1.1312221347340400e+09 5.3650504431949703e+27 7.3670708064957378e+00 2.9998651172861237e+00 6.3051033464703444e+01
2.7286677965018303e+10 6.3877025157860074e-05 5.7038013177294779e+09 6.2183275532028102e+05 5.3267310914936619e+09 1.1312106787074494e+09 5.4379177725366690e+27 7.4002310213663556e+00 2.9998651110788619e+00 6.3050573576717824e+01
2.7409699063935452e+10 6.3876535625473170e-05 5.7037430344205141e+09 6.2183116674978333e+05 5.3266766613129654e+09 1.1311991193226509e+09 5.5117745483821382e+27 7.4335400091815353e+00 2.9998651048433276e+00 6.3050109571675868e+01
2.7533274799470444e+10 6.3876041675241650e-05 5.7036842252776041e+09 6.2182956383480690e+05 5.3266217400613785e+09 1.1311874556486785e+09 5.5866342010092884e+27 7.4669984308618211e+00 2.9998650985793902e+00 6.3049641412904421e+01
2.7657407672184414e+10 6.3875543267352160e-05 5.7036248855647240e+09 6.2182794644593308e+05 5.3265663233159742e+09 1.1311756867462442e+09 5.6625103428750168e+27 7.5006069501756478e+00 2.9998650922869197e+00 6.3049169063407689e+01
2.7782100193912182e+10 6.3875040361633626e-05 5.7035650105033169e+09 6.2182631445257482e+05 5.3265104066141129e+09 1.1311638116676099e+09 5.7394167710836632e+27 7.5343662337504114e+00 2.9998650859657836e+00 6.3048692485862162e+01
2.7907354887813103e+10 6.3874532917554099e-05 5.7035045952719584e+09 6.2182466772296955e+05 5.3264539854531116e+09 1.1311518294565361e+09 5.8173674698890383e+27 7.5682769510835781e+00 2.9998650796158510e+00 6.3048211642614362e+01
2.8033174288422108e+10 6.3874020894217392e-05 5.7034436350059328e+09 6.2182300612416700e+05 5.3263970552898684e+09 1.1311397391481943e+09 5.8963766132301875e+27 7.6023397745538119e+00 2.9998650732369896e+00 6.3047726495678347e+01
2.8159560941701004e+10 6.3873504250359705e-05 5.7033821247969007e+09 6.2182132952202321e+05 5.3263396115405254e+09 1.1311275397691245e+09 5.9764585673014343e+27 7.6365553794321350e+00 2.9998650668290652e+00 6.3047237006733468e+01
2.8286517405089973e+10 6.3872982944346673e-05 5.7033200596924181e+09 6.2181963778117998e+05 5.3262816495800562e+09 1.1311152303370872e+09 6.0576278931572470e+27 7.6709244438930915e+00 2.9998650603919446e+00 6.3046743137118554e+01
2.8414046247559338e+10 6.3872456934169918e-05 5.7032574346956568e+09 6.2181793076506420e+05 5.3262231647419710e+09 1.1311028098610590e+09 6.1398993493522745e+27 7.7054476490259711e+00 2.9998650539254932e+00 6.3046244847832526e+01
2.8542150049661549e+10 6.3871926177443521e-05 5.7031942447649508e+09 6.2181620833587414e+05 5.3261641523179073e+09 1.1310902773411338e+09 6.2232878946171574e+27 7.7401256788460389e+00 2.9998650474295760e+00 6.3045742099530059e+01
2.8670831403583378e+10 6.3871390631400774e-05 5.7031304848133354e+09 6.2181447035456100e+05 5.3261046075572062e+09 1.1310776317683909e+09 6.3078086905703770e+27 7.7749592203057842e+00 2.9998650409040577e+00 6.3045234852516678e+01
2.8800092913198395e+10 6.3870850252891162e-05 5.7030661497083092e+09 6.2181271668083081e+05 5.3260445256666746e+09 1.1310648721249082e+09 6.3934771044669825e+27 7.8099489633062138e+00 2.9998650343488014e+00 6.3044723066749150e+01
2.8929937194119648e+10 6.3870304998376066e-05 5.7030012342712402e+09 6.2181094717312162e+05 5.3259839018100424e+09 1.1310519973835988e+09 6.4803087119842685e+27 7.8450956007081434e+00 2.9998650277636707e+00 6.3044206701829893e+01
2.9060366873752590e+10 6.3869754823926245e-05 5.7029357332771025e+09 6.2180916168859904e+05 5.3259227311077089e+09 1.1310390065081785e+09 6.5683193000452990e+27 7.8803998283435517e+00 2.9998650211485272e+00 6.3043685717004948e+01
2.9191384591348251e+10 6.3869199685217805e-05 5.7028696414539652e+09 6.2180736008314043e+05 5.3258610086362801e+09 1.1310258984530535e+09 6.6575248696804590e+27 7.9158623450269197e+00 2.9998650145032335e+00 6.3043160071160003e+01
2.9322992998056633e+10 6.3868639537528586e-05 5.7028029534826288e+09 6.2180554221132793e+05 5.3257987294282064e+09 1.1310126721632693e+09 6.7479416389277801e+27 7.9514838525666125e+00 2.9998650078276503e+00 6.3042629722818887e+01
2.9455194756980362e+10 6.3868074335735042e-05 5.7027356639962139e+09 6.2180370792643493e+05 5.3257358884714098e+09 1.1309993265744147e+09 6.8395860457724754e+27 7.9872650557762981e+00 2.9998650011216381e+00 6.3042094630139403e+01
2.9587992543228573e+10 6.3867504034308381e-05 5.7026677675796394e+09 6.2180185708040767e+05 5.3256724807088118e+09 1.1309858606124885e+09 6.9324747511261569e+27 8.0232066624863485e+00 2.9998649943850570e+00 6.3041554750908382e+01
2.9721389043971050e+10 6.3866928587310995e-05 5.7025992587693701e+09 6.2179998952386854e+05 5.3256085010380611e+09 1.1309722731939254e+09 7.0266246418463370e+27 8.0593093835553180e+00 2.9998649876177654e+00 6.3041010042542865e+01
2.9855386958492596e+10 6.3866347948392797e-05 5.7025301320527935e+09 6.2179810510608787e+05 5.3255439443109961e+09 1.1309585632253907e+09 7.1220528337968197e+27 8.0955739328814094e+00 2.9998649808196225e+00 6.3040460462081995e+01
2.9989988998247635e+10 6.3865762070787604e-05 5.7024603818679104e+09 6.2179620367498207e+05 5.3254788053333216e+09 1.1309447296037703e+09 7.2187766749493471e+27 8.1320010274139509e+00 2.9998649739904857e+00 6.3039905966187035e+01
3.0125197886915119e+10 6.3865170907309368e-05 5.7023900026028528e+09 6.2179428507709759e+05 5.3254130788641701e+09 1.1309307712160535e+09 7.3168137485272199e+27 8.1685913871649536e+00 2.9998649671302124e+00 6.3039346511136863e+01
3.0261016360453598e+10 6.3864574410348507e-05 5.7023189885954494e+09 6.2179234915760020e+05 5.3253467596156988e+09 1.1309166869392567e+09 7.4161818761914377e+27 8.2053457352206163e+00 2.9998649602386585e+00 6.3038782052824573e+01
3.0397447167156609e+10 6.3863972531867817e-05 5.7022473341327477e+09 6.2179039576026122e+05 5.3252798422526407e+09 1.1309024756403255e+09 7.5168991212698021e+27 8.2422647977529113e+00 2.9998649533156807e+00 6.3038212546754693e+01
3.0534493067708286e+10 6.3863365223399329e-05 5.7021750334506426e+09 6.2178842472744733e+05 5.3252123213919554e+09 1.1308881361760616e+09 7.6189837920297969e+27 8.2793493040311681e+00 2.9998649463611331e+00 6.3037637948039560e+01
3.0672156835239212e+10 6.3862752436039723e-05 5.7021020807333326e+09 6.2178643590010609e+05 5.3251441916023264e+09 1.1308736673930178e+09 7.7224544449955315e+27 8.3165999864336708e+00 2.9998649393748709e+00 6.3037058211395632e+01
3.0810441255382538e+10 6.3862134120446892e-05 5.7020284701128712e+09 6.2178442911775014e+05 5.3250754474037428e+09 1.1308590681273866e+09 7.8273298883096205e+27 8.3540175804592938e+00 2.9998649323567474e+00 6.3036473291139558e+01
3.0949349126330353e+10 6.3861510226836019e-05 5.7019541956687651e+09 6.2178240421845042e+05 5.3250060832671165e+09 1.1308443372049501e+09 7.9336291851404519e+27 8.3916028247391470e+00 2.9998649253066159e+00 6.3035883141186012e+01
3.1088883258890305e+10 6.3860880704975340e-05 5.7018792514274626e+09 6.2178036103882082e+05 5.3249360936138048e+09 1.1308294734409721e+09 8.0413716571354931e+27 8.4293564610482434e+00 2.9998649182243287e+00 6.3035287715043616e+01
3.1229046476542477e+10 6.3860245504182469e-05 5.7018036313618746e+09 6.2177829941400350e+05 5.3248654728151798e+09 1.1308144756400912e+09 8.1505768879212458e+27 8.4672792343172034e+00 2.9998649111097375e+00 6.3034686965811076e+01
3.1369841615496521e+10 6.3859604573320239e-05 5.7017273293909636e+09 6.2177621917766053e+05 5.3247942151922092e+09 1.1307993425962622e+09 8.2612647266504736e+27 8.5053718926439341e+00 2.9998649039626928e+00 6.3034080846174824e+01
3.1511271524749039e+10 6.3858957860792837e-05 5.7016503393791237e+09 6.2177412016194896e+05 5.3247223150149326e+09 1.1307840730925765e+09 8.3734552915973888e+27 8.5436351873053837e+00 2.9998648967830457e+00 6.3033469308402005e+01
3.1653339066141251e+10 6.3858305314541225e-05 5.7015726551358871e+09 6.2177200219752593e+05 5.3246497665021219e+09 1.1307686659013004e+09 8.4871689738013388e+27 8.5820698727692832e+00 2.9998648895706448e+00 6.3032852304342633e+01
3.1796047114416897e+10 6.3857646882039642e-05 5.7014942704152718e+09 6.2176986511351704e+05 5.3245765638207226e+09 1.1307531197836475e+09 8.6024264407598200e+27 8.6206767067059058e+00 2.9998648823253400e+00 6.3032229785420242e+01
3.1939398557280392e+10 6.3856982510291109e-05 5.7014151789153805e+09 6.2176770873751305e+05 5.3245027010854607e+09 1.1307374334897559e+09 8.7192486401711971e+27 8.6594564499998512e+00 2.9998648750469781e+00 6.3031601702631534e+01
3.2083396295455288e+10 6.3856312145823207e-05 5.7013353742778931e+09 6.2176553289555572e+05 5.3244281723583641e+09 1.1307216057585862e+09 8.8376568037281643e+27 8.6984098667618568e+00 2.9998648677354081e+00 6.3030968006542125e+01
3.2228043242742943e+10 6.3855635734683827e-05 5.7012548500874872e+09 6.2176333741211588e+05 5.3243529716482325e+09 1.1307056353177650e+09 8.9576724509622756e+27 8.7375377243406085e+00 2.9998648603904754e+00 6.3030328647281273e+01
3.2373342326081501e+10 6.3854953222437427e-05 5.7011735998714848e+09 6.2176112211009022e+05 5.3242770929102974e+09 1.1306895208835633e+09 9.0793173931405689e+27 8.7768407933345909e+00 2.9998648530120264e+00 6.3029683574540051e+01
3.2519296485605106e+10 6.3854264554159818e-05 5.7010916170991993e+09 6.2175888681078074e+05 5.3242005300456190e+09 1.1306732611607480e+09 9.2026137372145580e+27 8.8163198476039160e+00 2.9998648455999062e+00 6.3029032737566837e+01
3.2665908674703407e+10 6.3853569674434483e-05 5.7010088951815014e+09 6.2175663133388199e+05 5.3241232769006720e+09 1.1306568548424911e+09 9.3275838898228391e+27 8.8559756642822265e+00 2.9998648381539597e+00 6.3028376085163451e+01
3.2813181860081306e+10 6.3852868527348035e-05 5.7009254274702415e+09 6.2175435549746407e+05 5.3240453272668247e+09 1.1306403006102486e+09 9.4542505613475166e+27 8.8958090237885550e+00 2.9998648306740305e+00 6.3027713565680287e+01
3.2961119021819004e+10 6.3852161056485813e-05 5.7008412072578220e+09 6.2175205911796540e+05 5.3239666748799191e+09 1.1306235971337092e+09 9.5826367700254973e+27 8.9358207098392377e+00 2.9998648231599616e+00 6.3027045127014482e+01
3.3109723153432297e+10 6.3851447204927301e-05 5.7007562277765589e+09 6.2174974201016873e+05 5.3238873134196863e+09 1.1306067430706222e+09 9.7127658461152991e+27 8.9760115094598358e+00 2.9998648156115952e+00 6.3026370716604177e+01
3.3258997261933140e+10 6.3850726915241671e-05 5.7006704821982117e+09 6.2174740398719255e+05 5.3238072365093002e+09 1.1305897370667367e+09 9.8446614361200145e+27 9.0163822129970512e+00 2.9998648080287729e+00 6.3025690281425348e+01
3.3408944367890518e+10 6.3850000129483562e-05 5.7005839636334476e+09 6.2174504486047360e+05 5.3237264377148895e+09 1.1305725777556765e+09 9.9783475070674672e+27 9.0569336141306938e+00 2.9998648004113351e+00 6.3025003767987243e+01
3.3559567505491539e+10 6.3849266789187738e-05 5.7004966651312904e+09 6.2174266443975642e+05 5.3236449105450029e+09 1.1305552637588665e+09 1.0113848350847912e+28 9.0976665098856166e+00 2.9998647927591229e+00 6.3024311122330175e+01
3.3710869722602856e+10 6.3848526835365510e-05 5.7004085796785679e+09 6.2174026253306982e+05 5.3235626484501143e+09 1.1305377936853631e+09 1.0251188588610436e+28 9.1385817006437158e+00 2.9998647850719746e+00 6.3023612290018356e+01
3.3862854080832321e+10 6.3847780208499099e-05 5.7003197001993570e+09 6.2173783894671896e+05 5.3234796448220921e+09 1.1305201661317992e+09 1.0390393175218726e+28 9.1796799901558970e+00 2.9998647773497291e+00 6.3022907216138577e+01
3.4015523655590950e+10 6.3847026848537811e-05 5.7002300195544548e+09 6.2173539348526509e+05 5.3233958929937105e+09 1.1305023796822391e+09 1.0531487403766800e+28 9.2209621855540735e+00 2.9998647695922243e+00 6.3022195845294050e+01
3.4168881536155148e+10 6.3846266694892311e-05 5.7001395305407820e+09 6.2173292595151463e+05 5.3233113862380819e+09 1.1304844329081006e+09 1.0674496910155840e+28 9.2624290973631922e+00 2.9998647617992971e+00 6.3021478121602229e+01
3.4322930825729221e+10 6.3845499686430873e-05 5.7000482258908377e+09 6.2173043614649773e+05 5.3232261177681704e+09 1.1304663243680024e+09 1.0819447677732743e+28 9.3040815395132341e+00 2.9998647539707832e+00 6.3020753988688227e+01
3.4477674641508179e+10 6.3844725761473821e-05 5.6999560982721395e+09 6.2172792386945803e+05 5.3231400807362423e+09 1.1304480526076910e+09 1.0966366041991242e+28 9.3459203293512800e+00 2.9998647461065189e+00 6.3020023389682834e+01
3.4633116114740784e+10 6.3843944857789060e-05 5.6998631402866392e+09 6.2172538891783357e+05 5.3230532682333393e+09 1.1304296161599045e+09 1.1115278695336404e+28 9.3879462876535005e+00 2.9998647382063384e+00 6.3019286267216941e+01
3.4789258390792953e+10 6.3843156912586906e-05 5.6997693444701281e+09 6.2172283108724048e+05 5.3229656732887096e+09 1.1304110135442569e+09 1.1266212691913566e+28 9.4301602386372565e+00 2.9998647302700756e+00 6.3018542563417526e+01
3.4946104629211380e+10 6.3842361862515324e-05 5.6996747032916641e+09 6.2172025017145788e+05 5.3228772888692884e+09 1.1303922432671297e+09 1.1419195452502274e+28 9.4725630099731557e+00 2.9998647222975636e+00 6.3017792219903299e+01
3.5103658003787453e+10 6.3841559643654960e-05 5.6995792091529884e+09 6.2171764596241014e+05 5.3227881078791399e+09 1.1303733038215468e+09 1.1574254769476270e+28 9.5151554327970818e+00 2.9998647142886350e+00 6.3017035177779867e+01
3.5261921702621513e+10 6.3840750191513889e-05 5.6994828543879242e+09 6.2171501825015270e+05 5.3226981231589012e+09 1.1303541936870720e+09 1.1731418811830490e+28 9.5579383417223269e+00 2.9998647062431205e+00 6.3016271377636521e+01
3.5420898928187340e+10 6.3839933441022729e-05 5.6993856312617960e+09 6.2171236682285485e+05 5.3226073274852352e+09 1.1303349113296885e+09 1.1890716130275635e+28 9.6009125748516464e+00 2.9998646981608519e+00 6.3015500759541091e+01
3.5580592897396973e+10 6.3839109326529366e-05 5.6992875319707355e+09 6.2170969146677619e+05 5.3225157135701942e+09 1.1303154552016287e+09 1.2052175662401801e+28 9.6440789737893571e+00 2.9998646900416586e+00 6.3014723263033872e+01
3.5741006841665787e+10 6.3838277781794170e-05 5.6991885486412306e+09 6.2170699196626153e+05 5.3224232740607853e+09 1.1302958237413399e+09 1.2215826737911401e+28 9.6874383836534488e+00 2.9998646818853696e+00 6.3013938827126182e+01
3.5902144006977875e+10 6.3837438739984087e-05 5.6990886733293591e+09 6.2170426810371480e+05 5.3223300015382605e+09 1.1302760153732984e+09 1.2381699083922809e+28 9.7309916530876723e+00 2.9998646736918135e+00 6.3013147390293653e+01
3.6064007653951775e+10 6.3836592133668083e-05 5.6989878980202560e+09 6.2170151965958509e+05 5.3222358885176201e+09 1.1302560285079098e+09 1.2549822830345647e+28 9.7747396342736685e+00 2.9998646654608172e+00 6.3012348890471998e+01
3.6226601057906380e+10 6.3835737894811268e-05 5.6988862146274099e+09 6.2169874641234567e+05 5.3221409274469576e+09 1.1302358615413592e+09 1.2720228515328285e+28 9.8186831829430616e+00 2.9998646571922079e+00 6.3011543265052119e+01
3.6389927508927284e+10 6.3834875954770293e-05 5.6987836149921474e+09 6.2169594813848217e+05 5.3220451107069721e+09 1.1302155128555293e+09 1.2892947090779043e+28 9.8628231583896149e+00 2.9998646488858114e+00 6.3010730450876146e+01
3.6553990311933311e+10 6.3834006244286771e-05 5.6986800908828907e+09 6.2169312461247318e+05 5.3219484306102715e+09 1.1301949808178604e+09 1.3068009927961568e+28 9.9071604234813115e+00 2.9998646405414529e+00 6.3009910384233365e+01
3.6718792786743393e+10 6.3833128693483289e-05 5.6985756339945259e+09 6.2169027560676378e+05 5.3218508794008064e+09 1.1301742637811623e+09 1.3245448823165969e+28 9.9516958446725106e+00 2.9998646321589555e+00 6.3009083000851582e+01
3.6884338268143776e+10 6.3832243231856648e-05 5.6984702359478159e+09 6.2168740089176083e+05 5.3217524492532892e+09 1.1301533600835824e+09 1.3425296003456094e+28 9.9964302920160613e+00 2.9998646237381439e+00 6.3008248235897675e+01
3.7050630105955475e+10 6.3831349788272951e-05 5.6983638882887173e+09 6.2168450023580901e+05 5.3216531322725725e+09 1.1301322680484354e+09 1.3607584132494445e+28 1.0041364639175434e+01 2.9998646152788395e+00 6.3007406023969828e+01
3.7217671665102058e+10 6.3830448290962135e-05 5.6982565824876852e+09 6.2168157340516732e+05 5.3215529204930096e+09 1.1301109859840341e+09 1.3792346316445560e+28 1.0086499763436859e+01 2.9998646067808648e+00 6.3006556299091976e+01
3.7385466325677750e+10 6.3829538667511788e-05 5.6981483099390526e+09 6.2167862016399833e+05 5.3214518058778486e+09 1.1300895121836159e+09 1.3979616109958954e+28 1.0131836545721439e+01 2.9998645982440406e+00 6.3005698994710961e+01
3.7554017483015816e+10 6.3828620844862038e-05 5.6980390619603224e+09 6.2167564027434308e+05 5.3213497803186016e+09 1.1300678449251626e+09 1.4169427522232648e+28 1.0177375870597299e+01 2.9998645896681859e+00 6.3004834043689328e+01
3.7723328547757263e+10 6.3827694749299524e-05 5.6979288297915411e+09 6.2167263349610800e+05 5.3212468356344385e+09 1.1300459824713089e+09 1.4361815023158491e+28 1.0223118626291690e+01 2.9998645810531208e+00 6.3003961378302414e+01
3.7893402945919884e+10 6.3826760306451446e-05 5.6978176045945520e+09 6.2166959958704142e+05 5.3211429635714941e+09 1.1300239230691752e+09 1.4556813549550235e+28 1.0269065704703142e+01 2.9998645723986632e+00 6.3003080930232009e+01
3.8064244118967537e+10 6.3825817441280321e-05 5.6977053774523706e+09 6.2166653830271540e+05 5.3210381558022900e+09 1.1300016649502387e+09 1.4754458511455486e+28 1.0315218001413557e+01 2.9998645637046302e+00 6.3002192630561211e+01
3.8235855523879829e+10 6.3824866078077437e-05 5.6975921393684607e+09 6.2166344939650991e+05 5.3209324039250546e+09 1.1299792063302219e+09 1.4954785798552781e+28 1.0361576415700354e+01 2.9998645549708391e+00 6.3001296409770553e+01
3.8408240633222023e+10 6.3823906140457321e-05 5.6974778812660065e+09 6.2166033261958556e+05 5.3208256994630404e+09 1.1299565454088974e+09 1.5157831786634752e+28 1.0408141850548564e+01 2.9998645461971045e+00 6.3000392197730974e+01
3.8581402935215347e+10 6.3822937551351536e-05 5.6973625939872522e+09 6.2165718772087223e+05 5.3207180338639174e+09 1.1299336803700094e+09 1.5363633344178615e+28 1.0454915212662947e+01 2.9998645373832420e+00 6.2999479923700065e+01
3.8755345933807571e+10 6.3821960233002959e-05 5.6972462682927752e+09 6.2165401444704249e+05 5.3206093984990816e+09 1.1299106093810849e+09 1.5572227839005346e+28 1.0501897412480107e+01 2.9998645285290650e+00 6.2998559516315865e+01
3.8930073148743866e+10 6.3820974106959289e-05 5.6971288948607225e+09 6.2165081254249346e+05 5.3204997846629553e+09 1.1298873305933039e+09 1.5783653145028156e+28 1.0549089364180551e+01 2.9998645196343867e+00 6.2997630903591464e+01
3.9105588115638084e+10 6.3819979094067086e-05 5.6970104642861891e+09 6.2164758174933214e+05 5.3203891835723886e+09 1.1298638421413977e+09 1.5997947649092318e+28 1.0596491985700821e+01 2.9998645106990187e+00 6.2996694012911682e+01
3.9281894386044273e+10 6.3818975114465835e-05 5.6968909670803947e+09 6.2164432180734631e+05 5.3202775863659163e+09 1.1298401421434402e+09 1.6215150257906730e+28 1.0644106198745545e+01 2.9998645017227732e+00 6.2995748771024346e+01
3.9458995527528542e+10 6.3817962087581113e-05 5.6967703936699591e+09 6.2164103245398751e+05 5.3201649841030493e+09 1.1298162287007301e+09 1.6435300405068918e+28 1.0691932928799515e+01 2.9998644927054596e+00 6.2994795104037529e+01
3.9636895123741264e+10 6.3816939932118886e-05 5.6966487343962250e+09 6.2163771342435363e+05 5.3200513677636681e+09 1.1297920998976657e+09 1.6658438058184784e+28 1.0739973105139757e+01 2.9998644836468880e+00 6.2993832937413146e+01
3.9815596774489578e+10 6.3815908566058676e-05 5.6965259795143909e+09 6.2163436445116019e+05 5.3199367282472115e+09 1.1297677538015430e+09 1.6884603726083901e+28 1.0788227660847555e+01 2.9998644745468659e+00 6.2992862195960370e+01
3.9995104095810234e+10 6.3814867906647683e-05 5.6964021191928730e+09 6.2163098526472482e+05 5.3198210563720617e+09 1.1297431884624441e+09 1.7113838466132164e+28 1.0836697532820512e+01 2.9998644654052020e+00 6.2991882803831203e+01
4.0175420720042763e+10 6.3813817870393759e-05 5.6962771435125055e+09 6.2162757559294766e+05 5.3197043428748045e+09 1.1297184019131017e+09 1.7346183891642850e+28 1.0885383661784559e+01 2.9998644562217023e+00 6.2990894684515816e+01
4.0356550295902992e+10 6.3812758373059018e-05 5.6961510424657164e+09 6.2162413516128459e+05 5.3195865784094810e+09 1.1296933921687074e+09 1.7581682179387272e+28 1.0934286992305973e+01 2.9998644469961726e+00 6.2989897760834772e+01
4.0538496488556854e+10 6.3811689329653718e-05 5.6960238059558334e+09 6.2162066369272745e+05 5.3194677535469093e+09 1.1296681572267721e+09 1.7820376077206759e+28 1.0983408472803362e+01 2.9998644377284180e+00 6.2988891954934189e+01
4.0721262979694565e+10 6.3810610654428947e-05 5.6958954237962379e+09 6.2161716090778285e+05 5.3193478587739124e+09 1.1296426950669770e+09 1.8062308911726721e+28 1.1032749055559648e+01 2.9998644284182419e+00 6.2987877188280173e+01
4.0904853467605133e+10 6.3809522260870521e-05 5.6957658857095919e+09 6.2161362652444630e+05 5.3192268844925966e+09 1.1296170036509905e+09 1.8307524596174943e+28 1.1082309696734040e+01 2.9998644190654478e+00 6.2986853381651876e+01
4.1089271667251160e+10 6.3808424061691737e-05 5.6956351813271179e+09 6.2161006025819085e+05 5.3191048210196552e+09 1.1295910809223895e+09 1.8556067638304628e+28 1.1132091356373955e+01 2.9998644096698373e+00 6.2985820455138978e+01
4.1274521310344055e+10 6.3807315968826984e-05 5.6955033001876373e+09 6.2160646182192699e+05 5.3189816585855150e+09 1.1295649248063726e+09 1.8807983148424436e+28 1.1182094998426960e+01 2.9998644002312114e+00 6.2984778328129948e+01
4.1460606145419525e+10 6.3806197893424553e-05 5.6953702317369404e+09 6.2160283092599805e+05 5.3188573873336964e+09 1.1295385332097323e+09 1.9063316847536162e+28 1.1232321590752676e+01 2.9998643907493703e+00 6.2983726919312609e+01
4.1647529937913406e+10 6.3805069745840115e-05 5.6952359653268213e+09 6.2159916727814125e+05 5.3187319973199625e+09 1.1295119040205760e+09 1.9322115075582180e+28 1.1282772105134649e+01 2.9998643812241133e+00 6.2982666146662169e+01
4.1835296470237907e+10 6.3803931435629023e-05 5.6951004902143707e+09 6.2159547058348032e+05 5.3186054785116129e+09 1.1294850351082778e+09 1.9584424799803667e+28 1.1333447517292228e+01 2.9998643716552387e+00 6.2981595927440594e+01
4.2023909541858109e+10 6.3802782871540269e-05 5.6949637955610504e+09 6.2159174054448563e+05 5.3184778207866526e+09 1.1294579243231936e+09 1.9850293623211212e+28 1.1384348806892401e+01 2.9998643620425431e+00 6.2980516178185212e+01
4.2213372969368851e+10 6.3801623961508459e-05 5.6948258704319458e+09 6.2158797686096607e+05 5.3183490139330778e+09 1.1294305694966073e+09 2.0119769793169420e+28 1.1435476957561598e+01 2.9998643523858233e+00 6.2979426814707196e+01
4.2403690586571968e+10 6.3800454612646985e-05 5.6946867037948465e+09 6.2158417923003575e+05 5.3182190476480160e+09 1.1294029684404941e+09 2.0392902210096833e+28 1.1486832956897493e+01 2.9998643426848743e+00 6.2978327752082784e+01
4.2594866244553879e+10 6.3799274731241259e-05 5.6945462845194159e+09 6.2158034734608838e+05 5.3180879115369711e+09 1.1293751189473391e+09 2.0669740436282944e+28 1.1538417796480761e+01 2.9998643329394903e+00 6.2977218904645873e+01
4.2786903811763481e+10 6.3798084222740491e-05 5.6944046013763742e+09 6.2157648090078356e+05 5.3179555951130257e+09 1.1293470187900443e+09 2.0950334704823599e+28 1.1590232471886818e+01 2.9998643231494651e+00 6.2976100185985693e+01
4.2979807174090454e+10 6.3796882991751111e-05 5.6942616430365887e+09 6.2157257958301390e+05 5.3178220877960243e+09 1.1293186657216945e+09 2.1234735928676599e+28 1.1642277982697520e+01 2.9998643133145908e+00 6.2974971508936839e+01
4.3173580234943893e+10 6.3795670942029171e-05 5.6941173980702181e+09 6.2156864307888155e+05 5.3176873789117546e+09 1.1292900574753916e+09 2.1522995709839040e+28 1.1694555332512850e+01 2.9998643034346584e+00 6.2973832785574039e+01
4.3368226915331276e+10 6.3794447976472615e-05 5.6939718549458036e+09 6.2156467107167374e+05 5.3175514576911097e+09 1.1292611917640843e+09 2.1815166348647876e+28 1.1747065528962560e+01 2.9998642935094582e+00 6.2972683927205537e+01
4.3563751153937828e+10 6.3793213997114060e-05 5.6938250020294371e+09 6.2156066324184020e+05 5.3174143132693005e+09 1.1292320662804081e+09 2.2111300853205612e+28 1.1799809583717778e+01 2.9998642835387801e+00 6.2971524844366876e+01
4.3760156907206184e+10 6.3791968905112974e-05 5.6936768275838289e+09 6.2155661926696636e+05 5.3172759346849966e+09 1.1292026786964982e+09 2.2411452948932398e+28 1.1852788512502594e+01 2.9998642735224119e+00 6.2970355446814537e+01
4.3957448149416504e+10 6.3790712600747938e-05 5.6935273197674026e+09 6.2155253882174776e+05 5.3171363108794670e+09 1.1291730266638081e+09 2.2715677088246881e+28 1.1906003335105604e+01 2.9998642634601409e+00 6.2969175643518639e+01
4.4155628872766830e+10 6.3789444983409382e-05 5.6933764666333809e+09 6.2154842157796072e+05 5.3169954306957474e+09 1.1291431078129036e+09 2.3024028460376547e+28 1.1959455075391419e+01 2.9998642533517539e+00 6.2967985342655503e+01
4.4354703087453918e+10 6.3788165951591180e-05 5.6932242561289387e+09 6.2154426720444695e+05 5.3168532828778191e+09 1.1291129197533572e+09 2.3336563001300406e+28 1.2013144761312130e+01 2.9998642431970355e+00 6.2966784451603893e+01
4.4554674821754356e+10 6.3786875402883133e-05 5.6930706760941372e+09 6.2154007536707330e+05 5.3167098560696516e+09 1.1290824600734611e+09 2.3653337403824786e+28 1.2067073424918757e+01 2.9998642329957703e+00 6.2965572876934068e+01
4.4755548122106102e+10 6.3785573233962969e-05 5.6929157142611351e+09 6.2153584572871705e+05 5.3165651388144264e+09 1.1290517263401282e+09 2.3974409127794685e+28 1.2121242102372623e+01 2.9998642227477412e+00 6.2964350524404452e+01
4.4957327053190323e+10 6.3784259340588499e-05 5.6927593582531424e+09 6.2153157794923033e+05 5.3164191195535955e+09 1.1290207160986395e+09 2.4299836410442099e+28 1.2175651833956705e+01 2.9998642124527306e+00 6.2963117298951552e+01
4.5160015698013687e+10 6.3782933617589102e-05 5.6926015955835772e+09 6.2152727168542542e+05 5.3162717866260624e+09 1.1289894268725433e+09 2.4629678276873442e+28 1.2230303664086961e+01 2.9998642021105195e+00 6.2961873104687299e+01
4.5363618157990952e+10 6.3781595958857938e-05 5.6924424136549768e+09 6.2152292659103312e+05 5.3161231282671890e+09 1.1289578561633615e+09 2.4963994550697601e+28 1.2285198641323575e+01 2.9998641917208877e+00 6.2960617844887317e+01
4.5568138553027992e+10 6.3780246257343811e-05 5.6922817997581348e+09 6.2151854231668427e+05 5.3159731326079817e+09 1.1289260014504607e+09 2.5302845864796853e+28 1.2340337818382189e+01 2.9998641812836149e+00 6.2959351421986440e+01
4.5773581021605110e+10 6.3778884405042675e-05 5.6921197410711031e+09 6.2151411850988143e+05 5.3158217876741533e+09 1.1288938601908538e+09 2.5646293672242068e+28 1.2395722252145047e+01 2.9998641707984781e+00 6.2958073737571155e+01
4.5979949720860847e+10 6.3777510292989311e-05 5.6919562246581593e+09 6.2150965481496626e+05 5.3156690813851690e+09 1.1288614298189707e+09 2.5994400257354751e+28 1.2451353003672164e+01 2.9998641602652545e+00 6.2956784692371514e+01
4.6187248826676041e+10 6.3776123811248872e-05 5.6917912374689369e+09 6.2150515087310341e+05 5.3155150015534220e+09 1.1288287077465491e+09 2.6347228746917230e+28 1.2507231138212347e+01 2.9998641496837197e+00 6.2955484186256939e+01
4.6395482533758369e+10 6.3774724848908817e-05 5.6916247663372936e+09 6.2150060632223543e+05 5.3153595358831921e+09 1.1287956913623128e+09 2.6704843121533508e+28 1.2563357725214257e+01 2.9998641390536491e+00 6.2954172118223639e+01
4.6604655055727203e+10 6.3773313294069711e-05 5.6914567979803581e+09 6.2149602079706476e+05 5.3152026719697418e+09 1.1287623780318503e+09 2.7067308227142264e+28 1.2619733838337334e+01 2.9998641283748158e+00 6.2952848386391182e+01
4.6814770625198883e+10 6.3771889033837037e-05 5.6912873189975681e+09 6.2149139392902679e+05 5.3150443972984266e+09 1.1287287650974257e+09 2.7434689786684602e+28 1.2676360555462757e+01 2.9998641176469918e+00 6.2951512887994731e+01
4.7025833493872360e+10 6.3770451954312199e-05 5.6911163158695745e+09 6.2148672534625535e+05 5.3148846992436628e+09 1.1286948498777366e+09 2.7807054411928017e+28 1.2733238958704270e+01 2.9998641068699494e+00 6.2950165519376455e+01
4.7237847932615234e+10 6.3769001940584024e-05 5.6909437749572210e+09 6.2148201467355271e+05 5.3147235650679865e+09 1.1286606296677041e+09 2.8184469615449139e+28 1.2790370134418980e+01 2.9998640960434590e+00 6.2948806175977552e+01
4.7450818231550179e+10 6.3767538876719873e-05 5.6907696825005693e+09 6.2147726153236674e+05 5.3145609819211321e+09 1.1286261017383142e+09 2.8567003822777140e+28 1.2847755173218113e+01 2.9998640851672889e+00 6.2947434752332299e+01
4.7664748700141731e+10 6.3766062645756311e-05 5.6905940246177216e+09 6.2147246554075158e+05 5.3143969368389425e+09 1.1285912633363423e+09 2.8954726384699847e+28 1.2905395169977661e+01 2.9998640742412079e+00 6.2946051142058231e+01
4.7879643667283516e+10 6.3764573129690768e-05 5.6904167873039303e+09 6.2146762631334830e+05 5.3142314167425241e+09 1.1285561116842194e+09 2.9347707589734938e+28 1.2963291223849032e+01 2.9998640632649827e+00 6.2944655237850668e+01
4.8095507481385834e+10 6.3763070209471841e-05 5.6902379564303999e+09 6.2146274346134742e+05 5.3140644084371452e+09 1.1285206439797697e+09 2.9746018676768306e+28 1.3021444438269585e+01 2.9998640522383795e+00 6.2943246931473546e+01
4.8312344510463661e+10 6.3761553764990340e-05 5.6900575177432766e+09 6.2145781659246166e+05 5.3138958986112690e+09 1.1284848573960211e+09 3.0149731847861892e+28 1.3079855920973102e+01 2.9998640411611626e+00 6.2941826113752313e+01
4.8530159142225014e+10 6.3760023675070462e-05 5.6898754568624954e+09 6.2145284531088755e+05 5.3137258738355188e+09 1.1284487490809350e+09 3.0558920281232908e+28 1.3138526784000220e+01 2.9998640300330961e+00 6.2940392674562837e+01
4.8748955784159752e+10 6.3758479817459888e-05 5.6896917592808113e+09 6.2144782921728771e+05 5.3135543205617170e+09 1.1284123161572874e+09 3.0973658144407411e+28 1.3197458143708758e+01 2.9998640188539420e+00 6.2938946502829019e+01
4.8968738863628754e+10 6.3756922068820620e-05 5.6895064103625870e+09 6.2144276790874964e+05 5.3133812251217947e+09 1.1283755557223785e+09 3.1394020607549619e+28 1.3256651120784012e+01 2.9998640076234615e+00 6.2937487486510221e+01
4.9189512827953529e+10 6.3755350304719519e-05 5.6893193953427067e+09 6.2143766097875568e+05 5.3132065737267647e+09 1.1283384648478241e+09 3.1820083856970270e+28 1.3316106840248938e+01 2.9998639963414155e+00 6.2936015512594636e+01
4.9411282144506165e+10 6.3753764399618931e-05 5.6891306993255081e+09 6.2143250801715418e+05 5.3130303524657221e+09 1.1283010405793560e+09 3.2251925108815543e+28 1.3375826431474287e+01 2.9998639850075621e+00 6.2934530467091427e+01
4.9634051300799767e+10 6.3752164226866639e-05 5.6889403072835732e+09 6.2142730861012358e+05 5.3128525473047171e+09 1.1282632799365704e+09 3.2689622622939614e+28 1.3435811028188649e+01 2.9998639736216601e+00 6.2933032235021628e+01
4.9857824804579247e+10 6.3750549658686843e-05 5.6887482040566683e+09 6.2142206234014127e+05 5.3126731440857649e+09 1.1282251799127123e+09 3.3133255716962770e+28 1.3496061768488399e+01 2.9998639621834653e+00 6.2931520700409820e+01
5.0082607183912529e+10 6.3748920566169409e-05 5.6885543743505363e+09 6.2141676878595375e+05 5.3124921285257158e+09 1.1281867374744692e+09 3.3582904780517929e+28 1.3556579794847632e+01 2.9998639506927334e+00 6.2929995746277150e+01
5.0308402987282196e+10 6.3747276819260885e-05 5.6883588027357521e+09 6.2141142752253683e+05 5.3123094862151909e+09 1.1281479495616913e+09 3.4038651289687751e+28 1.3617366254127914e+01 2.9998639391492192e+00 6.2928457254630331e+01
5.0535216783677513e+10 6.3745618286754091e-05 5.6881614736466255e+09 6.2140603812107281e+05 5.3121252026175461e+09 1.1281088130872376e+09 3.4500577821635094e+28 1.3678422297588039e+01 2.9998639275526751e+00 6.2926905106456580e+01
5.0763053162686874e+10 6.3743944836278148e-05 5.6879623713798780e+09 6.2140060014890321e+05 5.3119392630676632e+09 1.1280693249366426e+09 3.4968768069429246e+28 1.3739749080893635e+01 2.9998639159028535e+00 6.2925339181710434e+01
5.0991916734590691e+10 6.3742256334288445e-05 5.6877614800936222e+09 6.2139511316950875e+05 5.3117516527709618e+09 1.1280294819679828e+09 3.5443306857070679e+28 1.3801347764126712e+01 2.9998639041995050e+00 6.2923759359309699e+01
5.1221812130454674e+10 6.3740552646056545e-05 5.6875587838060465e+09 6.2138957674246305e+05 5.3115623568021965e+09 1.1279892810115495e+09 3.5924280154716646e+28 1.3863219511795117e+01 2.9998638924423791e+00 6.2922165517122814e+01
5.1452744002223549e+10 6.3738833635659342e-05 5.6873542663942957e+09 6.2138399042341113e+05 5.3113713601043930e+09 1.1279487188697069e+09 3.6411775094110727e+28 1.3925365492841882e+01 2.9998638806312243e+00 6.2920557531964022e+01
5.1684717022815178e+10 6.3737099165969385e-05 5.6871479115931368e+09 6.2137835376401804e+05 5.3111786474876289e+09 1.1279077923165283e+09 3.6905879984218502e+28 1.3987786880654506e+01 2.9998638687657873e+00 6.2918935279579550e+01
5.1917735886215111e+10 6.3735349098643953e-05 5.6869397029938860e+09 6.2137266631195066e+05 5.3109842036279945e+09 1.1278664980976768e+09 3.7406684327072575e+28 1.4050484853074071e+01 2.9998638568458142e+00 6.2917298634643387e+01
5.2151805307571587e+10 6.3733583294114853e-05 5.6867296240430717e+09 6.2136692761083134e+05 5.3107880130663795e+09 1.1278248329300807e+09 3.7914278833829462e+28 1.4113460592404358e+01 2.9998638448710495e+00 6.2915647470745228e+01
5.2386930023290939e+10 6.3731801611577495e-05 5.6865176580412092e+09 6.2136113720020535e+05 5.3105900602073050e+09 1.1277827935017083e+09 3.8428755441041038e+28 1.4176715285420762e+01 2.9998638328412368e+00 6.2913981660382085e+01
5.2623114791133446e+10 6.3730003908979980e-05 5.6863037881415434e+09 6.2135529461550713e+05 5.3103903293177643e+09 1.1277403764713366e+09 3.8950207327143753e+28 1.4240250123379191e+01 2.9998638207561181e+00 6.2912301074950236e+01
5.2860364390309563e+10 6.3728190043013211e-05 5.6860879973488274e+09 6.2134939938801946e+05 5.3101888045260725e+09 1.1276975784682670e+09 3.9478728929167946e+28 1.4304066302024763e+01 2.9998638086154341e+00 6.2910605584733808e+01
5.3098683621576691e+10 6.3726359869098665e-05 5.6858702685179682e+09 6.2134345104484097e+05 5.3099854698206005e+09 1.1276543960921011e+09 4.0014415959670846e+28 1.4368165021600484e+01 2.9998637964189250e+00 6.2908895058897535e+01
5.3338077307336258e+10 6.3724513241378408e-05 5.6856505843528280e+09 6.2133744910884951e+05 5.3097803090486650e+09 1.1276108259124904e+09 4.0557365423895574e+28 1.4432547486855766e+01 2.9998637841663283e+00 6.2907169365476932e+01
5.3578550291731369e+10 6.3722650012703924e-05 5.6854289274048548e+09 6.2133139309865795e+05 5.3095733059152470e+09 1.1275668644688258e+09 4.1107675637159677e+28 1.4497214907054822e+01 2.9998637718573820e+00 6.2905428371366419e+01
5.3820107440744766e+10 6.3720770034624125e-05 5.6852052800717802e+09 6.2132528252858389e+05 5.3093644439817696e+09 1.1275225082700334e+09 4.1665446242475574e+28 1.4562168495984988e+01 2.9998637594918214e+00 6.2903671942313117e+01
5.4062753642297318e+10 6.3718873157375263e-05 5.6849796245964022e+09 6.2131911690861220e+05 5.3091537066649647e+09 1.1274777537943151e+09 4.2230778228406719e+28 1.4627409471964871e+01 2.9998637470693810e+00 6.2901899942905622e+01
5.4306493806346924e+10 6.3716959229868521e-05 5.6847519430651217e+09 6.2131289574435190e+05 5.3089410772355061e+09 1.1274325974888508e+09 4.2803773947162138e+28 1.4692939057852421e+01 2.9998637345897943e+00 6.2900112236564489e+01
5.4551332864987885e+10 6.3715028099679263e-05 5.6845222174066658e+09 6.2130661853699782e+05 5.3087265388168240e+09 1.1273870357695327e+09 4.3384537132932554e+28 1.4758758481052876e+01 2.9998637220527926e+00 6.2898308685531426e+01
5.4797275772550667e+10 6.3713079613035041e-05 5.6842904293907509e+09 6.2130028478329675e+05 5.3085100743838406e+09 1.1273410650207357e+09 4.3973172920471185e+28 1.4824868973526524e+01 2.9998637094581078e+00 6.2896489150861392e+01
5.5044327505702187e+10 6.3711113614804373e-05 5.6840565606267109e+09 6.2129389397550374e+05 5.3082916667617064e+09 1.1272946815950148e+09 4.4569787863922836e+28 1.4891271771796408e+01 2.9998636968054679e+00 6.2894653492410924e+01
5.5292493063546501e+10 6.3709129948484356e-05 5.6838205925621223e+09 6.2128744560134760e+05 5.3080712986245012e+09 1.1272478818128684e+09 4.5174489955904138e+28 1.4957968116955870e+01 2.9998636840946022e+00 6.2892801568830059e+01
5.5541777467725952e+10 6.3707128456189769e-05 5.6835825064814100e+09 6.2128093914398109e+05 5.3078489524939451e+09 1.1272006619623938e+09 4.5787388646838388e+28 1.5024959254675926e+01 2.9998636713252362e+00 6.2890933237549113e+01
5.5792185762522812e+10 6.3705108978640267e-05 5.6833422835044670e+09 6.2127437408195110e+05 5.3076246107381048e+09 1.1271530182990851e+09 4.6408594864548453e+28 1.5092246435212580e+01 2.9998636584970959e+00 6.2889048354771255e+01
5.6043723014961327e+10 6.3703071355148728e-05 5.6830999045852556e+09 6.2126774988915399e+05 5.3073982555700808e+09 1.1271049470455263e+09 4.7038221034110912e+28 1.5159830913413908e+01 2.9998636456099055e+00 6.2887146775461417e+01
5.6296394314910248e+10 6.3701015423609173e-05 5.6828553505103903e+09 6.2126106603479409e+05 5.3071698690466871e+09 1.1270564443911049e+09 4.7676381097975214e+28 1.5227713948727079e+01 2.9998636326633870e+00 6.2885228353335691e+01
5.6550204775185844e+10 6.3698941020484285e-05 5.6826086018976717e+09 6.2125432198334206e+05 5.3069394330670967e+09 1.1270075064917266e+09 4.8323190536350828e+28 1.5295896805205162e+01 2.9998636196572623e+00 6.2883292940850772e+01
5.6805159531655350e+10 6.3696847980793529e-05 5.6823596391947432e+09 6.2124751719449717e+05 5.3067069293715563e+09 1.1269581294695592e+09 4.8978766387866540e+28 1.5364380751513842e+01 2.9998636065912510e+00 6.2881340389194371e+01
5.7061263743340889e+10 6.3694736138100201e-05 5.6821084426774921e+09 6.2124065112313675e+05 5.3064723395399332e+09 1.1269083094126813e+09 4.9643227270505040e+28 1.5433167060937944e+01 2.9998635934650717e+00 6.2879370548272327e+01
5.7318522592523857e+10 6.3692605324499360e-05 5.6818549924487715e+09 6.2123372321928618e+05 5.3062356449904785e+09 1.1268580423748839e+09 5.0316693402816330e+28 1.5502257011387815e+01 2.9998635802784421e+00 6.2877383266701329e+01
5.7576941284849815e+10 6.3690455370604582e-05 5.6815992684367456e+09 6.2122673292806488e+05 5.3059968269783134e+09 1.1268073243752935e+09 5.0999286625414192e+28 1.5571651885405551e+01 2.9998635670310776e+00 6.2875378391795522e+01
5.7836525049433800e+10 6.3688286105536036e-05 5.6813412503935366e+09 6.2121967968964949e+05 5.3057558665941629e+09 1.1267561513981259e+09 5.1691130422758843e+28 1.5641352970171059e+01 2.9998635537226925e+00 6.2873355769556092e+01
5.8097279138966141e+10 6.3686097356907000e-05 5.6810809178937082e+09 6.2121256293923175e+05 5.3055127447629099e+09 1.1267045193923960e+09 5.2392349945229802e+28 1.5711361557507962e+01 2.9998635403530005e+00 6.2871315244662199e+01
5.8359208829818748e+10 6.3683888950811176e-05 5.6808182503326435e+09 6.2120538210696494e+05 5.3052674422421274e+09 1.1266524242715504e+09 5.3103072031492740e+28 1.5781678943889313e+01 2.9998635269217129e+00 6.2869256660456124e+01
5.8622319422151886e+10 6.3681660711809553e-05 5.6805532269251900e+09 6.2119813661793293e+05 5.3050199396207705e+09 1.1265998619132600e+09 5.3823425231164234e+28 1.5852306430443171e+01 2.9998635134285396e+00 6.2867179858936446e+01
5.8886616240021423e+10 6.3679412462917633e-05 5.6802858267040215e+09 6.2119082589209499e+05 5.3047702173176746e+09 1.1265468281590397e+09 5.4553539827778305e+28 1.5923245322957982e+01 2.9998634998731903e+00 6.2865084680743379e+01
5.9152104631486557e+10 6.3677144025591224e-05 5.6800160285181103e+09 6.2118344934424851e+05 5.3045182555801125e+09 1.1264933188139975e+09 5.5293547862058521e+28 1.5994496931887792e+01 2.9998634862553715e+00 6.2862970965150261e+01
5.9418789968718033e+10 6.3674855219714342e-05 5.6797438110312099e+09 6.2117600638397783e+05 5.3042640344823828e+09 1.1264393296464834e+09 5.6043583155500096e+28 1.6066062572357268e+01 2.9998634725747899e+00 6.2860838550049905e+01
5.9686677648106850e+10 6.3672545863584690e-05 5.6794691527202148e+09 6.2116849641561043e+05 5.3040075339242868e+09 1.1263848563877916e+09 5.6803781334265416e+28 1.6137943564166527e+01 2.9998634588311495e+00 6.2858687271943900e+01
5.9955773090373482e+10 6.3670215773900434e-05 5.6791920318736849e+09 6.2116091883817664e+05 5.3037487336297226e+09 1.1263298947318892e+09 5.7574279853397977e+28 1.6210141231795845e+01 2.9998634450241535e+00 6.2856516965933068e+01
6.0226081740677513e+10 6.3667864765746938e-05 5.6789124265901356e+09 6.2115327304535080e+05 5.3034876131451321e+09 1.1262744403350103e+09 5.8355218021357893e+28 1.6282656904410064e+01 2.9998634311535035e+00 6.2854327465701409e+01
6.0497609068727875e+10 6.3665492652582040e-05 5.6786303147765007e+09 6.2114555842541647e+05 5.3032241518380260e+09 1.1262184888154254e+09 5.9146737024884107e+28 1.6355491915862888e+01 2.9998634172188998e+00 6.2852118603508785e+01
6.0770360568893494e+10 6.3663099246222938e-05 5.6783456741465311e+09 6.2113777436121483e+05 5.3029583288955002e+09 1.1261620357530892e+09 5.9948979954186826e+28 1.6428647604700970e+01 2.9998634032200413e+00 6.2849890210177215e+01
6.1044341760314484e+10 6.3660684356831997e-05 5.6780584822190628e+09 6.2112992023008969e+05 5.3026901233226423e+09 1.1261050766892626e+09 6.0762091828475231e+28 1.6502125314167749e+01 2.9998633891566251e+00 6.2847642115076845e+01
6.1319558187013817e+10 6.3658247792902373e-05 5.6777687163165197e+09 6.2112199540385348e+05 5.3024195139410887e+09 1.1260476071262910e+09 6.1586219621824193e+28 1.6575926392207148e+01 2.9998633750283465e+00 6.2845374146118424e+01
6.1596015418009521e+10 6.3655789361243632e-05 5.6774763535631084e+09 6.2111399924872769e+05 5.3021464793873777e+09 1.1259896225271935e+09 6.2421512289384858e+28 1.6650052191467022e+01 2.9998633608349006e+00 6.2843086129737742e+01
6.1873719047427345e+10 6.3653308866968130e-05 5.6771813708833036e+09 6.2110593112530070e+05 5.3018709981115122e+09 1.1259311183153808e+09 6.3268120793943356e+28 1.6724504069302377e+01 2.9998633465759794e+00 6.2840777890884965e+01
6.2152674694613998e+10 6.3650806113475615e-05 5.6768837449999924e+09 6.2109779038847075e+05 5.3015930483752365e+09 1.1258720898742669e+09 6.4126198132832418e+28 1.6799283387778445e+01 2.9998633322512744e+00 6.2838449253011063e+01
6.2432888004250801e+10 6.3648280902439219e-05 5.6765834524329414e+09 6.2108957638740679e+05 5.3013126082506075e+09 1.1258125325470071e+09 6.4995899365200258e+28 1.6874391513673437e+01 2.9998633178604752e+00 6.2836100038057303e+01
6.2714364646467949e+10 6.3645733033790614e-05 5.6762804694969692e+09 6.2108128846548731e+05 5.3010296556182747e+09 1.1257524416360817e+09 6.5877381639641504e+28 1.6949829818481167e+01 2.9998633034032700e+00 6.2833730066440459e+01
6.2997110316959251e+10 6.3643162305705118e-05 5.6759747723002777e+09 6.2107292596025649e+05 5.3007441681659460e+09 1.1256918124030013e+09 6.6770804222195269e+28 1.7025599678413379e+01 2.9998632888793462e+00 6.2831339157041562e+01
6.3281130737097328e+10 6.3640568514586543e-05 5.6756663367427530e+09 6.2106448820337607e+05 5.3004561233867588e+09 1.1256306400679846e+09 6.7676328524714163e+28 1.7101702474401879e+01 2.9998632742883875e+00 6.2828927127194923e+01
6.3566431654049469e+10 6.3637951455052739e-05 5.6753551385141211e+09 6.2105597452056315e+05 5.3001654985776119e+09 1.1255689198095329e+09 6.8594118133610260e+28 1.7178139592100422e+01 2.9998632596300787e+00 6.2826493792670831e+01
6.3853018840893837e+10 6.3635310919919771e-05 5.6750411530922527e+09 6.2104738423154689e+05 5.2998722708375387e+09 1.1255066467641430e+09 6.9524338838982341e+28 1.7254912421886324e+01 2.9998632449041014e+00 6.2824038967666297e+01
6.4140898096736366e+10 6.3632646700186786e-05 5.6747243557413893e+09 6.2103871665001614e+05 5.2995764170660715e+09 1.1254438160259538e+09 7.0467158664129214e+28 1.7332022358861927e+01 2.9998632301101358e+00 6.2821562464791846e+01
6.4430075246828041e+10 6.3629958585020900e-05 5.6744047215103521e+09 6.2102997108356399e+05 5.2992779139615631e+09 1.1253804226463737e+09 7.1422747895454434e+28 1.7409470802855655e+01 2.9998632152478613e+00 6.2819064095057087e+01
6.4720556142682816e+10 6.3627246361741316e-05 5.6740822252306967e+09 6.2102114683363284e+05 5.2989767380194626e+09 1.1253164616337080e+09 7.2391279112767818e+28 1.7487259158422990e+01 2.9998632003169550e+00 6.2816543667857502e+01
6.5012346662195999e+10 6.3624509815803600e-05 5.6737568415149641e+09 6.2101224319546763e+05 5.2986728655306797e+09 1.1252519279528499e+09 7.3372927219988103e+28 1.7565388834847059e+01 2.9998631853170918e+00 6.2814000990963272e+01
6.5305452709763214e+10 6.3621748730784179e-05 5.6734285447547646e+09 6.2100325945805199e+05 5.2983662725798159e+09 1.1251868165248466e+09 7.4367869476252895e+28 1.7643861246139032e+01 2.9998631702479472e+00 6.2811435870502294e+01
6.5599880216399841e+10 6.3618962888364189e-05 5.6730973091190186e+09 6.2099419490406220e+05 5.2980569350434895e+09 1.1251211222265935e+09 7.5376285527440297e+28 1.7722677811038213e+01 2.9998631551091925e+00 6.2808848110950144e+01
6.5895635139861053e+10 6.3616152068313585e-05 5.6727631085520849e+09 6.2098504880981031e+05 5.2977448285886021e+09 1.1250548398904548e+09 7.6398357438108403e+28 1.7801839953011868e+01 2.9998631399004996e+00 6.2806237515114951e+01
6.6192723464762375e+10 6.3613316048474801e-05 5.6724259167718277e+09 6.2097582044518460e+05 5.2974299286705418e+09 1.1249879643038599e+09 7.7434269723857712e+28 1.7881349100254823e+01 2.9998631246215370e+00 6.2803603884123483e+01
6.6491151202700775e+10 6.3610454604746570e-05 5.6720857072677917e+09 6.2096650907359854e+05 5.2971122105314713e+09 1.1249204902089660e+09 7.8484209384121764e+28 1.7961206685688701e+01 2.9998631092719727e+00 6.2800947017407779e+01
6.6790924392376297e+10 6.3607567511067426e-05 5.6717424532992582e+09 6.2095711395192984e+05 5.2967916491985102e+09 1.1248524123022475e+09 7.9548365935391852e+28 1.8041414146960911e+01 2.9998630938514723e+00 6.2798266712690584e+01
6.7092049099714294e+10 6.3604654539399307e-05 5.6713961278934298e+09 6.2094763433047244e+05 5.2964682194820356e+09 1.1247837252341805e+09 8.0626931444881661e+28 1.8121972926443387e+01 2.9998630783597005e+00 6.2795562765973571e+01
6.7394531417988121e+10 6.3601715459710699e-05 5.6710467038433094e+09 6.2093806945286319e+05 5.2961418959737282e+09 1.1247144236087441e+09 8.1720100564636762e+28 1.8202884471230963e+01 2.9998630627963196e+00 6.2792834971518623e+01
6.7698377467942467e+10 6.3598750039959689e-05 5.6706941537059946e+09 6.2092841855604574e+05 5.2958126530449305e+09 1.1246445019831932e+09 8.2828070566095638e+28 1.8284150233139471e+01 2.9998630471609911e+00 6.2790083121840198e+01
6.8003593397917198e+10 6.3595758046077505e-05 5.6703384498004866e+09 6.2091868087018793e+05 5.2954804648446569e+09 1.1245739548674917e+09 8.3951041375107523e+28 1.8365771668703577e+01 2.9998630314533741e+00 6.2787307007683161e+01
6.8310185383971779e+10 6.3592739241950989e-05 5.6699795642059298e+09 6.2090885561864590e+05 5.2951453052979012e+09 1.1245027767240894e+09 8.5089215607413320e+28 1.8447750239174233e+01 2.9998630156731263e+00 6.2784506418015894e+01
6.8618159630010216e+10 6.3589693389405548e-05 5.6696174687594509e+09 6.2089894201788725e+05 5.2948071481036520e+09 1.1244309619673989e+09 8.6242798604594972e+28 1.8530087410515865e+01 2.9998629998199036e+00 6.2781681140009887e+01
6.8927522367906647e+10 6.3586620248187769e-05 5.6692521350542860e+09 6.2088893927744403e+05 5.2944659667331228e+09 1.1243585049634912e+09 8.7411998470500562e+28 1.8612784653403242e+01 2.9998629838933599e+00 6.2778830959029207e+01
6.9238279857631363e+10 6.3583519575948147e-05 5.6688835344376879e+09 6.2087884659984335e+05 5.2941217344278107e+09 1.1242854000296302e+09 8.8597026108149810e+28 1.8695843443217957e+01 2.9998629678931481e+00 6.2775955658612730e+01
6.9550438387377594e+10 6.3580391128223259e-05 5.6685116380088825e+09 6.2086866318054823e+05 5.2937744241975899e+09 1.1242116414338801e+09 8.9798095257127534e+28 1.8779265260044681e+01 2.9998629518189190e+00 6.2773055020459708e+01
6.9864004273688614e+10 6.3577234658417864e-05 5.6681364166171246e+09 6.2085838820790499e+05 5.2934240088188696e+09 1.1241372233947635e+09 9.1015422531470201e+28 1.8863051588666959e+01 2.9998629356703219e+00 6.2770128824418023e+01
7.0178983861585693e+10 6.3574049917787431e-05 5.6677578408595037e+09 6.2084802086306852e+05 5.2930704608325844e+09 1.1240621400807564e+09 9.2249227458053343e+28 1.8947203918562796e+01 2.9998629194470037e+00 6.2767176848463997e+01
7.0495383524696350e+10 6.3570836655419956e-05 5.6673758810789690e+09 6.2083756031994894e+05 5.2927137525423212e+09 1.1239863856099439e+09 9.3499732515484358e+28 1.9031723743899736e+01 2.9998629031486099e+00 6.2764198868690691e+01
7.0813209665383469e+10 6.3567594618217589e-05 5.6669905073622026e+09 6.2082700574514782e+05 5.2923538560123367e+09 1.1239099540495951e+09 9.4767163173509700e+28 1.9116612563529767e+01 2.9998628867747845e+00 6.2761194659292030e+01
7.1132468714874725e+10 6.3564323550878611e-05 5.6666016895374775e+09 6.2081635629788996e+05 5.2919907430655756e+09 1.1238328394157116e+09 9.6051747932940618e+28 1.9201871880983713e+01 2.9998628703251700e+00 6.2758163992545789e+01
7.1453167133392807e+10 6.3561023195878876e-05 5.6662093971726179e+09 6.2080561112996703e+05 5.2916243852817326e+09 1.1237550356726596e+09 9.7353718366106151e+28 1.9287503204465352e+01 2.9998628537994061e+00 6.2755106638800328e+01
7.1775311410286087e+10 6.3557693293453437e-05 5.6658135995727472e+09 6.2079476938566263e+05 5.2912547539951916e+09 1.1236765367326698e+09 9.8673309157838514e+28 1.9373508046845121e+01 2.9998628371971310e+00 6.2752022366455435e+01
7.2098908064159958e+10 6.3554333581577476e-05 5.6654142657782383e+09 6.2078383020169870e+05 5.2908818202930756e+09 1.1235973364554913e+09 1.0001075814699941e+29 1.9459887925653462e+01 2.9998628205179827e+00 6.2748910941950136e+01
7.2423963643008743e+10 6.3550943795947495e-05 5.6650113645625143e+09 6.2077279270716710e+05 5.2905055550132017e+09 1.1235174286479399e+09 1.0136630636855272e+29 1.9546644363073774e+01 2.9998628037615949e+00 6.2745772129746058e+01
7.2750484724348175e+10 6.3547523669962760e-05 5.6646048644298258e+09 6.2076165602345695e+05 5.2901259287420206e+09 1.1234368070634165e+09 1.0274019809619167e+29 1.9633778885935012e+01 2.9998627869276007e+00 6.2742605692308871e+01
7.3078477915348480e+10 6.3544072934705557e-05 5.6641947336130829e+09 6.2075041926419572e+05 5.2897429118125744e+09 1.1233554654015257e+09 1.0413268088552671e+29 1.9721293025703805e+01 2.9998627700156320e+00 6.2739411390094688e+01
7.3407949852968155e+10 6.3540591318922462e-05 5.6637809400716457e+09 6.2073908153517824e+05 5.2893564743024435e+09 1.1232733973076072e+09 1.0554400561784270e+29 1.9809188318476295e+01 2.9998627530253179e+00 6.2736188981532393e+01
7.3738907204088165e+10 6.3537078549004268e-05 5.6633634514890833e+09 6.2072764193430310e+05 5.2889665860316410e+09 1.1231905963723221e+09 1.0697442654443106e+29 1.9897466304969456e+01 2.9998627359562855e+00 6.2732938223008738e+01
7.4071356665646881e+10 6.3533534348967163e-05 5.6629422352708998e+09 6.2071609955149749e+05 5.2885732165605164e+09 1.1231070561311564e+09 1.0842420133150497e+29 1.9986128530512044e+01 2.9998627188081612e+00 6.2729658868849107e+01
7.4405304964775635e+10 6.3529958440432293e-05 5.6625172585423012e+09 6.2070445346865454e+05 5.2881763351876307e+09 1.1230227700640159e+09 1.0989359110570635e+29 2.0075176545035166e+01 2.9998627015805686e+00 6.2726350671303372e+01
7.4740758858934784e+10 6.3526350542606350e-05 5.6620884881459131e+09 6.2069270275956229e+05 5.2877759109476585e+09 1.1229377315947607e+09 1.1138286050020963e+29 2.0164611903062333e+01 2.9998626842731295e+00 6.2723013380528052e+01
7.5077725136050507e+10 6.3522710372261400e-05 5.6616558906394835e+09 6.2068084648983483e+05 5.2873719126092329e+09 1.1228519340907571e+09 1.1289227770143257e+29 2.0254436163699168e+01 2.9998626668854640e+00 6.2719646744569538e+01
7.5416210614652084e+10 6.3519037643714385e-05 5.6612194322935667e+09 6.2066888371684216e+05 5.2869643086727600e+09 1.1227653708624215e+09 1.1442211449635987e+29 2.0344650890622606e+01 2.9998626494171905e+00 6.2716250509348036e+01
7.5756222144009949e+10 6.3515332068807636e-05 5.6607790790891809e+09 6.2065681348963385e+05 5.2865530673682737e+09 1.1226780351627181e+09 1.1597264632048927e+29 2.0435257652069712e+01 2.9998626318679253e+00 6.2712824418637581e+01
7.6097766604274246e+10 6.3511593356887532e-05 5.6603347967154665e+09 6.2064463484887336e+05 5.2861381566532211e+09 1.1225899201867383e+09 1.1754415230640632e+29 2.0526258020825964e+01 2.9998626142372822e+00 6.2709368214051374e+01
7.6440850906614014e+10 6.3507821214784299e-05 5.6598865505673542e+09 6.2063234682676499e+05 5.2857195442102814e+09 1.1225010190712235e+09 1.1913691533299698e+29 2.0617653574213119e+01 2.9998625965248742e+00 6.2705881635023694e+01
7.6785481993357132e+10 6.3504015346790998e-05 5.6594343057431564e+09 6.2061994844698068e+05 5.2852971974451246e+09 1.1224113248940926e+09 1.2075122207530661e+29 2.0709445894076669e+01 2.9998625787303115e+00 6.2702364418792492e+01
7.7131666838130676e+10 6.3500175454643068e-05 5.6589780270421667e+09 6.2060743872458325e+05 5.2848710834841881e+09 1.1223208306739404e+09 1.2238736305505163e+29 2.0801636566772682e+01 2.9998625608532024e+00 6.2698816300380038e+01
7.7479412446002136e+10 6.3496301237496715e-05 5.6585176789622669e+09 6.2059481666595652e+05 5.2844411691724043e+09 1.1222295293695881e+09 1.2404563269179510e+29 2.0894227183154278e+01 2.9998625428931542e+00 6.2695237012577124e+01
7.7828725853621109e+10 6.3492392391907739e-05 5.6580532256975212e+09 6.2058208126873360e+05 5.2840074210709791e+09 1.1221374138796246e+09 1.2572632935479195e+29 2.0987219338557590e+01 2.9998625248497710e+00 6.2691626285925459e+01
7.8179614129361694e+10 6.3488448611810486e-05 5.6575846311356745e+09 6.2056923152171355e+05 5.2835698054550552e+09 1.1220444770418589e+09 1.2742975541551404e+29 2.1080614632787185e+01 2.9998625067226552e+00 6.2687983848697158e+01
7.8532084373465530e+10 6.3484469588495981e-05 5.6571118588557386e+09 6.2055626640479220e+05 5.2831282883114452e+09 1.1219507116328819e+09 1.2915621730086349e+29 2.1174414670101012e+01 2.9998624885114080e+00 6.2684309426878592e+01
7.8886143718185440e+10 6.3480455010590494e-05 5.6566348721254721e+09 6.2054318488888023e+05 5.2826828353362951e+09 1.1218561103675327e+09 1.3090602554708221e+29 2.1268621059194828e+01 2.9998624702156276e+00 6.2680602744150320e+01
7.9241799327929825e+10 6.3476404564033018e-05 5.6561536338989162e+09 6.2052998593583377e+05 5.2822334119327631e+09 1.1217606658984601e+09 1.3267949485436830e+29 2.1363235413186146e+01 2.9998624518349111e+00 6.2676863521871347e+01
7.9599058399407547e+10 6.3472317932054305e-05 5.6556681068139057e+09 6.2051666849837126e+05 5.2817799832087126e+09 1.1216643708155820e+09 1.3447694414220583e+29 2.1458259349597558e+01 2.9998624333688522e+00 6.2673091479057547e+01
7.9957928161773605e+10 6.3468194795153514e-05 5.6551782531894884e+09 6.2050323151999875e+05 5.2813225139742842e+09 1.1215672176456110e+09 1.3629869660541916e+29 2.1553694490339613e+01 2.9998624148170445e+00 6.2669286332365544e+01
8.0318415876775421e+10 6.3464034831077029e-05 5.6546840350233650e+09 6.2048967393492209e+05 5.2808609687395372e+09 1.1214691988514826e+09 1.3814507977096075e+29 2.1649542461693112e+01 2.9998623961790778e+00 6.2665447796069898e+01
8.0680528838899750e+10 6.3459837714794793e-05 5.6541854139894075e+09 6.2047599466798245e+05 5.2803953117120895e+09 1.1213703068319576e+09 1.4001642555543997e+29 2.1745804894290828e+01 2.9998623774545408e+00 6.2661575582049430e+01
8.1044274375520309e+10 6.3455603118478548e-05 5.6536823514349928e+09 6.2046219263456250e+05 5.2799255067946568e+09 1.1212705339210083e+09 1.4191307032340525e+29 2.1842483423098734e+01 2.9998623586430200e+00 6.2657669399763407e+01
8.1409659847046051e+10 6.3451330711478669e-05 5.6531748083784389e+09 6.2044826674051117e+05 5.2794515175826588e+09 1.1211698723873446e+09 1.4383535494638629e+29 2.1939579687396591e+01 2.9998623397440993e+00 6.2653728956234069e+01
8.1776692647070084e+10 6.3447020160300910e-05 5.6526627455064545e+09 6.2043421588206966e+05 5.2789733073618050e+09 1.1210683144339488e+09 1.4578362486270814e+29 2.2037095330757985e+01 2.9998623207573614e+00 6.2649753956029514e+01
8.2145380202519287e+10 6.3442671128583622e-05 5.6521461231713505e+09 6.2042003894577292e+05 5.2784908391055412e+09 1.1209658521974337e+09 1.4775823013808561e+29 2.2135032001029781e+01 2.9998623016823860e+00 6.2645744101238996e+01
8.2515729973804611e+10 6.3438283277074444e-05 5.6516249013885498e+09 6.2040573480838095e+05 5.2780040754726763e+09 1.1208624777476189e+09 1.4975952552700846e+29 2.2233391350310978e+01 2.9998622825187513e+00 6.2641699091457504e+01
8.2887749454972015e+10 6.3433856263606339e-05 5.6510990398337927e+09 6.2039130233678850e+05 5.2775129788048096e+09 1.1207581830869513e+09 1.5178787053492724e+29 2.2332175034930959e+01 2.9998622632660332e+00 6.2637618623763828e+01
8.3261446173854111e+10 6.3429389743074719e-05 5.6505684978405676e+09 6.2037674038794427e+05 5.2770175111239042e+09 1.1206529601499951e+09 1.5384362948125003e+29 2.2431384715427136e+01 2.9998622439238054e+00 6.2633502392701146e+01
8.3636827692222519e+10 6.3424883367412836e-05 5.6500332343973122e+09 6.2036204780876427e+05 5.2765176341296864e+09 1.1205468008028829e+09 1.5592717156316021e+29 2.2531022056521934e+01 2.9998622244916393e+00 6.2629350090257233e+01
8.4013901605940857e+10 6.3420336785568034e-05 5.6494932081447439e+09 6.2034722343604942e+05 5.2760133091971464e+09 1.1204396968427973e+09 1.5803887092026588e+29 2.2631088727099240e+01 2.9998622049691046e+00 6.2625161405844118e+01
8.4392675545118774e+10 6.3415749643478100e-05 5.6489483773730955e+09 6.2033226609639265e+05 5.2755044973739700e+09 1.1203316399973776e+09 1.6017910670009269e+29 2.2731586400180159e+01 2.9998621853557683e+00 6.2620936026275778e+01
8.4773157174265015e+10 6.3411121584046128e-05 5.6483987000193710e+09 6.2031717460610019e+05 5.2749911593779612e+09 1.1202226219242325e+09 1.6234826312442003e+29 2.2832516752897817e+01 2.9998621656511957e+00 6.2616673635750402e+01
8.5155354192444504e+10 6.3406452247116596e-05 5.6478441336645794e+09 6.2030194777109963e+05 5.2744732555944605e+09 1.1201126342103560e+09 1.6454672955649983e+29 2.2933881466472272e+01 2.9998621458549493e+00 6.2612373915827945e+01
8.5539274333432861e+10 6.3401741269450496e-05 5.6472846355309639e+09 6.2028658438685606e+05 5.2739507460737629e+09 1.1200016683716059e+09 1.6677490056913018e+29 2.3035682226184001e+01 2.9998621259665899e+00 6.2608036545410421e+01
8.5924925365873123e+10 6.3396988284700686e-05 5.6467201624791021e+09 6.2027108323827269e+05 5.2734235905284138e+09 1.1198897158520691e+09 1.6903317601362369e+29 2.3137920721346973e+01 2.9998621059856765e+00 6.2603661200717838e+01
8.6312315093433029e+10 6.3392192923386256e-05 5.6461506710051737e+09 6.2025544309961516e+05 5.2728917483306398e+09 1.1197767680236013e+09 1.7132196108967055e+29 2.3240598645281157e+01 2.9998620859117642e+00 6.2599247555271653e+01
8.6701451354962921e+10 6.3387354812868412e-05 5.6455761172381001e+09 6.2023966273441236e+05 5.2723551785096998e+09 1.1196628161851985e+09 1.7364166641610932e+29 2.3343717695284155e+01 2.9998620657444079e+00 6.2594795279869849e+01
8.7092342024654312e+10 6.3382473577324014e-05 5.6449964569366350e+09 6.2022374089536909e+05 5.2718138397491503e+09 1.1195478515624547e+09 1.7599270810261635e+29 2.3447279572602202e+01 2.9998620454831588e+00 6.2590304042566963e+01
8.7484995012199249e+10 6.3377548837720849e-05 5.6444116454865465e+09 6.2020767632427369e+05 5.2712676903842182e+09 1.1194318653069849e+09 1.7837550782232605e+29 2.3551285982400454e+01 2.9998620251275665e+00 6.2585773508652544e+01
8.7879418262950378e+10 6.3372580211791484e-05 5.6438216378976259e+09 6.2019146775190160e+05 5.2707166883990211e+09 1.1193148484958212e+09 1.8079049288539360e+29 2.3655738633732554e+01 2.9998620046771780e+00 6.2581203340627788e+01
8.8275619758081726e+10 6.3367567314007625e-05 5.6432263888008718e+09 6.2017511389792874e+05 5.2701607914239120e+09 1.1191967921308815e+09 1.8323809631351148e+29 2.3760639239509398e+01 2.9998619841315382e+00 6.2576593198185734e+01
8.8673607514750153e+10 6.3362509755554060e-05 5.6426258524455271e+09 6.2015861347083631e+05 5.2695999567327347e+09 1.1190776871383770e+09 1.8571875691539213e+29 2.3865989516467206e+01 2.9998619634901900e+00 6.2571942738188120e+01
8.9073389586257629e+10 6.3357407144302047e-05 5.6420199826960802e+09 6.2014196516781393e+05 5.2690341412400112e+09 1.1189575243682098e+09 1.8823291936322890e+29 2.3971791185134840e+01 2.9998619427526729e+00 6.2567251614643759e+01
8.9474974062214157e+10 6.3352259084783683e-05 5.6414087330293293e+09 6.2012516767466208e+05 5.2684633014982071e+09 1.1188362945933671e+09 1.9078103427014678e+29 2.4078045969800293e+01 2.9998619219185252e+00 6.2562519478684017e+01
8.9878369068701508e+10 6.3347065178164449e-05 5.6407920565313845e+09 6.2010821966570220e+05 5.2678873936949282e+09 1.1187139885093739e+09 1.9336355826865698e+29 2.4184755598476467e+01 2.9998619009872822e+00 6.2557745978543167e+01
9.0283582768437607e+10 6.3341825022217158e-05 5.6401699058946981e+09 6.2009111980367708e+05 5.2673063736501417e+09 1.1185905967336750e+09 1.9598095409012558e+29 2.4291921802866085e+01 2.9998618799584773e+00 6.2552930759534263e+01
9.0690623360941742e+10 6.3336538211294506e-05 5.6395422334149714e+09 6.2007386673965212e+05 5.2667201968132973e+09 1.1184661098050265e+09 1.9863369064527082e+29 2.4399546318325882e+01 2.9998618588316415e+00 6.2548073464026210e+01
9.1099499082700439e+10 6.3331204336302443e-05 5.6389089909881868e+09 6.2005645911291987e+05 5.2661288182605505e+09 1.1183405181829133e+09 2.0132224310570088e+29 2.4507630883829883e+01 2.9998618376063027e+00 6.2543173731421042e+01
9.1510218207334198e+10 6.3325822984672321e-05 5.6382701301074467e+09 6.2003889555089525e+05 5.2655321926918135e+09 1.1182138122469003e+09 2.0404709298650582e+29 2.4616177241931954e+01 2.9998618162819870e+00 6.2538231198130106e+01
9.1922789045764832e+10 6.3320393740333940e-05 5.6376256018600054e+09 6.2002117466902360e+05 5.2649302744279814e+09 1.1180859822960780e+09 2.0680872822991544e+29 2.4725187138727421e+01 2.9998617948582180e+00 6.2533245497551839e+01
9.2337219946383682e+10 6.3314916183687805e-05 5.6369753569240971e+09 6.2000329507067241e+05 5.2643230174079676e+09 1.1179570185483935e+09 2.0960764329003820e+29 2.4834662323813919e+01 2.9998617733345170e+00 6.2528216260046612e+01
9.2753519295220551e+10 6.3309389891576747e-05 5.6363193455658741e+09 6.1998525534704002e+05 5.2637103751858397e+09 1.1178269111401048e+09 2.1244433921869315e+29 2.4944604550251317e+01 2.9998617517104029e+00 6.2523143112916330e+01
9.3171695516113373e+10 6.3303814437258750e-05 5.6356575176362219e+09 6.1996705407704227e+05 5.2630923009278650e+09 1.1176956501250782e+09 2.1531932375234875e+29 2.5055015574520787e+01 2.9998617299853914e+00 6.2518025680376255e+01
9.3591757070878693e+10 6.3298189390378098e-05 5.6349898225675879e+09 6.1994868982721190e+05 5.2624687474095278e+09 1.1175632254741814e+09 2.1823311140018341e+29 2.5165897156483027e+01 2.9998617081589969e+00 6.2512863583533189e+01
9.4013712459482864e+10 6.3292514316937607e-05 5.6343162093709393e+09 6.1993016115160380e+05 5.2618396670127020e+09 1.1174296270747173e+09 2.2118622353327944e+29 2.5277251059335512e+01 2.9998616862307301e+00 6.2507656440362219e+01
9.4437570220214081e+10 6.3286788779269199e-05 5.6336366266324253e+09 6.1991146659168112e+05 5.2612050117225161e+09 1.1172948447297256e+09 2.2417918847496686e+29 2.5389079049568888e+01 2.9998616642001004e+00 6.2502403865681394e+01
9.4863338929855103e+10 6.3281012336005975e-05 5.6329510225102625e+09 6.1989260467621451e+05 5.2605647331244707e+09 1.1171588681573803e+09 2.2721254159232953e+29 2.5501382896922415e+01 2.9998616420666138e+00 6.2497105471127156e+01
9.5291027203856857e+10 6.3275184542053086e-05 5.6322593447314281e+09 6.1987357392116729e+05 5.2599187824013338e+09 1.1170216869902854e+09 2.3028682538888884e+29 2.5614164374338490e+01 2.9998616198297738e+00 6.2491760865127915e+01
9.5720643696512756e+10 6.3269304948550603e-05 5.6315615405876350e+09 6.1985437282958068e+05 5.2592671103293772e+09 1.1168832907747774e+09 2.3340258959905698e+29 2.5727425257920423e+01 2.9998615974890823e+00 6.2486369652894489e+01
9.6152197101133804e+10 6.3263373102849892e-05 5.6308575569325724e+09 6.1983499989146669e+05 5.2586096672758131e+09 1.1167436689702828e+09 2.3656039128275466e+29 2.5841167326881486e+01 2.9998615750440378e+00 6.2480931436381049e+01
9.6585696150224503e+10 6.3257388548494453e-05 5.6301473401799593e+09 6.1981545358374412e+05 5.2579464031969643e+09 1.1166028109489882e+09 2.3976079492098259e+29 2.5955392363491271e+01 2.9998615524941359e+00 6.2475445814250534e+01
9.7021149615659592e+10 6.3251350825182240e-05 5.6294308362992134e+09 6.1979573237009533e+05 5.2572772676342335e+09 1.1164607059949439e+09 2.4300437251398676e+29 2.6070102153030962e+01 2.9998615298388707e+00 6.2469912381858606e+01
9.7458566308861496e+10 6.3245259468735595e-05 5.6287079908121557e+09 6.1977583470085915e+05 5.2566022097110147e+09 1.1163173433034279e+09 2.4629170368005041e+29 2.6185298483742990e+01 2.9998615070777328e+00 6.2464330731229083e+01
9.7897955080978653e+10 6.3239114011071236e-05 5.6279787487897320e+09 6.1975575901292474e+05 5.2559211781296253e+09 1.1161727119803214e+09 2.4962337575555259e+29 2.6300983146779579e+01 2.9998614842102107e+00 6.2458700451029515e+01
9.8339324823064636e+10 6.3232913980170106e-05 5.6272430548485336e+09 6.1973550372960791e+05 5.2552341211680813e+09 1.1160268010413589e+09 2.5299998389630976e+29 2.6417157936150414e+01 2.9998614612357901e+00 6.2453021126542346e+01
9.8782684466258041e+10 6.3226658900046944e-05 5.6265008531475744e+09 6.1971506726055057e+05 5.2545409866770592e+09 1.1158795994115489e+09 2.5642213118021514e+29 2.6533824648669118e+01 2.9998614381539541e+00 6.2447292339642175e+01
9.9228042981963181e+10 6.3220348290719854e-05 5.6257520873848028e+09 6.1969444800159801e+05 5.2538417220766592e+09 1.1157310959244347e+09 2.5989042871119196e+29 2.6650985083898739e+01 2.9998614149641831e+00 6.2441513668766710e+01
9.9675409382031693e+10 6.3213981668179111e-05 5.6249967007937536e+09 6.1967364433469228e+05 5.2531362743532610e+09 1.1155812793214774e+09 2.6340549572447846e+29 2.6768641044096171e+01 2.9998613916659549e+00 6.2435684688893069e+01
1.0012479271894484e+11 6.3207558544356646e-05 5.6242346361400805e+09 6.1965265462774877e+05 5.2524245900563078e+09 1.1154301382513185e+09 2.6696795969325758e+29 2.6886794334155454e+01 2.9998613682587441e+00 6.2429804971508943e+01
1.0057620208599667e+11 6.3201078427094727e-05 5.6234658357181797e+09 6.1963147723454796e+05 5.2517066152951298e+09 1.1152776612691543e+09 2.7057845643665070e+29 2.7005446761549994e+01 2.9998613447420239e+00 6.2423874084587538e+01
1.0102964661747810e+11 6.3194540820114514e-05 5.6226902413476830e+09 6.1961011049461365e+05 5.2509822957356777e+09 1.1151238368360167e+09 2.7423763022909118e+29 2.7124600136273642e+01 2.9998613211152629e+00 6.2417891592560359e+01
1.0148513548886168e+11 6.3187945222984969e-05 5.6219077943699808e+09 6.1958855273309280e+05 5.2502515765972919e+09 1.1149686533180673e+09 2.7794613391109356e+29 2.7244256270780681e+01 2.9998612973779286e+00 6.2411857056288106e+01
1.0194267791698726e+11 6.3181291131090552e-05 5.6211184356447468e+09 6.1956680226064194e+05 5.2495144026494341e+09 1.1148120989859433e+09 2.8170462900143660e+29 2.7364416979924624e+01 2.9998612735294854e+00 6.2405770033036433e+01
1.0240228316024855e+11 6.3174578035599761e-05 5.6203221055464859e+09 6.1954485737330909e+05 5.2487707182084618e+09 1.1146541620140717e+09 2.8551378581077695e+29 2.7485084080895842e+01 2.9998612495693946e+00 6.2399630076448027e+01
1.0286396051878038e+11 6.3167805423432769e-05 5.6195187439608803e+09 6.1952271635240503e+05 5.2480204671342430e+09 1.1144948304799123e+09 2.8937428355671018e+29 2.7606259393158076e+01 2.9998612254971140e+00 6.2393436736513046e+01
1.0332771933464700e+11 6.3160972777229671e-05 5.6187082902813911e+09 6.1950037746439013e+05 5.2472635928269548e+09 1.1143340923633127e+09 2.9328681048029883e+29 2.7727944738383709e+01 2.9998612013121004e+00 6.2387189559543202e+01
1.0379356899203098e+11 6.3154079575317376e-05 5.6178906834055519e+09 6.1947783896074374e+05 5.2465000382236376e+09 1.1141719355457447e+09 2.9725206396408110e+29 2.7850141940387775e+01 2.9998611770138064e+00 6.2380888088142534e+01
1.0426151891742322e+11 6.3147125291677488e-05 5.6170658617315302e+09 6.1945509907785035e+05 5.2457297457949772e+09 1.1140083478096604e+09 3.0127075065158396e+29 2.7972852825060901e+01 2.9998611526016821e+00 6.2374531861180749e+01
1.0473157857981363e+11 6.3140109395913289e-05 5.6162337631544409e+09 6.1943215603686823e+05 5.2449526575418663e+09 1.1138433168377283e+09 3.0534358656835283e+29 2.8096079220300780e+01 2.9998611280751750e+00 6.2368120413763549e+01
1.0520375749088275e+11 6.3133031353216634e-05 5.6153943250627794e+09 6.1940900804360886e+05 5.2441687149920645e+09 1.1136768302121494e+09 3.0947129724452046e+29 2.8219822955942583e+01 2.9998611034337292e+00 6.2361653277205299e+01
1.0567806520519424e+11 6.3125890624334891e-05 5.6145474843347692e+09 6.1938565328840818e+05 5.2433778591967983e+09 1.1135088754139168e+09 3.1365461783893201e+29 2.8344085863688026e+01 2.9998610786767874e+00 6.2355129978999528e+01
1.0615451132038818e+11 6.3118686665537691e-05 5.6136931773347435e+09 6.1936208994600084e+05 5.2425800307273769e+09 1.1133394398221016e+09 3.1789429326484408e+29 2.8468869777033078e+01 2.9998610538037869e+00 6.2348550042790265e+01
1.0663310547737529e+11 6.3111418928583310e-05 5.6128313399094839e+09 6.1933831617539329e+05 5.2417751696717739e+09 1.1131685107131326e+09 3.2219107831721860e+29 2.8594176531194464e+01 2.9998610288141645e+00 6.2341912988343303e+01
1.0711385736053206e+11 6.3104086860684590e-05 5.6119619073845015e+09 6.1931433011973253e+05 5.2409632156311522e+09 1.1129960752600498e+09 3.2654573780163001e+29 2.8720007963034796e+01 2.9998610037073528e+00 6.2335218331516664e+01
1.0759677669789664e+11 6.3096689904475623e-05 5.6110848145603828e+09 6.1929012990617706e+05 5.2401441077164593e+09 1.1128221205317748e+09 3.3095904666480351e+29 2.8846365910986307e+01 2.9998609784827814e+00 6.2328465584230614e+01
1.0808187326136574e+11 6.3089227497976910e-05 5.6101999957091265e+09 6.1926571364577441e+05 5.2393177845449800e+09 1.1126466334924345e+09 3.3543179012680664e+29 2.8973252214973318e+01 2.9998609531398781e+00 6.2321654254441249e+01
1.0856915686689232e+11 6.3081699074561830e-05 5.6093073845702696e+09 6.1924107943331171e+05 5.2384841842367716e+09 1.1124696010004930e+09 3.3996476381491146e+29 2.9100668716333256e+01 2.9998609276780659e+00 6.2314783846104788e+01
1.0905863737468430e+11 6.3074104062921582e-05 5.6084069143473368e+09 6.1921622534720367e+05 5.2376432444112854e+09 1.1122910098081572e+09 3.4455877389914980e+29 2.9228617257736317e+01 2.9998609020967666e+00 6.2307853859153965e+01
1.0955032468940396e+11 6.3066441887031058e-05 5.6074985177039614e+09 6.1919114944934449e+05 5.2367949021837883e+09 1.1121108465605252e+09 3.4921463722957872e+29 2.9357099683103648e+01 2.9998608763953980e+00 6.2300863789463406e+01
1.1004422876036850e+11 6.3058711966113267e-05 5.6065821267601385e+09 6.1916584978498123e+05 5.2359390941618404e+09 1.1119290977948945e+09 3.5393318147528019e+29 2.9486117837524183e+01 2.9998608505733748e+00 6.2293813128822165e+01
1.1054035958175124e+11 6.3050913714605104e-05 5.6056576730884638e+09 6.1914032438257523e+05 5.2350757564418030e+09 1.1117457499399874e+09 3.5871524526511150e+29 2.9615673567169953e+01 2.9998608246301095e+00 6.2286701364900992e+01
1.1103872719278389e+11 6.3043046542121678e-05 5.6047250877102785e+09 6.1911457125366363e+05 5.2342048246052198e+09 1.1115607893151810e+09 3.6356167833023098e+29 2.9745768719209931e+01 2.9998607985650101e+00 6.2279527981222337e+01
1.1153934167795976e+11 6.3035109853420965e-05 5.6037843010919609e+09 6.1908858839273243e+05 5.2333262337153540e+09 1.1113742021298239e+09 3.6847334164841844e+29 2.9876405141722458e+01 2.9998607723774833e+00 6.2272292457131755e+01
1.1204221316723776e+11 6.3027103048368481e-05 5.6028352431409683e+09 6.1906237377706473e+05 5.2324399183135080e+09 1.1111859744823794e+09 3.7345110759021130e+29 3.0007584683606051e+01 2.9998607460669313e+00 6.2264994267762916e+01
1.1254735183624736e+11 6.3019025521901420e-05 5.6018778432020636e+09 6.1903592536660959e+05 5.2315458124154930e+09 1.1109960923597193e+09 3.7849586006687730e+29 3.0139309194488742e+01 2.9998607196327534e+00 6.2257632884008437e+01
1.1305476790649454e+11 6.3010876663992534e-05 5.6009120300534515e+09 6.1900924110384122e+05 5.2306438495080013e+09 1.1108045416363552e+09 3.8360849468024877e+29 3.0271580524635858e+01 2.9998606930743468e+00 6.2250207772489162e+01
1.1356447164556862e+11 6.3002655859614411e-05 5.5999377319029083e+09 6.1898231891361764e+05 5.2297339625450191e+09 1.1106113080736663e+09 3.8878991887443619e+29 3.0404400524856264e+01 2.9998606663911045e+00 6.2242718395521443e+01
1.1407647336734998e+11 6.2994362488702764e-05 5.5989548763838511e+09 6.1895515670303721e+05 5.2288160839441452e+09 1.1104163773191214e+09 3.9404105208944572e+29 3.0537771046406913e+01 2.9998606395824163e+00 6.2235164211085447e+01
1.1459078343221884e+11 6.2985995926120620e-05 5.5979633905514908e+09 6.1892775236129435e+05 5.2278901455829926e+09 1.1102197349054933e+09 3.9936282591672314e+29 3.0671693940895917e+01 2.9998606126476695e+00 6.2227544672792419e+01
1.1510741224726480e+11 6.2977555541621119e-05 5.5969632008788843e+09 6.1890010375953931e+05 5.2269560787955141e+09 1.1100213662501125e+09 4.0475618425664482e+29 3.0806171060183861e+01 2.9998605855862479e+00 6.2219859229853924e+01
1.1562637026649754e+11 6.2969040699810790e-05 5.5959542332530212e+09 6.1887220875073131e+05 5.2260138143683300e+09 1.1098212566540740e+09 4.1022208347798168e+29 3.0941204256283601e+01 2.9998605583975313e+00 6.2212107327048891e+01
1.1614766799105829e+11 6.2960450760112972e-05 5.5949364129709072e+09 6.1884406516949390e+05 5.2250632825370846e+09 1.1096193913014662e+09 4.1576149257935628e+29 3.1076795381258247e+01 2.9998605310808979e+00 6.2204288404691248e+01
1.1667131596943227e+11 6.2951785076730202e-05 5.5939096647355099e+09 6.1881567083196086e+05 5.2241044129826641e+09 1.1094157552585361e+09 4.2137539335271704e+29 3.1212946287117525e+01 2.9998605036357211e+00 6.2196401898595063e+01
1.1719732479766229e+11 6.2943042998607371e-05 5.5928739126519680e+09 6.1878702353564138e+05 5.2231371348276367e+09 1.1092103334729986e+09 4.2706478054885655e+29 3.1349658825712467e+01 2.9998604760613716e+00 6.2188447240045477e+01
1.1772570511956303e+11 6.2934223869393798e-05 5.5918290802234068e+09 6.1875812105925474e+05 5.2221613766323652e+09 1.1090031107731302e+09 4.3283066204499112e+29 3.1486934848628277e+01 2.9998604483572175e+00 6.2180423855761227e+01
1.1825646762693648e+11 6.2925327027405967e-05 5.5907750903471670e+09 6.1872896116259857e+05 5.2211770663914661e+09 1.1087940718671095e+09 4.3867405901443221e+29 3.1624776207075445e+01 2.9998604205226220e+00 6.2172331167865721e+01
1.1878962305978824e+11 6.2916351805589440e-05 5.5897118653105745e+09 6.1869954158637719e+05 5.2201841315298824e+09 1.1085832013420765e+09 4.4459600609836992e+29 3.1763184751779164e+01 2.9998603925569465e+00 6.2164168593848458e+01
1.1932518220654489e+11 6.2907297531480992e-05 5.5886393267871389e+09 6.1866986005207011e+05 5.2191824988993101e+09 1.1083704836634843e+09 4.5059755157979459e+29 3.1902162332866830e+01 2.9998603644595478e+00 6.2155935546536448e+01
1.1986315590427229e+11 6.2898163527170585e-05 5.5875573958323889e+09 6.1863991426176322e+05 5.2181720947743273e+09 1.1081559031741891e+09 4.5667975755958166e+29 3.2041710799753815e+01 2.9998603362297804e+00 6.2147631434056315e+01
1.2040355503889488e+11 6.2888949109262941e-05 5.5864659928799047e+09 6.1860970189800207e+05 5.2171528448486700e+09 1.1079394440937028e+09 4.6284370013476285e+29 3.2181832001027331e+01 2.9998603078669945e+00 6.2139255659802032e+01
1.2094639054541588e+11 6.2879653588838926e-05 5.5853650377372293e+09 6.1857922062363522e+05 5.2161246742314348e+09 1.1077210905173821e+09 4.6909046957901124e+29 3.2322527784328408e+01 2.9998602793705382e+00 6.2130807622400191e+01
1.2149167340813866e+11 6.2870276271417459e-05 5.5842544495818310e+09 6.1854846808165358e+05 5.2150875074433022e+09 1.1075008264155900e+09 4.7542117052536450e+29 3.2463799996232055e+01 2.9998602507397538e+00 6.2122286715674299e+01
1.2203941466088893e+11 6.2860816456915874e-05 5.5831341469571133e+09 6.1851744189504790e+05 5.2140412684127827e+09 1.1072786356329982e+09 4.8183692215121187e+29 3.2605650482125370e+01 2.9998602219739827e+00 6.2113692328614270e+01
1.2258962538723807e+11 6.2851273439611935e-05 5.5820040477681894e+09 6.1848613966662833e+05 5.2129858804723158e+09 1.1070545018876190e+09 4.8833885836557184e+29 3.2748081086083879e+01 2.9998601930725615e+00 6.2105023845335040e+01
1.2314231672072739e+11 6.2841646508104122e-05 5.5808640692779331e+09 6.1845455897888355e+05 5.2119212663545580e+09 1.1068284087701278e+09 4.9492812799868602e+29 3.2891093650745745e+01 2.9998601640348235e+00 6.2096280645046839e+01
1.2369749984509337e+11 6.2831934945272659e-05 5.5797141281028366e+09 6.1842269739381201e+05 5.2108473481885052e+09 1.1066003397429929e+09 5.0160589499395468e+29 3.3034690017184040e+01 2.9998601348600982e+00 6.2087462102017490e+01
1.2425518599449403e+11 6.2822138028240031e-05 5.5785541402088909e+09 6.1839055245276075e+05 5.2097640474956722e+09 1.1063702781396632e+09 5.0837333860224400e+29 3.3178872024777085e+01 2.9998601055477123e+00 6.2078567585536746e+01
1.2481538645373624e+11 6.2812255028331387e-05 5.5773840209075136e+09 6.1835812167626526e+05 5.2086712851862593e+09 1.1061382071637714e+09 5.1523165357858810e+29 3.3323641511076609e+01 2.9998600760969882e+00 6.2069596459882078e+01
1.2537811255850400e+11 6.2802285211034937e-05 5.5762036848514137e+09 6.1832540256388485e+05 5.2075689815553122e+09 1.1059041098883085e+09 5.2218205038131574e+29 3.3469000311673902e+01 2.9998600465072447e+00 6.2060548084281294e+01
1.2594337569558792e+11 6.2792227835962286e-05 5.5750130460304775e+09 6.1829239259403688e+05 5.2064570562788782e+09 1.1056679692548003e+09 5.2922575537362866e+29 3.3614950260063935e+01 2.9998600167777982e+00 6.2051421812876953e+01
1.2651118730311557e+11 6.2782082156808235e-05 5.5738120177676601e+09 6.1825908922383469e+05 5.2053354284101553e+09 1.1054297680725119e+09 5.3636401102765791e+29 3.3761493187507234e+01 2.9998599869079596e+00 6.2042216994690783e+01
1.2708155887078294e+11 6.2771847421310586e-05 5.5726005127147665e+09 6.1822548988891416e+05 5.2042040163755732e+09 1.1051894890175810e+09 5.4359807613102863e+29 3.3908630922889721e+01 2.9998599568970379e+00 6.2032932973585382e+01
1.2765450194008696e+11 6.2761522871210336e-05 5.5713784428484631e+09 6.1819159200327634e+05 5.2030627379710407e+09 1.1049471146322699e+09 5.5092922599595982e+29 3.4056365292580345e+01 2.9998599267443371e+00 6.2023569088230502e+01
1.2823002810455899e+11 6.2751107742210725e-05 5.5701457194659481e+09 6.1815739295910602e+05 5.2019115103579311e+09 1.1047026273240547e+09 5.5835875267092768e+29 3.4204698120286487e+01 2.9998598964491583e+00 6.2014124672062522e+01
1.2880814900999948e+11 6.2740601263937387e-05 5.5689022531809645e+09 6.1812289012661204e+05 5.2007502500593414e+09 1.1044560093648741e+09 5.6588796515492239e+29 3.4353631226907204e+01 2.9998598660107985e+00 6.2004599053250438e+01
1.2938887635471359e+11 6.2730002659896965e-05 5.5676479539195356e+09 6.1808808085385221e+05 5.1995788729561129e+09 1.1042072428902760e+09 5.7351818961432702e+29 3.4503166430384127e+01 2.9998598354285515e+00 6.1994991554657162e+01
1.2997222188974786e+11 6.2719311147437060e-05 5.5663827309158697e+09 6.1805296246656100e+05 5.1983972942830067e+09 1.1039563098985910e+09 5.8125076960244619e+29 3.4653305545550197e+01 2.9998598047017064e+00 6.1985301493802403e+01
1.3055819741912813e+11 6.2708525937704734e-05 5.5651064927081423e+09 6.1801753226797702e+05 5.1972054286247730e+09 1.1037031922501113e+09 5.8908706628171860e+29 3.4804050383976005e+01 2.9998597738295496e+00 6.1975528182824689e+01
1.3114681480009821e+11 6.2697646235606016e-05 5.5638191471343908e+09 6.1798178753866930e+05 5.1960031899123030e+09 1.1034478716662672e+09 5.9702845864863604e+29 3.4955402753813871e+01 2.9998597428113634e+00 6.1965670928444190e+01
1.3173808594335995e+11 6.2686671239764336e-05 5.5625206013282757e+09 6.1794572553635947e+05 5.1947904914186831e+09 1.1031903297287827e+09 6.0507634376140818e+29 3.5107364459639413e+01 2.9998597116464252e+00 6.1955729031923660e+01
1.3233202281331425e+11 6.2675600142479717e-05 5.5612107617150192e+09 6.1790934349575220e+05 5.1935672457553892e+09 1.1029305478788972e+09 6.1323213697039466e+29 3.5259937302290972e+01 2.9998596803340098e+00 6.1945701789031816e+01
1.3292863742830305e+11 6.2664432129686779e-05 5.5598895340070705e+09 6.1787263862834685e+05 5.1923333648682508e+09 1.1026685074164598e+09 6.2149727215134077e+29 3.5413123078706377e+01 2.9998596488733877e+00 6.1935588490002836e+01
1.3352794186085265e+11 6.2653166380914157e-05 5.5585568232001238e+09 6.1783560812227079e+05 5.1910887600337296e+09 1.1024041894991865e+09 6.2987320194144700e+29 3.5566923581757401e+01 2.9998596172638257e+00 6.1925388419499718e+01
1.3412994823791791e+11 6.2641802069242158e-05 5.5572125335687695e+09 6.1779824914208846e+05 5.1898333418548527e+09 1.1021375751417513e+09 6.3836139797830103e+29 3.5721340600081696e+01 2.9998595855045864e+00 6.1915100856573240e+01
1.3473466874112767e+11 6.2630338361261347e-05 5.5558565686624851e+09 6.1776055882863421e+05 5.1885670202574673e+09 1.1018686452150559e+09 6.4696335114170612e+29 3.5876375917912242e+01 2.9998595535949288e+00 6.1904725074626739e+01
1.3534211560703128e+11 6.2618774417030952e-05 5.5544888313013334e+09 6.1772253429881716e+05 5.1872897044862328e+09 1.1015973804453061e+09 6.5568057179843711e+29 3.6032031314904188e+01 2.9998595215341073e+00 6.1894260341372409e+01
1.3595230112734613e+11 6.2607109390036897e-05 5.5531092235718412e+09 6.1768417264544289e+05 5.1860013031007700e+09 1.1013237614132175e+09 6.6451459004995546e+29 3.6188308565959254e+01 2.9998594893213730e+00 6.1883705918793929e+01
1.3656523764920647e+11 6.2595342427149549e-05 5.5517176468228521e+09 6.1764547093703435e+05 5.1847017239717770e+09 1.1010477685532243e+09 6.7346695598311682e+29 3.6345209441047409e+01 2.9998594569559729e+00 6.1873061063108061e+01
1.3718093757541312e+11 6.2583472668582151e-05 5.5503140016613636e+09 6.1760642621764331e+05 5.1833908742771559e+09 1.1007693821526263e+09 6.8253923992390112e+29 3.6502735705025984e+01 2.9998594244371493e+00 6.1862325024723418e+01
1.3779941336468463e+11 6.2571499247848325e-05 5.5488981879483299e+09 6.1756703550666268e+05 5.1820686604980793e+09 1.1004885823507535e+09 6.9173303269420254e+29 3.6660889117456151e+01 2.9998593917641414e+00 6.1851497048200848e+01
1.3842067753190918e+11 6.2559421291720160e-05 5.5474701047945232e+09 6.1752729579863953e+05 5.1807349884151421e+09 1.1002053491381435e+09 7.0104994587170637e+29 3.6819671432416605e+01 2.9998593589361837e+00 6.1840576372212666e+01
1.3904474264839798e+11 6.2547237920185678e-05 5.5460296505564137e+09 6.1748720406309166e+05 5.1793897631044960e+09 1.0999196623557513e+09 7.1049161205289361e+29 3.6979084398314704e+01 2.9998593259525062e+00 6.1829562229503779e+01
1.3967162134213956e+11 6.2534948246406399e-05 5.5445767228319530e+09 6.1744675724431174e+05 5.1780328889339266e+09 1.0996315016940811e+09 7.2005968511919835e+29 3.7139129757694597e+01 2.9998592928123360e+00 6.1818453846849827e+01
1.4030132629805533e+11 6.2522551376675392e-05 5.5431112184565592e+09 6.1740595226118481e+05 5.1766642695590858e+09 1.0993408466924217e+09 7.2975584050636075e+29 3.7299809247042880e+01 2.9998592595148952e+00 6.1807250445017999e+01
1.4093387025825626e+11 6.2510046410374346e-05 5.5416330334988041e+09 6.1736478600698407e+05 5.1752838079194927e+09 1.0990476767379360e+09 7.3958177547700189e+29 3.7461124596591112e+01 2.9998592260594017e+00 6.1795951238722928e+01
1.4156926602230069e+11 6.2497432439931203e-05 5.5401420632564707e+09 6.1732325534919277e+05 5.1738914062348213e+09 1.0987519710649464e+09 7.4953920939646101e+29 3.7623077530115737e+01 2.9998591924450690e+00 6.1784555436589535e+01
1.4220752644745340e+11 6.2484708550777262e-05 5.5386382022523489e+09 6.1728135712930583e+05 5.1724869660009899e+09 1.0984537087540841e+09 7.5962988401192672e+29 3.7785669764735005e+01 2.9998591586711076e+00 6.1773062241110750e+01
1.4284866444894568e+11 6.2471873821305250e-05 5.5371213442301207e+09 6.1723908816262684e+05 5.1710703879863157e+09 1.0981528687314165e+09 7.6985556373489702e+29 3.7948903010702949e+01 2.9998591247367217e+00 6.1761470848603217e+01
1.4349269300023672e+11 6.2458927322825818e-05 5.5355913821502953e+09 6.1719644523808383e+05 5.1696415722277241e+09 1.0978494297677162e+09 7.8021803592700589e+29 3.8112778971200477e+01 2.9998590906411136e+00 6.1749780449169151e+01
1.4413962513327618e+11 6.2445868119525297e-05 5.5340482081861095e+09 6.1715342511802493e+05 5.1682004180269108e+09 1.0975433704775989e+09 7.9071911118924938e+29 3.8277299342123435e+01 2.9998590563834791e+00 6.1737990226652613e+01
1.4478947393876779e+11 6.2432695268422738e-05 5.5324917137194614e+09 6.1711002453802410e+05 5.1667468239465475e+09 1.0972346693187406e+09 8.0136062365464878e+29 3.8442465811867663e+01 2.9998590219630108e+00 6.1726099358598098e+01
1.4544225256643430e+11 6.2419407819327204e-05 5.5309217893368893e+09 6.1706624020668445e+05 5.1652806878065262e+09 1.0969233045910888e+09 8.1214443128438540e+29 3.8608280061111060e+01 2.9998589873788966e+00 6.1714107016209539e+01
1.4609797422528357e+11 6.2406004814795059e-05 5.5293383248254490e+09 6.1702206880542985e+05 5.1638019066801157e+09 1.0966092544360015e+09 8.2307241616744643e+29 3.8774743762592379e+01 2.9998589526303205e+00 6.1702012364304906e+01
1.4675665218387589e+11 6.2392485290086851e-05 5.5277412091687231e+09 6.1697750698831049e+05 5.1623103768902254e+09 1.0962924968354945e+09 8.3414648482381345e+29 3.8941858580887114e+01 2.9998589177164621e+00 6.1689814561276407e+01
1.4741829977059229e+11 6.2378848273124667e-05 5.5261303305428190e+09 6.1693255138180009e+05 5.1608059940056705e+09 1.0959730096114414e+09 8.4536856851123401e+29 3.9109626172180036e+01 2.9998588826364951e+00 6.1677512759046834e+01
1.4808293037390448e+11 6.2365092784449411e-05 5.5245055763123655e+09 6.1688719858459174e+05 5.1592886528374443e+09 1.0956507704247718e+09 8.5674062353561675e+29 3.9278048184034731e+01 2.9998588473895902e+00 6.1665106103026709e+01
1.4875055744264563e+11 6.2351217837177373e-05 5.5228668330264940e+09 6.1684144516739296e+05 5.1577582474349337e+09 1.0953257567746794e+09 8.6826463156507791e+29 3.9447126255159667e+01 2.9998588119749141e+00 6.1652593732071544e+01
1.4942119448628256e+11 6.2337222436958267e-05 5.5212139864149227e+09 6.1679528767272085e+05 5.1562146710823097e+09 1.0949979459978375e+09 8.7994259994768741e+29 3.9616862015171229e+01 2.9998587763916267e+00 6.1639974778437669e+01
1.5009485507518903e+11 6.2323105581931604e-05 5.5195469213839893e+09 6.1674872261469718e+05 5.1546578162947807e+09 1.0946673152676280e+09 8.9177656203294341e+29 3.9787257084353278e+01 2.9998587406388855e+00 6.1627248367740222e+01
1.5077155284092102e+11 6.2308866262684537e-05 5.5178655220127258e+09 6.1670174647883675e+05 5.1530875748149481e+09 1.0943338415933321e+09 9.0376857749703378e+29 3.9958313073413557e+01 2.9998587047158423e+00 6.1614413618907783e+01
1.5145130147649011e+11 6.2294503462208240e-05 5.5161696715489836e+09 6.1665435572184832e+05 5.1515038376091766e+09 1.0939975018194251e+09 9.1592073267184778e+29 4.0130031583235997e+01 2.9998586686216453e+00 6.1601469644141936e+01
1.5213411473664426e+11 6.2280016155856187e-05 5.5144592524055157e+09 6.1660654677141248e+05 5.1499064948639441e+09 1.0936582726247146e+09 9.2823514087795000e+29 4.0302414204631134e+01 2.9998586323554366e+00 6.1588415548868781e+01
1.5282000643814352e+11 6.2265403311300482e-05 5.5127341461560936e+09 6.1655831602597726e+05 5.1482954359822197e+09 1.0933161305216208e+09 9.4071394276132646e+29 4.0475462518081422e+01 2.9998585959163542e+00 6.1575250431697654e+01
1.5350899046004053e+11 6.2250663888489995e-05 5.5109942335318079e+09 6.1650965985455178e+05 5.1466705495799923e+09 1.0929710518554525e+09 9.5335930663411908e+29 4.0649178093484004e+01 2.9998585593035325e+00 6.1561973384377680e+01
1.5420108074396100e+11 6.2235796839606861e-05 5.5092393944170856e+09 6.1646057459648419e+05 5.1450317234825573e+09 1.0926230128035855e+09 9.6617342881930782e+29 4.0823562489889611e+01 2.9998585225160999e+00 6.1548583491751174e+01
1.5489629129438614e+11 6.2220801109024777e-05 5.5074695078460436e+09 6.1641105656125443e+05 5.1433788447211256e+09 1.0922719893747573e+09 9.7915853399940697e+29 4.0998617255237974e+01 2.9998584855531805e+00 6.1535079831710348e+01
1.5559463617893585e+11 6.2205675633266122e-05 5.5056844519986992e+09 6.1636110202825814e+05 5.1417117995292635e+09 1.0919179574083126e+09 9.9231687556919973e+29 4.1174343926089684e+01 2.9998584484138928e+00 6.1521461475152591e+01
1.5629612952865344e+11 6.2190419340959322e-05 5.5038841041972103e+09 6.1631070724659017e+05 5.1400304733393927e+09 1.0915608925734589e+09 1.0056507359925630e+30 4.1350744027354217e+01 2.9998584110973523e+00 6.1507727485935291e+01
1.5700078553829163e+11 6.2175031152797037e-05 5.5020683409022236e+09 6.1625986843482684e+05 5.1383347507793827e+09 1.0912007703685255e+09 1.0191624271634207e+30 4.1527819072014474e+01 2.9998583736026685e+00 6.1493876920830154e+01
1.5770861846659961e+11 6.2159509981493395e-05 5.5002370377091980e+09 6.1620858178081154e+05 5.1366245156691122e+09 1.0908375661202607e+09 1.0328542907708584e+30 4.1705570560847434e+01 2.9998583359289452e+00 6.1479908829479655e+01
1.5841964263661179e+11 6.2143854731742175e-05 5.4983900693448267e+09 6.1615684344143816e+05 5.1348996510171204e+09 1.0904712549831254e+09 1.0467286986684541e+30 4.1883999982141098e+01 2.9998582980752828e+00 6.1465822254351338e+01
1.5913387243593738e+11 6.2128064300174681e-05 5.4965273096633329e+09 6.1610464954242110e+05 5.1331600390171661e+09 1.0901018119385078e+09 1.0607880532478510e+30 4.2063108811407560e+01 2.9998582600407762e+00 6.1451616230690192e+01
1.5985132231705182e+11 6.2112137575317828e-05 5.4946486316430559e+09 6.1605199617808894e+05 5.1314055610450163e+09 1.0897292117941160e+09 1.0750347878166313e+30 4.2242898511092349e+01 2.9998582218245149e+00 6.1437289786476661e+01
1.6057200679758893e+11 6.2096073437552111e-05 5.4927539073828106e+09 6.1599887941115396e+05 5.1296360976550732e+09 1.0893534291832175e+09 1.0894713669805109e+30 4.2423370530279691e+01 2.9998581834255842e+00 6.1422841942378312e+01
1.6129594046063489e+11 6.2079870759070669e-05 5.4908430080984392e+09 6.1594529527248559e+05 5.1278515285771332e+09 1.0889744385639179e+09 1.1041002870299207e+30 4.2604526304394007e+01 2.9998581448430639e+00 6.1408271711702916e+01
1.6202313795502322e+11 6.2063528403836628e-05 5.4889158041194210e+09 6.1589123976090294e+05 5.1260517327132235e+09 1.0885922142185915e+09 1.1189240763309965e+30 4.2786367254897243e+01 2.9998581060760285e+00 6.1393578100356976e+01
1.6275361399563120e+11 6.2047045227542737e-05 5.4869721648853960e+09 6.1583670884293434e+05 5.1242365881343660e+09 1.0882067302530894e+09 1.1339452957210319e+30 4.2968894788982347e+01 2.9998580671235482e+00 6.1378760106794694e+01
1.6348738336367767e+11 6.2030420077569600e-05 5.4850119589428473e+09 6.1578169845260098e+05 5.1224059720774698e+09 1.0878179605961387e+09 1.1491665389084351e+30 4.3152110299262532e+01 2.9998580279846871e+00 6.1363816721974430e+01
1.6422446090702219e+11 6.2013651792944979e-05 5.4830350539417915e+09 6.1572620449118805e+05 5.1205597609422369e+09 1.0874258789986627e+09 1.1645904328772267e+30 4.3336015163456580e+01 2.9998579886585048e+00 6.1348746929311481e+01
1.6496486154046533e+11 6.1996739204302662e-05 5.4810413166324759e+09 6.1567022282701870e+05 5.1186978302880955e+09 1.0870304590331404e+09 1.1802196382961273e+30 4.3520610744069778e+01 2.9998579491440558e+00 6.1333549704631409e+01
1.6570860024605054e+11 6.1979681133841696e-05 5.4790306128621712e+09 6.1561374929522607e+05 5.1168200548311834e+09 1.0866316740929651e+09 1.1960568499322750e+30 4.3705898388070850e+01 2.9998579094403888e+00 6.1318224016124113e+01
1.6645569207336737e+11 6.1962476395286366e-05 5.4770028075720100e+09 6.1555677969752415e+05 5.1149263084414072e+09 1.0862294973918135e+09 1.2121047970696215e+30 4.3891879426564543e+01 2.9998578695465481e+00 6.1302768824296066e+01
1.6720615213985593e+11 6.1945123793845594e-05 5.4749577647938194e+09 6.1549930980197573e+05 5.1130164641394844e+09 1.0858239019630072e+09 1.2283662439320396e+30 4.4078555174459900e+01 2.9998578294615714e+00 6.1287183081923601e+01
1.6795999563111285e+11 6.1927622126172917e-05 5.4728953476470928e+09 6.1544133534276718e+05 5.1110903940941124e+09 1.0854148606589408e+09 1.2448439901112011e+30 4.4265926930134334e+01 2.9998577891844920e+00 6.1271465734006611e+01
1.6871723780119852e+11 6.1909970180326897e-05 5.4708154183359537e+09 6.1538285201997356e+05 5.1091479696191359e+09 1.0850023461504576e+09 1.2615408709992516e+30 4.4453995975093100e+01 2.9998577487143385e+00 6.1255615717720595e+01
1.6947789397294568e+11 6.1892166735731107e-05 5.4687178381461992e+09 6.1532385549933021e+05 5.1071890611707716e+09 1.0845863309262877e+09 1.2784597582263410e+30 4.4642763573624514e+01 2.9998577080501323e+00 6.1239631962371028e+01
1.7024197953826971e+11 6.1874210563135637e-05 5.4666024674423056e+09 6.1526434141198685e+05 5.1052135383448477e+09 1.0841667872923787e+09 1.2956035601030515e+30 4.4832230972450681e+01 2.9998576671908914e+00 6.1223513389341441e+01
1.7100950995847983e+11 6.1856100424576978e-05 5.4644691656647501e+09 6.1520430535429763e+05 5.1032212698742514e+09 1.0837436873714995e+09 1.3129752220677543e+30 4.5022399400373587e+01 2.9998576261356265e+00 6.1207258912053568e+01
1.7178050076459207e+11 6.1837835073340038e-05 5.4623177913270273e+09 6.1514374288756261e+05 5.1012121236261883e+09 1.0833170031025167e+09 1.3305777271389604e+30 4.5213270067916739e+01 2.9998575848833440e+00 6.1190867435912601e+01
1.7255496755764362e+11 6.1819413253919595e-05 5.4601482020130749e+09 6.1508264953780803e+05 5.0991859665997534e+09 1.0828867062399635e+09 1.3484140963726971e+30 4.5404844166962178e+01 2.9998575434330443e+00 6.1174337858263748e+01
1.7333292600900836e+11 6.1800833701981797e-05 5.4579602543744650e+09 6.1502102079553925e+05 5.0971426649233217e+09 1.0824527683534336e+09 1.3664873893249535e+30 4.5597122870382762e+01 2.9998575017837226e+00 6.1157669068342010e+01
1.7411439186071408e+11 6.1782095144326498e-05 5.4557538041279249e+09 6.1495885211551352e+05 5.0950820838522167e+09 1.0820151608271320e+09 1.3848007045192497e+30 4.5790107331669795e+01 2.9998574599343684e+00 6.1140859947226794e+01
1.7489938092576099e+11 6.1763196298849786e-05 5.4535287060527678e+09 6.1489613891649921e+05 5.0930040877663183e+09 1.0815738548593512e+09 1.4033571799193702e+30 4.5983798684555850e+01 2.9998574178839648e+00 6.1123909367792834e+01
1.7568790908844171e+11 6.1744135874506603e-05 5.4512848139883423e+09 6.1483287658103136e+05 5.0909085401676970e+09 1.0811288214619377e+09 1.4221599934073037e+30 4.6178198042632928e+01 2.9998573756314904e+00 6.1106816194661029e+01
1.7647999230466263e+11 6.1724912571274075e-05 5.4490219808317804e+09 6.1476906045518420e+05 5.0887953036784830e+09 1.0806800314598982e+09 1.4412123632664380e+30 4.6373306498965505e+01 2.9998573331759175e+00 6.1089579284153203e+01
1.7727564660226685e+11 6.1705525080114947e-05 5.4467400585355310e+09 6.1470468584831874e+05 5.0866642400385828e+09 1.0802274554908497e+09 1.4605175486700601e+30 4.6569125125698960e+01 2.9998572905162129e+00 6.1072197484240633e+01
1.7807488808135849e+11 6.1685972082941583e-05 5.4444388981052523e+09 6.1463974803285510e+05 5.0845152101036987e+09 1.0797710640046623e+09 1.4800788501751982e+30 4.6765654973662805e+01 2.9998572476513372e+00 6.1054669634499341e+01
1.7887773291462848e+11 6.1666252252580087e-05 5.4421183495975075e+09 6.1457424224402080e+05 5.0823480738431902e+09 1.0793108272629530e+09 1.4998996102218573e+30 4.6962897071969081e+01 2.9998572045802452e+00 6.1036994566058830e+01
1.7968419734768173e+11 6.1646364252731262e-05 5.4397782621172810e+09 6.1450816367960046e+05 5.0801626903377457e+09 1.0788467153386111e+09 1.5199832136370920e+30 4.7160852427604418e+01 2.9998571613018870e+00 6.1019171101553582e+01
1.8049429769936603e+11 6.1626306737932942e-05 5.4374184838156652e+09 6.1444150749968714e+05 5.0779589177772141e+09 1.0783786981153514e+09 1.5403330881444300e+30 4.7359522025016766e+01 2.9998571178152051e+00 6.1001198055073516e+01
1.8130805036210208e+11 6.1606078353539415e-05 5.4350388618895397e+09 6.1437426882648445e+05 5.0757366134603224e+09 1.0779067452876506e+09 1.5609527048816738e+30 4.7558906825702714e+01 2.9998570741191370e+00 6.0983074232120693e+01
1.8212547180221530e+11 6.1585677735680850e-05 5.4326392425788898e+09 6.1430644274403411e+05 5.0734956337921677e+09 1.0774308263601739e+09 1.5818455789213166e+30 4.7759007767783736e+01 2.9998570302126142e+00 6.0964798429556978e+01
1.8294657856026904e+11 6.1565103511228205e-05 5.4302194711650009e+09 6.1423802429797966e+05 5.0712358342825079e+09 1.0769509106474824e+09 1.6030152697973599e+30 4.7959825765578458e+01 2.9998569860945627e+00 6.0946369435558985e+01
1.8377138725139920e+11 6.1544354297761233e-05 5.4277793919687357e+09 6.1416900849530962e+05 5.0689570695441971e+09 1.0764669672736149e+09 1.6244653820378432e+30 4.8161361709169988e+01 2.9998569417639009e+00 6.0927786029564921e+01
1.8459991456565045e+11 6.1523428703535210e-05 5.4253188483490696e+09 6.1409939030412864e+05 5.0666591932917747e+09 1.0759789651718881e+09 1.6461995657030898e+30 4.8363616463967688e+01 2.9998568972195430e+00 6.0909046982230819e+01
1.8543217726831406e+11 6.1502325327449152e-05 5.4228376827015018e+09 6.1402916465339856e+05 5.0643420583400002e+09 1.0754868730845079e+09 1.6682215169297153e+30 4.8566590870263752e+01 2.9998568524603955e+00 6.0890151055379043e+01
1.8626819220026703e+11 6.1481042759014485e-05 5.4203357364566927e+09 6.1395832643269515e+05 5.0620055166025877e+09 1.0749906595623133e+09 1.6905349784804373e+30 4.8770285742784097e+01 2.9998568074853598e+00 6.0871097001949011e+01
1.8710797627831290e+11 6.1459579578323616e-05 5.4178128500792208e+09 6.1388687049196893e+05 5.0596494190910301e+09 1.0744902929645708e+09 1.7131437402997382e+30 4.8974701870233893e+01 2.9998567622933310e+00 6.0851883565951780e+01
1.8795154649552408e+11 6.1437934356019911e-05 5.4152688630663195e+09 6.1381479164128797e+05 5.0572736159134331e+09 1.0739857414586656e+09 1.7360516400754308e+30 4.9179840014837445e+01 2.9998567168831971e+00 6.0832509482417834e+01
1.8879891992158566e+11 6.1416105653267598e-05 5.4127036139468603e+09 6.1374208465059940e+05 5.0548779562735443e+09 1.0734769730199482e+09 1.7592625638061623e+30 4.9385700911872526e+01 2.9998566712538408e+00 6.0812973477351626e+01
1.8965011370314090e+11 6.1394092021722858e-05 5.4101169402803135e+09 6.1366874424947426e+05 5.0524622884698191e+09 1.0729639554314855e+09 1.7827804463749171e+30 4.9592285269198953e+01 2.9998566254041381e+00 6.0793274267679607e+01
1.9050514506413809e+11 6.1371892003504649e-05 5.4075086786559620e+09 6.1359476512687141e+05 5.0500264598946409e+09 1.0724466562839711e+09 1.8066092721285480e+30 4.9799593766781470e+01 2.9998565793329588e+00 6.0773410561206305e+01
1.9136403130617923e+11 6.1349504131167325e-05 5.4048786646920195e+09 6.1352014193087257e+05 5.0475703170335350e+09 1.0719250429754571e+09 1.8307530754633997e+30 5.0007627056206914e+01 2.9998565330391660e+00 6.0753381056560194e+01
1.9222678980886990e+11 6.1326926927672993e-05 5.4022267330351086e+09 6.1344486926844995e+05 5.0450937054646645e+09 1.0713990827113372e+09 1.8552159414170510e+30 5.0216385760195422e+01 2.9998564865216162e+00 6.0733184443149675e+01
1.9309343803017111e+11 6.1304158906364759e-05 5.3995527173596172e+09 6.1336894170520524e+05 5.0425964698582325e+09 1.0708687425041565e+09 1.8800020062662392e+30 5.0425870472105800e+01 2.9998564397791601e+00 6.0712819401111751e+01
1.9396399350675259e+11 6.1281198570940993e-05 5.3968564503674107e+09 6.1329235376513260e+05 5.0400784539762087e+09 1.0703339891736119e+09 1.9051154581310082e+30 5.0636081755435058e+01 2.9998563928106416e+00 6.0692284601265989e+01
1.9483847385434750e+11 6.1258044415429697e-05 5.3941377637873688e+09 6.1321509993035439e+05 5.0375395006719074e+09 1.0697947893463886e+09 1.9305605375851112e+30 5.0847020143311717e+01 2.9998563456148974e+00 6.0671578705062622e+01
1.9571689676810895e+11 6.1234694924164400e-05 5.3913964883754234e+09 6.1313717464088928e+05 5.0349794518900080e+09 1.0692511094562474e+09 1.9563415382727360e+30 5.1058686137983265e+01 2.9998562981907591e+00 6.0650700364538473e+01
1.9659928002296811e+11 6.1211148571759869e-05 5.3886324539143505e+09 6.1305857229439006e+05 5.0323981486663742e+09 1.0687029157439286e+09 1.9824628075315842e+30 5.1271080210297420e+01 2.9998562505370496e+00 6.0629648222265601e+01
1.9748564147399384e+11 6.1187403823089695e-05 5.3858454892139425e+09 6.1297928724589734e+05 5.0297954311282139e+09 1.0681501742571899e+09 2.0089287470223517e+30 5.1484202799177240e+01 2.9998562026525870e+00 6.0608420911303178e+01
1.9837599905675400e+11 6.1163459133263334e-05 5.3830354221112156e+09 6.1289931380759412e+05 5.0271711384942560e+09 1.0675928508508801e+09 2.0357438133646590e+30 5.1698054311089976e+01 2.9998561545361815e+00 6.0587017055151371e+01
1.9927037078767834e+11 6.1139312947605139e-05 5.3802020794707174e+09 6.1281864624854829e+05 5.0245251090750656e+09 1.0670309111869534e+09 2.0629125187794693e+30 5.1912635119509730e+01 2.9998561061866367e+00 6.0565435267700181e+01
2.0016877476442316e+11 6.1114963701633493e-05 5.3773452871851196e+09 6.1273727879447443e+05 5.0218571802735710e+09 1.0664643207346473e+09 2.0904394317380527e+30 5.2127945564373718e+01 2.9998560576027500e+00 6.0543674153185457e+01
2.0107122916623740e+11 6.1090409821041347e-05 5.3744648701757784e+09 6.1265520562747424e+05 5.0191671885856018e+09 1.0658930447705373e+09 2.1183291776175205e+30 5.2343985951532105e+01 2.9998560087833108e+00 6.0521732306137210e+01
2.0197775225433057e+11 6.1065649721676985e-05 5.3715606523935146e+09 6.1257242088578991e+05 5.0164549696006117e+09 1.0653170483787121e+09 2.1465864393629938e+30 5.2560756552191542e+01 2.9998559597271028e+00 6.0499608311333589e+01
2.0288836237224225e+11 6.1040681809526343e-05 5.3686324568195972e+09 6.1248891866355902e+05 5.0137203580026035e+09 1.0647362964509848e+09 2.1752159581564382e+30 5.2778257602352113e+01 2.9998559104329021e+00 6.0477300743753631e+01
2.0380307794621323e+11 6.1015504480695653e-05 5.3656801054667549e+09 6.1240469301055977e+05 5.0109631875710659e+09 1.0641507536870692e+09 2.2042225340922100e+30 5.2996489302237592e+01 2.9998558608994776e+00 6.0454808168528473e+01
2.0472191748555850e+11 6.0990116121395496e-05 5.3627034193804560e+09 6.1231973793196608e+05 5.0081832911821737e+09 1.0635603845948499e+09 2.2336110268593658e+30 5.3215451815719348e+01 2.9998558111255913e+00 6.0432129140895007e+01
2.0564489958304163e+11 6.0964515107925574e-05 5.3597022186402445e+09 6.1223404738809448e+05 5.0053805008100348e+09 1.0629651534906278e+09 2.2633863564307602e+30 5.3435145269733439e+01 2.9998557611099987e+00 6.0409262206147282e+01
2.0657204291525104e+11 6.0938699806660406e-05 5.3566763223613415e+09 6.1214761529416172e+05 5.0025546475281849e+09 1.0623650244994677e+09 2.2935535037589951e+30 5.3655569753690919e+01 2.9998557108514476e+00 6.0386205899591189e+01
2.0750336624297800e+11 6.0912668574036373e-05 5.3536255486963530e+09 6.1206043552003498e+05 4.9997055615111780e+09 1.0617599615555261e+09 2.3241175114792521e+30 5.3876725318881483e+01 2.9998556603486781e+00 6.0362958746496936e+01
2.0843888841159610e+11 6.0886419756539605e-05 5.3505497148370991e+09 6.1197250188997900e+05 4.9968330720363045e+09 1.0611499284023867e+09 2.3550834846190429e+30 5.4098611977870263e+01 2.9998556096004241e+00 6.0339519262050679e+01
2.0937862835144284e+11 6.0859951690694493e-05 5.3474486370166569e+09 6.1188380818241229e+05 4.9939370074854946e+09 1.0605348885934907e+09 2.3864565913149439e+30 5.4321229703887553e+01 2.9998555586054119e+00 6.0315885951309191e+01
2.1032260507820236e+11 6.0833262703054133e-05 5.3443221305116758e+09 6.1179434812966594e+05 4.9910171953474712e+09 1.0599148054926163e+09 2.4182420635363177e+30 5.4544578430211814e+01 2.9998555073623594e+00 6.0292057309154799e+01
2.1127083769329053e+11 6.0806351110191452e-05 5.3411700096446609e+09 6.1170411541772657e+05 4.9880734622199011e+09 1.0592896422742783e+09 2.4504451978161062e+30 5.4768658049545550e+01 2.9998554558699788e+00 6.0268031820246051e+01
2.1222334538424121e+11 6.0779215218691015e-05 5.3379920877866039e+09 6.1161310368599975e+05 4.9851056338118362e+09 1.0586593619243039e+09 2.4830713559886970e+30 5.4993468413384058e+01 2.9998554041269738e+00 6.0243807958974394e+01
2.1318014742509476e+11 6.0751853325142828e-05 5.3347881773597336e+09 6.1152130652706046e+05 4.9821135349462852e+09 1.0580239272403479e+09 2.5161259659349303e+30 5.5219009331377187e+01 2.9998553521320410e+00 6.0219384189417433e+01
2.1414126317678781e+11 6.0724263716137134e-05 5.3315580898404360e+09 6.1142871748640505e+05 4.9790969895629530e+09 1.0573833008324540e+09 2.5496145223342637e+30 5.5445280570683821e+01 2.9998552998838690e+00 6.0194758965291605e+01
2.1510671208754520e+11 6.0696444668259540e-05 5.3283016357624607e+09 6.1133533006221964e+05 4.9760558207212086e+09 1.0567374451237602e+09 2.5835425874241543e+30 5.5672281855319106e+01 2.9998552473811393e+00 6.0169930729911222e+01
2.1607651369327344e+11 6.0668394448088873e-05 5.3250186247201452e+09 6.1124113770512096e+05 4.9729898506031284e+09 1.0560863223510488e+09 2.6179157917666812e+30 5.5900012865494425e+01 2.9998551946225254e+00 6.0144897916138248e+01
2.1705068761795605e+11 6.0640111312195066e-05 5.3217088653720627e+09 6.1114613381792954e+05 4.9698989005168800e+09 1.0554298945655524e+09 2.6527398350224511e+30 5.6128473236950050e+01 2.9998551416066936e+00 6.0119658946341666e+01
2.1802925357405063e+11 6.0611593507138915e-05 5.3183721654446287e+09 6.1105031175541412e+05 4.9667827909000969e+09 1.0547681236335957e+09 2.6880204867318219e+30 5.6357662560280254e+01 2.9998550883323021e+00 6.0094212232349726e+01
2.1901223136288779e+11 6.0582839269473150e-05 5.3150083317361240e+09 6.1095366482406110e+05 4.9636413413236437e+09 1.0541009712374452e+09 2.7237635871034881e+30 5.6587580380251119e+01 2.9998550347980011e+00 6.0068556175407743e+01
2.1999964087507175e+11 6.0553846825744402e-05 5.3116171701208382e+09 6.1085618628183589e+05 4.9604743704954596e+09 1.0534283988761363e+09 2.7599750478104488e+30 5.6818226195110611e+01 2.9998549810024335e+00 6.0042689166134885e+01
2.2099150209088284e+11 6.0524614392497563e-05 5.3081984855533571e+09 6.1075786933793407e+05 4.9572816962646008e+09 1.0527503678662666e+09 2.7966608527934072e+30 5.7049599455891311e+01 2.9998549269442338e+00 6.0016609584477237e+01
2.2198783508068192e+11 6.0495140176280464e-05 5.3047520820732136e+09 6.1065870715255477e+05 4.9540631356255560e+09 1.0520668393429775e+09 2.8338270590716359e+30 5.7281699565705296e+01 2.9998548726220289e+00 5.9990315799667542e+01
2.2298866000531638e+11 6.0465422373650477e-05 5.3012777628095970e+09 6.1055869283665507e+05 4.9508185047226486e+09 1.0513777742608415e+09 2.8714797975613214e+30 5.7514525879031417e+01 2.9998548180344375e+00 5.9963806170180092e+01
2.2399399711652811e+11 6.0435459171182732e-05 5.2977753299864759e+09 6.1045781945172581e+05 4.9475476188548336e+09 1.0506831333949313e+09 2.9096252739014512e+30 5.7748077700994820e+01 2.9998547631800703e+00 5.9937079043690410e+01
2.2500386675736331e+11 6.0405248745479884e-05 5.2942445849277782e+09 6.1035608000954730e+05 4.9442502924805164e+09 1.0499828773417902e+09 2.9482697692872449e+30 5.7982354286638675e+01 2.9998547080575295e+00 5.9910132757030610e+01
2.2601828936258426e+11 6.0374789263182637e-05 5.2906853280628958e+09 6.1025346747196582e+05 4.9409263392227039e+09 1.0492769665205802e+09 2.9874196413111881e+30 5.8217354840187937e+01 2.9998546526654102e+00 5.9882965636149798e+01
2.2703728545908252e+11 6.0344078880983211e-05 5.2870973589323511e+09 6.1014997475065035e+05 4.9375755718743086e+09 1.0485653611741322e+09 3.0270813248116716e+30 5.8453078514305275e+01 2.9998545970022983e+00 5.9855575996069064e+01
2.2806087566629459e+11 6.0313115745638785e-05 5.2834804761938696e+09 6.1004559470688109e+05 4.9341978024037857e+09 1.0478480213702539e+09 3.0672613327292914e+30 5.8689524409339050e+01 2.9998545410667719e+00 5.9827962140845607e+01
2.2908908069661902e+11 6.0281897993988401e-05 5.2798344776284637e+09 6.0994032015130227e+05 4.9307928419608555e+09 1.0471249070028276e+09 3.1079662569708197e+30 5.8926691572563122e+01 2.9998544848574000e+00 5.9800122363526313e+01
2.3012192135583551e+11 6.0250423752969767e-05 5.2761591601469393e+09 6.0983414384370623e+05 4.9273605008825493e+09 1.0463959777931648e+09 3.1492027692808777e+30 5.9164578997408718e+01 2.9998544283727440e+00 5.9772054946111268e+01
2.3115941854352591e+11 6.0218691139639028e-05 5.2724543197966547e+09 6.0972705849281140e+05 4.9239005886995363e+09 1.0456611932913550e+09 3.1909776221213432e+30 5.9403185622688014e+01 2.9998543716113568e+00 5.9743758159513504e+01
2.3220159325349719e+11 6.0186698261191539e-05 5.2687197517683859e+09 6.0961905675602984e+05 4.9204129141425257e+09 1.0449205128775837e+09 3.2332976495585120e+30 5.9642510331809660e+01 2.9998543145717829e+00 5.9715230263518535e+01
2.3324846657420627e+11 6.0154443214985092e-05 5.2649552504036198e+09 6.0951013123925054e+05 4.9168972851490898e+09 1.0441738957635980e+09 3.2761697681580438e+30 5.9882551951985981e+01 2.9998542572525571e+00 5.9686469506745432e+01
2.3430005968918658e+11 6.0121924088564196e-05 5.2611606092020512e+09 6.0940027449662192e+05 4.9133535088706503e+09 1.0434213009942057e+09 3.3196009778876980e+30 6.0123309253431735e+01 2.9998541996522072e+00 5.9657474126609678e+01
2.3535639387747690e+11 6.0089138959686755e-05 5.2573356208293152e+09 6.0928947903033067e+05 4.9097813916797171e+09 1.0426626874487923e+09 3.3635983630279097e+30 6.0364780948554852e+01 2.9998541417692510e+00 5.9628242349283795e+01
2.3641749051405185e+11 6.0056085896352303e-05 5.2534800771250887e+09 6.0917773729039193e+05 4.9061807391774397e+09 1.0418980138429528e+09 3.4081690930902058e+30 6.0606965691138349e+01 2.9998540836021985e+00 5.9598772389662173e+01
2.3748337107025436e+11 6.0022762956832520e-05 5.2495937691113386e+09 6.0906504167442676e+05 4.9025513562013121e+09 1.0411272387300810e+09 3.4533204237434801e+30 6.0849862075514068e+01 2.9998540251495505e+00 5.9569062451321201e+01
2.3855405711423032e+11 5.9989168189703400e-05 5.2456764870010023e+09 6.0895138452745974e+05 4.8988930468332911e+09 1.0403503205031364e+09 3.4990596977481627e+30 6.1093468635727831e+01 2.9998539664097983e+00 5.9539110726485312e+01
2.3962957031136484e+11 5.9955299633879107e-05 5.2417280202068529e+09 6.0883675814170833e+05 4.8952056144080553e+09 1.0395672173963962e+09 3.5453943458982862e+30 6.1337783844695899e+01 2.9998539073814259e+00 5.9508915395991487e+01
2.4070993242472070e+11 5.9921155318649080e-05 5.2377481573506985e+09 6.0872115475637093e+05 4.8914888615216169e+09 1.0387778874872429e+09 3.5923318879714609e+30 6.1582806113352980e+01 2.9998538480629064e+00 5.9478474629251657e+01
2.4179516531547876e+11 5.9886733263715469e-05 5.2337366862728806e+09 6.0860456655743136e+05 4.8877425900401783e+09 1.0379822886981041e+09 3.6398799336867948e+30 6.1828533789791436e+01 2.9998537884527052e+00 5.9447786584221433e+01
2.4288529094338034e+11 5.9852031479234220e-05 5.2296933940420485e+09 6.0848698567744833e+05 4.8839666011092701e+09 1.0371803787983346e+09 3.6880461836707528e+30 6.2074965158391869e+01 2.9998537285492786e+00 5.9416849407363451e+01
2.4398033136717148e+11 5.9817047965857387e-05 5.2256180669653015e+09 6.0836840419536363e+05 4.8801606951632137e+09 1.0363721154062682e+09 3.7368384304309584e+30 6.2322098438944792e+01 2.9998536683510726e+00 5.9385661233615792e+01
2.4508030874504935e+11 5.9781780714777741e-05 5.2215104905986023e+09 6.0824881413630559e+05 4.8763246719348431e+09 1.0355574559912831e+09 3.7862645593379832e+30 6.2569931785763650e+01 2.9998536078565246e+00 5.9354220186360166e+01
2.4618524533511072e+11 5.9746227707776490e-05 5.2173704497574997e+09 6.0812820747138979e+05 4.8724583304655371e+09 1.0347363578758894e+09 3.8363325496150969e+30 6.2818463286788877e+01 2.9998535470640633e+00 5.9322524377387182e+01
2.4729516349580215e+11 5.9710386917271438e-05 5.2131977285282011e+09 6.0800657611753745e+05 4.8685614691155386e+09 1.0339087782379854e+09 3.8870504753359988e+30 6.3067690962682974e+01 2.9998534859721073e+00 5.9290571906868919e+01
2.4841008568637262e+11 5.9674256306369715e-05 5.2089921102789392e+09 6.0788391193727707e+05 4.8646338855745945e+09 1.0330746741130403e+09 3.9384265064305410e+30 6.3317612765916763e+01 2.9998534245790660e+00 5.9258360863324427e+01
2.4953003446732785e+11 5.9637833828920764e-05 5.2047533776717339e+09 6.0776020673857001e+05 4.8606753768729038e+09 1.0322340023964891e+09 3.9904689096984432e+30 6.3568226579846581e+01 2.9998533628833393e+00 5.9225889323593883e+01
2.5065503250088690e+11 5.9601117429573316e-05 5.2004813126744318e+09 6.0763545227462403e+05 4.8566857393924026e+09 1.0313867198460876e+09 4.0431860498309928e+30 6.3819530217782315e+01 2.9998533008833173e+00 5.9193155352806876e+01
2.5178510255144064e+11 5.9564105043833855e-05 5.1961756965731411e+09 6.0750964024371840e+05 4.8526647688783436e+09 1.0305327830843940e+09 4.0965863904407421e+30 6.4071521422046544e+01 2.9998532385773804e+00 5.9160157004356293e+01
2.5292026748601257e+11 5.9526794598127502e-05 5.1918363099849310e+09 6.0738276228902768e+05 4.8486122604511681e+09 1.0296721486012869e+09 4.1506784950992062e+30 6.4324197863024310e+01 2.9998531759639007e+00 5.9126892319870251e+01
2.5406055027472131e+11 5.9489184009862671e-05 5.1874629328709822e+09 6.0725480999844801e+05 4.8445280086188011e+09 1.0288047727565460e+09 4.2054710283825300e+30 6.4577557138203886e+01 2.9998531130412385e+00 5.9093359329184025e+01
2.5520597399124554e+11 5.9451271187496413e-05 5.1830553445500641e+09 6.0712577490443690e+05 4.8404118072892084e+09 1.0279306117825727e+09 4.2609727569251556e+30 6.4831596771208226e+01 2.9998530498077454e+00 5.9059556050317596e+01
2.5635656181329092e+11 5.9413054030603974e-05 5.1786133237123146e+09 6.0699564848384075e+05 4.8362634497832909e+09 1.0270496217870731e+09 4.3171925504814625e+30 6.5086314210817235e+01 2.9998529862617631e+00 5.9025480489447780e+01
2.5751233702305899e+11 5.9374530429949879e-05 5.1741366484334860e+09 6.0686442215774301e+05 4.8320827288481770e+09 1.0261617587559289e+09 4.3741393829953671e+30 6.5341706829980538e+01 2.9998529224016233e+00 5.8991130640886610e+01
2.5867332300771832e+11 5.9335698267562702e-05 5.1696250961895170e+09 6.0673208729130332e+05 4.8278694366708336e+09 1.0252669785560548e+09 4.4318223336778884e+30 6.5597771924821231e+01 2.9998528582256467e+00 5.8956504487057195e+01
2.5983954325987787e+11 5.9296555416811619e-05 5.1650784438714657e+09 6.0659863519360684e+05 4.8236233648920078e+09 1.0243652369383730e+09 4.4902505880926592e+30 6.5854506713629902e+01 2.9998527937321455e+00 5.8921599998472018e+01
2.6101102137806213e+11 5.9257099742486323e-05 5.1604964678008833e+09 6.0646405711752013e+05 4.8193443046205912e+09 1.0234564895408798e+09 4.5494334392493479e+30 6.6111908335849520e+01 2.9998527289194210e+00 5.8886415133712958e+01
2.6218778106718887e+11 5.9217329100880017e-05 5.1558789437454815e+09 6.0632834425953706e+05 4.8150320464482517e+09 1.0225406918916939e+09 4.6093802887050181e+30 6.6369973851050659e+01 2.9998526637857634e+00 5.8850947839407866e+01
2.6336984613904865e+11 5.9177241339874218e-05 5.1512256469353619e+09 6.0619148775965581e+05 4.8106863804645748e+09 1.0216177994123628e+09 4.6701006476733569e+30 6.6628700237897462e+01 2.9998525983294542e+00 5.8815196050216969e+01
2.6455724051278674e+11 5.9136834299027749e-05 5.1465363520794115e+09 6.0605347870122734e+05 4.8063070962724047e+09 1.0206877674210262e+09 4.7316041381417910e+30 6.6888084393103881e+01 2.9998525325487631e+00 5.8779157688809093e+01
2.6574998821538708e+11 5.9096105809668012e-05 5.1418108333824062e+09 6.0591430811084248e+05 4.8018939830037756e+09 1.0197505511358894e+09 4.7939004939964346e+30 6.7148123130380512e+01 2.9998524664419501e+00 5.8742830665850150e+01
2.6694811338215851e+11 5.9055053694985161e-05 5.1370488645621901e+09 6.0577396695819311e+05 4.7974468293360014e+09 1.0188061056785706e+09 4.8569995621548727e+30 6.7408813179371748e+01 2.9998524000072648e+00 5.8706212879983312e+01
2.6815164025722311e+11 5.9013675770128982e-05 5.1322502188673906e+09 6.0563244615595066e+05 4.7929654235081854e+09 1.0178543860776172e+09 4.9209113037057404e+30 6.7670151184582593e+01 2.9998523332429454e+00 5.8669302217814227e+01
2.6936059319400677e+11 5.8971969842298988e-05 5.1274146690944939e+09 6.0548973655962688e+05 4.7884495533371773e+09 1.0168953472719491e+09 4.9856457950477454e+30 6.7932133704288063e+01 2.9998522661472196e+00 5.8632096553893227e+01
2.7057499665573209e+11 5.8929933710864991e-05 5.1225419876082916e+09 6.0534582896750933e+05 4.7838990062366714e+09 1.0159289441148589e+09 5.0512132290587221e+30 6.8194757209453826e+01 2.9998521987183051e+00 5.8594593750710246e+01
2.7179487521591318e+11 5.8887565167470786e-05 5.1176319463605661e+09 6.0520071412054682e+05 4.7793135692346582e+09 1.0149551313777239e+09 5.1176239162574984e+30 6.8458018082633046e+01 2.9998521309544084e+00 5.8556791658682862e+01
2.7302025355885312e+11 5.8844861996141656e-05 5.1126843169092751e+09 6.0505438270224258e+05 4.7746930289913340e+09 1.0139738637538195e+09 5.1848882859731372e+30 6.8721912616853430e+01 2.9998520628537242e+00 5.8518688116145142e+01
2.7425115648014343e+11 5.8801821973397491e-05 5.1076988704384871e+09 6.0490682533856458e+05 4.7700371718177214e+09 1.0129850958623009e+09 5.2530168875236973e+30 6.8986437014496317e+01 2.9998519944144380e+00 5.8480280949340091e+01
2.7548760888716559e+11 5.8758442868370430e-05 5.1026753777787790e+09 6.0475803259785264e+05 4.7653457836947098e+09 1.0119887822522136e+09 5.3220203914025164e+30 6.9251587386166022e+01 2.9998519256347218e+00 5.8441567972410688e+01
2.7672963579959534e+11 5.8714722442924820e-05 5.0976136094280014e+09 6.0460799499073206e+05 4.7606186502924690e+09 1.0109848774065983e+09 5.3919095904720311e+30 6.9517359749549513e+01 2.9998518565127390e+00 5.8402546987392974e+01
2.7797726234990875e+11 5.8670658451781000e-05 5.0925133355726480e+09 6.0445670297004562e+05 4.7558555569903908e+09 1.0099733357467710e+09 5.4626954011650007e+30 6.9783750028266141e+01 2.9998517870466395e+00 5.8363215784212876e+01
2.7923051378389081e+11 5.8626248642642456e-05 5.0873743261096249e+09 6.0430414693078352e+05 4.7510562888974113e+09 1.0089541116366401e+09 5.5343888646931374e+30 7.0050754050707837e+01 2.9998517172345642e+00 5.8323572140683801e+01
2.8048941546114636e+11 5.8581490756327151e-05 5.0821963506683941e+09 6.0415031721000816e+05 4.7462206308727160e+09 1.0079271593870411e+09 5.6070011482630654e+30 7.0318367548869404e+01 2.9998516470746401e+00 5.8283613822500698e+01
2.8175399285561316e+11 5.8536382526901651e-05 5.0769791786338186e+09 6.0399520408681082e+05 4.7413483675470390e+09 1.0068924332603369e+09 5.6805435462995472e+30 7.0586586157168867e+01 2.9998515765649847e+00 5.8243338583244096e+01
2.8302427155607751e+11 5.8490921681819662e-05 5.0717225791692619e+09 6.0383879778225068e+05 4.7364392833442802e+09 1.0058498874749498e+09 5.7550274816759143e+30 7.0855405411258303e+01 2.9998515057037034e+00 5.8202744164377314e+01
2.8430027726669171e+11 5.8445105942063458e-05 5.0664263212403336e+09 6.0368108845931781e+05 4.7314931625036325e+09 1.0047994762101085e+09 5.8304645069516170e+30 7.1124820746824611e+01 2.9998514344888894e+00 5.8161828295252214e+01
2.8558203580749451e+11 5.8398933022290205e-05 5.0610901736390352e+09 6.0352206622288888e+05 4.7265097891021700e+09 1.0037411536105959e+09 5.9068663056168716e+30 7.1394827498380792e+01 2.9998513629186241e+00 5.8120588693109895e+01
2.8686957311493347e+11 5.8352400630981060e-05 5.0557139050085144e+09 6.0336172111970768e+05 4.7214889470779438e+09 1.0026748737917161e+09 5.9842446933442742e+30 7.1665420898046932e+01 2.9998512909909785e+00 5.8079023063089778e+01
2.8816291524238977e+11 5.8305506470594791e-05 5.0502972838681526e+09 6.0320004313834920e+05 4.7164304202534189e+09 1.0016005908442022e+09 6.0626116192473267e+30 7.1936596074321997e+01 2.9998512187040105e+00 5.8037129098233571e+01
2.8946208836070544e+11 5.8258248237725328e-05 5.0448400786393738e+09 6.0303702220921544e+05 4.7113339923595781e+09 1.0005182588393897e+09 6.1419791671458068e+30 7.2208348050845359e+01 2.9998511460557657e+00 5.7994904479496441e+01
2.9076711875871277e+11 5.8210623623262744e-05 5.0393420576717577e+09 6.0287264820451871e+05 4.7061994470603056e+09 9.9942783183435667e+08 6.2223595568378577e+30 7.2480671745148570e+01 2.9998510730442787e+00 5.7952346875755637e+01
2.9207803284376660e+11 5.8162630312559149e-05 5.0338029892699022e+09 6.0270691093829134e+05 4.7010265679774723e+09 9.9832926387729299e+08 6.3037651453787744e+30 7.2753561967397900e+01 2.9998509996675713e+00 5.7909453943825234e+01
2.9339485714227826e+11 5.8114265985598218e-05 5.0282226417205992e+09 6.0253980016638315e+05 4.6958151387163200e+09 9.9722250901283920e+08 6.3862084283662992e+30 7.3027013419126334e+01 2.9998509259236532e+00 5.7866223328467171e+01
2.9471761830025269e+11 5.8065528317168483e-05 5.0226007833207092e+09 6.0237130558648892e+05 4.6905649428914833e+09 9.9610752128767693e+08 6.4697020412324434e+30 7.3301020691956424e+01 2.9998508518105216e+00 5.7822652662410590e+01
2.9604634308382733e+11 5.8016414977042009e-05 5.0169371824054565e+09 6.0220141683816211e+05 4.6852757641534309e+09 9.9498425475608087e+08 6.5542587605416137e+30 7.3575578266313130e+01 2.9998507773261620e+00 5.7778739566365978e+01
2.9738105837981415e+11 5.7966923630156157e-05 5.0112316073773365e+09 6.0203012350285240e+05 4.6799473862154446e+09 9.9385266348567820e+08 6.6398915052950689e+30 7.3850680510127191e+01 2.9998507024685463e+00 5.7734481649046444e+01
2.9872179119624310e+11 5.7917051936800334e-05 5.0054838267355862e+09 6.0185741510395007e+05 4.6745795928811512e+09 9.9271270156330776e+08 6.7266133382414488e+30 7.4126321677528566e+01 2.9998506272356344e+00 5.7689876507189808e+01
3.0006856866290918e+11 5.7866797552806944e-05 4.9996936091061459e+09 6.0168328110683267e+05 4.6691721680724993e+09 9.9156432310094321e+08 6.8144374671934214e+30 7.4402495907530522e+01 2.9998505516253737e+00 5.7644921725581014e+01
3.0142141803192108e+11 5.7816158129746761e-05 4.9938607232722168e+09 6.0150771091892524e+05 4.6637248958582973e+09 9.9040748224175894e+08 6.9033772463502037e+30 7.4679197222703920e+01 2.9998504756356983e+00 5.7599614877077769e+01
3.0278036667825287e+11 5.7765131315129296e-05 4.9879849382054090e+09 6.0133069388976810e+05 4.6582375604833107e+09 9.8924213316629660e+08 6.9934461776259133e+30 7.4956419527841973e+01 2.9998503992645293e+00 5.7553953522637315e+01
3.0414544210029755e+11 5.7713714752606644e-05 4.9820660230974369e+09 6.0115221931110020e+05 4.6527099463978424e+09 9.8806823009878469e+08 7.0846579119835665e+30 7.5234156608615635e+01 2.9998503225097766e+00 5.7507935211348070e+01
3.0551667192042401e+11 5.7661906082183318e-05 4.9761037473923607e+09 6.0097227641693852e+05 4.6471418382878675e+09 9.8688572731348395e+08 7.1770262507746789e+30 7.5512402130219328e+01 2.9998502453693341e+00 5.7461557480458232e+01
3.0689408388553546e+11 5.7609702940429447e-05 4.9700978808195009e+09 6.0079085438368656e+05 4.6415330211057434e+09 9.8569457914127350e+08 7.2705651470842098e+30 7.5791149636007333e+01 2.9998501678410845e+00 5.7414817855413332e+01
3.0827770586763135e+11 5.7557102960699799e-05 4.9640481934267988e+09 6.0060794233023073e+05 4.6358832801013947e+09 9.8449473997620869e+08 7.3652887070808602e+30 7.6070392546120985e+01 2.9998500899228970e+00 5.7367713849888212e+01
3.0966756586437085e+11 5.7504103773357004e-05 4.9579544556149378e+09 6.0042352931806771e+05 4.6301924008541613e+09 9.8328616428233135e+08 7.4612111913724204e+30 7.6350124156105991e+01 2.9998500116126277e+00 5.7320242965828349e+01
3.1106369199963995e+11 5.7450703005999613e-05 4.9518164381719294e+09 6.0023760435142950e+05 4.6244601693050909e+09 9.8206880660051537e+08 7.5583470163661931e+30 7.6630337635521343e+01 2.9998499329081176e+00 5.7272402693489859e+01
3.1246611252412006e+11 5.7396898283695519e-05 4.9456339123083382e+09 6.0005015637741983e+05 4.6186863717898598e+09 9.8084262155543494e+08 7.6567107556341679e+30 7.6911026026538281e+01 2.9998498538071963e+00 5.7224190511480742e+01
3.1387485581585992e+11 5.7342687229219584e-05 4.9394066496931543e+09 5.9986117428617133e+05 4.6128707950722485e+09 9.7960756386271846e+08 7.7563171412829303e+30 7.7192182242530606e+01 2.9998497743076786e+00 5.7175603886808986e+01
3.1528995038084991e+11 5.7288067463297350e-05 4.9331344224902592e+09 5.9967064691100270e+05 4.6070132263782101e+09 9.7836358833615017e+08 7.8571810653280636e+30 7.7473799066655673e+01 2.9998496944073652e+00 5.7126640274928391e+01
3.1671142485359851e+11 5.7233036604852808e-05 4.9268170033954706e+09 5.9947856302859285e+05 4.6011134534304600e+09 9.7711064989503074e+08 7.9593175810728778e+30 7.7755869150426705e+01 2.9998496141040438e+00 5.7077297119790011e+01
3.1813930799771210e+11 5.7177592271261689e-05 4.9204541656741924e+09 5.9928491135916160e+05 4.5951712644836512e+09 9.7584870357162797e+08 8.0627419044913654e+30 7.8038385012275924e+01 2.9998495333954880e+00 5.7027571853893484e+01
3.1957362870647681e+11 5.7121732078610512e-05 4.9140456831998663e+09 5.9908968056667456e+05 4.5891864483602552e+09 9.7457770451883245e+08 8.1674694156151114e+30 7.8321339036109237e+01 2.9998494522794568e+00 5.6977461898344657e+01
3.2101441600344318e+11 5.7065453641959992e-05 4.9075913304927740e+09 5.9889285925904126e+05 4.5831587944868374e+09 9.7329760801781499e+08 8.2735156599240382e+30 7.8604723469851820e+01 2.9998493707536955e+00 5.6926964662911239e+01
3.2246169904301355e+11 5.7008754575613900e-05 4.9010908827597122e+09 5.9869443598834495e+05 4.5770880929310665e+09 9.7200836948593664e+08 8.3808963497407912e+30 7.8888530423985515e+01 2.9998492888159345e+00 5.6876077546086258e+01
3.2391550711103192e+11 5.6951632493394272e-05 4.8945441159342251e+09 5.9849439925107313e+05 4.5709741344393234e+09 9.7070994448470724e+08 8.4896273656285468e+30 7.9172751870077533e+01 2.9998492064638911e+00 5.6824797935150215e+01
3.2537586962537646e+11 5.6894085008920680e-05 4.8879508067173948e+09 5.9829273748835921e+05 4.5648167104747744e+09 9.6940228872786188e+08 8.5997247577920599e+30 7.9457379639300697e+01 2.9998491236952667e+00 5.6773123206236612e+01
3.2684281613655499e+11 5.6836109735896161e-05 4.8813107326194458e+09 5.9808943908624770e+05 4.5586156132562351e+09 9.6808535808963335e+08 8.7112047474817813e+30 7.9742405420945644e+01 2.9998490405077489e+00 5.6721050724402694e+01
3.2831637632830286e+11 5.6777704288397339e-05 4.8746236720018616e+09 5.9788449237596709e+05 4.5523706357974892e+09 9.6675910861311698e+08 8.8240837284007802e+30 8.0027820760924783e+01 2.9998489568990103e+00 5.6668577843702217e+01
3.2979658001818347e+11 5.6718866281172184e-05 4.8678894041202240e+09 5.9767788563420903e+05 4.5460815719473181e+09 9.6542349651871848e+08 8.9383782681142806e+30 8.0313617060268186e+01 2.9998488728667088e+00 5.6615701907257474e+01
3.3128345715819171e+11 5.6659593329940925e-05 4.8611077091677027e+09 5.9746960708343796e+05 4.5397482164300900e+09 9.6407847821284091e+08 9.0541051094616098e+30 8.0599785573611655e+01 2.9998487884084875e+00 5.6562420247341691e+01
3.3277703783536029e+11 5.6599883051705114e-05 4.8542783683192158e+09 5.9725964489219827e+05 4.5333703648870192e+09 9.6272401029659379e+08 9.1712811719703478e+30 8.0886317407677140e+01 2.9998487035219741e+00 5.6508730185456884e+01
3.3427735227236810e+11 5.6539733065060188e-05 4.8474011637761850e+09 5.9704798717544507e+05 4.5269478139179525e+09 9.6136004957469821e+08 9.2899235532723590e+30 8.1173203519745471e+01 2.9998486182047812e+00 5.6454629032420357e+01
3.3578443082815204e+11 5.6479140990516096e-05 4.8404758788120985e+09 5.9683462199488701e+05 4.5204803611239309e+09 9.5998655306450260e+08 9.4100495305215909e+30 8.1460434716121455e+01 2.9998485324545068e+00 5.6400114088450913e+01
3.3729830399852130e+11 5.6418104450821840e-05 4.8335022978186455e+09 5.9661953735934827e+05 4.5139678051502590e+09 9.5860347800516498e+08 9.5316765618133227e+30 8.1748001650592343e+01 2.9998484462687327e+00 5.6345182643261822e+01
3.3881900241677454e+11 5.6356621071297005e-05 4.8264802063524857e+09 5.9640272122513293e+05 4.5074099457301922e+09 9.5721078186688316e+08 9.6548222876046455e+30 8.2035894822878319e+01 2.9998483596450254e+00 5.6289831976152662e+01
3.4034655685431946e+11 5.6294688480169211e-05 4.8194093911828585e+09 5.9618416149642342e+05 4.5008065837293997e+09 9.5580842236038077e+08 9.7795045321358817e+30 8.2324104577076838e+01 2.9998482725809361e+00 5.6234059356109185e+01
3.4188099822129578e+11 5.6232304308917501e-05 4.8122896403397579e+09 5.9596384602568112e+05 4.4941575211909456e+09 9.5439635744644153e+08 9.9057413048527703e+30 8.2612621100099688e+01 2.9998481850739998e+00 5.6177862041903637e+01
3.4342235756720056e+11 5.6169466192621233e-05 4.8051207431627331e+09 5.9574176261406369e+05 4.4874625613808727e+09 9.5297454534558272e+08 1.0033550801829057e+31 8.2901434420103698e+01 2.9998480971217356e+00 5.6121237282198884e+01
3.4497066608151648e+11 5.6106171770316525e-05 4.7979024903505831e+09 5.9551789901186735e+05 4.4807215088346100e+09 9.5154294454792178e+08 1.0162951407189284e+31 8.3190534404915155e+01 2.9998480087216479e+00 5.6064182315657888e+01
3.4652595509434302e+11 5.6042418685357065e-05 4.7906346740115309e+09 5.9529224291897984e+05 4.4739341694038172e+09 9.5010151382313979e+08 1.0293961694531481e+31 8.3479910760447922e+01 2.9998479198712236e+00 5.6006694371055680e+01
3.4808825607703033e+11 5.5978204585783080e-05 4.7833170877141590e+09 5.9506478198534134e+05 4.4671003503039837e+09 9.4865021223052669e+08 1.0426600428349471e+31 8.3769553029115613e+01 2.9998478305679330e+00 5.5948770667392402e+01
3.4965760064281616e+11 5.5913527124694613e-05 4.7759495265391655e+09 5.9483550381145161e+05 4.4602198601627159e+09 9.4718899912934780e+08 1.0560886565454537e+31 8.4059450588238164e+01 2.9998477408092321e+00 5.5890408414018744e+01
3.5123402054746552e+11 5.5848383960633271e-05 4.7685317871315794e+09 5.9460439594885428e+05 4.4532925090685482e+09 9.4571783418909192e+08 1.0696839256396101e+31 8.4349592648442865e+01 2.9998476505925584e+00 5.5831604810752957e+01
3.5281754768991327e+11 5.5782772757968525e-05 4.7610636677538462e+09 5.9437144590067072e+05 4.4463181086204958e+09 9.4423667740005839e+08 1.0834477846881164e+31 8.4639968252059987e+01 2.9998475599153340e+00 5.5772357048011365e+01
3.5440821411290955e+11 5.5716691187291246e-05 4.7535449683396206e+09 5.9413664112214604e+05 4.4392964719782724e+09 9.4274548908404636e+08 1.0973821879192190e+31 8.4930566271513712e+01 2.9998474687749641e+00 5.5712662306942114e+01
3.5600605200366809e+11 5.5650136925814244e-05 4.7459754905480938e+09 5.9389996902119485e+05 4.4322274139130735e+09 9.4124422990506232e+08 1.1114891093603093e+31 8.5221375407707910e+01 2.9998473771688361e+00 5.5652517759555259e+01
3.5761109369451788e+11 5.5583107657778233e-05 4.7383550378192043e+09 5.9366141695899051e+05 4.4251107508590984e+09 9.3973286088032436e+08 1.1257705429793095e+31 8.5512384188407935e+01 2.9998472850943219e+00 5.5591920568866989e+01
3.5922337166355695e+11 5.5515601074865417e-05 4.7306834154294729e+09 5.9342097225055913e+05 4.4179463009657030e+09 9.3821134339131379e+08 1.1402285028257988e+31 8.5803580966617687e+01 2.9998471925487751e+00 5.5530867889041751e+01
3.6084291853530981e+11 5.5447614876618682e-05 4.7229604305485010e+09 5.9317862216539751e+05 4.4107338841501703e+09 9.3667963919499457e+08 1.1548650231718650e+31 8.6094953918953124e+01 2.9998470995295330e+00 5.5469356865541357e+01
3.6246976708138770e+11 5.5379146770868618e-05 4.7151858922962503e+09 5.9293435392810847e+05 4.4034733221511984e+09 9.3513771043515790e+08 1.1696821586526319e+31 8.6386491044012104e+01 2.9998470060339146e+00 5.5407384635277118e+01
3.6410395022115137e+11 5.5310194474166226e-05 4.7073596118009691e+09 5.9268815471905936e+05 4.3961644385829954e+09 9.3358551965392375e+08 1.1846819844064383e+31 8.6678180160740666e+01 2.9998469120592222e+00 5.5344948326767806e+01
3.6574550102237769e+11 5.5240755712223003e-05 4.6994814022578192e+09 5.9244001167505677e+05 4.3888070589900341e+09 9.3202302980335701e+08 1.1998665962146343e+31 8.6970008906796650e+01 2.9998468176027400e+00 5.5282045060300661e+01
3.6739445270192841e+11 5.5170828220354077e-05 4.6915510789878311e+09 5.9218991189003270e+05 4.3814010109021130e+09 9.3045020425716138e+08 1.2152381106397578e+31 8.7261964736904503e+01 2.9998467226617347e+00 5.5218671948094382e+01
3.6905083862642230e+11 5.5100409743924077e-05 4.6835684594971476e+09 5.9193784241574304e+05 4.3739461238896627e+09 9.2886700682246053e+08 1.2307986651618159e+31 8.7554034921201165e+01 2.9998466272334547e+00 5.5154826094464674e+01
3.7071469231291071e+11 5.5029498038825985e-05 4.6755333635397530e+09 5.9168379026256362e+05 4.3664422296223574e+09 9.2727340175219417e+08 1.2465504183225208e+31 8.7846206543621548e+01 2.9998465313151308e+00 5.5090504596015435e+01
3.7238604742955530e+11 5.4958090871941114e-05 4.6674456131781063e+09 5.9142774240022805e+05 4.3588891619257231e+09 9.2566935375714886e+08 1.2624955498607930e+31 8.8138466500241492e+01 2.9998464349039753e+00 5.5025704541813482e+01
3.7406493779630963e+11 5.4886186021612152e-05 4.6593050328452177e+09 5.9116968575861747e+05 4.3512867568391132e+09 9.2405482801831448e+08 1.2786362608497024e+31 8.8430801497629645e+01 2.9998463379971825e+00 5.4960423013575209e+01
3.7575139738560339e+11 5.4813781278124408e-05 4.6511114494073935e+09 5.9090960722855618e+05 4.3436348526743021e+09 9.2242979019927430e+08 1.2949747738330524e+31 8.8723198051199674e+01 2.9998462405919279e+00 5.4894657085855265e+01
3.7744546032302991e+11 5.4740874444193990e-05 4.6428646922278109e+09 5.9064749366265023e+05 4.3359332900748596e+09 9.2079420645885742e+08 1.3115133329613041e+31 8.9015642483562218e+01 2.9998461426853682e+00 5.4828403826244418e+01
3.7914716088803662e+11 5.4667463335462544e-05 4.6345645932306108e+09 5.9038333187613054e+05 4.3281819120760069e+09 9.1914804346381092e+08 1.3282542041268007e+31 8.9308120922876427e+01 2.9998460442746424e+00 5.4761660295569115e+01
3.8085653351461871e+11 5.4593545780999914e-05 4.6262109869658966e+09 5.9011710864773951e+05 4.3203805641653185e+09 9.1749126840173292e+08 1.3451996750982496e+31 8.9600619301202073e+01 2.9998459453568689e+00 5.4694423548100431e+01
3.8257361279201593e+11 5.4519119623812969e-05 4.6178037106751642e+09 5.8984881072062021e+05 4.3125290943438311e+09 9.1582384899400628e+08 1.3623520556544236e+31 8.9893123352852399e+01 2.9998458459291486e+00 5.4626690631763744e+01
3.8429843346541248e+11 5.4444182721362132e-05 4.6093426043576517e+09 5.8957842480325117e+05 4.3046273531879845e+09 9.1414575350900102e+08 1.3797136777170356e+31 9.0185618612748058e+01 2.9998457459885621e+00 5.4558458588359464e+01
3.8603103043664001e+11 5.4368732946085035e-05 4.6008275108371506e+09 5.8930593757038540e+05 4.2966751939120579e+09 9.1245695077528167e+08 1.3972868954827424e+31 9.0478090414772964e+01 2.9998456455321718e+00 5.4489724453783033e+01
3.8777143876488422e+11 5.4292768185926573e-05 4.5922582758296251e+09 5.8903133566403179e+05 4.2886724724312739e+09 9.1075741019505525e+08 1.4150740855542397e+31 9.0770523890132068e+01 2.9998455445570191e+00 5.4420485258257131e+01
3.8951969366739362e+11 5.4216286344877352e-05 4.5836347480114794e+09 5.8875460569445370e+05 4.2806190474255795e+09 9.0904710175770068e+08 1.4330776470703914e+31 9.1062903965711968e+01 2.9998454430601273e+00 5.4350738026565530e+01
3.9127583052019287e+11 5.4139285343518289e-05 4.5749567790883684e+09 5.8847573424118687e+05 4.2725147804039068e+09 9.0732599605338776e+08 1.4513000018353671e+31 9.1355215362444511e+01 2.9998453410384989e+00 5.4280479778292715e+01
3.9303988485879810e+11 5.4061763119572731e-05 4.5662242238648434e+09 5.8819470785410237e+05 4.2643595357691960e+09 9.0559406428694212e+08 1.4697435944467205e+31 9.1647442593674256e+01 2.9998452384891161e+00 5.4209707528073928e+01
3.9481189237893616e+11 5.3983717628465985e-05 4.5574369403144846e+09 5.8791151305447589e+05 4.2561531808839140e+09 9.0385127829171479e+08 1.4884108924223789e+31 9.1939569963530147e+01 2.9998451354089419e+00 5.4138418285845745e+01
3.9659188893726703e+11 5.3905146843891979e-05 4.5485947896507673e+09 5.8762613633609517e+05 4.2478955861362200e+09 9.0209761054364634e+08 1.5073043863264892e+31 9.2231581565301596e+01 2.9998450317949192e+00 5.4066609057106668e+01
3.9837991055210919e+11 5.3826048758386789e-05 4.5396976363985004e+09 5.8733856416639127e+05 4.2395866250066891e+09 9.0033303417543602e+08 1.5264265898940711e+31 9.2523461279820623e+01 2.9998449276439692e+00 5.3994276843182490e+01
4.0017599340416852e+11 5.3746421383909886e-05 4.5307453484660006e+09 5.8704878298760601e+05 4.2312261741357069e+09 8.9855752299088550e+08 1.5457800401544366e+31 9.2815192773849191e+01 2.9998448229529933e+00 5.3921418641500559e+01
4.0198017383727051e+11 5.3666262752432372e-05 4.5217377972176771e+09 5.8675677921796497e+05 4.2228141133912678e+09 8.9677105147922873e+08 1.5653672975533201e+31 9.3106759498473508e+01 2.9998447177188723e+00 5.3848031445864827e+01
4.0379248835909558e+11 5.3585570916532653e-05 4.5126748575474997e+09 5.8646253925290960e+05 4.2143503259375768e+09 8.9497359482976878e+08 1.5851909460736711e+31 9.3398144687505379e+01 2.9998446119384652e+00 5.3774112246745361e+01
4.0561297364191785e+11 5.3504343949998794e-05 4.5035564079528122e+09 5.8616604946633312e+05 4.2058346983039856e+09 8.9316512894648039e+08 1.6052535933550631e+31 9.3689331355891497e+01 2.9998445056086114e+00 5.3699658031568738e+01
4.0744166652334705e+11 5.3422579948438744e-05 4.4943823306089334e+09 5.8586729621186201e+05 4.1972671204546580e+09 8.9134563046282899e+08 1.6255578708116617e+31 9.3980302298130795e+01 2.9998443987261272e+00 5.3624665785018799e+01
4.0927860400707428e+11 5.3340277029897565e-05 4.4851525114441938e+09 5.8556626582415309e+05 4.1886474858586540e+09 8.8951507675661957e+08 1.6461064337487119e+31 9.4271040086701532e+01 2.9998442912878089e+00 5.3549132489341332e+01
4.1112382326362048e+11 5.3257433335481635e-05 4.4758668402156706e+09 5.8526294462023722e+05 4.1799756915606508e+09 8.8767344596505904e+08 1.6669019614774768e+31 9.4561527070497675e+01 2.9998441832904303e+00 5.3473055124659901e+01
4.1297736163108862e+11 5.3174047029990270e-05 4.4665252105853777e+09 5.8495731890087808e+05 4.1712516382521000e+09 8.8582071699983585e+08 1.6879471574285916e+31 9.4851745373276088e+01 2.9998440747307442e+00 5.3396430669295356e+01
4.1483925661591943e+11 5.3090116302554482e-05 4.4571275201970863e+09 5.8464937495197193e+05 4.1624752303429623e+09 8.8395686956237006e+08 1.7092447492637715e+31 9.5141676892115100e+01 2.9998439656054807e+00 5.3319256100095018e+01
4.1670954589365009e+11 5.3005639367282918e-05 4.4476736707536287e+09 5.8433909904597350e+05 4.1536463760339165e+09 8.8208188415913844e+08 1.7307974889858212e+31 9.5431303295884931e+01 2.9998438559113483e+00 5.3241528392767997e+01
4.1858826730967676e+11 5.2920614463914756e-05 4.4381635680947866e+09 5.8402647744335816e+05 4.1447649873890762e+09 8.8019574211712992e+08 1.7526081530468952e+31 9.5720606023731023e+01 2.9998437456450322e+00 5.3163244522229895e+01
4.2047545888002026e+11 5.2835039858479844e-05 4.4285971222756214e+09 5.8371149639411108e+05 4.1358309804091644e+09 8.7829842559937441e+08 1.7746795424549525e+31 9.6009566283571033e+01 2.9998436348031969e+00 5.3084401462953203e+01
4.2237115879209558e+11 5.2748913843966147e-05 4.4189742476453800e+09 5.8339414213925111e+05 4.1268442751051865e+09 8.7638991762058043e+08 1.7970144828783569e+31 9.6298165050606315e+01 2.9998435233824829e+00 5.3004996189327116e+01
4.2427540540548419e+11 5.2662234740993399e-05 4.4092948629268761e+09 5.8307440091239754e+05 4.1178047955725670e+09 8.7447020206293118e+08 1.8196158247485545e+31 9.6586383065848509e+01 2.9998434113795076e+00 5.2925025676026721e+01
4.2618823725271069e+11 5.2575000898494851e-05 4.3995588912962332e+09 5.8275225894134399e+05 4.1087124700656290e+09 8.7253926369181442e+08 1.8424864433607950e+31 9.6874200834662631e+01 2.9998432987908665e+00 5.2844486898385114e+01
4.2810969304002222e+11 5.2487210694405195e-05 4.3897662604633036e+09 5.8242770244970149e+05 4.0995672310726857e+09 8.7059708817185628e+08 1.8656292389728178e+31 9.7161598625326860e+01 2.9998431856131309e+00 5.2763376832781617e+01
4.3003981164817181e+11 5.2398862536355540e-05 4.3799169027522993e+09 5.8210071765854536e+05 4.0903690153913474e+09 8.6864366208285928e+08 1.8890471369014671e+31 9.7448556467610629e+01 2.9998430718428488e+00 5.2681692457031424e+01
4.3197863213320496e+11 5.2309954862375682e-05 4.3700107551830406e+09 5.8177129078811593e+05 4.0811177642043958e+09 8.6667897293594015e+08 1.9127430876171630e+31 9.7735054151371415e+01 2.9998429574765457e+00 5.2599430750788684e+01
4.3392619372725031e+11 5.2220486141602429e-05 4.3600477595524540e+09 5.8143940805954277e+05 4.0718134231558938e+09 8.6470300918967879e+08 1.9367200668361932e+31 9.8021071225171511e+01 2.9998428425107218e+00 5.2516588695955022e+01
4.3588253583931311e+11 5.2130454874995523e-05 4.3500278625166187e+09 5.8110505569661502e+05 4.0624559424278159e+09 8.6271576026640797e+08 1.9609810756107429e+31 9.8306586994915733e+01 2.9998427269418544e+00 5.2433163277099901e+01
4.3784769805607288e+11 5.2039859596059258e-05 4.3399510156730194e+09 5.8076821992757521e+05 4.0530452768168511e+09 8.6071721656850374e+08 1.9855291404166272e+31 9.8591580522510895e+01 2.9998426107663958e+00 5.2349151481887482e+01
4.3982172014268439e+11 5.1948698871571770e-05 4.3298171756433706e+09 5.8042888698696718e+05 4.0435813858117537e+09 8.5870736949485087e+08 2.0103673132386633e+31 9.8876030624548378e+01 2.9998424939807742e+00 5.2264550301515939e+01
4.4180464204358228e+11 5.1856971302320129e-05 4.3196263041565437e+09 5.8008704311749898e+05 4.0340642336707959e+09 8.5668621145724535e+08 2.0354986716536183e+31 9.9159915871010568e+01 2.9998423765813933e+00 5.2179356731161704e+01
4.4379650388328943e+11 5.1764675523842208e-05 4.3093783681319504e+09 5.7974267457195674e+05 4.0244937894996362e+09 8.5465373589694238e+08 2.0609263189106871e+31 9.9443214584002646e+01 2.9998422585646325e+00 5.2093567770436110e+01
4.4579734596722882e+11 5.1671810207175100e-05 4.2990733397632751e+09 5.7939576761516090e+05 4.0148700273295121e+09 8.5260993730128908e+08 2.0866533840094330e+31 9.9725904836510395e+01 2.9998421399268458e+00 5.2007180423853114e+01
4.4780720878253912e+11 5.1578374059608984e-05 4.2887111966023164e+09 5.7904630852594855e+05 4.0051929261955352e+09 8.5055481122034335e+08 2.1126830217751433e+31 1.0000796445118550e+02 2.9998420206643615e+00 5.1920191701304255e+01
4.4982613299889386e+11 5.1484365825448632e-05 4.2782919216432090e+09 5.7869428359919600e+05 3.9954624702153587e+09 8.4848835428355110e+08 2.1390184129315306e+31 1.0028937099915967e+02 2.9998419007734825e+00 5.1832598618543244e+01
4.5185415946932452e+11 5.1389784286779976e-05 4.2678155034068460e+09 5.7833967914788704e+05 3.9856786486680102e+09 8.4641056421651137e+08 2.1656627641707408e+31 1.0057010179888826e+02 2.9998417802504878e+00 5.1744398197682891e+01
4.5389132923104724e+11 5.1294628264242762e-05 4.2572819360255046e+09 5.7798248150521796e+05 3.9758414560729165e+09 8.4432143985776556e+08 2.1926193082205911e+31 1.0085013391502515e+02 2.9998416590916284e+00 5.1655587467702077e+01
4.5593768350629291e+11 5.1198896617809614e-05 4.2466912193276515e+09 5.7762267702673888e+05 3.9659508922691164e+09 8.4222098117560494e+08 2.2198913039089954e+31 1.0112944415733007e+02 2.9998415372931309e+00 5.1566163464961853e+01
4.5799326370314172e+11 5.1102588247570825e-05 4.2360433589229450e+09 5.7726025209253910e+05 3.9560069624946342e+09 8.4010918928493118e+08 2.2474820362255160e+31 1.0140800907960950e+02 2.9998414148511947e+00 5.1476123233732736e+01
4.6005811141636078e+11 5.1005702094524321e-05 4.2253383662873240e+09 5.7689519310947228e+05 3.9460096774659452e+09 8.3798606646414077e+08 2.2753948163799817e+31 1.0168580497869253e+02 2.9998412917619923e+00 5.1385463826734323e+01
4.6213226842824567e+11 5.0908237141371645e-05 4.2145762588482289e+09 5.7652748651342094e+05 3.9359590534575558e+09 8.3585161617201900e+08 2.3036329818581210e+31 1.0196280789344344e+02 2.9998411680216717e+00 5.1294182305684274e+01
4.6421577670946631e+11 5.0810192413319710e-05 4.2037570600699072e+09 5.7615711877160147e+05 3.9258551123816915e+09 8.3370584306464863e+08 2.3321998964741615e+31 1.0223899360381188e+02 2.9998410436263514e+00 5.1202275741857896e+01
4.6630867841991595e+11 5.0711566978886932e-05 4.1928807995387816e+09 5.7578407638491760e+05 3.9156978818679929e+09 8.3154875301236510e+08 2.3610989504203207e+31 1.0251433762992244e+02 2.9998409185721240e+00 5.1109741216662400e+01
4.6841101590956439e+11 5.0612359950715456e-05 4.1819475130488200e+09 5.7540834589034691e+05 3.9054873953432646e+09 8.2938035311666596e+08 2.3903335603131528e+31 1.0278881523120499e+02 2.9998407928550552e+00 5.1016575822218933e+01
4.7052283171931470e+11 5.0512570486387887e-05 4.1709572426869426e+09 5.7502991386337834e+05 3.8952236921112204e+09 8.2720065172716820e+08 2.4199071692366877e+31 1.0306240140556750e+02 2.9998406664711825e+00 5.0922776661959439e+01
4.7264416858186450e+11 5.0412197789249196e-05 4.1599100369183569e+09 5.7464876692048553e+05 3.8849068174321833e+09 8.2500965845851862e+08 2.4498232467823186e+31 1.0333507088861256e+02 2.9998405394165157e+00 5.0828340851233513e+01
4.7477506942257013e+11 5.0311241109233172e-05 4.1488059506718259e+09 5.7426489172164514e+05 3.8745368226027246e+09 8.2280738420730031e+08 2.4800852890853599e+31 1.0360679815289960e+02 2.9998404116870359e+00 5.0733265517927506e+01
4.7691557736031573e+11 5.0209699743693652e-05 4.1376450454249525e+09 5.7387827497290866e+05 3.8641137650352926e+09 8.2059384116897857e+08 2.5106968188582688e+31 1.0387755740725407e+02 2.9998402832786977e+00 5.0637547803098769e+01
4.7906573570838538e+11 5.0107573038238754e-05 4.1264273892890077e+09 5.7348890342899342e+05 3.8536377083374500e+09 8.1836904285467815e+08 2.5416613854176882e+31 1.0414732259611776e+02 2.9998401541874253e+00 5.0541184861613402e+01
4.8122558797533972e+11 5.0004860387565736e-05 4.1151530570933881e+09 5.7309676389592444e+05 3.8431087223907328e+09 8.1613300410796678e+08 2.5729825647015893e+31 1.0441606739893145e+02 2.9998400244091155e+00 5.0444173862793917e+01
4.8339517786589630e+11 4.9901561236312133e-05 4.1038221304711409e+09 5.7270184323375951e+05 3.8325268834305348e+09 8.1388574112182140e+08 2.6046639593106252e+31 1.0468376522965035e+02 2.9998398939396349e+00 5.0346511991115406e+01
4.8557454928181396e+11 4.9797675079902784e-05 4.0924346979433303e+09 5.7230412835932081e+05 3.8218922741248889e+09 8.1162727145532656e+08 2.6367091985196413e+31 1.0495038923623675e+02 2.9998397627748226e+00 5.0248196446876698e+01
4.8776374632278137e+11 4.9693201465400318e-05 4.0809908550032430e+09 5.7190360624898598e+05 3.8112049836531091e+09 8.0935761405040312e+08 2.6691219382915999e+31 1.0521591230022665e+02 2.9998396309104858e+00 5.0149224446897080e+01
4.8996281328730890e+11 4.9588139992359746e-05 4.0694907042003083e+09 5.7150026394152199e+05 3.8004651077841568e+09 8.0707678924845910e+08 2.7019058612891853e+31 1.0548030703635825e+02 2.9998394983424044e+00 5.0049593225226339e+01
4.9217179467362555e+11 4.9482490313686575e-05 4.0579343552236738e+09 5.7109408854095847e+05 3.7896727489546943e+09 8.0478481880693793e+08 2.7350646768826584e+31 1.0574354579226042e+02 2.9998393650663271e+00 4.9949300033868333e+01
4.9439073518057898e+11 4.9376252136497881e-05 4.0463219249854231e+09 5.7068506721951393e+05 3.7788280163468127e+09 8.0248172591582847e+08 2.7686021211538933e+31 1.0600560064820290e+02 2.9998392310779720e+00 4.9848342143518622e+01
4.9661967970854034e+11 4.9269425222985795e-05 4.0346535377033978e+09 5.7027318722056993e+05 3.7679310259653649e+09 8.0016753521410286e+08 2.8025219568965646e+31 1.0626644341691002e+02 2.9998390963730279e+00 4.9746716844318051e+01
4.9885867336031250e+11 4.9162009391283874e-05 4.0229293249835763e+09 5.6985843586169230e+05 3.7569819007148895e+09 7.9784227280606246e+08 2.8368279736124252e+31 1.0652604564344092e+02 2.9998389609471521e+00 4.9644421446620605e+01
5.0110776144204279e+11 4.9054004516336173e-05 4.0111494259019051e+09 5.6944080053769029e+05 3.7459807704760594e+09 7.9550596627753615e+08 2.8715239875036360e+31 1.0678437860513731e+02 2.9998388247959711e+00 4.9541453281772377e+01
5.0336698946414001e+11 4.8945410530767875e-05 3.9993139870856886e+09 5.6902026872373722e+05 3.7349277721816726e+09 7.9315864471205223e+08 2.9066138414611075e+31 1.0704141331164173e+02 2.9998386879150796e+00 4.9437809702910023e+01
5.0563640314219501e+11 4.8836227425757607e-05 3.9874231627943034e+09 5.6859682797852810e+05 3.7238230498920255e+09 7.9080033870683360e+08 2.9421014050487950e+31 1.0729712050498821e+02 2.9998385503000415e+00 4.9333488085772338e+01
5.0791604839790594e+11 4.8726455251912632e-05 3.9754771149994187e+09 5.6817046594748949e+05 3.7126667548698530e+09 7.8843108038869786e+08 2.9779905744839248e+31 1.0755147065976790e+02 2.9998384119463890e+00 4.9228485829526079e+01
5.1020597136000751e+11 4.8616094120143289e-05 3.9634760134644299e+09 5.6774117036603927e+05 3.7014590456544857e+09 7.8605090342983305e+08 3.0142852726130960e+31 1.0780443398337161e+02 2.9998382728496216e+00 4.9122800357610458e+01
5.1250621836520416e+11 4.8505144202540598e-05 3.9514200358233304e+09 5.6730892906289315e+05 3.6902000881355214e+09 7.8365984306342709e+08 3.0509894488842275e+31 1.0805598041631194e+02 2.9998381330052064e+00 4.9016429118594807e+01
5.1481683595910797e+11 4.8393605733253123e-05 3.9393093676587019e+09 5.6687372996341786e+05 3.6788900556256571e+09 7.8125793609913552e+08 3.0881070793143132e+31 1.0830607963262769e+02 2.9998379924085792e+00 4.8909369587053313e+01
5.1713787089718042e+11 4.8281479009364990e-05 3.9271442025789833e+09 5.6643556109303399e+05 3.6675291289328513e+09 7.7884522093839788e+08 3.1256421664529472e+31 1.0855470104037254e+02 2.9998378510551409e+00 4.8801619264456249e+01
5.1946937014567828e+11 4.8168764391773901e-05 3.9149247422949352e+09 5.6599441058067512e+05 3.6561174964317265e+09 7.7642173758962810e+08 3.1635987393415857e+31 1.0880181378219092e+02 2.9998377089402606e+00 4.8693175680078518e+01
5.2181138088260449e+11 4.8055462306069213e-05 3.9026511966951485e+09 5.6555026666228473e+05 3.6446553541340952e+09 7.7398752768316388e+08 3.2019808534685241e+31 1.0904738673598381e+02 2.9998375660592735e+00 4.8584036391923718e+01
5.2416395049866217e+11 4.7941573243408986e-05 3.8903237839206190e+09 5.6510311768436804e+05 3.6331429057585983e+09 7.7154263448606431e+08 3.2407925907195398e+31 1.0929138851566674e+02 2.9998374224074817e+00 4.8474198987665794e+01
5.2652712659821399e+11 4.7827097761396798e-05 3.8779427304384065e+09 5.6465295210759644e+05 3.6215803627994967e+09 7.6908710291672814e+08 3.2800380593241991e+31 1.0953378747202323e+02 2.9998372779801517e+00 4.8363661085609657e+01
5.2890095700024536e+11 4.7712036484957477e-05 3.8655082711142106e+09 5.6419975851045502e+05 3.6099679445944538e+09 7.6662097955927193e+08 3.3197213937977839e+31 1.0977455169365646e+02 2.9998371327725177e+00 4.8252420335666883e+01
5.3128548973933203e+11 4.7596390107210644e-05 3.8530206492838688e+09 5.6374352559294598e+05 3.5983058783912935e+09 7.6414431267772758e+08 3.3598467548788245e+31 1.1001364900804134e+02 2.9998369867797772e+00 4.8140474420352447e+01
5.3368077306661206e+11 4.7480159390343480e-05 3.8404801168237276e+09 5.6328424218033487e+05 3.5865943994137354e+09 7.6165715222997856e+08 3.4004183294622165e+31 1.1025104698268132e+02 2.9998368399970947e+00 4.8027821055796359e+01
5.3608685545076215e+11 4.7363345166480420e-05 3.8278869342198091e+09 5.6282189722695085e+05 3.5748337509259825e+09 7.5915954988148236e+08 3.4414403305279058e+31 1.1048671292637140e+02 2.9998366924195983e+00 4.7914457992776292e+01
5.3850378557897852e+11 4.7245948338550489e-05 3.8152413706357818e+09 5.6235647982004052e+05 3.5630241842961926e+09 7.5665155901876962e+08 3.4829169970651254e+31 1.1072061389057185e+02 2.9998365440423802e+00 4.7800383017769732e+01
5.4093161235796204e+11 4.7127969881152128e-05 3.8025437039795923e+09 5.6188797918366292e+05 3.5511659590587130e+09 7.5413323476263940e+08 3.5248525939921724e+31 1.1095271667089477e+02 2.9998363948604982e+00 4.7685593954022416e+01
5.4337038491490765e+11 4.7009410841414400e-05 3.7897942209687881e+09 5.6141638468263997e+05 3.5392593429750819e+09 7.5160463398111951e+08 3.5672514120717122e+31 1.1118298780870728e+02 2.9998362448689724e+00 4.7570088662638298e+01
5.4582015259849902e+11 4.6890272339854234e-05 3.7769932171943617e+09 5.6094168582655024e+05 3.5273046120936561e+09 7.4906581530211437e+08 3.6101177678216195e+31 1.1141139359285457e+02 2.9998360940627880e+00 4.7453865043687834e+01
5.4828096497990637e+11 4.6770555571229708e-05 3.7641409971832657e+09 5.6046387227378692e+05 3.5153020508079858e+09 7.4651683912584209e+08 3.6534560034213203e+31 1.1163790006150612e+02 2.9998359424368917e+00 4.7336921037339849e+01
5.5075287185379016e+11 4.6650261805389158e-05 3.7512378744592838e+09 5.5998293383564381e+05 3.5032519519136653e+09 7.4395776763685822e+08 3.6972704866136772e+31 1.1186247300412876e+02 2.9998357899861943e+00 4.7219254625007935e+01
5.5323592323930835e+11 4.6529392388114711e-05 3.7382841716024137e+09 5.5949886048046872e+05 3.4911546166637926e+09 7.4138866481586349e+08 3.7415656106023809e+31 1.1208507796358960e+02 2.9998356367055687e+00 4.7100863830522862e+01
5.5573016938112878e+11 4.6407948741960480e-05 3.7252802203065705e+09 5.5901164233785751e+05 3.4790103548228555e+09 7.3880959645114422e+08 3.7863457939448850e+31 1.1230568023839328e+02 2.9998354825898499e+00 4.6981746721323489e+01
5.5823566075044556e+11 4.6285932367085551e-05 3.7122263614356480e+09 5.5852126970289717e+05 3.4668194847190881e+09 7.3622063014967895e+08 3.8316154804408713e+31 1.1252424488505663e+02 2.9998353276338356e+00 4.6861901409668810e+01
5.6075244804600049e+11 4.6163344842079728e-05 3.6991229450777640e+09 5.5802773304045689e+05 3.4545823332951326e+09 7.3362183534789586e+08 3.8773791390162731e+31 1.1274073672062462e+02 2.9998351718322844e+00 4.6741326053872243e+01
5.6328058219510938e+11 4.6040187824782887e-05 3.6859703305978041e+09 5.5753102298953733e+05 3.4422992361570969e+09 7.3101328332212305e+08 3.9236412636028786e+31 1.1295512032533181e+02 2.9998350151799156e+00 4.6620018859559814e+01
5.6582011435469189e+11 4.5916463053097411e-05 3.6727688866879473e+09 5.5703113036764623e+05 3.4299705376217628e+09 7.2839504719855547e+08 3.9704063730135050e+31 1.1316736004541291e+02 2.9998348576714107e+00 4.6497978080945309e+01
5.6837109591230676e+11 4.5792172345792231e-05 3.6595189914164114e+09 5.5652804617524543e+05 3.4175965907620912e+09 7.2576720196296442e+08 4.0176790108128011e+31 1.1337741999606664e+02 2.9998346993014104e+00 4.6375202022134246e+01
5.7093357848719238e+11 4.5667317603298846e-05 3.6462210322741456e+09 5.5602176160023548e+05 3.4051777574508262e+09 7.2312982446996093e+08 4.0654637451837080e+31 1.1358526406457733e+02 2.9998345400645170e+00 4.6251689038448568e+01
5.7350761393131055e+11 4.5541900808498950e-05 3.6328754062193899e+09 5.5551226802247390e+05 3.3927144084021292e+09 7.2048299345178390e+08 4.1137651687895691e+31 1.1379085591359788e+02 2.9998343799552916e+00 4.6127437537771023e+01
5.7609325433039575e+11 4.5415924027502190e-05 3.6194825197202821e+09 5.5499955701836571e+05 3.3802069232113471e+09 7.1782678952680492e+08 4.1625878986319734e+31 1.1399415898459904e+02 2.9998342189682545e+00 4.6002445981920118e+01
5.7869055200500977e+11 4.5289389410414511e-05 3.6060427887951422e+09 5.5448362036547740e+05 3.3676556903926482e+09 7.1516129520748377e+08 4.2119365759043575e+31 1.1419513650148906e+02 2.9998340570978863e+00 4.5876712888043535e+01
5.8129955951159937e+11 4.5162299192095929e-05 3.5925566390505929e+09 5.5396445004720916e+05 3.3550611074146118e+09 7.1248659490794754e+08 4.2618158658413843e+31 1.1439375147440845e+02 2.9998338943386260e+00 4.5750236830039348e+01
5.8392032964356079e+11 4.5034655692907735e-05 3.5790245057173243e+09 5.5344203825750202e+05 3.3424235807336378e+09 7.0980277495106161e+08 4.3122304575642100e+31 1.1458996670370442e+02 2.9998337306848706e+00 4.5623016439999482e+01
5.8655291543230750e+11 4.4906461319447622e-05 3.5654468336834912e+09 5.5291637740559643e+05 3.3297435258251357e+09 7.0710992357507026e+08 4.3631850639216273e+31 1.1478374478408978e+02 2.9998335661309747e+00 4.5495050409680502e+01
5.8919737014834314e+11 4.4777718565273833e-05 3.5518240775257330e+09 5.5238746012083022e+05 3.3170213672124896e+09 7.0440813093973327e+08 4.4146844213271758e+31 1.1497504810899082e+02 2.9998334006712515e+00 4.5366337491998678e+01
5.9185374730233997e+11 4.4648430011615288e-05 3.5381567015375910e+09 5.5185527925748192e+05 3.3042575384935966e+09 7.0169748913198209e+08 4.4667332895923049e+31 1.1516383887508991e+02 2.9998332342999716e+00 4.5236876502552583e+01
5.9452210064622107e+11 4.4518598328069995e-05 3.5244451797554488e+09 5.5131982789965253e+05 3.2914524823650990e+09 6.9897809217104912e+08 4.5193364517556008e+31 1.1535007908706699e+02 2.9998330670113615e+00 4.5106666321170216e+01
5.9720248417424878e+11 4.4388226273288520e-05 3.5106899959817290e+09 5.5078109936618479e+05 3.2786066506440420e+09 6.9625003601306021e+08 4.5724987139082197e+31 1.1553373056254557e+02 2.9998328987996046e+00 4.4975705893483386e+01
5.9989495212411621e+11 4.4257316695643959e-05 3.4968916438055258e+09 5.5023908721563313e+05 3.2657205042871451e+09 6.9351341855514491e+08 4.6262249050155343e+31 1.1571475493724860e+02 2.9998327296588410e+00 4.4843994232530548e+01
6.0259955897804578e+11 4.4125872533886114e-05 3.4830506266202955e+09 5.4969378525125585e+05 3.2527945134073248e+09 6.9076833963891494e+08 4.6805198767351490e+31 1.1589311367036936e+02 2.9998325595831661e+00 4.4711530420384797e+01
6.0531635946389111e+11 4.3993896817780415e-05 3.4691674576388822e+09 5.4914518752606562e+05 3.2398291572877212e+09 6.8801490105348372e+08 4.7353885032313191e+31 1.1606876805016306e+02 2.9998323885666300e+00 4.4578313609813733e+01
6.0804540855624463e+11 4.3861392668730958e-05 3.4552426599055371e+09 5.4859328834789852e+05 3.2268249243929305e+09 6.8525320653781974e+08 4.7908356809852745e+31 1.1624167919976362e+02 2.9998322166032390e+00 4.4444343025963022e+01
6.1078676147754980e+11 4.3728363300404597e-05 3.4412767663069067e+09 5.4803808228460047e+05 3.2137823123792667e+09 6.8248336178291893e+08 4.8468663285704403e+31 1.1641180808317591e+02 2.9998320436869523e+00 4.4309617968049025e+01
6.1354047369921863e+11 4.3594812019299664e-05 3.4272703195760922e+09 5.4747956416910281e+05 3.2007018280985436e+09 6.7970547443264830e+08 4.9034853865053235e+31 1.1657911551165230e+02 2.9998318698116853e+00 4.4174137811139602e+01
6.1630660094275439e+11 4.3460742225311479e-05 3.4132238722950144e+09 5.4691772910456848e+05 3.1875839876002932e+09 6.7691965408416581e+08 4.9606978170523820e+31 1.1674356215021955e+02 2.9998316949713049e+00 4.4037902007922682e+01
6.1908519918087891e+11 4.3326157412292800e-05 3.3991379868952055e+09 5.4635257246964914e+05 3.1744293161325035e+09 6.7412601228810823e+08 5.0185086039950037e+31 1.1690510852442286e+02 2.9998315191596330e+00 4.3900910090497725e+01
6.2187632463866492e+11 4.3191061168585951e-05 3.3850132356543303e+09 5.4578408992371964e+05 3.1612383481383734e+09 6.7132466254787052e+08 5.0769227524330125e+31 1.1706371502736549e+02 2.9998313423704430e+00 4.3763161672209385e+01
6.2468003379467444e+11 4.3055457177533996e-05 3.3708502006894693e+09 5.4521227741215844e+05 3.1480116272500296e+09 6.6851572031831729e+08 5.1359452885752919e+31 1.1721934192701131e+02 2.9998311645974614e+00 4.3624656449516493e+01
6.2749638338210107e+11 4.2919349217971672e-05 3.3566494739469190e+09 5.4463713117163233e+05 3.1347497062790151e+09 6.6569930300371242e+08 5.1955812595296253e+31 1.1737194937375591e+02 2.9998309858343672e+00 4.3485394203886798e+01
6.3032543038991809e+11 4.2782741164694198e-05 3.3424116571886921e+09 5.4405864773543039e+05 3.1214531472036653e+09 6.6287552995508456e+08 5.2558357330899381e+31 1.1752149740827424e+02 2.9998308060747898e+00 4.3345374803729868e+01
6.3316723206403186e+11 4.2645636988903955e-05 3.3281373619752975e+09 5.4347682393879024e+05 3.1081225211530485e+09 6.6004452246674418e+08 5.3167137975210696e+31 1.1766794596965056e+02 2.9998306253123106e+00 4.3204598206354866e+01
6.3602184590843994e+11 4.2508040758633495e-05 3.3138272096452222e+09 5.4289165692429035e+05 3.0947584083877864e+09 6.5720640377230966e+08 5.3782205613412285e+31 1.1781125490379843e+02 2.9998304435404615e+00 4.3063064459971429e+01
6.3888932968639478e+11 4.2369956639145552e-05 3.2994818312904682e+09 5.4230314414720843e+05 3.0813613982772193e+09 6.5436129903974771e+08 5.4403611531022929e+31 1.1795138397217745e+02 2.9998302607527236e+00 4.2920773705712548e+01
6.4176974142157275e+11 4.2231388893307263e-05 3.2851018677286119e+09 5.4171128338094614e+05 3.0679320892733068e+09 6.5150933536591840e+08 5.5031407211681457e+31 1.1808829286081441e+02 2.9998300769425290e+00 4.2777726179701517e+01
6.4466313939924780e+11 4.2092341881940248e-05 3.2706879694709721e+09 5.4111607272243593e+05 3.0544710888809018e+09 6.4865064177020800e+08 5.5665644334911747e+31 1.1822194118963603e+02 2.9998298921032585e+00 4.2633922215146818e+01
6.4756958216747144e+11 4.1952820064143492e-05 3.2562407966869245e+09 5.4051751059757476e+05 3.0409790136244349e+09 6.4578534918746734e+08 5.6306374773871868e+31 1.1835228852212113e+02 2.9998297062282426e+00 4.2489362244474364e+01
6.5048912853825684e+11 4.1812827997589829e-05 3.2417610191643987e+09 5.3991559576667147e+05 3.0274564890110035e+09 6.4291359046018875e+08 5.6953650593088504e+31 1.1847929437527971e+02 2.9998295193107585e+00 4.2344046801496496e+01
6.5342183758876953e+11 4.1672370338794567e-05 3.2272493162662377e+09 5.3931032732988382e+05 3.0139041494896359e+09 6.4003550032980680e+08 5.7607524046179346e+31 1.1860291822996754e+02 2.9998293313440323e+00 4.2197976523613043e+01
6.5636776866252234e+11 4.1531451843355611e-05 3.2127063768827233e+09 5.3870170473269001e+05 3.0003226384069457e+09 6.3715121542733526e+08 5.8268047573564921e+31 1.1872311954154372e+02 2.9998291423212380e+00 4.2051152154054520e+01
6.5932698137057629e+11 4.1390077366163967e-05 3.1981328993798213e+09 5.3808972777133901e+05 2.9867126079587960e+09 6.3426087426307523e+08 5.8935273800172287e+31 1.1883985775087956e+02 2.9998289522354953e+00 4.1903574544158737e+01
6.6229953559274719e+11 4.1248251861584881e-05 3.1835295915433068e+09 5.3747439659830253e+05 2.9730747191381378e+09 6.3136461721550596e+08 5.9609255533132849e+31 1.1895309229572806e+02 2.9998287610798706e+00 4.1755244655683832e+01
6.6528549147881702e+11 4.1105980383606857e-05 3.1688971705187535e+09 5.3685571172774769e+05 2.9594096416789393e+09 6.2846258651944566e+08 6.0290045759476182e+31 1.1906278262246151e+02 2.9998285688473771e+00 4.1606163563166014e+01
6.6828490944975073e+11 4.0963268085960129e-05 3.1542363627470708e+09 5.3623367404096853e+05 2.9457180539960055e+09 6.2555492625319648e+08 6.0977697643822394e+31 1.1916888819818696e+02 2.9998283755309729e+00 4.1456332456308147e+01
6.7129785019891968e+11 4.0820120222201361e-05 3.1395479038957767e+09 5.3560828479183512e+05 2.9320006431207943e+09 6.2264178232495272e+08 6.1672264526075772e+31 1.1927136852324803e+02 2.9998281811235601e+00 4.1305752642413516e+01
6.7432437469332910e+11 4.0676542145765863e-05 3.1248325387858953e+09 5.3497954561222252e+05 2.9182581046331306e+09 6.1972330245829427e+08 6.2373799919121467e+31 1.1937018314412279e+02 2.9998279856179870e+00 4.1154425548858043e+01
6.7736454417485205e+11 4.0532539309984648e-05 3.1100910213142352e+09 5.3434745851741591e+05 2.9044911425886488e+09 6.1679963617675912e+08 6.3082357506528293e+31 1.1946529166672657e+02 2.9998277890070439e+00 4.1002352725601725e+01
6.8041842016146838e+11 4.0388117268066751e-05 3.0953241143713012e+09 5.3371202591151185e+05 2.8907004694421062e+09 6.1387093478758705e+08 6.3797991140260066e+31 1.1955665377012970e+02 2.9998275912834655e+00 4.0849535847744654e+01
6.8348606444851001e+11 4.0243281673045586e-05 3.0805325897544422e+09 5.3307325059277331e+05 2.8768868059662938e+09 6.1093735136444736e+08 6.4520754838398270e+31 1.1964422922069993e+02 2.9998273924399292e+00 4.0695976718119717e+01
6.8656753910991101e+11 4.0098038277688068e-05 3.0657172280765104e+09 5.3243113575898367e+05 2.8630508811667228e+09 6.0799904072936666e+08 6.5250702782878475e+31 1.1972797788667970e+02 2.9998271924690547e+00 4.0541677269933885e+01
6.8966290649946362e+11 3.9952392934365648e-05 3.0508788186696811e+09 5.3178568501275219e+05 2.8491934321918006e+09 6.0505615943364120e+08 6.5987889317243667e+31 1.1980785975320802e+02 2.9998269913634030e+00 4.0386639569449365e+01
6.9277222925208044e+11 3.9806351594887737e-05 3.0360181594845400e+09 5.3113690236677881e+05 2.8353152042386122e+09 6.0210886573778474e+08 6.6732368944417327e+31 1.1988383493779801e+02 2.9998267891154771e+00 4.0230865818705894e+01
6.9589557028506116e+11 3.9659920310293970e-05 3.0211360569844294e+09 5.3048479224910331e+05 2.8214169504542198e+09 5.9915731959062910e+08 6.7484196324498674e+31 1.1995586370628033e+02 2.9998265857177193e+00 4.0074358358295207e+01
6.9903299279936633e+11 3.9513105230607295e-05 3.0062333260348177e+09 5.2982935950828413e+05 2.8074994318323698e+09 5.9620168260734534e+08 6.8243426272583945e+31 1.2002390648922380e+02 2.9998263811625137e+00 3.9917119670172681e+01
7.0218456028089587e+11 3.9365912604544872e-05 2.9913107897877817e+09 5.2917060941853817e+05 2.7935634171056046e+09 5.9324211804653168e+08 6.9010113756615892e+31 1.2008792389884378e+02 2.9998261754421827e+00 3.9759152380518657e+01
7.0535033650177380e+11 3.9218348779186694e-05 2.9763692795615420e+09 5.2850854768483108e+05 2.7796096826327624e+09 5.9027879078634036e+08 6.9784313895265101e+31 1.2014787674641059e+02 2.9998259685489881e+00 3.9600459262646858e+01
7.0853038552163879e+11 3.9070420199601246e-05 2.9614096347149200e+09 5.2784318044789578e+05 2.7656390122817364e+09 5.8731186729955053e+08 7.0566081955846173e+31 1.2020372606016839e+02 2.9998257604751295e+00 3.9441043239957054e+01
7.1172477168894019e+11 3.8922133408426671e-05 2.9464327025167856e+09 5.2717451428920007e+05 2.7516521973075533e+09 5.8434151562769914e+08 7.1355473352271768e+31 1.2025543310377734e+02 2.9998255512127447e+00 3.9280907388938687e+01
7.1493355964224023e+11 3.8773495045406560e-05 2.9314393380103092e+09 5.2650255623583263e+05 2.7376500362255950e+09 5.8136790535414541e+08 7.2152543643047998e+31 1.2030295939529067e+02 2.9998253407539095e+00 3.9120054942221536e+01
7.1815681431152209e+11 3.8624511846880386e-05 2.9164304038720951e+09 5.2582731376531417e+05 2.7236333346800561e+09 5.7839120757611752e+08 7.2957348529314419e+31 1.2034626672667925e+02 2.9998251290906346e+00 3.8958489291674368e+01
7.2139460091950366e+11 3.8475190645225836e-05 2.9014067702661057e+09 5.2514879481033608e+05 2.7096029053075161e+09 5.7541159487576854e+08 7.3769943852931622e+31 1.2038531718391582e+02 2.9998249162148674e+00 3.8796213991557465e+01
7.2464698498295715e+11 3.8325538368253979e-05 2.8863693146922846e+09 5.2446700776339578e+05 2.6955595675955763e+09 5.7242924129012442e+08 7.4590385594620070e+31 1.2042007316763234e+02 2.9998247021184916e+00 3.8633232761721459e+01
7.2791403231403528e+11 3.8175562038555093e-05 2.8713189218299665e+09 5.2378196148135199e+05 2.6815041477366176e+09 5.6944432228004694e+08 7.5418729872153667e+31 1.2045049741436308e+02 2.9998244867933241e+00 3.8469549490861297e+01
7.3119580902160254e+11 3.8025268772794401e-05 2.8562564833758368e+09 5.2309366528986301e+05 2.6674374784764800e+09 5.6645701469807124e+08 7.6255032938610799e+31 1.2047655301838735e+02 2.9998242702311173e+00 3.8305168239819501e+01
7.3449238151257300e+11 3.7874665780956804e-05 2.8411828978766365e+09 5.2240212898773595e+05 2.6533603989582167e+09 5.6346749675526035e+08 7.7099351180686932e+31 1.2049820345418478e+02 2.9998240524235560e+00 3.8140093244946350e+01
7.3780381649325439e+11 3.7723760365540352e-05 2.8260990705563469e+09 5.2170736285113532e+05 2.6392737545607209e+09 5.6047594798687994e+08 7.7951741117071951e+31 1.2051541259951824e+02 2.9998238333622584e+00 3.7974328921508118e+01
7.4113018097069751e+11 3.7572559920695630e-05 2.8110059131380281e+09 5.2100937763769692e+05 2.6251783967323241e+09 5.5748254921711445e+08 7.8812259396895178e+31 1.2052814475915730e+02 2.9998236130387754e+00 3.7807879867157020e+01
7.4447154225405212e+11 3.7421071931312191e-05 2.7959043436600537e+09 5.2030818459048134e+05 2.6110751828191981e+09 5.5448748252256882e+08 7.9680962798242225e+31 1.2053636468925826e+02 2.9998233914445880e+00 3.7640750865449512e+01
7.4782796795592944e+11 3.7269303972049603e-05 2.7807952862869964e+09 5.1960379544181866e+05 2.5969649758887281e+09 5.5149093119480598e+08 8.0557908226746410e+31 1.2054003762241410e+02 2.9998231685711096e+00 3.7472946889427334e+01
7.5119952599376965e+11 3.7117263706312413e-05 2.7656796711147757e+09 5.1889622241697740e+05 2.5828486445475559e+09 5.4849307970166194e+08 8.1443152714258284e+31 1.2053912929339059e+02 2.9998229444096829e+00 3.7304473105249983e+01
7.5458628459121667e+11 3.6964958885168615e-05 2.7505584339704165e+09 5.1818547823770100e+05 2.5687270627545652e+09 5.4549411364755416e+08 8.2336753417596643e+31 1.2053360596556388e+02 2.9998227189515805e+00 3.7135334875889363e+01
7.5798831227949841e+11 3.6812397346209307e-05 2.7354325162060666e+09 5.1747157612556650e+05 2.5546011096285257e+09 5.4249421973262382e+08 8.3238767617384217e+31 1.2052343445807456e+02 2.9998224921880041e+00 3.6965537764881162e+01
7.6140567789881360e+11 3.6659587012350101e-05 2.7203028644874396e+09 5.1675452980516898e+05 2.5404716692505207e+09 5.3949358571075964e+08 8.4149252716970896e+31 1.2050858217371542e+02 2.9998222641100831e+00 3.6795087540135086e+01
7.6483845059972473e+11 3.6506535890571975e-05 2.7051704305766377e+09 5.1603435350713180e+05 2.5263396304611244e+09 5.3649240034654045e+08 8.5068266241448292e+31 1.2048901712756857e+02 2.9998220347088744e+00 3.6623990177808118e+01
7.6828669984455737e+11 3.6353252070600913e-05 2.6900361711092591e+09 5.1531106197091902e+05 2.5122058866522489e+09 5.3349085337103182e+08 8.5995865836757932e+31 1.2046470797640869e+02 2.9998218039753626e+00 3.6452251866237596e+01
7.7175049540880579e+11 3.6199743723525741e-05 2.6749010473657975e+09 5.1458467044743604e+05 2.4980713355536580e+09 5.3048913543642026e+08 8.6932109268896448e+31 1.2043562404889032e+02 2.9998215719004571e+00 3.6279879009935435e+01
7.7522990738254480e+11 3.6046019100090589e-05 2.6597660250116448e+09 5.1385519470018870e+05 2.4839368789901538e+09 5.2748743806447440e+08 8.7877054423137386e+31 1.2040173537652640e+02 2.9998213384749932e+00 3.6106878233645766e+01
7.7872500617184790e+11 3.5892086528930201e-05 2.6446320738322153e+09 5.1312265100621746e+05 2.4698034226342158e+09 5.2448595359399992e+08 8.8830759303294353e+31 1.2036301272547959e+02 2.9998211036897313e+00 3.5933256386462375e+01
7.8223586250021216e+11 3.5737954417633752e-05 2.6295001677464356e+09 5.1238705617060338e+05 2.4556718760186028e+09 5.2148487518349874e+08 8.9793282032131143e+31 1.2031942762930497e+02 2.9998208675353548e+00 3.5759020546045470e+01
7.8576254740998926e+11 3.5583631248572831e-05 2.6143712843059397e+09 5.1164842751618242e+05 2.4415431520686483e+09 5.1848439671187502e+08 9.0764680850359329e+31 1.2027095242237868e+02 2.9998206300024703e+00 3.5584178022856236e+01
7.8930513226382312e+11 3.5429125577041999e-05 2.5992464044233093e+09 5.1090678288420988e+05 2.4274181668484764e+09 5.1548471272449929e+08 9.1745014116343947e+31 1.2021756027426910e+02 2.9998203910816077e+00 3.5408736364474350e+01
7.9286368874609351e+11 3.5274446029688012e-05 2.5841265121297216e+09 5.1016214063648577e+05 2.4132978393346643e+09 5.1248601838517416e+08 9.2734340306035880e+31 1.2015922522501386e+02 2.9998201507632176e+00 3.5232703359991774e+01
7.9643828886436707e+11 3.5119601302839321e-05 2.5690125943235869e+09 5.0941451965704514e+05 2.3991830911815033e+09 5.0948850942625183e+08 9.3732718013022146e+31 1.2009592222131037e+02 2.9998199090376718e+00 3.5056087044471333e+01
8.0002900495085425e+11 3.4964600160735195e-05 2.5539056405104651e+09 5.0866393935343786e+05 2.3850748464781089e+09 5.0649238209707052e+08 9.4740205948697062e+31 1.2002762715364042e+02 2.9998196658952621e+00 3.4878895703478463e+01
8.0363590966387292e+11 3.4809451433654643e-05 2.5388066425342674e+09 5.0791041965756228e+05 2.3709740314973888e+09 5.0349783311063725e+08 9.5756862942557612e+31 1.1995431689434889e+02 2.9998194213261997e+00 3.4701137877682008e+01
8.0725907598931836e+11 3.4654164015945672e-05 2.5237165942999701e+09 5.0715398102605238e+05 2.3568815744370952e+09 5.0050505958862698e+08 9.6782747942625618e+31 1.1987596933669806e+02 2.9998191753206140e+00 3.4522822367527183e+01
8.1089857724214087e+11 3.4498746863954593e-05 2.5086364914879718e+09 5.0639464444020833e+05 2.3427984051530623e+09 4.9751425900473005e+08 9.7817920016000450e+31 1.1979256343491916e+02 2.9998189278685521e+00 3.4343958237982086e+01
8.1455448706782825e+11 3.4343208993857268e-05 2.4935673312604012e+09 5.0563243140546756e+05 2.3287254548849311e+09 4.9452562912641203e+08 9.8862438349543992e+31 1.1970407924528295e+02 2.9998186789599779e+00 3.4164554823358912e+01
8.1822687944389709e+11 3.4187559479391889e-05 2.4785101119594440e+09 5.0486736395039514e+05 2.3146636559744186e+09 4.9153936795507652e+08 9.9916362250701705e+31 1.1961049796821182e+02 2.9998184285847720e+00 3.3984621732209483e+01
8.2191582868138879e+11 3.4031807449495829e-05 2.4634658327980747e+09 5.0409946462519583e+05 2.3006139415765033e+09 4.8855567366471785e+08 1.0097975114846140e+32 1.1951180199145642e+02 2.9998181767327297e+00 3.3804168852297224e+01
8.2562140942637390e+11 3.3875962085847577e-05 2.4484354935435081e+09 5.0332875649975159e+05 2.2865772453637905e+09 4.8557474453915447e+08 1.0205266459445293e+32 1.1940797493435996e+02 2.9998179233935596e+00 3.3623206355648279e+01
8.2934369666146240e+11 3.3720032620315421e-05 2.4334200941935406e+09 5.0255526316116063e+05 2.2725545012242641e+09 4.8259677890782905e+08 1.0313516226419046e+32 1.1929900169323450e+02 2.9998176685568856e+00 3.3441744703679909e+01
8.3308276570732068e+11 3.3564028332315429e-05 2.4184206346462426e+09 5.0177900871078891e+05 2.2585466429528112e+09 4.7962197508029461e+08 1.0422730395845975e+32 1.1918486848787278e+02 2.9998174122122436e+00 3.3259794652409120e+01
8.3683869222419604e+11 3.3407958546081315e-05 2.4034381143633904e+09 5.0100001776083419e+05 2.2445546039369020e+09 4.7665053127946717e+08 1.0532914960485251e+32 1.1906556290922151e+02 2.9998171543490799e+00 3.3077367257743383e+01
8.4061155221344751e+11 3.3251832627848515e-05 2.3884735320279508e+09 5.0021831543039589e+05 2.2305793168367190e+09 4.7368264557369542e+08 1.0644075925944892e+32 1.1894107396824035e+02 2.9998168949567541e+00 3.2894473880853255e+01
8.4440142201908740e+11 3.3095659982956436e-05 2.3735278851961355e+09 4.9943392734105536e+05 2.2166217132602215e+09 4.7071851580774444e+08 1.0756219310865175e+32 1.1881139214597285e+02 2.9998166340245334e+00 3.2711126193627628e+01
8.4820837832931189e+11 3.2939450052872537e-05 2.3586021699445496e+09 4.9864687961197947e+05 2.2026827234336100e+09 4.6775833953281957e+08 1.0869351147116605e+32 1.1867650944485689e+02 2.9998163715415953e+00 3.2527336184216409e+01
8.5203249817807397e+11 3.2783212312140478e-05 2.3436973805127277e+09 4.9785719885453943e+05 2.1887632758675032e+09 4.6480231393567580e+08 1.0983477480014191e+32 1.1853641944129876e+02 2.9998161074970255e+00 3.2343116162656905e+01
8.5587385894662793e+11 3.2626956265259993e-05 2.3288145089418759e+09 4.9706491216646030e+05 2.1748642970195608e+09 4.6185063576694661e+08 1.1098604368545957e+32 1.1839111733954168e+02 2.9998158418798164e+00 3.2158478766588075e+01
8.5973253836509937e+11 3.2470691443500321e-05 2.3139545447102532e+09 4.9627004712552566e+05 2.1609867109539676e+09 4.5890350126885778e+08 1.1214737885617342e+32 1.1824060002685390e+02 2.9998155746788671e+00 3.1973436967055768e+01
8.6360861451405725e+11 3.2314427401654618e-05 2.2991184743658257e+09 4.9547263178282650e+05 2.1471314389983737e+09 4.5596110610235548e+08 1.1331884118310791e+32 1.1808486613006765e+02 2.9998153058829820e+00 3.1788004074405642e+01
8.6750216582609448e+11 3.2158173714739458e-05 2.2843072811568065e+09 4.9467269465558417e+05 2.1332993993988636e+09 4.5302364527383083e+08 1.1450049168160716e+32 1.1792391607349516e+02 2.9998150354808688e+00 3.1602193744268284e+01
8.7141327108741467e+11 3.2001939974647666e-05 2.2695219446609502e+09 4.9387026471957320e+05 2.1194915069737501e+09 4.5009131306160122e+08 1.1569239151443675e+32 1.1775775213825428e+02 2.9998147634611403e+00 3.1416019983637632e+01
8.7534200943942639e+11 3.1845735786759182e-05 2.2547634404141068e+09 4.9306537140115246e+05 2.1057086727666926e+09 4.4716430294224340e+08 1.1689460199483697e+32 1.1758637852303235e+02 2.9998144898123105e+00 3.1229497157043184e+01
8.7928846038034473e+11 3.1689570766519125e-05 2.2400327395389957e+09 4.9225804456893692e+05 2.0919518037000105e+09 4.4424280751695657e+08 1.1810718458972643e+32 1.1740980140631991e+02 2.9998142145227953e+00 3.1042639992817566e+01
8.8325270376679993e+11 3.1533454535989764e-05 2.2253308083749709e+09 4.9144831452514965e+05 2.0782218022289195e+09 4.4132701843815458e+08 1.1933020092305326e+32 1.1722802901014593e+02 2.9998139375809107e+00 3.0855463589462719e+01
8.8723481981545312e+11 3.1377396720385419e-05 2.2106586081095548e+09 4.9063621199666057e+05 2.0645195659974351e+09 4.3841712633636236e+08 1.2056371277929216e+32 1.1704107166534570e+02 2.9998136589748725e+00 3.0667983422111273e+01
8.9123488910462000e+11 3.1221406944599117e-05 2.1960170944128342e+09 4.8982176812578680e+05 2.0508459874969234e+09 4.3551332074773270e+08 1.2180778210708423e+32 1.1684894179236248e+02 2.9998133786927945e+00 3.0480215326650324e+01
8.9525299257590039e+11 3.1065494829731059e-05 2.1814072170754747e+09 4.8900501446085668e+05 2.0372019537280653e+09 4.3261579004223102e+08 1.2306247102301565e+32 1.1665165315106512e+02 2.9998130967226881e+00 3.0292175294308588e+01
8.9928921153581726e+11 3.0909669989628540e-05 2.1668299196515255e+09 4.8818598294661916e+05 2.0235883458672550e+09 4.2972472135281265e+08 1.2432784181553203e+32 1.1644922014860424e+02 2.9998128130524613e+00 3.0103879286650162e+01
9.0334362765746106e+11 3.0753942027449463e-05 2.1522861391069646e+09 4.8736470591452066e+05 2.0100060389383979e+09 4.2684030050570130e+08 1.2560395694898252e+32 1.1624165779405858e+02 2.9998125276699157e+00 2.9915343221929355e+01
9.0741632298214270e+11 3.0598320532259711e-05 2.1377768054751303e+09 4.8654121607292804e+05 1.9964559014911091e+09 4.2396271195206326e+08 1.2689087906778944e+32 1.1602898170789426e+02 2.9998122405627488e+00 2.9726582975842778e+01
9.1150737992105371e+11 3.0442815075678105e-05 2.1233028415201862e+09 4.8571554649734439e+05 1.9829387952864342e+09 4.2109213870125628e+08 1.2818867100073685e+32 1.1581120813140132e+02 2.9998119517185500e+00 2.9537614382240740e+01
9.1561688125693408e+11 3.0287435212236143e-05 2.1088651627491581e+09 4.8488773064020113e+05 1.9694555753080840e+09 4.1822876232322317e+08 1.2949739576491986e+32 1.1558835393606937e+02 2.9998116611248018e+00 2.9348453233793737e+01
9.1974491014574658e+11 3.0132190495478579e-05 2.0944646788829443e+09 4.8405780242508254e+05 1.9560070911362021e+09 4.1537276324022657e+08 1.3081711656915255e+32 1.1536043663288228e+02 2.9998113687688766e+00 2.9159115282606471e+01
9.2389155011836023e+11 2.9977090454113012e-05 2.0801022916161416e+09 4.8322579612816428e+05 1.9425941848552868e+09 4.1252432028256571e+08 1.3214789682309989e+32 1.1512747438202339e+02 2.9998110746380364e+00 2.8969616240905140e+01
9.2805688508224036e+11 2.9822144594479389e-05 2.0657788948310637e+09 4.8239174639905093e+05 1.9292176912540574e+09 4.0968361073101866e+08 1.3348980014131759e+32 1.1488948600212122e+02 2.9998107787194317e+00 2.8779971781578446e+01
9.3224099932314612e+11 2.9667362400284121e-05 2.0514953745577228e+09 4.8155568826718221e+05 1.9158784377880888e+09 4.0685081030890298e+08 1.3484289034857404e+32 1.1464649097954764e+02 2.9998104810001012e+00 2.8590197538703372e+01
9.3644397750683630e+11 2.9512753330638214e-05 2.0372526087785478e+09 4.8071765713910339e+05 1.9025772443974297e+09 4.0402609314335442e+08 1.3620723148568776e+32 1.1439850947769885e+02 2.9998101814669691e+00 2.8400309108039917e+01
9.4066590468078271e+11 2.9358326818088674e-05 2.0230514672348719e+09 4.7987768879556493e+05 1.8893149233258927e+09 4.0120963172693777e+08 1.3758288781560774e+32 1.1414556234623493e+02 2.9998098801068447e+00 2.8210322047486841e+01
9.4490686627589075e+11 2.9204092266641783e-05 2.0088928112351961e+09 4.7903581938845338e+05 1.8760922789419870e+09 3.9840159687962705e+08 1.3896992382974000e+32 1.1388767113027234e+02 2.9998095769064208e+00 2.8020251877501146e+01
9.4916694810822827e+11 2.9050059049780322e-05 1.9947774934653785e+09 4.7819208543754881e+05 1.8629101075616577e+09 3.9560215771116203e+08 1.4036840425452439e+32 1.1362485807952393e+02 2.9998092718522740e+00 2.7830114081478360e+01
9.5344623638076196e+11 2.8896236508473853e-05 1.9807063578007190e+09 4.7734652382710006e+05 1.8497691972727914e+09 3.9281148158378232e+08 1.4177839405826391e+32 1.1335714615738377e+02 2.9998089649308604e+00 2.7639924106095368e+01
9.5774481768510217e+11 2.8742633949184242e-05 1.9666802391201081e+09 4.7649917180221144e+05 1.8366703277616606e+09 3.9002973407534325e+08 1.4319995845821051e+32 1.1308455904994989e+02 2.9998086561285175e+00 2.7449697361612486e+01
9.6206277900325439e+11 2.8589260641865113e-05 1.9526999631223197e+09 4.7565006696506415e+05 1.8236142701413476e+09 3.8725707894291729e+08 1.4463316292790942e+32 1.1280712117498049e+02 2.9998083454314619e+00 2.7259449222140663e+01
9.6640020770937964e+11 2.8436125817957215e-05 1.9387663461444411e+09 4.7479924727093102e+05 1.8106017867821844e+09 3.8449367808677059e+08 1.4607807320480563e+32 1.1252485769077910e+02 2.9998080328257868e+00 2.7069195025866833e+01
9.7075719157156250e+11 2.8283238668379954e-05 1.9248801949825542e+09 4.7394675102399662e+05 1.7976336311442938e+09 3.8173969151478225e+08 1.4753475529811470e+32 1.1223779450500246e+02 2.9998077182974621e+00 2.6878950075239175e+01
9.7513381875358740e+11 2.8130608341519019e-05 1.9110423067148237e+09 4.7309261687300040e+05 1.7847105476123610e+09 3.7899527730738842e+08 1.4900327549696066e+32 1.1194595828338591e+02 2.9998074018323329e+00 2.6688729637116381e+01
9.7953017781672192e+11 2.7978243941211661e-05 1.8972534685269101e+09 4.7223688380665786e+05 1.7718332713325996e+09 3.7626059158293259e+08 1.5048370037878304e+32 1.1164937645837932e+02 2.9998070834161177e+00 2.6498548942872794e+01
9.8394635772150940e+11 2.7826154524729747e-05 1.8835144575399551e+09 4.7137959114889638e+05 1.7590025280521007e+09 3.7353578846356475e+08 1.5197609681801556e+32 1.1134807723769104e+02 2.9998067630344076e+00 2.6308423188466804e+01
9.8838244782956897e+11 2.7674349100761299e-05 1.8698260406410823e+09 4.7052077855387528e+05 1.7462190339605427e+09 3.7082102004161876e+08 1.5348053199503845e+32 1.1104208961272901e+02 2.9998064406726641e+00 2.6118367534466298e+01
9.9283853790540356e+11 2.7522836627391089e-05 1.8561889743165562e+09 4.6966048600080155e+05 1.7334834955343804e+09 3.6811643634652823e+08 1.5499707340540578e+32 1.1073144336693696e+02 2.9998061163162189e+00 2.5928397106034939e+01
9.9731471811821667e+11 2.7371626010081364e-05 1.8426040044876900e+09 4.6879875378853478e+05 1.7207966093835948e+09 3.6542218531228620e+08 1.5652578886935013e+32 1.1041616908401632e+02 2.9998057899502713e+00 2.5738526992876736e+01
1.0018110790437363e+12 2.7220726099653036e-05 1.8290718663494909e+09 4.6793562252996792e+05 1.7081590621010139e+09 3.6273841274543136e+08 1.5806674654156502e+32 1.1009629815602904e+02 2.9998054615598884e+00 2.5548772249137883e+01
1.0063277116660487e+12 2.7070145690268162e-05 1.8155932842122576e+09 4.6707113314620429e+05 1.6955715301143756e+09 3.6006526229364747e+08 1.5962001492126770e+32 1.0977186279137374e+02 2.9998051311300018e+00 2.5359147893269071e+01
1.0108647073794385e+12 2.6919893517414674e-05 1.8021689713461058e+09 4.6620532686050818e+05 1.6830346795411291e+09 3.5740287541493070e+08 1.6118566286254144e+32 1.0944289602262761e+02 2.9998047986454068e+00 2.5169668907844343e+01
1.0154221579902386e+12 2.6769978255893942e-05 1.7887996298284774e+09 4.6533824519202148e+05 1.6705491660460360e+09 3.5475139134732366e+08 1.6276375958495965e+32 1.0910943171424776e+02 2.9998044640907624e+00 2.4980350239335696e+01
1.0200001557186879e+12 2.6620408517811741e-05 1.7754859503948741e+09 4.6446992994928278e+05 1.6581156347017570e+09 3.5211094707935250e+08 1.6435437468449138e+32 1.0877150457012411e+02 2.9998041274505880e+00 2.4791206797849075e+01
1.0245987932007970e+12 2.6471192850574263e-05 1.7622286122926662e+09 4.6360042322348652e+05 1.6457347198523347e+09 3.4948167732099557e+08 1.6595757814468864e+32 1.0842915014097584e+02 2.9998037887092615e+00 2.4602253456811866e+01
1.0292181634902231e+12 2.6322339734889048e-05 1.7490282831382649e+09 4.6272976738153957e+05 1.6334070449798036e+09 3.4686371447538400e+08 1.6757344034815521e+32 1.0808240483158396e+02 2.9998034478510203e+00 2.4413505052620550e+01
1.0338583600601530e+12 2.6173857582772457e-05 1.7358856187775903e+09 4.6185800505887007e+05 1.6211332225738854e+09 3.4425718861111444e+08 1.6920203208829717e+32 1.0773130590785181e+02 2.9998031048599580e+00 2.4224976384241735e+01
1.0385194768051936e+12 2.6025754735564135e-05 1.7228012631500230e+09 4.6098517915201723e+05 1.6089138540049281e+09 3.4166222743528426e+08 1.7084342458135363e+32 1.0737589150368447e+02 2.9998027597200223e+00 2.4036682212770550e+01
1.0432016080432734e+12 2.5878039461949735e-05 1.7097758481558020e+09 4.6011133281097142e+05 1.5967495294000776e+09 3.3907895626717412e+08 1.7249768947870757e+32 1.0701620062767954e+02 2.9998024124150144e+00 2.3848637260941533e+01
1.0479048485175498e+12 2.5730719955992805e-05 1.6968099935270991e+09 4.5923650943129545e+05 1.5846408275228684e+09 3.3650749801269257e+08 1.7416489887947440e+32 1.0665227316961933e+02 2.9998020629285889e+00 2.3660856212596162e+01
1.0526292933983265e+12 2.5583804335195442e-05 1.6839043067043960e+09 4.5836075264612038e+05 1.5725883156577737e+09 3.3394797313986814e+08 1.7584512534439872e+32 1.0628414990681894e+02 2.9998017112442477e+00 2.3473353712118175e+01
1.0573750382849800e+12 2.5437300638515419e-05 1.6710593827117550e+09 4.5748410631756566e+05 1.5605925494937248e+09 3.3140049965409112e+08 1.7753844190899947e+32 1.0591187251019169e+02 2.9998013573453441e+00 2.3286144363805118e+01
1.0621421792078926e+12 2.5291216824407633e-05 1.6582758040371022e+09 4.5660661452800955e+05 1.5486540730123067e+09 3.2886519307438803e+08 1.7924492209552302e+32 1.0553548355000284e+02 2.9998010012150762e+00 2.3099242731177174e+01
1.0669308126303973e+12 2.5145560768935031e-05 1.6455541405213461e+09 4.5572832157145499e+05 1.5367734183842006e+09 3.2634216641143572e+08 1.8096463992800842e+32 1.0515502650155959e+02 2.9998006428364890e+00 2.2912663336275688e+01
1.0717410354507284e+12 2.5000340263846539e-05 1.6328949492472870e+09 4.5484927194436570e+05 1.5249511058654497e+09 3.2383153014551234e+08 1.8269766994636630e+32 1.0477054575057542e+02 2.9998002821924690e+00 2.2726420658894355e+01
1.0765729450039829e+12 2.4855563014668210e-05 1.6202987744325125e+09 4.5396951033626986e+05 1.5131876436974213e+09 3.2133339220527446e+08 1.8444408722074967e+32 1.0438208659828109e+02 2.9997999192657461e+00 2.2540529135765276e+01
1.0814266390640897e+12 2.4711236638809514e-05 1.6077661473263125e+09 4.5308908162011171e+05 1.5014835280105402e+09 3.1884785794731724e+08 1.8620396736622368e+32 1.0398969526626981e+02 2.9997995540388902e+00 2.2355003159695332e+01
1.0863022158457888e+12 2.4567368663684667e-05 1.5952975861105595e+09 4.5220803084233776e+05 1.4898392427317283e+09 3.1637503013649529e+08 1.8797738655773403e+32 1.0359341890106565e+02 2.9997991864943088e+00 2.2169857078651166e+01
1.0911997740066176e+12 2.4423966524849508e-05 1.5828935958047438e+09 4.5132640321275231e+05 1.4782552594957058e+09 3.1391500892711443e+08 1.8976442154537081e+32 1.0319330557840395e+02 2.9997988166142462e+00 2.1985105194798297e+01
1.0961194126489080e+12 2.4281037564155386e-05 1.5705546681750844e+09 4.5044424409410532e+05 1.4667320375601175e+09 3.1146789184490180e+08 1.9156514966992689e+32 1.0278940430721408e+02 2.9997984443807817e+00 2.1800761763487280e+01
1.1010612313217915e+12 2.4138589027920055e-05 1.5582812816477597e+09 4.4956159899141919e+05 1.4552700237244983e+09 3.0903377376978588e+08 1.9337964887874753e+32 1.0238176503328945e+02 2.9997980697758271e+00 2.1616840992188976e+01
1.1060253300232136e+12 2.3996628065116298e-05 1.5460739012263591e+09 4.4867851354107202e+05 1.4438696522531776e+09 3.0661274691954470e+08 1.9520799774186863e+32 1.0197043864263524e+02 2.9997976927811258e+00 2.1433357039380166e+01
1.1110118092019578e+12 2.3855161725579239e-05 1.5339329784134994e+09 4.4779503349961003e+05 1.4325313448020806e+09 3.0420490083425713e+08 1.9705027546844027e+32 1.0155547696447928e+02 2.9997973133782505e+00 2.1250324013375309e+01
1.1160207697596765e+12 2.3714196958233048e-05 1.5218589511366906e+09 4.4691120473230002e+05 1.4212555103494923e+09 3.0181032236159563e+08 1.9890656192343158e+32 1.0113693277393592e+02 2.9997969315485999e+00 2.1067755971106141e+01
1.1210523130529351e+12 2.3573740609337105e-05 1.5098522436784430e+09 4.4602707320142351e+05 1.4100425451307847e+09 2.9942909564297491e+08 2.0077693764461388e+32 1.0071485979430629e+02 2.9997965472733998e+00 2.0885666916848180e+01
1.1261065408952612e+12 2.3433799420753072e-05 1.4979132666106617e+09 4.4514268495430413e+05 1.3988928325771489e+09 2.9706130210053915e+08 2.0266148385981670e+32 1.0028931269900391e+02 2.9997961605336991e+00 2.0704070800892698e+01
1.1311835555592056e+12 2.3294380028233198e-05 1.4860424167333500e+09 4.4425808611107222e+05 1.3878067432583482e+09 2.9470702042500657e+08 2.0456028250445222e+32 9.9860347113091137e+01 2.9997957713103669e+00 2.0522981518164364e+01
1.1362834597784111e+12 2.3155488959730592e-05 1.4742400770176589e+09 4.4337332285217103e+05 1.3767846348295302e+09 2.9236632656438756e+08 2.0647341623930317e+32 9.9428019614412008e+01 2.9997953795840933e+00 2.0342412906784126e+01
1.1414063567496924e+12 2.3017132633732166e-05 1.4625066165532117e+09 4.4248844140557980e+05 1.3658268519820397e+09 2.9003929371351665e+08 2.0840096846856821e+32 9.8992387734306348e+01 2.9997949853353849e+00 2.0162378746573633e+01
1.1465523501351230e+12 2.2879317357614965e-05 1.4508423904999065e+09 4.4160348803380039e+05 1.3549337263983984e+09 2.8772599230452496e+08 2.1034302335815918e+32 9.8553509957890654e+01 2.9997945885445647e+00 1.9982892757506566e+01
1.1517215440641345e+12 2.2742049326026750e-05 1.4392477400440135e+09 4.4071850902055437e+05 1.3441055767113082e+09 2.8542648999811643e+08 2.1229966585424335e+32 9.8111445723891450e+01 2.9997941891917685e+00 1.9803968598099306e+01
1.1569140431356216e+12 2.2605334619291431e-05 1.4277229923587272e+09 4.3983355065723031e+05 1.3333427084668095e+09 2.8314085167575336e+08 2.1427098170202334e+32 9.7666255424013173e+01 2.9997937872569436e+00 1.9625619863745133e+01
1.1621299524200601e+12 2.2469179201840112e-05 1.4162684605691144e+09 4.3894865922906192e+05 1.3226454140915468e+09 2.8086913943270332e+08 2.1625705746474893e+32 9.7218000401824995e+01 2.9997933827198455e+00 1.9447860084988299e+01
1.1673693774616328e+12 2.2333588920668692e-05 1.4048844437215500e+09 4.3806388100105466e+05 1.3120139728642199e+09 2.7861141257199103e+08 2.1825798054295109e+32 9.6766742951152438e+01 2.9997929755600388e+00 1.9270702725740218e+01
1.1726324242803647e+12 2.2198569503822559e-05 1.3935712267575388e+09 4.3717926220363774e+05 1.3014486508911402e+09 2.7636772759919542e+08 2.2027383919389102e+32 9.6312546313951913e+01 2.9997925657568905e+00 1.9094161181432629e+01
1.1779191993742693e+12 2.2064126558909414e-05 1.3823290804920692e+09 4.3629484901807213e+05 1.2909497010860131e+09 2.7413813821816850e+08 2.2230472255121536e+32 9.5855474677656090e+01 2.9997921532895719e+00 1.8918248777111639e+01
1.1832298097215020e+12 2.1930265571640889e-05 1.3711582615964212e+09 4.3541068756159570e+05 1.2805173631538799e+09 2.7192269532762372e+08 2.2435072064480785e+32 9.5395593171968045e+01 2.9997917381370551e+00 1.8742978765468436e+01
1.1885643627825259e+12 2.1796991904404061e-05 1.3600590125855060e+09 4.3452682387232245e+05 1.2701518635792954e+09 2.6972144701863241e+08 2.2641192442082846e+32 9.4932967865087704e+01 2.9997913202781081e+00 1.8568364324807565e+01
1.1939229665022869e+12 2.1664310794863188e-05 1.3490315618096833e+09 4.3364330389388709e+05 1.2598534156186829e+09 2.6753443857300097e+08 2.2848842576192980e+32 9.4467665759351661e+01 2.9997908996912970e+00 1.8394418556951489e+01
1.1993057293123962e+12 2.1532227354593370e-05 1.3380761234511526e+09 4.3276017345985048e+05 1.2496222192969661e+09 2.6536171246255976e+08 2.3058031750763901e+32 9.3999754786267417e+01 2.9997904763549803e+00 1.8221154485080270e+01
1.2047127601333262e+12 2.1400746567746329e-05 1.3271928975248685e+09 4.3187747827786230e+05 1.2394584614084194e+09 2.6320330834934732e+08 2.3268769347489591e+32 9.3529303800919806e+01 2.9997900502473076e+00 1.8048585051505864e+01
1.2101441683766128e+12 2.1269873289749840e-05 1.3163820698840244e+09 4.3099526391358639e+05 1.2293623155217936e+09 2.6105926308669364e+08 2.3481064847873429e+32 9.3056382575733323e+01 2.9997896213462183e+00 1.7876723115379718e+01
1.2156000639470713e+12 2.1139612246041112e-05 1.3056438122301366e+09 4.3011357577440795e+05 1.2193339419897239e+09 2.5892961072123840e+08 2.3694927835309545e+32 9.2581061793566747e+01 2.9997891896294377e+00 1.7705581450334527e+01
1.2210805572450183e+12 2.1009968030836126e-05 1.2949782821277080e+09 4.2923245909290563e+05 1.2093734879624312e+09 2.5681438249583036e+08 2.3910367997175992e+32 9.2103413040118824e+01 2.9997887550744737e+00 1.7535172742055742e+01
1.2265857591685073e+12 2.0880945105934984e-05 1.2843856230235140e+09 4.2835195891011425e+05 1.1994810874057279e+09 2.5471360685335815e+08 2.4127395126938676e+32 9.1623508795625128e+01 2.9997883176586182e+00 1.7365509585785578e+01
1.2321157811155718e+12 2.0752547799584821e-05 1.2738659642721546e+09 4.2747212005871651e+05 1.1896568611248801e+09 2.5262730944182304e+08 2.4346019126597276e+32 9.1141422425967491e+01 2.9997878773589397e+00 1.7196604483783752e+01
1.2376707349864797e+12 2.0624780305306542e-05 1.2634194211601200e+09 4.2659298714552016e+05 1.1799009167870827e+09 2.5055551311911273e+08 2.4566250008766949e+32 9.0657228172859547e+01 2.9997874341522843e+00 1.7028469842684878e+01
1.2432507331859978e+12 2.0497646680799131e-05 1.2530460949376795e+09 4.2571460453400016e+05 1.1702133489512360e+09 2.4849823795933101e+08 2.4788097898398106e+32 9.0171001143094301e+01 2.9997869880152721e+00 1.6861117970754464e+01
1.2488558886256658e+12 2.0371150846928778e-05 1.2427460728590331e+09 4.2483701632695971e+05 1.1605942391054454e+09 2.4645550126076287e+08 2.5011573035235976e+32 8.9682817297313946e+01 2.9997865389242939e+00 1.6694561075132967e+01
1.2544863147260815e+12 2.0245296586712255e-05 1.2325194282232563e+09 4.2396026634869026e+05 1.1510436557052579e+09 2.4442731755399531e+08 2.5236685775981343e+32 8.9192753437815654e+01 2.9997860868555088e+00 1.6528811258979800e+01
1.2601421254191963e+12 2.0120087544341053e-05 1.2223662204198182e+09 4.2308439812695910e+05 1.1415616542161655e+09 2.4241369861095777e+08 2.5463446596458302e+32 8.8700887195507022e+01 2.9997856317848428e+00 1.6363880518543624e+01
1.2658234351506191e+12 1.9995527224247781e-05 1.2122864949786139e+09 4.2220945487481193e+05 1.1321482771603367e+09 2.4041465345483166e+08 2.5691866093788048e+32 8.8207297015985290e+01 2.9997851736879846e+00 1.6199780740154903e+01
1.2715303588819338e+12 1.9871618990214655e-05 1.2022802836245685e+09 4.2133547947223147e+05 1.1228035541676018e+09 2.3843018837090030e+08 2.5921954988567288e+32 8.7712062144711581e+01 2.9997847125403827e+00 1.6036523697143757e+01
1.2772630120930249e+12 1.9748366064525228e-05 1.1923476043366764e+09 4.2046251444762514e+05 1.1135275020305922e+09 2.3646030691825253e+08 2.6153724127049576e+32 8.7215262611257444e+01 2.9997842483172441e+00 1.5874121046678415e+01
1.2830215107844138e+12 1.9625771527160335e-05 1.1824884614115601e+09 4.1959060195917496e+05 1.1043201247640967e+09 2.3450500994239044e+08 2.6387184483327889e+32 8.6716979212592108e+01 2.9997837809935302e+00 1.5712584326524846e+01
1.2888059714796069e+12 1.9503838315038118e-05 1.1727028455314291e+09 4.1871978377604904e+05 1.0951814136685250e+09 2.3256429558871338e+08 2.6622347161516904e+32 8.6217293495382080e+01 2.9997833105439544e+00 1.5551924951726141e+01
1.2946165112274526e+12 1.9382569221299794e-05 1.1629907338364906e+09 4.1785010125948908e+05 1.0861113473975303e+09 2.3063815931688181e+08 2.6859223397933024e+32 8.5716287737276417e+01 2.9997828369429795e+00 1.5392154211200749e+01
1.3004532476045103e+12 1.9261966894641444e-05 1.1533520900017416e+09 4.1698159534378175e+05 1.0771098920297248e+09 2.2872659391605023e+08 2.7097824563270489e+32 8.5214044927146276e+01 2.9997823601648141e+00 1.5233283264257640e+01
1.3063162987174299e+12 1.9142033838692665e-05 1.1437868643181331e+09 4.1611430651712778e+05 1.0681770011444768e+09 2.2682958952096903e+08 2.7338162164771637e+32 8.4710648744246555e+01 2.9997818801834097e+00 1.5075323137027809e+01
1.3122057832053411e+12 1.9022772411443137e-05 1.1342949937780843e+09 4.1524827480241645e+05 1.0593126159017705e+09 2.2494713362894157e+08 2.7580247848389341e+32 8.4206183536271965e+01 2.9997813969724589e+00 1.4918284718810446e+01
1.3181218202422537e+12 1.8904184824717689e-05 1.1248764021653514e+09 4.1438353973793227e+05 1.0505166651261312e+09 2.2307921111766109e+08 2.7824093400939761e+32 8.3700734296272017e+01 2.9997809105053896e+00 1.4762178758333674e+01
1.3240645295394705e+12 1.8786273143701033e-05 1.1155310001491747e+09 4.1352014035798435e+05 1.0417890653945502e+09 2.2122580426387393e+08 2.8069710752243355e+32 8.3194386638393752e+01 2.9997804207553660e+00 1.4607015859926101e+01
1.3300340313480081e+12 1.8669039286513086e-05 1.1062586853827786e+09 4.1265811517350189e+05 1.0331297211284696e+09 2.1938689276292717e+08 2.8317111977251976e+32 8.2687226772418668e+01 2.9997799276952808e+00 1.4452806479601167e+01
1.3360304464610312e+12 1.8552485023835420e-05 1.0970593426061082e+09 4.1179750215258694e+05 1.0245385246897265e+09 2.1756245374914521e+08 2.8566309298160076e+32 8.2179341477058514e+01 2.9997794312977559e+00 1.4299560921050256e+01
1.3420538962162971e+12 1.8436611978590817e-05 1.0879328437528765e+09 4.1093833870105154e+05 1.0160153564805248e+09 2.1575246181705549e+08 2.8817315086497773e+32 8.1670818071975290e+01 2.9997789315351371e+00 1.4147289331544011e+01
1.3481045024986091e+12 1.8321421625675989e-05 1.0788790480619032e+09 4.1008066164297040e+05 1.0075600850474066e+09 2.1395688904349011e+08 2.9070141865203518e+32 8.1161744388490149e+01 2.9997784283794910e+00 1.3996001697742610e+01
1.3541823877422854e+12 1.8206915291749410e-05 1.0698978021926560e+09 4.0922450720122876e+05 9.9917256718916285e+08 2.1217570501048020e+08 2.9324802310674306e+32 8.0652208738942662e+01 2.9997779218026026e+00 1.3845707841408604e+01
1.3602876749336350e+12 1.8093094155074960e-05 1.0609889403451564e+09 4.0836991097814287e+05 9.9085264806880200e+08 2.1040887682906342e+08 2.9581309254790882e+32 8.0142299884663345e+01 2.9997774117759710e+00 1.3696417415027668e+01
1.3664204876134460e+12 1.7979959245423001e-05 1.0521522843840793e+09 4.0751690793611540e+05 9.8260016132945168e+08 2.0865636916388273e+08 2.9839675686915759e+32 7.9632107002522005e+01 2.9997768982708064e+00 1.3548139897329380e+01
1.3725809498794871e+12 1.7867511444029936e-05 1.0433876439671878e+09 4.0666553237839311e+05 9.7441492921429741e+08 2.0691814425867143e+08 3.0099914755861778e+32 7.9121719650010604e+01 2.9997763812580267e+00 1.3400884588711266e+01
1.3787691863890173e+12 1.7755751483618116e-05 1.0346948166780407e+09 4.0581581792991969e+05 9.6629676269051957e+08 2.0519416196256387e+08 3.0362039771828609e+32 7.8611227728820467e+01 2.9997758607082541e+00 1.3254660606561369e+01
1.3849853223613086e+12 1.7644679948476923e-05 1.0260735881630406e+09 4.0496779751833645e+05 9.5824546157727695e+08 2.0348437975729194e+08 3.0626064208304882e+32 7.8100721446874317e+01 2.9997753365918105e+00 1.3109476880481118e+01
1.3912294835801802e+12 1.7534297274607249e-05 1.0175237322728078e+09 4.0412150335513265e+05 9.5026081467773402e+08 2.0178875278522187e+08 3.0892001703933623e+32 7.7590291278767396e+01 2.9997748088787159e+00 1.2965342147403824e+01
1.3975017963965437e+12 1.7424603749930829e-05 1.0090450112079219e+09 4.0327696691698220e+05 9.4234259991517019e+08 2.0010723387825543e+08 3.1159866064338386e+32 7.7080027924577806e+01 2.9997742775386826e+00 1.2822264946608685e+01
1.4038023877309597e+12 1.7315599514565923e-05 1.0006371756690788e+09 4.0243421892730345e+05 9.3449058447320664e+08 1.9843977358761704e+08 3.1429671263907688e+32 7.6570022266998905e+01 2.9997737425411133e+00 1.2680253614629253e+01
1.4101313850762053e+12 1.7207284561171633e-05 9.9229996501171219e+08 4.0159328933806915e+05 9.2670452494020319e+08 1.9678632021452716e+08 3.1701431447535257e+32 7.6060365326750741e+01 2.9997732038550953e+00 1.2539316280054445e+01
1.4164889164998560e+12 1.7099658735362668e-05 9.8403310740508509e+08 4.0075420731188799e+05 9.1898416745783556e+08 1.9514681984174883e+08 3.1975160932313804e+32 7.5551148216221719e+01 2.9997726614494002e+00 1.2399460858219060e+01
1.4228751106468740e+12 1.6992721736196438e-05 9.7583631999595845e+08 3.9991700120441080e+05 9.1132924787393975e+08 1.9352121636605600e+08 3.2250874209179502e+32 7.5042462091295064e+01 2.9997721152924752e+00 1.2260695045784628e+01
1.4292900967422148e+12 1.6886473116734989e-05 9.6770930907685947e+08 3.9908169854708051e+05 9.0373949189965892e+08 1.9190945153160143e+08 3.2528585944505217e+32 7.4534398101310515e+01 2.9997715653524439e+00 1.2123026315206594e+01
1.4357340045934397e+12 1.6780912284679795e-05 9.5965177025876009e+08 3.9824832603025204e+05 8.9621461527070153e+08 1.9031146496417651e+08 3.2808310981670182e+32 7.4027047337121431e+01 2.9997710115970988e+00 1.1986461909090092e+01
1.4422069645933428e+12 1.6676038503002352e-05 9.5166338864212298e+08 3.9741690948606236e+05 8.8875432390708077e+08 1.8872719420512652e+08 3.3090064343123493e+32 7.3520500777362585e+01 2.9997704539938992e+00 1.1851008834456540e+01
1.4487091077225906e+12 1.6571850890785339e-05 9.4374383900267839e+08 3.9658747387279314e+05 8.8135831408661044e+08 1.8715657474820396e+08 3.3373861231308401e+32 7.3014849232348269e+01 2.9997698925099674e+00 1.1716673856836209e+01
1.4552405655523708e+12 1.6468348424099748e-05 9.3589278597840405e+08 3.9576004325936094e+05 8.7402627261952078e+08 1.8559954007665029e+08 3.3659717029987128e+32 7.2510183286052253e+01 2.9997693271120829e+00 1.1583463494265729e+01
1.4618014702470564e+12 1.6365529936933155e-05 9.2810988425882578e+08 3.9493464081008069e+05 8.6675787702524459e+08 1.8405602170074359e+08 3.3947647305711907e+32 7.2006593236032089e+01 2.9997687577666792e+00 1.1451384011175632e+01
1.4683919545668787e+12 1.6263394122219744e-05 9.2039477878036416e+08 3.9411128877011954e+05 8.5955279571485078e+08 1.8252594919654056e+08 3.4237667809103467e+32 7.1504169031127915e+01 2.9997681844398398e+00 1.1320441412147003e+01
1.4750121518706143e+12 1.6161939532957876e-05 9.1274710492656469e+08 3.9329000845156505e+05 8.5241068817803335e+08 1.8100925024559495e+08 3.4529794476066698e+32 7.1003000206927396e+01 2.9997676070972936e+00 1.1190641435544340e+01
1.4816621961182834e+12 1.6061164583417666e-05 9.0516648873324299e+08 3.9247082022013783e+05 8.4533120517469621e+08 1.7950585067564058e+08 3.4824043428941385e+32 7.0503175818934480e+01 2.9997670257044105e+00 1.1061989547020470e+01
1.4883422218738608e+12 1.5961067550440449e-05 8.9765254709861374e+08 3.9165374348260381e+05 8.3831398893119109e+08 1.7801567450226840e+08 3.5120430977586392e+32 7.0004784373384808e+01 2.9997664402261970e+00 1.0934490932893386e+01
1.4950523643079980e+12 1.5861646574833400e-05 8.9020488799852240e+08 3.9083879667493282e+05 8.3135867334131825e+08 1.7653864397161230e+08 3.5418973620395360e+32 6.9507913755646655e+01 2.9997658506272913e+00 1.0808150493392251e+01
1.5017927592007600e+12 1.5762899662861257e-05 8.8282311070684075e+08 3.9002599725125940e+05 8.2446488417215049e+08 1.7507467960407072e+08 3.5719688045242581e+32 6.9012651156143050e+01 2.9997652568719597e+00 1.0682972835771174e+01
1.5085635429443772e+12 1.5664824687838524e-05 8.7550680602110136e+08 3.8921536167367664e+05 8.1763223927475321e+08 1.7362370023904452e+08 3.6022591130357622e+32 6.8519082993735836e+01 2.9997646589240916e+00 1.0558962267287397e+01
1.5153648525459814e+12 1.5567419391825002e-05 8.6825555649355316e+08 3.8840690540294920e+05 8.1086034879996347e+08 1.7218562308076948e+08 3.6327699945125949e+32 6.8027294836502350e+01 2.9997640567471939e+00 1.0436122788043914e+01
1.5221968256304155e+12 1.5470681387426648e-05 8.6106893666763580e+08 3.8760064289017778e+05 8.0414881541922843e+08 1.7076036374522188e+08 3.6635031750818522e+32 6.7537371319838911e+01 2.9997634503043882e+00 1.0314458083692662e+01
1.5290596004429934e+12 1.5374608159706756e-05 8.5394651332008886e+08 3.8679658756947564e+05 7.9749723455071414e+08 1.6934783630812395e+08 3.6944604001243843e+32 6.7049396061825874e+01 2.9997628395584037e+00 1.0193971517996491e+01
1.5359533158523027e+12 1.5279197068209255e-05 8.4688784570881677e+08 3.8599475185174239e+05 7.9090519459077764e+08 1.6794795335411829e+08 3.7256434343325851e+32 6.6563451575783404e+01 2.9997622244715738e+00 1.0074666125249699e+01
1.5428781113530166e+12 1.5184445349098349e-05 8.3989248582657278e+08 3.8519514711955679e+05 7.8437227715088475e+08 1.6656062602706385e+08 3.7570540617605699e+32 6.6079619179943990e+01 2.9997616050058311e+00 9.9565446025511459e+00
1.5498341270687148e+12 1.5090350117417583e-05 8.3295997866072214e+08 3.8439778372330812e+05 7.7789805730019665e+08 1.6518576408157700e+08 3.7886940858667203e+32 6.5597978904174326e+01 2.9997609811227015e+00 9.8396093019326258e+00
1.5568215037547195e+12 1.4996908369472897e-05 8.2608986245913470e+08 3.8360267097857478e+05 7.7148210381388700e+08 1.6382327593574342e+08 3.8205653295486048e+32 6.5118609393668422e+01 2.9997603527833010e+00 9.7238622223351374e+00
1.5638403828009443e+12 1.4904116985342439e-05 8.1928166900244343e+08 3.8280981716487580e+05 7.6512397942740071e+08 1.6247306872512817e+08 3.8526696351703245e+32 6.4641587809537114e+01 2.9997597199483268e+00 9.6093050014351338e+00
1.5708909062347542e+12 1.4811972731518453e-05 8.1253492388284636e+08 3.8201922952584131e+05 7.5882324109682333e+08 1.6113504835806948e+08 3.8850088645823109e+32 6.4166989726216414e+01 2.9997590825780573e+00 9.4959389073159084e+00
1.5779732167238398e+12 1.4720472263684369e-05 8.0584914678956556e+08 3.8123091427087551e+05 7.5257944026547015e+08 1.5980911957228723e+08 3.9175848991337144e+32 6.3694889025617400e+01 2.9997584406323416e+00 9.3837648299824625e+00
1.5850874575791050e+12 1.4629612129632320e-05 7.9922385180126750e+08 3.8044487657841702e+05 7.4639212313697219e+08 1.5849518599288660e+08 3.9503996396774840e+32 6.3225357787932765e+01 2.9997577940705984e+00 9.2727832727181188e+00
1.5922337727575652e+12 1.4539388772325213e-05 7.9265854768554366e+08 3.7966112060084858e+05 7.4026083095496202e+08 1.5719315019174474e+08 3.9834550065683360e+32 6.2758466179020012e+01 2.9997571428518066e+00 9.1629943432789442e+00
1.5994123068652625e+12 1.4449798533108132e-05 7.8615273820574164e+08 3.7887964947116922e+05 7.3418510028961909e+08 1.5590291374836823e+08 4.0167529396538257e+32 6.2294282334276893e+01 2.9997564869345035e+00 9.0543977449254154e+00
1.6066232051601895e+12 1.4360837655074274e-05 7.7970592243534541e+08 3.7810046531150409e+05 7.2816446333126533e+08 1.5462437731224117e+08 4.0502953982587802e+32 6.1832872238920238e+01 2.9997558262767763e+00 8.9469927672874761e+00
1.6138666135552305e+12 1.4272502286589962e-05 7.7331759508012903e+08 3.7732356924355205e+05 7.2219844819122159e+08 1.5335744066672242e+08 4.0840843611634211e+32 6.1374299604582468e+01 2.9997551608362580e+00 8.8407782770613856e+00
1.6211426786211133e+12 1.4184788484984813e-05 7.6698724680833030e+08 3.7654896140105103e+05 7.1628657921015918e+08 1.5210200279451397e+08 4.1181218265755415e+32 6.0918625742134367e+01 2.9997544905701217e+00 8.7357527085343492e+00
1.6284515475893743e+12 1.4097692220411571e-05 7.6071436458913982e+08 3.7577664094439696e+05 7.1042837727420390e+08 1.5085796194480836e+08 4.1524098120971639e+32 6.0465909430640203e+01 2.9997538154350729e+00 8.6319140539369457e+00
1.6357933683553394e+12 1.4011209379882115e-05 7.5449843203969455e+08 3.7500660607747396e+05 7.0462336013899648e+08 1.4962521570209369e+08 4.1869503546861811e+32 6.0016206782355255e+01 2.9997531353873459e+00 8.5292598536177717e+00
1.6431682894811152e+12 1.3925335771484896e-05 7.4833892978091681e+08 3.7423885406684061e+05 6.9887104276200688e+08 1.4840366105673042e+08 4.2217455106135246e+32 5.9569571103662966e+01 2.9997524503826956e+00 8.4277871860395148e+00
1.6505764601985959e+12 1.3840067128789943e-05 7.4223533580244088e+08 3.7347338126336352e+05 6.9317093764333272e+08 1.4719319447732434e+08 4.2567973554164981e+32 5.9126052751861977e+01 2.9997517603763928e+00 8.3274926575937886e+00
1.6580180304124829e+12 1.3755399115447939e-05 7.3618712583694041e+08 3.7271018312641990e+05 6.8752255517528594e+08 1.4599371198496369e+08 4.2921079838489833e+32 5.8685698987691758e+01 2.9997510653232187e+00 8.2283723922304777e+00
1.6654931507033179e+12 1.3671327329989231e-05 7.3019377374412918e+08 3.7194925425078301e+05 6.8192540400100517e+08 1.4480510922937223e+08 4.3276795098292947e+32 5.8248553823504579e+01 2.9997503651774555e+00 8.1304220209004274e+00
1.6730019723305303e+12 1.3587847310836730e-05 7.2425475190529096e+08 3.7119058839639311e+05 6.7637899138290346e+08 1.4362728156716251e+08 4.3635140663865734e+32 5.7814657866970592e+01 2.9997496598928834e+00 8.0336366708082636e+00
1.6805446472354971e+12 1.3504954541811280e-05 7.1836953164786446e+08 3.7043417852360080e+05 6.7088282359918749e+08 1.4246012414603060e+08 4.3996138056005661e+32 5.7384048160199669e+01 2.9997489494227727e+00 7.9380109544694051e+00
1.6881213280446189e+12 1.3422644455822520e-05 7.1253758353640747e+08 3.6968001681287005e+05 6.6543640621558666e+08 1.4130353196246263e+08 4.4359808985392714e+32 5.6956758014178014e+01 2.9997482337198758e+00 7.8435389585711786e+00
1.6957321680724070e+12 1.3340912442866680e-05 7.0675837796421587e+08 3.6892809472490521e+05 6.6003924463785827e+08 1.4015739997907269e+08 4.4726175352298263e+32 5.6532816838484024e+01 2.9997475127364228e+00 7.7502142326455363e+00
1.7033773213245859e+12 1.3259753855734782e-05 7.0103138557623577e+08 3.6817840304126136e+05 6.5469084450674784e+08 1.3902162320846400e+08 4.5095259246050365e+32 5.6112249966034483e+01 2.9997467864241143e+00 7.6580297775298476e+00
1.7110569425012109e+12 1.3179164015110679e-05 6.9535607764388204e+08 3.6743093190050020e+05 6.4939071204802418e+08 1.3789609678757393e+08 4.5467082944514193e+32 5.5695078472799814e+01 2.9997460547341128e+00 7.5669780336232311e+00
1.7187711869997964e+12 1.3099138215510554e-05 6.8973192649424064e+08 3.6668567084324686e+05 6.4413835447331357e+08 1.3678071606278124e+08 4.5841668913670287e+32 5.5281318992386360e+01 2.9997453176170379e+00 7.4770508689350894e+00
1.7265202109184617e+12 1.3019671731935411e-05 6.8415840598397636e+08 3.6594260886522743e+05 6.3893328042267430e+08 1.3567537668390629e+08 4.6219039807300535e+32 5.4870983525362618e+01 2.9997445750229570e+00 7.3882395669251109e+00
1.7343041710590896e+12 1.2940759827097393e-05 6.7863499200744414e+08 3.6520173447712872e+05 6.3377500043912268e+08 1.3457997470496517e+08 4.6599218466791914e+32 5.4464079243201397e+01 2.9997438269013803e+00 7.3005348141284410e+00
1.7421232249304990e+12 1.2862397759067638e-05 6.7316116302797961e+08 3.6446303577006026e+05 6.2866302746479845e+08 1.3349440668954369e+08 4.6982227921068206e+32 5.4060608286705886e+01 2.9997430732012522e+00 7.2139266875645038e+00
1.7499775307516326e+12 1.2784580789180951e-05 6.6773640062047505e+08 3.6372650048515410e+05 6.2359687734767604e+08 1.3241856981839718e+08 4.7368091386660423e+32 5.3660567558794995e+01 2.9997423138709438e+00 7.1284046419252274e+00
1.7578672474547568e+12 1.2707304190018617e-05 6.6236019001268339e+08 3.6299211608570698e+05 6.1857606934708178e+08 1.3135236199680504e+08 4.7756832267926614e+32 5.3263948511503337e+01 2.9997415488582462e+00 7.0439574965388321e+00
1.7657925346886804e+12 1.2630563253276383e-05 6.5703202061180985e+08 3.6225986983003980e+05 6.1360012662547874e+08 1.3029568195899345e+08 4.8148474157432334e+32 5.2870736927064407e+01 2.9997407781103611e+00 6.9605734221051154e+00
1.7737535528219829e+12 1.2554353297309167e-05 6.5175138650222218e+08 3.6152974884309620e+05 6.0866857671327198e+08 1.2924842936685070e+08 4.8543040836502818e+32 5.2480912692933302e+01 2.9997400015738962e+00 6.8782399272000205e+00
1.7817504629462605e+12 1.2478669674128620e-05 6.4651778689913034e+08 3.6080174018452305e+05 6.0378095193249762e+08 1.2821050489989820e+08 4.8940556275958481e+32 5.2094449811573810e+01 2.9997392191948542e+00 6.7969438759840850e+00
1.7897834268793855e+12 1.2403507775612457e-05 6.4133072654221809e+08 3.6007583091077430e+05 5.9893678976443636e+08 1.2718181033334576e+08 4.9341044637045419e+32 5.1711319133399584e+01 2.9997384309186255e+00 6.7166718593540082e+00
1.7978526071687805e+12 1.2328863038666768e-05 6.3618971601230490e+08 3.5935200812855223e+05 5.9413563314533830e+08 1.2616224860090038e+08 4.9744530272572760e+32 5.1331491451065340e+01 2.9997376366899822e+00 6.6374106030357289e+00
1.8059581670947087e+12 1.2254730948174140e-05 6.3109427189187801e+08 3.5863025902789494e+05 5.8937703061634612e+08 1.2515172382659627e+08 5.0151037728366526e+32 5.0954937812222290e+01 2.9997368364530668e+00 6.5591470067353210e+00
1.8141002706735767e+12 1.2181107028912851e-05 6.2604391616767323e+08 3.5791057080799772e+05 5.8466053576556861e+08 1.2415014120631419e+08 5.0560591745406097e+32 5.0581629517430905e+01 2.9997360301513862e+00 6.4818681418675350e+00
1.8222790826612532e+12 1.2107986848154800e-05 6.2103817637051070e+08 3.5719293070620869e+05 5.7998570735867286e+08 1.2315740703551409e+08 5.0973217260026947e+32 5.0211538117694467e+01 2.9997352177278014e+00 6.4055612492635072e+00
1.8304947685564038e+12 1.2035366016173625e-05 6.1607658557057953e+08 3.5647732600705430e+05 5.7535210933448076e+08 1.2217342870829713e+08 5.1388939405322580e+32 4.9844635412262463e+01 2.9997343991245207e+00 6.3302137369407712e+00
1.8387474946038394e+12 1.1963240185160191e-05 6.1115868226405978e+08 3.5576374403565552e+05 5.7075931069908643e+08 1.2119811469492035e+08 5.1807783512522919e+32 4.9480893446447340e+01 2.9997335742830891e+00 6.2558131779019641e+00
1.8470374277978806e+12 1.1891605048799525e-05 6.0628401030583107e+08 3.5505217215752311e+05 5.6620688546301520e+08 1.2023137452844758e+08 5.2229775112259951e+32 4.9120284509436665e+01 2.9997327431443814e+00 6.1823473079594242e+00
1.8553647358857358e+12 1.1820456341852207e-05 6.0145211884307683e+08 3.5434259777835989e+05 5.6169441257921493e+08 1.1927311879158580e+08 5.2654939935834352e+32 4.8762781132125014e+01 2.9997319056485918e+00 6.1098040235890734e+00
1.8637295873708965e+12 1.1749789839740233e-05 5.9666256224973822e+08 3.5363500834385201e+05 5.5722147588184512e+08 1.1832325910367943e+08 5.3083303916483369e+32 4.8408356084964403e+01 2.9997310617352237e+00 6.0381713798120966e+00
1.8721321515165469e+12 1.1679601358137507e-05 5.9191490006186211e+08 3.5292939133947215e+05 5.5278766402589822e+08 1.1738170810789178e+08 5.3514893190649714e+32 4.8056982375833982e+01 2.9997302113430844e+00 5.9674375881051045e+00
1.8805725983489883e+12 1.1609886752564873e-05 5.8720869691379476e+08 3.5222573429027747e+05 5.4839257042761230e+08 1.1644837945854770e+08 5.3949734099251506e+32 4.7708633247928390e+01 2.9997293544102703e+00 5.8975910143377019e+00
1.8890510986610806e+12 1.1540641917989683e-05 5.8254352247522664e+08 3.5152402476070961e+05 5.4403579320567858e+08 1.1552318780864507e+08 5.4387853188953485e+32 4.7363282177664800e+01 2.9997284908741619e+00 5.8286201767372976e+00
1.8975678240156970e+12 1.1471862788429904e-05 5.7791895138909745e+08 3.5082425035440654e+05 5.3971693512324893e+08 1.1460604879754555e+08 5.4829277213439377e+32 4.7020902872608609e+01 2.9997276206714112e+00 5.7605137438813570e+00
1.9061229467491975e+12 1.1403545336562721e-05 5.7333456321029985e+08 3.5012639871400141e+05 5.3543560353069669e+08 1.1369687903880952e+08 5.5274033134685656e+32 4.6681469269417370e+01 2.9997267437379338e+00 5.6932605327153967e+00
1.9147166399749136e+12 1.1335685573337423e-05 5.6878994234522426e+08 3.4943045752093743e+05 5.3119141030915391e+08 1.1279559610821107e+08 5.5722148124236622e+32 4.6344955531803230e+01 2.9997258600088967e+00 5.6268495065980737e+00
1.9233490775866538e+12 1.1268279547592578e-05 5.6428467799208653e+08 3.4873641449527675e+05 5.2698397181478614e+08 1.1190211853190178e+08 5.6173649564481354e+32 4.6011336048513499e+01 2.9997249694187107e+00 5.5612697733716523e+00
1.9320204342622202e+12 1.1201323345677363e-05 5.5981836408203673e+08 3.4804425739550765e+05 5.2281290882379454e+08 1.1101636577472702e+08 5.6628565049932211e+32 4.5680585431329270e+01 2.9997240719010172e+00 5.4965105834580843e+00
1.9407308854669446e+12 1.1134813090960999e-05 5.5539059921334231e+08 3.4735397401715466e+05 5.1867784647095025e+08 1.1013825822717668e+08 5.7086922387815226e+32 4.5352678512959763e+01 2.9997231673886802e+00 5.4325613279658906e+00
1.9494806074572385e+12 1.1068744943695373e-05 5.5100098660958171e+08 3.4666555219499697e+05 5.1457841421055180e+08 1.0926771719708972e+08 5.7548749600562194e+32 4.5027590345294854e+01 2.9997222558137744e+00 5.3694115368626756e+00
1.9582697772841599e+12 1.1003115100657153e-05 5.4664913406354678e+08 3.4597897980299953e+05 5.1051424576403642e+08 1.0840466489853136e+08 5.8014074927333780e+32 4.4705296197494413e+01 2.9997213371075739e+00 5.3070508771502531e+00
1.9670985727969951e+12 1.0937919794596205e-05 5.4233465386879957e+08 3.4529424475215946e+05 5.0648497905606139e+08 1.0754902443821512e+08 5.8482926824244870e+32 4.4385771553869297e+01 2.9997204112005433e+00 5.2454691510369438e+00
1.9759671726468589e+12 1.0873155293895071e-05 5.3805716276578164e+08 3.4461133499049826e+05 5.0249025616417688e+08 1.0670071980481452e+08 5.8955333965691743e+32 4.4068992111977408e+01 2.9997194780223233e+00 5.1846562941577625e+00
1.9848757562903079e+12 1.0808817902229524e-05 5.3381628188845479e+08 3.4393023850303376e+05 4.9852972326899368e+08 1.0585967585838383e+08 5.9431325245673924e+32 4.3754933780735733e+01 2.9997185375017223e+00 5.1246023738182238e+00
1.9938245039929736e+12 1.0744903958230502e-05 5.2961163671145922e+08 3.4325094331171934e+05 4.9460303060483533e+08 1.0502581831987190e+08 5.9910929779110568e+32 4.3443572678547554e+01 2.9997175895667034e+00 5.0652975872607469e+00
2.0028135968332090e+12 1.0681409835147524e-05 5.2544285699783599e+08 3.4257343747537571e+05 4.9070983241091621e+08 1.0419907376075961e+08 6.0394176903150653e+32 4.3134885131445337e+01 2.9997166341443728e+00 5.0067322599543811e+00
2.0118432167057524e+12 1.0618331940513744e-05 5.2130957674726915e+08 3.4189770908958931e+05 4.8684978688300651e+08 1.0337936959278835e+08 6.0881096178476926e+32 4.2828847671248766e+01 2.9997156711609683e+00 4.9488968439064562e+00
2.0209135463254097e+12 1.0555666715812841e-05 5.1721143414490372e+08 3.4122374628660525e+05 4.8302255612563276e+08 1.0256663405781314e+08 6.1371717390603282e+32 4.2525437033738044e+01 2.9997147005418467e+00 4.8917819159969165e+00
2.0300247692307493e+12 1.0493410636147935e-05 5.1314807151071477e+08 3.4055153723519994e+05 4.7922780610479474e+08 1.0176079621776050e+08 6.1866070551165040e+32 4.2224630156842338e+01 2.9997137222114727e+00 4.8353781763343306e+00
2.0391770697878181e+12 1.0431560209912702e-05 5.0911913524943531e+08 3.3988107014053466e+05 4.7546520660120428e+08 1.0096178594469315e+08 6.2364185899202225e+32 4.1926404178843164e+01 2.9997127360934046e+00 4.7796764466333501e+00
2.0483706331938711e+12 1.0370111978464648e-05 5.0512427580106395e+08 3.3921233324400696e+05 4.7173443116406423e+08 1.0016953391099909e+08 6.2866093902435374e+32 4.1630736436592784e+01 2.9997117421102830e+00 4.7246676686139448e+00
2.0576056454811191e+12 1.0309062515801230e-05 5.0116314759194857e+08 3.3854531482308288e+05 4.6803515706538695e+08 9.9383971579684898e+07 6.3371825258533821e+32 4.1337604463747496e+01 2.9997107401838172e+00 4.6703429024212477e+00
2.0668822935204929e+12 1.0248408428238178e-05 4.9723540898644835e+08 3.3788000319112989e+05 4.6436706525485009e+08 9.8605031194794878e+07 6.3881410896376278e+32 4.1046985989015639e+01 2.9997097302347733e+00 4.6166933250667217e+00
2.0762007650254253e+12 1.0188146354091023e-05 4.9334072223917377e+08 3.3721638669723005e+05 4.6072984031519699e+08 9.7832645771930709e+07 6.4394881977303679e+32 4.0758858934420410e+01 2.9997087121829589e+00 4.5637102288891853e+00
2.0855612485556482e+12 1.0128272963359258e-05 4.8947875344782668e+08 3.3655445372600190e+05 4.5712317041819203e+08 9.7066749088904068e+07 6.4912269896364179e+32 4.0473201413577371e+01 2.9997076859472114e+00 4.5113850200368040e+00
2.0949639335210095e+12 1.0068784957413721e-05 4.8564917250662321e+08 3.3589419269741047e+05 4.5354674728112447e+08 9.6307275676496059e+07 6.5433606283550431e+32 4.0189991729986566e+01 2.9997066514453845e+00 4.4597092169686494e+00
2.1044090101853052e+12 1.0009679068687180e-05 4.8185165306031632e+08 3.3523559206657973e+05 4.5000026612387002e+08 9.5554160809339151e+07 6.5958923005029177e+32 3.9909208375339226e+01 2.9997056085943328e+00 4.4086744489761855e+00
2.1138966696701292e+12 9.9509520603681013e-06 4.7808587245880067e+08 3.3457864032359968e+05 4.4648342562649709e+08 9.4807340496910781e+07 6.6488252164363230e+32 3.9630830027839004e+01 2.9997045573098968e+00 4.3582724547241485e+00
2.1234271039587407e+12 9.8926007260979596e-06 4.7435151171233761e+08 3.3392332599334733e+05 4.4299592788745129e+08 9.4066751474658996e+07 6.7021626103726330e+32 3.9354835550537921e+01 2.9997034975068932e+00 4.3084950808110198e+00
2.1330005058999502e+12 9.8346218896719622e-06 4.7064825544734883e+08 3.3326963763529598e+05 4.3953747838227248e+08 9.3332331195229352e+07 6.7559077405110972e+32 3.9081203989686536e+01 2.9997024290990946e+00 4.2593342803480807e+00
2.1426170692120193e+12 9.7770124047434767e-06 4.6697579186282218e+08 3.3261756384333607e+05 4.3610778592288280e+08 9.2604017819818020e+07 6.8100638891529506e+32 3.8809914573098887e+01 2.9997013519992182e+00 4.2107821115574113e+00
2.1522769884865833e+12 9.7197691545318912e-06 4.6333381268731195e+08 3.3196709324560873e+05 4.3270656261742866e+08 9.1881750209649995e+07 6.8646343628209571e+32 3.8540946708531756e+01 2.9997002661189094e+00 4.1628307363887851e+00
2.1619804591925869e+12 9.6628890515344910e-06 4.5972201313652098e+08 3.3131821450433112e+05 4.2933352383066845e+08 9.1165467917557865e+07 6.9196224923783709e+32 3.8274279982078490e+01 2.9996991713687269e+00 4.1154724191542105e+00
2.1717276776802402e+12 9.6063690372417350e-06 4.5614009187147862e+08 3.3067091631564486e+05 4.2598838814491421e+08 9.0455111179693624e+07 6.9750316331474500e+32 3.8009894156577374e+01 2.9996980676581275e+00 4.0686995251812270e+00
2.1815188411849922e+12 9.5502060818566036e-06 4.5258775095729917e+08 3.3002518740946264e+05 4.2267087732151771e+08 8.9750620907344595e+07 7.0308651650275794e+32 3.7747769170034530e+01 2.9996969548954495e+00 4.0225045194835856e+00
2.1913541478315212e+12 9.4943971840174320e-06 4.4906469582251436e+08 3.2938101654933009e+05 4.1938071626289105e+08 8.9051938678870097e+07 7.0871264926131020e+32 3.7487885134061329e+01 2.9996958329878964e+00 3.9768799654498403e+00
2.2012337966377441e+12 9.4389393705246478e-06 4.4557063521898419e+08 3.2873839253229718e+05 4.1611763297506732e+08 8.8359006731750935e+07 7.1438190453109807e+32 3.7230222332326470e+01 2.9996947018415216e+00 3.9318185235493295e+00
2.2111579875188438e+12 9.3838296960711838e-06 4.4210528118235260e+08 3.2809730418879027e+05 4.1288135853077257e+08 8.7671767954740390e+07 7.2009462774584114e+32 3.6974761219022696e+01 2.9996935613612110e+00 3.8873129500550441e+00
2.2211269212913145e+12 9.3290652429763623e-06 4.3866834899308115e+08 3.2745774038251361e+05 4.0967162703303254e+08 8.6990165880145773e+07 7.2585116684405345e+32 3.6721482417348277e+01 2.9996924114506669e+00 3.8433560957842068e+00
2.2311407996770239e+12 9.2746431209234894e-06 4.3525955713799340e+08 3.2681969001033751e+05 4.0648817557926255e+08 8.6314144676192984e+07 7.3165187228084018e+32 3.6470366718003227e+01 2.9996912520123895e+00 3.7999409048548261e+00
2.2411998253072979e+12 9.2205604667007510e-06 4.3187862727236831e+08 3.2618314200220932e+05 4.0333074422586465e+08 8.5643649139511228e+07 7.3749709703973978e+32 3.6221395077700464e+01 2.9996900829476614e+00 3.7570604134593943e+00
2.2513042017270181e+12 9.1668144439453413e-06 4.2852528418253446e+08 3.2554808532106702e+05 4.0019907595329636e+08 8.4978624687714472e+07 7.4338719664462840e+32 3.5974548617691866e+01 2.9996889041565273e+00 3.7147077486547428e+00
2.2614541333987412e+12 9.1134022428906824e-06 4.2519925574896425e+08 3.2491450896275800e+05 3.9709291663160390e+08 8.4319017352081239e+07 7.4932252917171276e+32 3.5729808622309505e+01 2.9996877155377786e+00 3.6728761271681640e+00
2.2716498257068374e+12 9.0603210801165091e-06 4.2190027290984559e+08 3.2428240195596160e+05 3.9401201498640257e+08 8.3664773770329401e+07 7.5530345526163326e+32 3.5487156537521983e+01 2.9996865169889331e+00 3.6315588542194717e+00
2.2818914849616455e+12 9.0075681983014810e-06 4.1862806962511218e+08 3.2365175336211396e+05 3.9095612256528431e+08 8.3015841179483697e+07 7.6133033813170562e+32 3.5246573969506152e+01 2.9996853084062183e+00 3.5907493223589824e+00
2.2921793184036479e+12 8.9551408659781836e-06 4.1538238284090084e+08 3.2302255227532401e+05 3.8792499370462662e+08 8.2372167408822671e+07 7.6740354358833187e+32 3.5008042683234287e+01 2.9996840896845494e+00 3.5504410103208461e+00
2.3025135342076636e+12 8.9030363772899566e-06 4.1216295245443106e+08 3.2239478782229358e+05 3.8491838549679184e+08 8.1733700872918025e+07 7.7352344003960938e+32 3.4771544601076904e+01 2.9996828607175146e+00 3.5106274818921936e+00
2.3128943414870605e+12 8.8512520517494777e-06 4.0896952127925521e+08 3.2176844916221418e+05 3.8193605775767624e+08 8.1100390564736798e+07 7.7969039850817946e+32 3.4537061801421345e+01 2.9996816213973507e+00 3.4713023847971227e+00
2.3233219502979893e+12 8.7997852339983072e-06 4.0580183501087308e+08 3.2114352548666147e+05 3.7897777299459726e+08 8.0472186048827916e+07 7.8590479264434977e+32 3.4304576517306330e+01 2.9996803716149270e+00 3.4324594495961622e+00
2.3337965716436294e+12 8.7486332935673553e-06 4.0265964219266111e+08 3.2052000601945457e+05 3.7604329637447500e+08 7.9849037454558656e+07 7.9216699873953320e+32 3.4074071135072785e+01 2.9996791112597219e+00 3.3940924886002417e+00
2.3443184174784629e+12 8.6977936246372582e-06 3.9954269418208951e+08 3.1989788001649734e+05 3.7313239569228333e+08 7.9230895469418824e+07 7.9847739574005238e+32 3.3845528193030908e+01 2.9996778402198059e+00 3.3561953947996908e+00
2.3548877007125610e+12 8.6472636456434981e-06 3.9645074510771233e+08 3.1927713676366839e+05 3.7024484133088297e+08 7.8617711330487847e+07 8.0483636521011778e+32 3.3618930379527328e+01 2.9996765583818172e+00 3.3187621407467187e+00
2.3655046352158940e+12 8.5970407989658437e-06 3.9338355183169341e+08 3.1865776557568333e+05 3.6738040622602522e+08 7.8009436817004740e+07 8.1124429128823346e+32 3.3394260530978222e+01 2.9996752656309433e+00 3.2817867774490646e+00
2.3761694358226567e+12 8.5471225511961720e-06 3.9034087394786227e+08 3.1803975580207061e+05 3.6453886586453629e+08 7.7406024249978229e+07 8.1770156085854494e+32 3.3171501632490767e+01 2.9996739618508972e+00 3.2452634335309853e+00
2.3868823183356177e+12 8.4975063926237702e-06 3.8732247373213720e+08 3.1742309682352864e+05 3.6171999823801756e+08 7.6807426482359260e+07 8.2420856348745755e+32 3.2950636815644614e+01 2.9996726469238961e+00 3.2091863141252750e+00
2.3976434995304849e+12 8.4481898370099299e-06 3.8432811611093968e+08 3.1680777805177390e+05 3.5892358381334901e+08 7.6213596892772213e+07 8.3076569143057537e+32 3.2731649357150189e+01 2.9996713207306405e+00 3.1735496998646040e+00
2.4084531971602930e+12 8.3991704213752900e-06 3.8135756863064975e+08 3.1619378892952902e+05 3.5614940550416332e+08 7.5624489379459113e+07 8.3737333964292524e+32 3.2514522677560251e+01 2.9996699831502891e+00 3.1383479458905912e+00
2.4193116299598086e+12 8.3504457057879319e-06 3.7841060142734468e+08 3.1558111893048987e+05 3.5339724864258569e+08 7.5040058354277179e+07 8.4403190578897634e+32 3.2299240339991684e+01 2.9996686340604377e+00 3.1035754808756519e+00
2.4302190176499570e+12 8.3020132731525333e-06 3.7548698719684464e+08 3.1496975755927945e+05 3.5066690095125902e+08 7.4460258736756861e+07 8.5074179025245299e+32 3.2085786048858047e+01 2.9996672733370944e+00 3.0692268060577499e+00
2.4411755809422690e+12 8.2538707290005394e-06 3.7258650116506487e+08 3.1435969435139373e+05 3.4795815251565659e+08 7.3885045948225111e+07 8.5750339614593464e+32 3.1874143648612517e+01 2.9996659008546565e+00 3.0352964942879077e+00
2.4521815415433442e+12 8.2060157012816825e-06 3.6970892105866969e+08 3.1375091887312464e+05 3.4527079575667679e+08 7.3314375905978858e+07 8.6431712932023771e+32 3.1664297122501218e+01 2.9996645164858853e+00 3.0017791890899015e+00
2.4632371221593413e+12 8.1584458401567383e-06 3.6685402707605845e+08 3.1314342072148959e+05 3.4260462540354633e+08 7.2748205017536670e+07 8.7118339837357846e+32 3.1456230591327021e+01 2.9996631201018826e+00 2.9686696037327711e+00
2.4743425465004810e+12 8.1111588177918652e-06 3.6402160185866123e+08 3.1253718952414196e+05 3.3995943846701348e+08 7.2186490174943015e+07 8.7810261466050815e+32 3.1249928312223549e+01 2.9996617115720645e+00 2.9359625203151478e+00
2.4854980392855747e+12 8.0641523281544892e-06 3.6121143046255946e+08 3.1193221493927727e+05 3.3733503421284640e+08 7.1629188749139160e+07 8.8507519230062173e+32 3.1045374677439522e+01 2.9996602907641368e+00 2.9036527888617187e+00
2.4967038262465718e+12 8.0174240868108867e-06 3.5842330033043981e+08 3.1132848665553762e+05 3.3473121413563931e+08 7.1076258584401682e+07 8.9210154818703576e+32 3.0842554213133525e+01 2.9996588575440670e+00 2.8717353264316676e+00
2.5079601341331260e+12 7.9709718307256041e-06 3.5565700126387489e+08 3.1072599439190957e+05 3.3214778193292695e+08 7.0527657992843911e+07 8.9918210199463349e+32 3.0641451578178774e+01 2.9996574117760608e+00 2.8402051162386974e+00
2.5192671907171846e+12 7.9247933180627944e-06 3.5291232539594316e+08 3.1012472789762344e+05 3.2958454347961450e+08 6.9983345748986512e+07 9.0631727618807537e+32 3.0442051562978229e+01 2.9996559533225335e+00 2.8090572067827626e+00
2.5306252247975981e+12 7.8788863279894955e-06 3.5018906716418111e+08 3.0952467695204972e+05 3.2704130680271697e+08 6.9443281084392458e+07 9.1350749602957866e+32 3.0244339088289962e+01 2.9996544820440820e+00 2.7782867109931781e+00
2.5420344662047480e+12 7.8332486604810856e-06 3.4748702328387511e+08 3.0892583136459626e+05 3.2451788205641890e+08 6.8907423682368979e+07 9.2075318958645743e+32 3.0048299204062630e+01 2.9996529977994584e+00 2.7478888053829742e+00
2.5534951458051992e+12 7.7878781361288048e-06 3.4480599272169942e+08 3.0832818097461364e+05 3.2201408149745202e+08 6.8375733672742113e+07 9.2805478773843624e+32 2.9853917088281197e+01 2.9996515004455402e+00 2.7178587292146057e+00
2.5650074955063716e+12 7.7427725959495913e-06 3.4214577666968113e+08 3.0773171565129282e+05 3.1952971946078491e+08 6.7848171626688704e+07 9.3541272418472991e+32 2.9661178045822794e+01 2.9996499898373035e+00 2.6881917836763098e+00
2.5765717482612305e+12 7.6979299011980909e-06 3.3950617851951915e+08 3.0713642529357935e+05 3.1706461233563709e+08 6.7324698551646560e+07 9.4282743545089656e+32 2.9470067507322959e+01 2.9996484658277915e+00 2.6588833310697852e+00
2.5881881380730034e+12 7.6533479331811534e-06 3.3688700383723855e+08 3.0654229983008595e+05 3.1461857854181010e+08 6.6805275886285454e+07 9.5029936089547001e+32 2.9280571028051838e+01 2.9996469282680858e+00 2.6299287940082294e+00
2.5998568999999141e+12 7.6090245930744670e-06 3.3428806033817816e+08 3.0594932921901473e+05 3.1219143850632882e+08 6.6289865495548107e+07 9.5782894271637553e+32 2.9092674286800879e+01 2.9996453770072762e+00 2.6013236546252378e+00
2.6115782701599365e+12 7.5649578017418163e-06 3.3170915786232316e+08 3.0535750344808400e+05 3.0978301464040470e+08 6.5778429665755518e+07 9.6541662595713371e+32 2.8906363084779706e+01 2.9996438118924296e+00 2.5730634537940302e+00
2.6233524857355776e+12 7.5211454995564463e-06 3.2915010834996295e+08 3.0476681253446650e+05 3.0739313131670237e+08 6.5270931099781670e+07 9.7306285851286863e+32 2.8721623344523248e+01 2.9996422327685575e+00 2.5451437903571597e+00
2.6351797849786719e+12 7.4775856462250761e-06 3.2661072581768334e+08 3.0417724652473070e+05 3.0502161484692031e+08 6.4767332912289232e+07 9.8076809113611999e+32 2.8538441108809366e+01 2.9996406394785859e+00 2.5175603203662642e+00
2.6470604072152056e+12 7.4342762206139920e-06 3.2409082633468044e+08 3.0358879549479485e+05 3.0266829345966935e+08 6.4267598625033714e+07 9.8853277744248283e+32 2.8356802539586816e+01 2.9996390318633224e+00 2.4903087563321291e+00
2.6589945928501577e+12 7.3912152205776047e-06 3.2159022799939680e+08 3.0300144954988768e+05 3.0033299727865368e+08 6.3771692162229590e+07 9.9635737391607763e+32 2.8176693916913639e+01 2.9996374097614211e+00 2.4633848664846014e+00
2.6709825833723657e+12 7.3484006627891322e-06 3.1910875091646248e+08 3.0241519882451429e+05 2.9801555830113715e+08 6.3279577845976435e+07 1.0042423399148760e+33 2.7998101637906231e+01 2.9996357730093512e+00 2.4367844740423741e+00
2.6830246213594111e+12 7.3058305825734605e-06 3.1664621717394322e+08 3.0183003348242911e+05 2.9571581037669486e+08 6.2791220391745515e+07 1.0121881376758927e+33 2.7821012215698932e+01 2.9996341214413618e+00 2.4105034564924828e+00
2.6951209504825293e+12 7.2635030337420223e-06 3.1420245082088554e+08 3.0124594371661788e+05 2.9343358918624306e+08 6.2306584903927766e+07 1.0201952323202697e+33 2.7645412278414319e+01 2.9996324548894471e+00 2.3845377448795220e+00
2.7072718155115391e+12 7.2214160884295015e-06 3.1177727784513998e+08 3.0066291974928079e+05 2.9116873222132814e+08 6.1825636871435367e+07 1.0282640918582714e+33 2.7471288568144367e+01 2.9996307731833110e+00 2.3588833231043194e+00
2.7194774623197954e+12 7.1795678369323872e-06 3.0937052615145755e+08 3.0008095183181565e+05 2.8892107876367241e+08 6.1348342163355745e+07 1.0363951871942164e+33 2.7298627939942470e+01 2.9996290761503301e+00 2.3335362272318987e+00
2.7317381378891665e+12 7.1379563875489209e-06 3.0698202553984684e+08 2.9950003024480620e+05 2.8669046986495996e+08 6.0874667024660990e+07 1.0445889921313786e+33 2.7127417360826520e+01 2.9996273636155193e+00 2.3084925448089342e+00
2.7440540903150298e+12 7.0965798664204870e-06 3.0461160768417287e+08 2.9892014529800345e+05 2.8447674832685208e+08 6.0404578071962409e+07 1.0528459833768812e+33 2.6957643908793024e+01 2.9996256354014905e+00 2.2837484141902151e+00
2.7564255688112915e+12 7.0554364173740350e-06 3.0225910611098397e+08 2.9834128733030194e+05 2.8227975868121356e+08 5.9938042289311245e+07 1.0611666405466234e+33 2.6789294771842737e+01 2.9996238913284183e+00 2.2593000238742365e+00
2.7688528237154326e+12 7.0145242017652048e-06 2.9992435617854565e+08 2.9776344670970656e+05 2.8009934717053193e+08 5.9475027024041556e+07 1.0695514461702771e+33 2.6622357247017419e+01 2.9996221312139992e+00 2.2351436118478119e+00
2.7813361064935708e+12 6.9738413983142819e-06 2.9760719505561846e+08 2.9718661383316771e+05 2.7793536172809929e+08 5.9015499982557870e+07 1.0780008856938052e+33 2.6456818739426105e+01 2.9996203548734126e+00 2.2112754649374864e+00
2.7938756697455518e+12 6.9333862027612989e-06 2.9530746169014782e+08 2.9661077912382665e+05 2.7578765194877124e+08 5.8559429224130012e+07 1.0865154474102764e+33 2.6292666760669761e+01 2.9996185621192799e+00 2.1876919181190368e+00
2.8064717672100586e+12 6.8931568280150992e-06 2.9302499680621916e+08 2.9603593303523306e+05 2.7365606908612430e+08 5.8106783160284884e+07 1.0950956225420190e+33 2.6129888928592791e+01 2.9996167527616251e+00 2.1643893539456638e+00
2.8191246537697471e+12 6.8531515039457816e-06 2.9075964288080841e+08 2.9546206605052680e+05 2.7154046603074253e+08 5.7657530550197668e+07 1.1037419052472019e+33 2.5968472966374136e+01 2.9996149266078316e+00 2.1413642019279875e+00
2.8318345854564033e+12 6.8133684771483940e-06 2.8851124411909610e+08 2.9488916868116113e+05 2.6944069728716409e+08 5.7211640495795898e+07 1.1124547925943648e+33 2.5808406701360912e+01 2.9996130834626009e+00 2.1186129379002545e+00
2.8446018194561250e+12 6.7738060108047582e-06 2.8627964643551970e+08 2.9431723146699625e+05 2.6735661895618615e+08 5.6769082438000955e+07 1.1212347845639487e+33 2.5649678064148269e+01 2.9996112231279084e+00 2.0961320834145742e+00
2.8574266141145234e+12 6.7344623845453914e-06 2.8406469743497449e+08 2.9374624497637548e+05 2.6528808871730837e+08 5.6329826152998284e+07 1.1300823840493794e+33 2.5492275087666648e+01 2.9996093454029604e+00 2.0739182051430709e+00
2.8703092289419541e+12 6.6953358943115007e-06 2.8186624639416546e+08 2.9317619980618975e+05 2.6323496581131864e+08 5.5893841748540744e+07 1.1389980968576992e+33 2.5336185906276292e+01 2.9996074500841488e+00 2.0519679142878728e+00
2.8832499246187661e+12 6.6564248522172507e-06 2.7968414424311376e+08 2.9260708658192400e+05 2.6119711102302045e+08 5.5461099660280049e+07 1.1479824317097325e+33 2.5181398754869029e+01 2.9996055369650052e+00 2.0302778659987846e+00
2.8962489630005767e+12 6.6177275864124120e-06 2.7751824354682606e+08 2.9203889595769346e+05 2.5917438666411534e+08 5.5031570648132220e+07 1.1570359002397798e+33 2.5027901967977396e+01 2.9996036058361564e+00 2.0088447587985683e+00
2.9093066071235718e+12 6.5792424409454822e-06 2.7536839848712432e+08 2.9147161861626257e+05 2.5716665655623379e+08 5.4605225792671718e+07 1.1661590169948322e+33 2.4875683978890876e+01 2.9996016564852734e+00 1.9876653340156460e+00
2.9224231212098267e+12 6.5409677756273425e-06 2.7323446484464914e+08 2.9090524526905827e+05 2.5517378601412830e+08 5.4182036491562709e+07 1.1753522994332956e+33 2.4724733318779442e+01 2.9995996886970282e+00 1.9667363752243099e+00
2.9355987706726528e+12 6.5029019658956504e-06 2.7111629998104268e+08 2.9033976665617747e+05 2.5319564182903367e+08 5.3761974456027128e+07 1.1846162679232210e+33 2.4575038615824283e+01 2.9995977022530393e+00 1.9460547076922907e+00
2.9488338221219707e+12 6.4650434026798952e-06 2.6901376282129562e+08 2.8977517354637792e+05 2.5123209225218195e+08 5.3345011707341239e+07 1.1939514457400352e+33 2.4426588594355671e+01 2.9995956969318271e+00 1.9256171978353971e+00
2.9621285433697007e+12 6.4273904922674848e-06 2.6692671383629352e+08 2.8921145673707256e+05 2.4928300697850177e+08 5.2931120573375307e+07 1.2033583590637594e+33 2.4279372073998076e+01 2.9995936725087597e+00 1.9054207526794598e+00
2.9754832034351860e+12 6.3899416561706550e-06 2.6485501502553639e+08 2.8864860705431376e+05 2.4734825713048100e+08 5.2520273685166031e+07 1.2128375369757224e+33 2.4133377968822451e+01 2.9995916287560012e+00 1.8854623193292235e+00
2.9888980725506343e+12 6.3526953309945174e-06 2.6279852990005428e+08 2.8808661535277707e+05 2.4542771524221152e+08 5.2112443973528266e+07 1.2223895114547535e+33 2.3988595286505685e+01 2.9995895654424611e+00 1.8657388844442442e+00
3.0023734221665864e+12 6.3156499683062280e-06 2.6075712346551353e+08 2.8752547251574241e+05 2.4352125524361208e+08 5.1707604665704288e+07 1.2320148173728604e+33 2.3845013127497296e+01 2.9995874823337392e+00 1.8462474737216605e+00
3.0159095249574097e+12 6.2788040345053838e-06 2.5873066220551503e+08 2.8696516945507308e+05 2.4162875244483167e+08 5.1305729282050245e+07 1.2417139924903861e+33 2.3702620684193331e+01 2.9995853791920699e+00 1.8269851513857001e+00
3.0295066548268135e+12 6.2421560106957203e-06 2.5671901406510013e+08 2.8640569711120334e+05 2.3975008352084431e+08 5.0906791632767223e+07 1.2514875774506456e+33 2.3561407240117497e+01 2.9995832557762694e+00 1.8079490196840584e+00
3.0431650869133940e+12 6.2057043925581841e-06 2.5472204843444481e+08 2.8584704645312007e+05 2.3788512649622294e+08 5.0510765814665683e+07 1.2613361157740446e+33 2.3421362169109596e+01 2.9995811118416760e+00 1.7891362183907107e+00
3.0568850975962017e+12 6.1694476902254316e-06 2.5273963613276002e+08 2.8528920847835077e+05 2.3603376073010272e+08 5.0117626207971841e+07 1.2712601538516827e+33 2.3282474934521161e+01 2.9995789471400931e+00 1.7705439243153691e+00
3.0706669645003315e+12 6.1333844281578372e-06 2.5077164939239728e+08 2.8473217421295983e+05 2.3419586690133846e+08 4.9727347473176472e+07 1.2812602409384404e+33 2.3144735088418628e+01 2.9995767614197320e+00 1.7521693508194363e+00
3.0845109665025430e+12 6.0975131450210761e-06 2.4881796184315574e+08 2.8417593471154757e+05 2.3237132699384850e+08 4.9339904547921799e+07 1.2913369291455645e+33 2.3008132270793652e+01 2.9995745544251493e+00 1.7340097473382827e+00
3.0984173837369023e+12 6.0618323935651618e-06 2.4687844849679193e+08 2.8362048105725949e+05 2.3056002428214836e+08 4.8955272643930919e+07 1.3014907734327513e+33 2.2872656208781084e+01 2.9995723258971885e+00 1.7160623989099526e+00
3.1123864976004502e+12 6.0263407405053155e-06 2.4495298573173267e+08 2.8306580436179601e+05 2.2876184331707525e+08 4.8573427243972369e+07 1.3117223315997406e+33 2.2738296715884303e+01 2.9995700755729149e+00 1.6983246257098958e+00
3.1264185907588979e+12 5.9910367664042233e-06 2.4304145127799305e+08 2.8251189576544182e+05 2.2697666991170225e+08 4.8194344098872580e+07 1.3220321642774360e+33 2.2605043691208156e+01 2.9995678031855544e+00 1.6807937825921395e+00
3.1405139471523452e+12 5.9559190655561881e-06 2.4114372420229584e+08 2.8195874643709569e+05 2.2520439112744188e+08 4.7817999224562027e+07 1.3324208349185566e+33 2.2472887118699575e+01 2.9995655084644275e+00 1.6634672586363342e+00
3.1546728520010269e+12 5.9209862458727079e-06 2.3925968489338738e+08 2.8140634757431503e+05 2.2344489526033255e+08 4.7444368899164483e+07 1.3428889097878468e+33 2.2341817066395834e+01 2.9995631911348850e+00 1.6463424767009578e+00
3.1688955918110830e+12 5.8862369287698401e-06 2.3738921504755276e+08 2.8085469040336797e+05 2.2169807182751155e+08 4.7073429660123557e+07 1.3534369579518558e+33 2.2211823685680706e+01 2.9995608509182383e+00 1.6294168929824104e+00
3.1831824543803589e+12 5.8516697490571185e-06 2.3553219765432379e+08 2.8030376617929607e+05 2.1996381155386773e+08 4.6705158301368006e+07 1.3640655512683165e+33 2.2082897210548442e+01 2.9995584875316936e+00 1.6126879965800061e+00
3.1975337288042256e+12 5.8172833548280261e-06 2.3368851698237431e+08 2.7975356618598581e+05 2.1824200635886961e+08 4.6339531870514035e+07 1.3747752643751387e+33 2.1955027956875824e+01 2.9995561006882809e+00 1.5961533090667650e+00
3.2119497054814316e+12 5.7830764073519450e-06 2.3185805856560200e+08 2.7920408173625218e+05 2.1653254934356675e+08 4.5976527666105986e+07 1.3855666746790581e+33 2.1828206321702279e+01 2.9995536900967834e+00 1.5798103840660263e+00
3.2264306761199795e+12 5.7490475809676332e-06 2.3004070918938866e+08 2.7865530417192739e+05 2.1483533477775866e+08 4.5616123234890185e+07 1.3964403623439630e+33 2.1702422782518326e+01 2.9995512554616646e+00 1.5636568068336556e+00
3.2409769337430264e+12 5.7151955629779357e-06 2.2823635687703034e+08 2.7810722486395901e+05 2.1315025808732229e+08 4.5258296369124316e+07 1.4073969102789398e+33 2.1577667896562311e+01 2.9995487964829950e+00 1.5476901938459433e+00
3.2555887726948159e+12 5.6815190535457951e-06 2.2644489087633282e+08 2.7755983521251183e+05 2.1147721584169352e+08 4.4903025103917979e+07 1.4184369041260777e+33 2.1453932300125718e+01 2.9995463128563769e+00 1.5319081923930022e+00
3.2702664886466328e+12 5.6480167655912727e-06 2.2466620164636338e+08 2.7701312664707773e+05 2.0981610574149454e+08 4.4550287714606673e+07 1.4295609322480724e+33 2.1331206707867146e+01 2.9995438042728675e+00 1.5163084801777507e+00
3.2850103786027866e+12 5.6146874246896651e-06 2.2290018084434968e+08 2.7646709062658262e+05 2.0816682660629916e+08 4.4200062714151748e+07 1.4407695857156856e+33 2.1209481912135072e+01 2.9995412704189017e+00 1.5008887649202269e+00
3.2998207409066201e+12 5.5815297689701816e-06 2.2114672131270921e+08 2.7592171863949473e+05 2.0652927836251971e+08 4.3852328850568719e+07 1.4520634582951053e+33 2.1088748782299710e+01 2.9995387109762111e+00 1.4856467839673597e+00
3.3146978752465479e+12 5.5485425490153749e-06 2.1940571706621063e+08 2.7537700220393005e+05 2.0490336203141695e+08 4.3507065104380973e+07 1.4634431464352746e+33 2.0968998264093969e+01 2.9995361256217428e+00 1.4705803039080450e+00
3.3296420826621201e+12 5.5157245277607712e-06 2.1767706327923873e+08 2.7483293286774831e+05 2.0328897971720728e+08 4.3164250686094373e+07 1.4749092492552487e+33 2.0850221378963838e+01 2.9995335140275792e+00 1.4556871201934667e+00
3.3446536655501143e+12 5.4830744803362067e-06 2.1596065627008873e+08 2.7428950220766012e+05 2.0168603459239501e+08 4.2823865033081159e+07 1.4864623685013100e+33 2.0732409223247320e+01 2.9995308758608505e+00 1.4409650567500460e+00
3.3597329276706533e+12 5.4505911937414576e-06 2.1425639347670680e+08 2.7374670182552806e+05 2.0009443087511671e+08 4.2485887804770216e+07 1.4981031083943444e+33 2.0615552966722998e+01 2.9995282107836507e+00 1.4264119655536127e+00
3.3748801741533525e+12 5.4182734672106197e-06 2.1256417346868616e+08 2.7320452335613687e+05 1.9851407384034461e+08 4.2150298885024816e+07 1.5098320758384038e+33 2.0499643853327949e+01 2.9995255184529492e+00 1.4120257263589211e+00
3.3900957115034946e+12 5.3861201119247014e-06 2.1088389592503685e+08 2.7266295846413507e+05 1.9694486979912579e+08 4.1817078377733409e+07 1.5216498803286320e+33 2.0384673200067269e+01 2.9995227985205011e+00 1.3978042463069789e+00
3.4053798476082314e+12 5.3541299508800195e-06 2.0921546162028602e+08 2.7212199884353392e+05 1.9538672608560106e+08 4.1486206604054995e+07 1.5335571339120090e+33 2.0270632396261007e+01 2.9995200506327575e+00 1.3837454595606806e+00
3.4207328917428145e+12 5.3223018187984254e-06 2.0755877241285142e+08 2.7158163621787936e+05 1.9383955104614785e+08 4.1157664100110732e+07 1.5455544511670818e+33 2.0157512902915414e+01 2.9995172744307710e+00 1.3698473269532225e+00
3.4361551545768511e+12 5.2906345620373902e-06 2.0591373123349905e+08 2.7104186234042002e+05 1.9230325402860036e+08 4.0831431614696063e+07 1.5576424491828548e+33 2.0045306252099358e+01 2.9995144695501019e+00 1.3561078356412304e+00
3.4516469481805942e+12 5.2591270384999123e-06 2.0428024207387140e+08 2.7050266899425909e+05 1.9077774537153608e+08 4.0507490107006028e+07 1.5698217475368381e+33 1.9934004046325747e+01 2.9995116356207214e+00 1.3425249987623324e+00
3.4672085860312539e+12 5.2277781175444536e-06 2.0265820997509286e+08 2.6996404799248965e+05 1.8926293639363503e+08 4.0185820744373582e+07 1.5820929682722296e+33 1.9823597957938112e+01 2.9995087722669131e+00 1.3290968550971332e+00
3.4828403830193433e+12 5.1965866798949538e-06 2.0104754101646933e+08 2.6942599117832910e+05 1.8775873938312593e+08 3.9866404900030337e+07 1.5944567358742291e+33 1.9714079728502178e+01 2.9995058791071729e+00 1.3158214687356908e+00
3.4985426554550479e+12 5.1655516175509791e-06 1.9944814230426496e+08 2.6888849042523385e+05 1.8626506758730549e+08 3.9549224150878407e+07 1.6069136772454689e+33 1.9605441168202606e+01 2.9995029557541057e+00 1.3026969287481953e+00
3.5143157210746284e+12 5.1346718336980423e-06 1.9785992196057788e+08 2.6835153763701650e+05 1.8478183520214903e+08 3.9234260275286563e+07 1.6194644216805547e+33 1.9497674155244692e+01 2.9995000018143219e+00 1.2897213488600894e+00
3.5301598990468486e+12 5.1039462426183605e-06 1.9628278911230943e+08 2.6781512474794942e+05 1.8330895736200905e+08 3.8921495250900969e+07 1.6321096008397031e+33 1.9390770635261227e+01 2.9994970168883297e+00 1.2768928671312973e+00
3.5460755099794341e+12 5.0733737696018318e-06 1.9471665388022533e+08 2.6727924372286373e+05 1.8184635012940010e+08 3.8610911252475783e+07 1.6448498487214762e+33 1.9284722620724395e+01 2.9994940005704280e+00 1.2642096456396759e+00
3.5620628759255605e+12 5.0429533508576380e-06 1.9316142736812878e+08 2.6674388655724854e+05 1.8039393048488674e+08 3.8302490649726324e+07 1.6576858016345984e+33 1.9179522190362793e+01 2.9994909524485944e+00 1.2516698701686282e+00
3.5781223203903696e+12 5.0126839334262299e-06 1.9161702165212581e+08 2.6620904527734162e+05 1.7895161631705943e+08 3.7996216005199268e+07 1.6706180981688545e+33 1.9075161488583529e+01 2.9994878721043730e+00 1.2392717498987313e+00
3.5942541683375146e+12 4.9825644750919839e-06 1.9008334977000660e+08 2.6567471194022556e+05 1.7751932641261727e+08 3.7692070072168112e+07 1.6836473791650654e+33 1.8971632724899514e+01 2.9994847591127578e+00 1.2270135171034928e+00
3.6104587461957388e+12 4.9525939442965368e-06 1.8856032571072984e+08 2.6514087863391673e+05 1.7609698044654796e+08 3.7390035792545997e+07 1.6967742876841390e+33 1.8868928173361837e+01 2.9994816130420761e+00 1.2148934268489755e+00
3.6267363818654761e+12 4.9227713200528259e-06 1.8704786440402213e+08 2.6460753747746046e+05 1.7468449897241426e+08 3.7090096294823617e+07 1.7099994689751906e+33 1.8767040171997404e+01 2.9994784334538682e+00 1.2029097566974485e+00
3.6430874047254917e+12 4.8930955918598710e-06 1.8554588171008572e+08 2.6407468062102562e+05 1.7328180341274312e+08 3.6792234892027847e+07 1.7233235704427441e+33 1.8665961122251751e+01 2.9994752199027657e+00 1.1910608064148627e+00
3.6595121456395420e+12 4.8635657596184868e-06 1.8405429440942943e+08 2.6354230024600704e+05 1.7188881604952762e+08 3.6496435079705469e+07 1.7367472416130026e+33 1.8565683488437134e+01 2.9994719719363654e+00 1.1793448976822534e+00
3.6760109369630728e+12 4.8341808335477979e-06 1.8257302019280586e+08 2.6301038856512622e+05 1.7050546001483038e+08 3.6202680533926502e+07 1.7502711340992095e+33 1.8466199797185951e+01 2.9994686890951021e+00 1.1677603738108289e+00
3.6925841125499434e+12 4.8049398341027347e-06 1.8110197765127391e+08 2.6247893782254343e+05 1.6913165928150263e+08 3.5910955109313913e+07 1.7638959015660934e+33 1.8367502636909514e+01 2.9994653709121195e+00 1.1563055994609093e+00
3.7092320077591831e+12 4.7758417918924819e-06 1.7964108626637527e+08 2.6194794029397314e+05 1.6776733865401033e+08 3.5621242837094888e+07 1.7776221996934131e+33 1.8269584657262214e+01 2.9994620169131365e+00 1.1449789603645129e+00
3.7259549594617754e+12 4.7468857475998962e-06 1.7819026640043059e+08 2.6141738828680950e+05 1.6641242375937161e+08 3.5333527923176922e+07 1.7914506861386148e+33 1.8172438568611241e+01 2.9994586266163124e+00 1.1337788630516523e+00
3.7427533060474766e+12 4.7180707519020283e-06 1.7674943928695470e+08 2.6088727414025657e+05 1.6506684103820622e+08 3.5047794746245578e+07 1.8053820204986141e+33 1.8076057141511740e+01 2.9994551995321093e+00 1.1227037345801967e+00
3.7596273874316606e+12 4.6893958653915682e-06 1.7531852702119127e+08 2.6035759022547450e+05 1.6373051773589489e+08 3.4764027855889283e+07 1.8194168642707206e+33 1.7980433206187691e+01 2.9994517351631491e+00 1.1117520222694239e+00
3.7765775450622007e+12 4.6608601584994498e-06 1.7389745255076039e+08 2.5982832894572447e+05 1.6240338189384648e+08 3.4482211970741726e+07 1.8335558808127328e+33 1.7885559652018465e+01 2.9994482330040726e+00 1.1009221934369542e+00
3.7936041219263760e+12 4.6324627114183937e-06 1.7248613966642997e+08 2.5929948273653741e+05 1.6108536234087837e+08 3.4202331976654738e+07 1.8477997353022147e+33 1.7791429427031133e+01 2.9994446925413905e+00 1.0902127351393853e+00
3.8107074625578115e+12 4.6042026140275610e-06 1.7108451299299315e+08 2.5877104406587884e+05 1.5977638868469772e+08 3.3924372924886324e+07 1.8621490946949954e+33 1.7698035537398699e+01 2.9994411132533338e+00 1.0796221539161941e+00
3.8278879130434531e+12 4.5760789658182143e-06 1.6969249798026523e+08 2.5824300543433242e+05 1.5847639130349335e+08 3.3648320030315675e+07 1.8766046276829186e+33 1.7605371046944313e+01 2.9994374946097024e+00 1.0691489755371830e+00
3.8451458210305659e+12 4.5480908758202936e-06 1.6831002089418897e+08 2.5771535937529500e+05 1.5718530133762875e+08 3.3374158669680696e+07 1.8911670046508748e+33 1.7513429076651583e+01 2.9994338360717068e+00 1.0587917447533288e+00
3.8624815357337734e+12 4.5202374625299878e-06 1.6693700880804083e+08 2.5718809845517122e+05 1.5590305068143037e+08 3.3101874379831485e+07 1.9058368976331654e+33 1.7422202804181090e+01 2.9994301370918106e+00 1.0485490250508660e+00
3.8798954079421211e+12 4.4925178538381764e-06 1.6557338959375089e+08 2.5666121527359082e+05 1.5462957197508046e+08 3.2831452856011365e+07 1.9206149802692370e+33 1.7331685463393221e+01 2.9994263971135680e+00 1.0384193984088401e+00
3.8973877900261748e+12 4.4649311869596956e-06 1.6421909191330868e+08 2.5613470246361796e+05 1.5336479859659228e+08 3.2562879950149320e+07 1.9355019277588403e+33 1.7241870343877537e+01 2.9994226155714556e+00 1.0284014650597590e+00
3.9149590359451528e+12 4.4374766083632417e-06 1.6287404521027336e+08 2.5560855269198434e+05 1.5210866465388015e+08 3.2296141669179730e+07 1.9504984168166712e+33 1.7152750790488625e+01 2.9994187918907058e+00 1.0184938432537043e+00
3.9326095012540859e+12 4.4101532737020624e-06 1.6153817970136407e+08 2.5508275865931087e+05 1.5086110497690707e+08 3.2031224173371118e+07 1.9656051256265515e+33 1.7064320202888883e+01 2.9994149254871312e+00 1.0086951690254287e+00
3.9503395431110142e+12 4.3829603477449761e-06 1.6021142636813629e+08 2.5455731310034671e+05 1.4962205510991022e+08 3.1768113774678372e+07 1.9808227337952260e+33 1.6976572035098023e+01 2.9994110157669498e+00 9.9900409596483808e-01
3.9681495202842119e+12 4.3558970043079293e-06 1.5889371694872886e+08 2.5403220878419699e+05 1.4839145130369437e+08 3.1506796935103551e+07 1.9961519223058391e+33 1.6889499795049851e+01 2.9994070621266049e+00 9.8941929499045267e-01
3.9860397931594497e+12 4.3289624261857046e-06 1.5758498392968073e+08 2.5350743851455662e+05 1.4716923050798938e+08 3.1247260265074130e+07 2.0115933734711882e+33 1.6803097044156146e+01 2.9994030639525784e+00 9.7993945412608041e-01
4.0040107237472852e+12 4.3021558049448554e-06 1.5628516053107595e+08 2.5298299512721086e+05 1.4595533035757732e+08 3.0989490520495981e+07 2.0271477707891050e+33 1.6717357396471233e+01 2.9993990206212064e+00 9.7056327825689248e-01
4.0220626756903877e+12 4.2754763408609718e-06 1.5499418069880900e+08 2.5245887149031024e+05 1.4474968916506869e+08 3.0733474601221066e+07 2.0428157988632635e+33 1.6632274518156194e+01 2.9993949314984847e+00 9.6128948890615507e-01
4.0401960142708999e+12 4.2489232431250261e-06 1.5371197910987201e+08 2.5193506050994812e+05 1.4355224592584082e+08 3.0479199552093629e+07 2.0585981435483334e+33 1.6547842127874592e+01 2.9993907959398736e+00 9.5211682406817344e-01
4.0584111064178252e+12 4.2224957295876383e-06 1.5243849115529564e+08 2.5141155512670538e+05 1.4236294030210605e+08 3.0226652559568841e+07 2.0744954917807428e+33 1.6464053995878757e+01 2.9993866132900973e+00 9.4304403796762126e-01
4.0767083207144551e+12 4.1961930266946573e-06 1.5117365293244043e+08 2.5088834831590118e+05 1.4118171261571279e+08 2.9975820950182963e+07 2.0905085315206644e+33 1.6380903943576868e+01 2.9993823828829407e+00 9.3406990084949404e-01
4.0950880274058276e+12 4.1700143694246615e-06 1.4991740123743254e+08 2.5036543308787880e+05 1.4000850384108153e+08 2.9726692189052973e+07 2.1066379516943553e+33 1.6298385843110424e+01 2.9993781040410390e+00 9.2519319877215866e-01
4.1135505984062173e+12 4.1439590012261564e-06 1.4866967355763721e+08 2.4984280248828488e+05 1.3884325559817559e+08 2.9479253878385030e+07 2.1228844421352011e+33 1.6216493616935292e+01 2.9993737760756662e+00 9.1641273340313534e-01
4.1320964073066626e+12 4.1180261739543912e-06 1.4743040806415841e+08 2.4932044959832868e+05 1.3768591014549655e+08 2.9233493755985577e+07 2.1392486935234627e+33 1.6135221237406391e+01 2.9993693982865151e+00 9.0772732181742899e-01
4.1507258293825249e+12 4.0922151478078928e-06 1.4619954360437629e+08 2.4879836753503518e+05 1.3653641037311575e+08 2.8989399693781819e+07 2.1557313973247046e+33 1.6054562726365901e+01 2.9993649699614782e+00 8.9913579629849649e-01
4.1694392416010830e+12 4.0665251912647820e-06 1.4497701969452524e+08 2.4827654945148900e+05 1.3539469979574195e+08 2.8746959696350064e+07 2.1723332457269006e+33 1.5974512154735068e+01 2.9993604903764162e+00 8.9063700414180935e-01
4.1882370226291592e+12 4.0409555810189410e-06 1.4376277651231003e+08 2.4775498853706627e+05 1.3426072254582644e+08 2.8506161899450805e+07 2.1890549315762013e+33 1.5895063642109637e+01 2.9993559587949301e+00 8.8222980746090118e-01
4.2071195528407832e+12 4.0155056019161257e-06 1.4255675488957009e+08 2.4723367801766173e+05 1.3313442336671212e+08 2.8266994568573888e+07 2.2058971483113607e+33 1.5816211356358831e+01 2.9993513744681204e+00 8.7391308299595283e-01
4.2260872143248896e+12 3.9901745468899954e-06 1.4135889630498764e+08 2.4671261115590780e+05 1.3201574760582361e+08 2.8029446097492233e+07 2.2228605898968131e+33 1.5737949513227960e+01 2.9993467366343487e+00 8.6568572192484439e-01
4.2451403908930474e+12 3.9649617168981986e-06 1.4016914287685001e+08 2.4619178125139320e+05 1.3090464120790748e+08 2.7793505006827675e+07 2.2399459507543895e+33 1.5660272375944697e+01 2.9993420445189862e+00 8.5754662967670081e-01
4.2642794680872280e+12 3.9398664208585847e-06 1.3898743735585675e+08 2.4567118164086615e+05 1.2980105070831615e+08 2.7559159942621917e+07 2.2571539256936798e+33 1.5583174254828926e+01 2.9993372973341641e+00 8.4949472574773055e-01
4.2835048331876060e+12 3.9148879755855349e-06 1.3781372311799058e+08 2.4515080569844868e+05 1.2870492322634903e+08 2.7326399674924731e+07 2.2744852098410271e+33 1.5506649506906321e+01 2.9993324942785140e+00 8.4152894351959884e-01
4.3028168752203965e+12 3.8900257057264752e-06 1.3664794415743771e+08 2.4463064683583984e+05 1.2761620645864131e+08 2.7095213096389167e+07 2.2919404985671652e+33 1.5430692535525580e+01 2.9993276345369035e+00 8.3364823008008460e-01
4.3222159849657261e+12 3.8652789436987171e-06 1.3549004507957160e+08 2.4411069850252208e+05 1.2653484867261161e+08 2.6865589220880080e+07 2.3095204874134885e+33 1.5355297789979410e+01 2.9993227172801675e+00 8.2585154604607403e-01
4.3417025549655415e+12 3.8406470296265803e-06 1.3433997109399554e+08 2.4359095418596553e+05 1.2546079869996436e+08 2.6637517182093620e+07 2.3272258720169705e+33 1.5280459765129244e+01 2.9993177416648313e+00 8.1813786538885980e-01
4.3612769795315513e+12 3.8161293112788355e-06 1.3319766800764897e+08 2.4307140741183894e+05 1.2439400593025190e+08 2.6410986232191216e+07 2.3450573480337279e+33 1.5206173001033793e+01 2.9993127068328307e+00 8.1050617526176305e-01
4.3809396547532056e+12 3.7917251440066232e-06 1.3206308221797884e+08 2.4255205174422002e+05 1.2333442030449723e+08 2.6185985740444835e+07 2.3630156110612437e+33 1.5132432082581383e+01 2.9993076119112230e+00 8.0295547582995774e-01
4.4006909785057119e+12 3.7674338906817959e-06 1.3093616070617357e+08 2.4203288078580680e+05 1.2228199230887559e+08 2.5962505191893999e+07 2.3811013565592607e+33 1.5059231639126217e+01 2.9993024560118924e+00 7.9548478010251233e-01
4.4205313504580830e+12 3.7432549216357284e-06 1.2981685103046948e+08 2.4151388817814284e+05 1.2123667296846287e+08 2.5740534186019890e+07 2.3993152797693565e+33 1.4986566344128581e+01 2.9992972382312506e+00 7.8809311376671509e-01
4.4404611720812295e+12 3.7191876145986775e-06 1.2870510131952018e+08 2.4099506760183966e+05 1.2019841384104380e+08 2.5520062435429201e+07 2.4176580756332265e+33 1.4914430914798995e+01 2.9992919576499286e+00 7.8077951502447940e-01
4.4604808466560781e+12 3.6952313546396880e-06 1.2760086026583923e+08 2.4047641277681332e+05 1.1916716701098771e+08 2.5301079764554635e+07 2.4361304387096814e+33 1.4842820111746448e+01 2.9992866133324632e+00 7.7354303443098238e-01
4.4805907792817354e+12 3.6713855341071005e-06 1.2650407711930875e+08 2.3995791746252164e+05 1.1814288508318667e+08 2.5083576108366210e+07 2.4547330630904020e+33 1.4771728738630802e+01 2.9992812043269752e+00 7.6638273473536167e-01
4.5007913768836836e+12 3.6476495525696303e-06 1.2541470168075991e+08 2.3943957545821549e+05 1.1712552117706037e+08 2.4867541511098687e+07 2.4734666423144641e+33 1.4701151641819255e+01 2.9992757296648418e+00 7.5929769072356257e-01
4.5210830482220146e+12 3.6240228167580722e-06 1.2433268429562427e+08 2.3892138060319965e+05 1.1611502892062663e+08 2.4652966124992922e+07 2.4923318692816802e+33 1.4631083710047236e+01 2.9992701883603612e+00 7.5228698906328684e-01
4.5414662038997051e+12 3.6005047405076488e-06 1.2325797584765233e+08 2.3840332677709957e+05 1.1511136244463585e+08 2.4439840209049445e+07 2.5113294361647885e+33 1.4561519874083508e+01 2.9992645794104082e+00 7.4534972815094203e-01
4.5619412563709170e+12 3.5770947447009837e-06 1.2219052775270349e+08 2.3788540790014132e+05 1.1411447637677120e+08 2.4228154127796888e+07 2.5304600343205252e+33 1.4492455106399801e+01 2.9992589017940858e+00 7.3848501796067068e-01
4.5825086199493535e+12 3.5537922572116989e-06 1.2113029195260450e+08 2.3736761793344317e+05 1.1312432583591308e+08 2.4017898350074399e+07 2.5497243541996520e+33 1.4423884420844935e+01 2.9992531544723637e+00 7.3169197989539880e-01
4.6031687108166328e+12 3.5305967128486284e-06 1.2007722090907353e+08 2.3684995087931457e+05 1.1214086642646486e+08 2.3809063447826009e+07 2.5691230852559566e+33 1.4355802872323613e+01 2.9992473363877150e+00 7.2496974663986080e-01
4.6239219470307178e+12 3.5075075533006205e-06 1.1903126759771129e+08 2.3633240078156925e+05 1.1116405423274152e+08 2.3601640094909370e+07 2.5886569158543249e+33 1.4288205556479896e+01 2.9992414464637380e+00 7.1831746201560887e-01
4.6447687485343701e+12 3.4845242270819680e-06 1.1799238550205785e+08 2.3581496172584762e+05 1.1019384581341897e+08 2.3395619065916695e+07 2.6083265331779142e+33 1.4221087609385602e+01 2.9992354836047754e+00 7.1173428083797663e-01
4.6657095371636514e+12 3.4616461894782862e-06 1.1696052860770851e+08 2.3529762783995032e+05 1.0923019819603910e+08 2.3190991235008307e+07 2.6281326231345301e+33 1.4154444207233631e+01 2.9992294466955207e+00 7.0521936877499514e-01
4.6867447366564570e+12 3.4388729024929537e-06 1.1593565139649010e+08 2.3478039329417859e+05 1.0827306887157115e+08 2.2987747574756868e+07 2.6480758702622628e+33 1.4088270566036428e+01 2.9992233346006181e+00 6.9877190220818719e-01
4.7078747726610889e+12 3.4162038347939949e-06 1.1491770884069617e+08 2.3426325230168831e+05 1.0732241578902793e+08 2.2785879155004770e+07 2.6681569576344820e+33 1.4022561941329650e+01 2.9992171461642521e+00 6.9239106809529805e-01
4.7291000727448721e+12 3.3936384616612702e-06 1.1390665639737044e+08 2.3374619911884604e+05 1.0637819735012718e+08 2.2585377141729824e+07 2.6883765667642935e+33 1.3957313627881277e+01 2.9992108802097275e+00 6.8607606383488284e-01
4.7504210664028066e+12 3.3711762649340341e-06 1.1290245000264426e+08 2.3322922804559651e+05 1.0544037240400332e+08 2.2386232795922801e+07 2.7087353775085398e+33 1.3892520959406166e+01 2.9992045355390418e+00 6.7982609713277120e-01
4.7718381850662529e+12 3.3488167329586809e-06 1.1190504606611583e+08 2.3271233342582971e+05 1.0450890024195848e+08 2.2188437472472068e+07 2.7292340679714724e+33 1.3828179308286410e+01 2.9991981109324457e+00 6.7364038587035246e-01
4.7933518621116680e+12 3.3265593605278214e-06 1.1091440146488166e+08 2.3219550964755012e+05 1.0358374059188819e+08 2.1991982618980426e+07 2.7498733144001111e+33 1.3764284085273911e+01 2.9991916051479932e+00 6.6751815797357728e-01
4.8149625328693730e+12 3.3044036485864206e-06 1.0993047352727208e+08 2.3167875113759004e+05 1.0266485360309246e+08 2.1796859772538863e+07 2.7706537908487459e+33 1.3700830738535926e+01 2.9991850169210852e+00 6.6145865125173364e-01
4.8366706346323604e+12 3.2823491044653706e-06 1.0895322004011379e+08 2.3116205236856168e+05 1.0175219985305795e+08 2.1603060561167601e+07 2.7915761693149749e+33 1.3637814754088915e+01 2.9991783449639970e+00 6.5546111330541235e-01
4.8584766066651436e+12 3.2603952418350721e-06 1.0798259924348898e+08 2.3064540785937739e+05 1.0084574034256360e+08 2.1410576702776123e+07 2.8126411196645657e+33 1.3575231655604513e+01 2.9991715879653986e+00 6.4952480140493218e-01
4.8803808902126484e+12 3.2385415805607134e-06 1.0701856982119469e+08 2.3012881217344577e+05 9.9945436486771122e+07 2.1219400003270790e+07 2.8338493094405902e+33 1.3513077003893528e+01 2.9991647445898644e+00 6.4364898235480050e-01
4.9023839285091357e+12 3.2167876466518699e-06 1.0606109089544131e+08 2.2961225991905865e+05 9.9051250110273182e+07 2.1029522355504472e+07 2.8552014037534270e+33 1.3451346396634111e+01 2.9991578134773671e+00 6.3783293237157579e-01
4.9244861667871748e+12 3.1951329722116302e-06 1.0511012202155840e+08 2.2909574574975861e+05 9.8163143442149937e+07 2.0840935738225423e+07 2.8766980651692137e+33 1.3390035468102472e+01 2.9991507932427672e+00 6.3207593696320219e-01
4.9466880522866523e+12 3.1735770953852247e-06 1.0416562318271562e+08 2.2857926436470100e+05 9.7281079111038700e+07 2.0653632215030797e+07 2.8983399535967258e+33 1.3329139888906194e+01 2.9991436824752822e+00 6.2637729080994531e-01
4.9689900342638203e+12 3.1521195603081837e-06 1.0322755478465635e+08 2.2806281050900382e+05 9.6405020140215531e+07 2.0467603933322497e+07 2.9201277261726838e+33 1.3268655365720072e+01 2.9991364797379498e+00 6.2073629764683913e-01
4.9913925640003887e+12 3.1307599170541579e-06 1.0229587765044773e+08 2.2754637897408509e+05 9.5534929942692652e+07 2.0282843123265278e+07 2.9420620371454914e+33 1.3208577641024505e+01 2.9991291835670761e+00 6.1515227014759688e-01
5.0138960948126553e+12 3.1094977215823586e-06 1.0137055301525117e+08 2.2702996459799615e+05 9.4670772316334397e+07 2.0099342096750379e+07 2.9641435377574005e+33 1.3148902492846467e+01 2.9991217924716707e+00 6.0962452981006032e-01
5.0365010820606826e+12 3.0883325356847576e-06 1.0045154252111167e+08 2.2651356226574036e+05 9.3812511438991368e+07 1.9917093246360954e+07 2.9863728761251114e+33 1.3089625734503036e+01 2.9991143049328683e+00 6.0415240684304117e-01
5.0592079831575049e+12 3.0672639269329886e-06 9.9538808211773619e+07 2.2599716690959374e+05 9.2960111863658547e+07 1.9736089044345275e+07 3.0087506971187935e+33 1.3030743214347488e+01 2.9991067194033389e+00 5.9873524005469603e-01
5.0820172575783906e+12 3.0462914686251085e-06 9.8632312527519032e+07 2.2548077350941120e+05 9.2113538513655066e+07 1.9556322041591927e+07 3.0312776422395636e+33 1.2972250815517992e+01 2.9990990343066808e+00 5.9337237674225785e-01
5.1049293668701367e+12 3.0254147397321792e-06 9.7732018300035566e+07 2.2496437709293462e+05 9.1272756677831277e+07 1.9377784866612911e+07 3.0539543494953994e+33 1.2914144455688881e+01 2.9990912480368022e+00 5.8806317258322893e-01
5.1279447746604111e+12 3.0046333248447360e-06 9.6837888747310609e+07 2.2444797273609089e+05 9.0437732005800515e+07 1.9200470224530302e+07 3.0767814532755142e+33 1.2856420086824556e+01 2.9990833589572863e+00 5.8280699152793813e-01
5.1510639466671289e+12 2.9839468141192632e-06 9.5949887468560517e+07 2.2393155556329159e+05 8.9608430503203601e+07 1.9024370896070782e+07 3.0997595842231955e+33 1.2799073694936016e+01 2.9990753654007420e+00 5.7760320569349233e-01
5.1742873507078799e+12 2.9633548032245827e-06 9.5067978439189181e+07 2.2341512074772775e+05 8.8784818527000651e+07 1.8849479736565571e+07 3.1228893691071331e+33 1.2742101299840035e+01 2.9990672656681387e+00 5.7245119525908761e-01
5.1976154567093965e+12 2.9428568932882864e-06 9.4192126005784586e+07 2.2289866351166979e+05 8.7966862780798167e+07 1.8675789674959276e+07 3.1461714306912492e+33 1.2685498954921007e+01 2.9990590580281271e+00 5.6735034836270370e-01
5.2210487367170566e+12 2.9224526908432781e-06 9.3322294881146908e+07 2.2238217912675592e+05 8.7154530310206279e+07 1.8503293712821953e+07 3.1696063876030397e+33 1.2629262746895536e+01 2.9990507407163398e+00 5.6230006099904706e-01
5.2445876649044434e+12 2.9021418077743641e-06 9.2458450139359027e+07 2.2186566291429469e+05 8.6347788498234719e+07 1.8331984923372980e+07 3.1931948542004775e+33 1.2573388795579703e+01 2.9990423119346801e+00 5.5729973691891022e-01
5.2682327175829346e+12 2.8819238612650005e-06 9.1600557210891917e+07 2.2134911024556088e+05 8.5546605060722038e+07 1.8161856450509664e+07 3.2169374404374713e+33 1.2517873253659150e+01 2.9990337698505902e+00 5.5234878752976668e-01
5.2919843732113398e+12 2.8617984737442321e-06 9.0748581877752438e+07 2.2083251654209814e+05 8.4750948041804105e+07 1.7992901507845018e+07 3.2408347517279338e+33 1.2462712306461945e+01 2.9990251125963021e+00 5.4744663179768138e-01
5.3158431124055889e+12 2.8417652728338089e-06 8.9902490268671423e+07 2.2031587727602525e+05 8.3960785809420258e+07 1.7825113377753567e+07 3.2648873888084969e+33 1.2407902171734303e+01 2.9990163382680723e+00 5.4259269615049299e-01
5.3398094179484502e+12 2.8218238912955300e-06 8.9062248854333267e+07 2.1979918797034677e+05 8.3176087050858214e+07 1.7658485410425264e+07 3.2890959475998823e+33 1.2353439099419184e+01 2.9990074449253972e+00 5.3778641438225649e-01
5.3638837747993027e+12 2.8019739669788658e-06 8.8227824442648366e+07 2.1928244419926801e+05 8.2396820768339202e+07 1.7493011022927485e+07 3.3134610190670100e+33 1.2299319371437859e+01 2.9989984305902082e+00 5.3302722755891296e-01
5.3880666701039502e+12 2.7822151427688233e-06 8.7399184174069643e+07 2.1876564158852020e+05 8.1622956274644062e+07 1.7328683698276788e+07 3.3379831890778658e+33 1.2245539301474430e+01 2.9989892932460487e+00 5.2831458392522912e-01
5.4123585932044756e+12 2.7625470665341382e-06 8.6576295516952112e+07 2.1824877581568854e+05 8.0854463188779473e+07 1.7165496984517984e+07 3.3626630382611851e+33 1.2192095234763450e+01 2.9989800308372310e+00 5.2364793881292149e-01
5.4367600356491475e+12 2.7429693910757204e-06 8.5759126262956843e+07 2.1773184261055285e+05 8.0091311431685701e+07 1.7003444493813470e+07 3.3875011418630251e+33 1.2138983547880564e+01 2.9989706412679711e+00 5.1902675455001945e-01
5.4612714912023604e+12 2.7234817740754876e-06 8.4947644522498116e+07 2.1721483775542944e+05 7.9333471221985102e+07 1.6842519901539076e+07 3.4124980696022665e+33 1.2086200648536446e+01 2.9989611224015063e+00 5.1445050037137607e-01
5.4858934558546328e+12 2.7040838780454440e-06 8.4141818720236659e+07 2.1669775708553108e+05 7.8580913071772814e+07 1.6682716945391554e+07 3.4376543855251367e+33 1.2033742975373862e+01 2.9989514720591846e+00 5.0991865233042510e-01
5.5106264278326367e+12 2.6847753702771317e-06 8.3341617590613946e+07 2.1618059648932674e+05 7.7833607782446653e+07 1.6524029424501890e+07 3.4629706478588161e+33 1.1981606997768134e+01 2.9989416880195390e+00 5.0543069321204326e-01
5.5354709076092861e+12 2.6655559227913659e-06 8.2547010173432261e+07 2.1566335190891824e+05 7.7091526440579087e+07 1.6366451198559506e+07 3.4884474088642202e+33 1.1929789215630944e+01 2.9989317680173349e+00 5.0098611244662150e-01
5.5604273979138594e+12 2.6464252122883124e-06 8.1757965809474900e+07 2.1514601934041874e+05 7.6354640413827345e+07 1.6209976186942641e+07 3.5140852146880428e+33 1.1878286159217668e+01 2.9989217097425929e+00 4.9658440602523313e-01
5.5854964037421738e+12 2.6273829200977907e-06 8.0974454136170402e+07 2.1462859483434953e+05 7.5622921346883819e+07 1.6054598367859753e+07 3.5398846052141565e+33 1.1827094388938237e+01 2.9989115108395912e+00 4.9222507641600310e-01
5.6106784323668037e+12 2.6084287321299297e-06 8.0196445083295822e+07 2.1411107449603762e+05 7.4896341157463700e+07 1.5900311777496474e+07 3.5658461139144879e+33 1.1776210495171707e+01 2.9989011689058418e+00 4.8790763248153673e-01
5.6359739933473438e+12 2.5895623388260012e-06 7.9423908868718669e+07 2.1359345448602468e+05 7.4174872032328278e+07 1.5747110509171173e+07 3.5919702676994678e+33 1.1725631098084559e+01 2.9988906814910394e+00 4.8363158939749101e-01
5.6613835985407256e+12 2.5707834351094707e-06 7.8656815994176686e+07 2.1307573102048459e+05 7.3458486423343942e+07 1.5594988712498214e+07 3.6182575867682031e+33 1.1675352847452888e+01 2.9988800460959864e+00 4.7939646857224943e-01
5.6869077621115664e+12 2.5520917203372374e-06 7.7895137241094917e+07 2.1255790037164924e+05 7.2747157043575391e+07 1.5443940592558652e+07 3.6447085844584710e+33 1.1625372422488610e+01 2.9988692601714910e+00 4.7520179756770170e-01
5.7125470005425811e+12 2.5334868982509649e-06 7.7138843666432768e+07 2.1203995886823529e+05 7.2040856863407418e+07 1.5293960409076095e+07 3.6713237670967218e+33 1.1575686531669710e+01 2.9988583211172362e+00 4.7104711002107208e-01
5.7383018326450293e+12 2.5149686768944265e-06 7.6387906597184435e+07 2.1152190289492276e+05 7.1339559105409130e+07 1.5145042475325983e+07 3.6981036338062625e+33 1.1526291912489752e+01 2.9988472262806223e+00 4.6693194556439388e-01
5.7641727795692119e+12 2.4965367683971959e-06 7.5642297619528770e+07 2.1100372888804349e+05 7.0643237234200731e+07 1.4997181155984176e+07 3.7250486761314814e+33 1.1477185330846142e+01 2.9988359729555785e+00 4.6285584973040217e-01
5.7901603648150234e+12 2.4781908892130505e-06 7.4901988586433008e+07 2.1048543334400840e+05 6.9951864963554770e+07 1.4850370868634820e+07 3.7521593782217636e+33 1.1428363581570423e+01 2.9988245583813469e+00 4.5881837390564989e-01
5.8162651142425371e+12 2.4599307599708343e-06 7.4166951609532535e+07 2.0996701281694381e+05 6.9265416248812720e+07 1.4704606082159562e+07 3.7794362165706790e+33 1.1379823488048235e+01 2.9988129797412344e+00 4.5481907524732296e-01
5.8424875560826504e+12 2.4417561053970437e-06 7.3437159053977236e+07 2.0944846391830337e+05 6.8583865282071888e+07 1.4559881315716106e+07 3.8068796598207532e+33 1.1331561901982603e+01 2.9988012341613319e+00 4.5085751660688250e-01
5.8688282209477715e+12 2.4236666542668181e-06 7.2712583534456462e+07 2.0892978331726755e+05 6.7907186488473445e+07 1.4416191137949089e+07 3.8344901686007811e+33 1.1283575703228038e+01 2.9987893187092034e+00 4.4693326645739911e-01
5.8952876418425596e+12 2.4056621393544110e-06 7.1993197911234662e+07 2.0841096774113656e+05 6.7235354522499904e+07 1.4273530166204300e+07 3.8622681953619340e+33 1.1235861799626324e+01 2.9987772303925415e+00 4.4304589882183609e-01
5.9218663541747061e+12 2.3877422973831910e-06 7.1278975286196291e+07 2.0789201397571061e+05 6.6568344264281407e+07 1.4131893065744674e+07 3.8902141842126724e+33 1.1188417126844008e+01 2.9987649661577875e+00 4.3919499320222460e-01
5.9485648957657725e+12 2.3699068689752452e-06 7.0569888998901665e+07 2.0737291886565363e+05 6.5906130815912604e+07 1.3991274548967199e+07 3.9183285707524992e+33 1.1141238648211598e+01 2.9987525228887155e+00 4.3538013450969359e-01
5.9753838068620674e+12 2.3521555986005669e-06 6.9865912622657761e+07 2.0685367931485199e+05 6.5248689497783080e+07 1.3851669374624075e+07 3.9466117819045526e+33 1.1094323354564416e+01 2.9987398974049846e+00 4.3160091299541020e-01
6.0023236301455869e+12 2.3344882345259174e-06 6.9167019960605815e+07 2.0633429228676448e+05 6.4595995844923437e+07 1.3713072347047208e+07 3.9750642357470968e+33 1.1047668264085146e+01 2.9987270864606486e+00 4.2785692418238647e-01
6.0293849107449893e+12 2.3169045287633657e-06 6.8473185041822657e+07 2.0581475480475585e+05 6.3948025603364632e+07 1.3575478315374115e+07 4.0036863413439014e+33 1.1001270422148075e+01 2.9987140867426305e+00 4.2414776879810839e-01
6.0565681962466260e+12 2.2994042370185729e-06 6.7784382117445543e+07 2.0529506395243242e+05 6.3304754726518795e+07 1.3438882172780329e+07 4.0324784985735582e+33 1.0955126901164983e+01 2.9987008948691591e+00 4.2047305270805535e-01
6.0838740367056260e+12 2.2819871186388344e-06 6.7100585656813972e+07 2.0477521687396127e+05 6.2666159371576153e+07 1.3303278855713479e+07 4.0614410979577685e+33 1.0909234800432721e+01 2.9986875073881603e+00 4.1683238685001206e-01
6.1113029846570234e+12 2.2646529365609425e-06 6.6421770343636744e+07 2.0425521077439038e+05 6.2032215895925507e+07 1.3168663343133733e+07 4.0905745204886224e+33 1.0863591245982473e+01 2.9986739207756132e+00 4.1322538716924262e-01
6.1388555951269375e+12 2.2474014572588892e-06 6.5747911072180673e+07 2.0373504291995725e+05 6.1402900853594862e+07 1.3035030655757416e+07 4.1198791374549104e+33 1.0818193390430697e+01 2.9986601314338581e+00 4.0965167455444684e-01
6.1665324256438066e+12 2.2302324506914385e-06 6.5078982943485752e+07 2.0321471063839638e+05 6.0778190991716899e+07 1.2902375855306586e+07 4.1493553102675170e+33 1.0773038412831758e+01 2.9986461356898637e+00 4.0611087477454594e-01
6.1943340362496660e+12 2.2131456902496172e-06 6.4414961261606939e+07 2.0269421131924260e+05 6.0158063247018985e+07 1.2770694043763822e+07 4.1790033902839176e+33 1.0728123518532250e+01 2.9986319297934481e+00 4.0260261841625955e-01
6.2222609895114834e+12 2.1961409527041706e-06 6.3755821529884487e+07 2.0217354241413134e+05 5.9542494742340304e+07 1.2639980362632560e+07 4.2088237186318431e+33 1.0683445939027031e+01 2.9986175099154546e+00 3.9912654082246862e-01
6.2503138505325400e+12 2.1792180181529671e-06 6.3101539447241858e+07 2.0165270143709396e+05 5.8931462783174336e+07 1.2510229992202561e+07 4.2388166260321507e+33 1.0639002931816986e+01 2.9986028721458782e+00 3.9568228203134787e-01
6.2784931869638691e+12 2.1623766699684384e-06 6.2452090904516101e+07 2.0113168596485566e+05 5.8324944854241982e+07 1.2381438150822371e+07 4.2689824326209580e+33 1.0594791780268507e+01 2.9985880124919433e+00 3.9226948671628059e-01
6.3067995690157383e+12 2.1456166947450562e-06 6.1807451980819173e+07 2.0061049363713100e+05 5.7722918616093308e+07 1.2253600094177622e+07 4.2993214477710877e+33 1.0550809793474723e+01 2.9985729268761316e+00 3.8888780412652818e-01
6.3352335694691895e+12 2.1289378822468568e-06 6.1167598939931601e+07 2.0008912215692032e+05 5.7125361901739642e+07 1.2126711114575883e+07 4.3298339699128972e+33 1.0507054306118539e+01 2.9985576111341601e+00 3.8553688802865838e-01
6.3637957636876299e+12 2.1123400253550850e-06 6.0532508226730533e+07 1.9956756929080799e+05 5.6532252713317722e+07 1.2000766540238410e+07 4.3605202863545430e+33 1.0463522678337394e+01 2.9985420610128992e+00 3.8221639664871065e-01
6.3924867296284746e+12 2.0958229200159319e-06 5.9902156463650391e+07 1.9904583286925865e+05 5.5943569218784481e+07 1.1875761734597705e+07 4.3913806731017641e+33 1.0420212295589918e+01 2.9985262721682449e+00 3.7892599261509091e-01
6.4213070478548398e+12 2.0793863651884305e-06 5.9276520447180972e+07 1.9852391078692133e+05 5.5359289748646513e+07 1.1751692095603410e+07 4.4224153946772406e+33 1.0377120568524353e+01 2.9985102401629256e+00 3.7566534290221154e-01
6.4502573015472920e+12 2.0630301627924814e-06 5.8655577144399688e+07 1.9800180100293423e+05 5.4779392792721480e+07 1.1628553055034589e+07 4.4536247039396246e+33 1.0334244932848920e+01 2.9984939604642578e+00 3.7243411877484123e-01
6.4793380765156484e+12 2.0467541176570896e-06 5.8039303689541161e+07 1.9747950154123380e+05 5.4203856996934719e+07 1.1506340077819381e+07 4.4850088419023185e+33 1.0291582849204030e+01 2.9984774284418383e+00 3.6923199573317023e-01
6.5085499612108301e+12 2.0305580374687563e-06 5.7427677380601652e+07 1.9695701049086463e+05 5.3632661160147965e+07 1.1385048661361052e+07 4.5165680375520913e+33 1.0249131803036484e+01 2.9984606393651760e+00 3.6605865345856281e-01
6.5378935467367705e+12 2.0144417327200779e-06 5.6820675675983123e+07 1.9643432600630232e+05 5.3065784231025353e+07 1.1264674334873307e+07 4.5483025076676373e+33 1.0206889304475613e+01 2.9984435884012588e+00 3.6291377576004535e-01
6.5673694268623760e+12 1.9984050166585632e-06 5.6218276191172011e+07 1.9591144630777248e+05 5.2503205304931715e+07 1.1145212658720862e+07 4.5802124566381717e+33 1.0164852888211490e+01 2.9984262706120579e+00 3.5979705052144512e-01
6.5969781980335410e+12 1.9824477052356463e-06 5.5620456695457317e+07 1.9538836968158360e+05 5.1944903620867550e+07 1.1026659223769300e+07 4.6122980762821830e+33 1.0123020113375159e+01 2.9984086809519641e+00 3.5670816964924734e-01
6.6267204593852148e+12 1.9665696170559272e-06 5.5027195108683117e+07 1.9486509448045597e+05 5.1390858558436431e+07 1.0909009650740091e+07 4.6445595456664500e+33 1.0081388563421022e+01 2.9983908142651523e+00 3.5364682902108574e-01
6.6565968127535303e+12 1.9507705733266175e-06 5.4438469498041227e+07 1.9434161912386684e+05 5.0841049634849451e+07 1.0792259589575322e+07 4.6769970309254656e+33 1.0039955846011381e+01 2.9983726652828806e+00 3.5061272843495261e-01
6.6866078626879766e+12 1.9350503978071918e-06 5.3854258074897803e+07 1.9381794209839357e+05 5.0295456501961827e+07 1.0676404718807925e+07 4.7096106850813844e+33 9.9987195929032247e+00 2.9983542286207112e+00 3.4760557155903482e-01
6.7167542164636357e+12 1.9194089167592422e-06 5.3274539191657461e+07 1.9329406195806572e+05 4.9754058943344198e+07 1.0561440744939812e+07 4.7424006478646474e+33 9.9576774598372779e+00 2.9983354987756576e+00 3.4462506588222291e-01
6.7470364840934688e+12 1.9038459588965013e-06 5.2699291338662483e+07 1.9276997732472268e+05 4.9216836871386774e+07 1.0447363401827132e+07 4.7753670455354405e+33 9.9168271264294425e+00 2.9983164701232550e+00 3.4167092266527482e-01
6.7774552783406602e+12 1.8883613553350571e-06 5.2128493141125992e+07 1.9224568688837194e+05 4.8683770324435487e+07 1.0334168450071512e+07 4.8085099907061379e+33 9.8761662960646319e+00 2.9982971369145508e+00 3.3874285689260075e-01
6.8080112147310176e+12 1.8729549395436738e-06 5.1562123356100962e+07 1.9172118940755987e+05 4.8154839463961013e+07 1.0221851676419845e+07 4.8418295821649185e+33 9.8356926957931385e+00 2.9982774932730116e+00 3.3584058722473525e-01
6.8387049115654287e+12 1.8576265472328615e-06 5.1000160867230497e+07 1.9119648370762559e+05 4.7630024569656476e+07 1.0110408892722072e+07 4.8753259046073427e+33 9.7954040760962666e+00 2.9982575331913477e+00 3.3296383594683826e-01
6.8695369899323682e+12 1.8423760162574861e-06 5.0442584680062220e+07 1.9067156867936422e+05 4.7109306035061322e+07 9.9998359350026883e+06 4.9089990283659549e+33 9.7552982106568571e+00 2.9982372505282489e+00 3.3011232891808812e-01
6.9005080737204678e+12 1.8272031867443778e-06 4.9889373925609909e+07 1.9014644328543480e+05 4.6592664370887630e+07 9.8901286641668230e+06 4.9428490095003130e+33 9.7153728966424673e+00 2.9982166390050304e+00 3.2728579553897313e-01
6.9316187896311416e+12 1.8121079009444475e-06 4.9340507853834234e+07 1.8962110655735602e+05 4.6080080198931806e+07 9.7812829647072721e+06 4.9768758894831347e+33 9.6756259544075789e+00 2.9981956922021884e+00 3.2448396869926338e-01
6.9628697671912676e+12 1.7970900031791741e-06 4.8795965830628879e+07 1.8909555759570125e+05 4.5571534249259882e+07 9.6732947441070061e+06 5.0110796950135455e+33 9.6360552273815649e+00 2.9981744035558577e+00 3.2170658473289754e-01
6.9942616387659238e+12 1.7821493397904456e-06 4.8255727334957190e+07 1.8856979557039996e+05 4.5067007357533596e+07 9.5661599322707988e+06 5.0454604378358945e+33 9.5966585819652472e+00 2.9981527663541732e+00 3.1895338337366153e-01
7.0257950395711855e+12 1.7672857590900548e-06 4.7719771956008188e+07 1.8804381972103304e+05 4.4566480462354176e+07 9.4598744809620567e+06 5.0800181145588044e+33 9.5574339074282548e+00 2.9981307737335308e+00 3.1622410771144588e-01
7.0574706076869805e+12 1.7524991113089239e-06 4.7188079390368007e+07 1.8751762935710134e+05 4.4069934602621071e+07 9.3544343632408381e+06 5.1147527064745067e+33 9.5183791158071820e+00 2.9981084186747426e+00 3.1351850414897559e-01
7.0892889840699971e+12 1.7377892485460405e-06 4.6660629439214282e+07 1.8699122385829187e+05 4.3577350914911553e+07 9.2498355729082115e+06 5.1496641793784992e+33 9.4794921418045277e+00 2.9980856939990868e+00 3.1083632235912950e-01
7.1212508125666572e+12 1.7231560247171817e-06 4.6137402005529776e+07 1.8646460267472238e+05 4.3088710630878717e+07 9.1460741239531916e+06 5.1847524833896031e+33 9.4407709426883955e+00 2.9980625923642443e+00 3.1146050834463523e-01
7.1533567399261436e+12 1.7085992955034471e-06 4.5618377091340184e+07 1.8593776532717713e+05 4.2603995074671857e+07 9.0431460500050373e+06 5.2200175527704505e+33 9.4022134981929177e+00 2.9980391062601268e+00 3.1299180150442313e-01
7.1856074158134863e+12 1.6941189182996204e-06 4.5103534794976354e+07 1.8541071140733198e+05 4.2123185660379477e+07 8.9410474037906285e+06 5.2554593057484716e+33 9.3638178104194445e+00 2.9980152280045824e+00 3.1453077029418697e-01
7.2180034928227090e+12 1.6797147521624301e-06 4.4592855308360584e+07 1.8488344057796145e+05 4.1646263889495373e+07 8.8397742565956600e+06 5.2910776443374353e+33 9.3255819037384065e+00 2.9979909497389823e+00 3.1607741058415545e-01
7.2505456264900332e+12 1.6653866577587037e-06 4.4086318914322093e+07 1.8435595257314277e+05 4.1173211348411210e+07 8.7393226977326870e+06 5.3268724541596056e+33 9.2875038246919175e+00 2.9979662634236863e+00 3.1763171753650077e-01
7.2832344753071455e+12 1.6511344973134696e-06 4.3583905983938903e+07 1.8382824719844438e+05 4.0704009705934331e+07 8.6396888340137247e+06 5.3628436042685722e+33 9.2495816418970307e+00 2.9979411608333737e+00 3.1919368559774092e-01
7.3160707007345205e+12 1.6369581345580301e-06 4.3085596973910265e+07 1.8330032433110854e+05 4.0238640710833818e+07 8.5408687892293502e+06 5.3989909469728329e+33 9.2118134459497050e+00 2.9979156335522488e+00 3.2076330849120194e-01
7.3490549672148066e+12 1.6228574346780606e-06 4.2591372423959106e+07 1.8277218392022169e+05 3.9777086189414710e+07 8.4428587036332227e+06 5.4353143176601703e+33 9.1741973493294271e+00 2.9978896729691042e+00 3.2234057920949571e-01
7.3821879421862686e+12 1.6088322642617248e-06 4.2101212954267047e+07 1.8224382598688162e+05 3.9319328043122463e+07 8.3456547334337747e+06 5.4718135346229206e+33 9.1367314863045088e+00 2.9978632702722501e+00 3.2392549000706777e-01
7.4154702960962949e+12 1.5948824912478781e-06 4.1615099262941077e+07 1.8171525062435179e+05 3.8865348246177301e+07 8.2492530502913799e+06 5.5084883988841861e+33 9.0994140128380092e+00 2.9978364164442910e+00 3.2551803239275745e-01
7.4489027024149668e+12 1.5810079848743531e-06 4.1133012123515181e+07 1.8118645799821435e+05 3.8415128843240783e+07 8.1536498408232043e+06 5.5453386940250877e+33 9.0622431064943481e+00 2.9978091022567628e+00 3.2711819712243856e-01
7.4824858376486797e+12 1.5672086156263870e-06 4.0654932382486120e+07 1.8065744834651379e+05 3.7968651947114691e+07 8.0588413061142825e+06 5.5823641860131057e+33 9.0252169663465533e+00 2.9977813182646060e+00 3.2872597419168903e-01
7.5162203813538398e+12 1.5534842551852016e-06 4.0180840956885085e+07 1.8012822197989636e+05 3.7525899736473143e+07 7.9648236612358559e+06 5.6195646230316307e+33 8.9883338128841359e+00 2.9977530548004889e+00 3.3034135282852001e-01
7.5501070161506084e+12 1.5398347763767558e-06 3.9710718831886664e+07 1.7959877928174823e+05 3.7086854453629509e+07 7.8715931347714942e+06 5.6569397353107769e+33 8.9515918879216532e+00 2.9977243019689617e+00 3.3196432148618643e-01
7.5841464277367188e+12 1.5262600531207055e-06 3.9244547058453202e+07 1.7906912070832337e+05 3.6651498402336717e+07 7.7791459683494726e+06 5.6944892349595618e+33 8.9149894545078627e+00 2.9976950496404458e+00 3.3359486783602199e-01
7.6183393049013506e+12 1.5127599603796084e-06 3.8782306751019612e+07 1.7853924678887543e+05 3.6219813945624977e+07 7.6874784161838926e+06 5.7322128157995555e+33 8.8785247968355936e+00 2.9976652874450456e+00 3.3523297876037939e-01
7.6526863395390654e+12 1.4993343741083607e-06 3.8323979085215285e+07 1.7800915812578343e+05 3.5791783503674351e+07 7.5965867446228499e+06 5.7701101532000733e+33 8.8421962201522284e+00 2.9976350047661837e+00 3.3687864034562232e-01
7.6871882266638115e+12 1.4859831712039118e-06 3.7869545295625657e+07 1.7747885539467615e+05 3.5367389551724188e+07 7.5064672317044213e+06 5.8081809039150448e+33 8.8060020506708661e+00 2.9976041907340516e+00 3.3853183787520352e-01
7.7218456644229814e+12 1.4727062294552799e-06 3.7418986673593506e+07 1.7694833934455534e+05 3.4946614618019976e+07 7.4171161667205775e+06 5.8464247059216368e+33 8.7699406354821754e+00 2.9975728342188668e+00 3.4019255582281271e-01
7.7566593541115449e+12 1.4595034274938721e-06 3.6972284565060772e+07 1.7641761079791893e+05 3.4529441281797722e+07 7.3285298497891566e+06 5.8848411782607712e+33 8.7340103424669095e+00 2.9975409238239359e+00 3.4186077784562385e-01
7.7916300001862383e+12 1.4463746447441108e-06 3.6529420368450157e+07 1.7588667065088323e+05 3.4115852171305582e+07 7.2407045914337393e+06 5.9234299208796362e+33 8.6982095602091363e+00 2.9975084478785137e+00 3.4353648677763060e-01
7.8267583102798145e+12 1.4333197613744259e-06 3.6090375532588638e+07 1.7535551987330709e+05 3.3705829961864680e+07 7.1536367121719047e+06 5.9621905144763237e+33 8.6625366979102125e+00 2.9974753944304529e+00 3.4521966462308223e-01
7.8620449952153691e+12 1.4203386582485777e-06 3.5655131554670796e+07 1.7482415950891358e+05 3.3299357373967100e+07 7.0673225421111127e+06 6.0011225203467330e+33 8.6269901853034519e+00 2.9974417512386378e+00 3.4691029255001532e-01
7.8974907690207188e+12 1.4074312168773381e-06 3.5223669978264324e+07 1.7429259067541687e+05 3.2896417171413187e+07 6.9817584205534346e+06 6.0402254802338493e+33 8.5915684725695769e+00 2.9974075057651963e+00 3.4860835088390896e-01
7.9330963489428516e+12 1.3945973193705573e-06 3.4795972391355827e+07 1.7376081456464465e+05 3.2496992159486651e+07 6.8969406956075588e+06 6.0794989161795844e+33 8.5562700302529784e+00 2.9973726451674798e+00 3.5031381910143422e-01
7.9688624554624395e+12 1.3818368483895694e-06 3.4372020424438193e+07 1.7322883244266669e+05 3.2101065183168285e+07 6.8128657238097396e+06 6.1189423303792956e+33 8.5210933491787557e+00 2.9973371562898081e+00 3.5202667582435193e-01
8.0047898123084209e+12 1.3691496870999949e-06 3.3951795748638906e+07 1.7269664564992255e+05 3.1708619125388071e+07 6.7295298697525281e+06 6.1585552050391603e+33 8.4860369403706208e+00 2.9973010256549681e+00 3.5374689881352672e-01
8.0408791464726396e+12 1.3565357191249087e-06 3.3535280073889282e+07 1.7216425560135103e+05 3.1319636905315384e+07 6.6469295057217022e+06 6.1983370022365740e+33 8.4510993349696726e+00 2.9972642394554612e+00 3.5547446496308605e-01
8.0771311882245596e+12 1.3439948284983792e-06 3.3122455147133574e+07 1.7163166378651909e+05 3.0934101476686601e+07 6.5650610113409571e+06 6.2382871637837442e+33 8.4162790841541089e+00 2.9972267835444875e+00 3.5720935029471179e-01
8.1135466711260410e+12 1.3315268996193648e-06 3.2713302750578776e+07 1.7109887176975346e+05 3.0551995826170482e+07 6.4839207732249070e+06 6.2784051110946852e+33 8.3815747590598662e+00 2.9971886434266626e+00 3.5895152995210916e-01
8.1501263320461836e+12 1.3191318171394802e-06 3.2307804697811279e+07 1.7056588118740113e+05 3.0173302969741706e+07 6.4035051842087088e+06 6.3186902449454686e+33 8.3469849505914482e+00 2.9971498042484574e+00 3.6070097819080421e-01
8.1868709111762363e+12 1.3068094659253010e-06 3.1905942832409862e+07 1.7003269374820427e+05 2.9798005951385517e+07 6.3238106430730447e+06 6.3591419453382603e+33 8.3125082693393004e+00 2.9971102507883494e+00 3.6245766837249238e-01
8.2237811520445791e+12 1.2945597311132076e-06 3.1507699029585794e+07 1.6949931123771326e+05 2.9426087844629273e+07 6.2448335548695587e+06 6.3997595715435069e+33 8.2781433456705624e+00 2.9970699674466794e+00 3.6422157296716007e-01
8.2608578015317637e+12 1.2823824979969448e-06 3.1113055192375071e+07 1.6896573551548860e+05 2.9057531748986606e+07 6.1665703301654216e+06 6.4405424618716931e+33 8.2438888295435078e+00 2.9970289382351991e+00 3.6599266354340476e-01
8.2981016098856270e+12 1.2702776519819736e-06 3.0721993250054847e+07 1.6843196851513296e+05 2.8692320788478408e+07 6.0890173847293360e+06 6.4814899335470817e+33 8.2097433904235846e+00 2.9969871467663101e+00 3.6777091076323198e-01
8.3355133307364756e+12 1.2582450785401132e-06 3.0334495156597029e+07 1.6789801224431652e+05 2.8330438110188708e+07 6.0121711392249614e+06 6.5226012825846233e+33 8.1757057171998024e+00 2.9969445762419675e+00 3.6955628437699573e-01
8.3730937211123350e+12 1.2462846631642183e-06 2.9950542889149938e+07 1.6736386878477887e+05 2.7971866882846788e+07 5.9360280189094506e+06 6.5638757836696258e+33 8.1417745181010250e+00 2.9969012094422580e+00 3.7134875321844413e-01
8.4108435414542637e+12 1.2343962913229548e-06 2.9570118446552269e+07 1.6682954029232007e+05 2.7616590295439273e+07 5.8605844533390030e+06 6.6053126900402946e+33 8.1079485206121547e+00 2.9968570287136189e+00 3.7314828519993615e-01
8.4487635556317803e+12 1.2225798484156472e-06 2.9193203847876158e+07 1.6629502899676777e+05 2.7264591555849589e+07 5.7858368760797083e+06 6.6469112333732279e+33 8.0742264713900909e+00 2.9968120159567087e+00 3.7495484730776657e-01
8.4868545309581816e+12 1.2108352197273337e-06 2.8819781131004810e+07 1.6576033720193169e+05 2.6915853889529679e+07 5.7117817244254081e+06 6.6886706236717164e+33 8.0406071361797178e+00 2.9967661526139002e+00 3.7676840559763031e-01
8.5251172382062734e+12 1.1991622903838746e-06 2.8449832351240549e+07 1.6522546728554001e+05 2.6570360538199920e+07 5.6384154391218862e+06 6.7305900491574762e+33 8.0070892997293637e+00 2.9967194196563929e+00 3.7858892519027054e-01
8.5635524516238311e+12 1.1875609453073791e-06 2.8083339579948958e+07 1.6469042169915809e+05 2.6228094758583106e+07 5.5657344640975716e+06 6.7726686761651376e+33 7.9736717657063441e+00 2.9966717975709320e+00 3.8041637026720937e-01
8.6021609489493018e+12 1.1760310691717891e-06 2.7720284903237090e+07 1.6415520296809491e+05 2.5889039821169905e+07 5.4937352462015850e+06 6.8149056490401168e+33 7.9403533566121300e+00 2.9966232663461145e+00 3.8225070406668132e-01
8.6409435114275410e+12 1.1645725463587432e-06 2.7360650420667037e+07 1.6361981369129149e+05 2.5553179009017564e+07 5.4224142349484274e+06 6.8573000900397169e+33 7.9071329136972555e+00 2.9965738054582776e+00 3.8409188887968870e-01
8.6799009238256211e+12 1.1531852609137160e-06 2.7004418244006414e+07 1.6308425654119870e+05 2.5220495616582967e+07 5.3517678822703399e+06 6.8998510992375788e+33 7.8740092968759834e+00 2.9965233938569487e+00 3.8593988604624052e-01
8.7190339744487100e+12 1.1418690965024779e-06 2.6651570496015150e+07 1.6254853426363663e+05 2.4890972948589679e+07 5.2817926422764249e+06 6.9425577544315311e+33 7.8409813846406431e+00 2.9964720099498465e+00 3.8779465595172252e-01
8.7583434551560254e+12 1.1306239363678872e-06 2.6302089309270844e+07 1.6201264967764600e+05 2.4564594318930879e+07 5.2124849710199097e+06 6.9854191110549404e+33 7.8080480739756641e+00 2.9964196315874143e+00 3.8965615802346321e-01
8.7978301613768574e+12 1.1194496632870555e-06 2.5955956825031284e+07 1.6147660567532043e+05 2.4241343049607232e+07 5.1438413262721486e+06 7.0284342020916179e+33 7.7752082802712730e+00 2.9963662360468755e+00 3.9152435072742686e-01
8.8374948921266582e+12 1.1083461595288985e-06 2.5613155192137338e+07 1.6094040522163507e+05 2.3921202469702199e+07 5.0758581673054295e+06 7.0716020379943524e+33 7.7424609372368529e+00 2.9963118000157891e+00 3.9339919156512920e-01
8.8773384500232227e+12 1.0973133068120984e-06 2.5273666565953694e+07 1.6040405135425576e+05 2.3604155914392848e+07 5.0085319546825457e+06 7.1149216066071868e+33 7.7098049968139293e+00 2.9962562995750930e+00 3.9528063707068517e-01
8.9173616413029141e+12 1.0863509862635269e-06 2.4937473107350711e+07 1.5986754718334245e+05 2.3290186723999068e+07 4.9418591500549242e+06 7.1583918730914574e+33 7.6772394290888073e+00 2.9961997101816182e+00 3.9716864280805286e-01
8.9575652758369941e+12 1.0754590783771026e-06 2.4604556981725726e+07 1.5933089589134039e+05 2.2979278243069563e+07 4.8758362159684990e+06 7.2020117798557386e+33 7.6447632222047925e+00 2.9961420066500506e+00 3.9906316336846570e-01
8.9979501671479941e+12 1.0646374629731590e-06 2.4274900358065914e+07 1.5879410073276359e+05 2.2671413819506627e+07 4.8104596156778773e+06 7.2457802464897193e+33 7.6123753822740658e+00 2.9960831631343270e+00 4.0096415236805333e-01
9.0385171324261934e+12 1.0538860191583032e-06 2.3948485408050865e+07 1.5825716503396432e+05 2.2366576803728182e+07 4.7457258129680483e+06 7.2896961697021591e+33 7.5800749332891160e+00 2.9960231531084478e+00 4.0287156244562428e-01
9.0792669925461406e+12 1.0432046252858094e-06 2.3625294305198174e+07 1.5772009219290240e+05 2.2064750547869749e+07 4.6816312719852822e+06 7.3337584232629404e+33 7.5478609170337974e+00 2.9959619493466785e+00 4.0478534526070192e-01
9.1202005720832734e+12 1.0325931589165471e-06 2.3305309224048637e+07 1.5718288567889703e+05 2.1765918405023601e+07 4.6181724570751255e+06 7.3779658579493822e+33 7.5157323929939768e+00 2.9958995239031294e+00 4.0670545149169973e-01
9.1613186993306016e+12 1.0220514967804925e-06 2.2988512339394882e+07 1.5664554903237853e+05 2.1470063728518371e+07 4.5553458326295465e+06 7.4223173014968462e+33 7.4836884382677615e+00 2.9958358480906839e+00 4.0863183083434479e-01
9.2026222063154648e+12 1.0115795147387921e-06 2.2674885825550642e+07 1.5610808586463024e+05 2.1177169871236637e+07 4.4931478629420251e+06 7.4668115585537744e+33 7.4517281474753290e+00 2.9957708924592588e+00 4.1056443200030218e-01
9.2441119288163730e+12 1.0011770877464461e-06 2.2364411855662264e+07 1.5557049985752208e+05 2.0887220184972014e+07 4.4315750120707536e+06 7.5114474106412418e+33 7.4198506326683500e+00 2.9957046267733713e+00 4.1250320271599356e-01
9.2857887063799160e+12 9.9084408981558606e-07 2.2057072601062257e+07 1.5503279476324149e+05 2.0600198019825414e+07 4.3706237437105449e+06 7.5562236161171285e+33 7.3880550232389970e+00 2.9956370199889895e+00 4.1444808972166697e-01
9.3276533823377520e+12 9.8058039397937666e-07 2.1752850230664559e+07 1.5449497440401663e+05 2.0316086723640297e+07 4.3102905210728142e+06 7.6011389101450268e+33 7.3563404658285867e+00 2.9955680402296445e+00 4.1639903877067702e-01
9.3697068038236699e+12 9.7038587225654876e-07 2.1451726910401292e+07 1.5395704267183313e+05 2.0034869641476721e+07 4.2505718067737361e+06 7.6461920046680001e+33 7.3247061242358100e+00 2.9954976547617722e+00 4.1835599462899120e-01
9.4119498217907383e+12 9.6026039561658339e-07 2.1153684802701764e+07 1.5341900352814823e+05 1.9756530115124781e+07 4.1914640627309461e+06 7.6913815883873018e+33 7.2931511793245969e+00 2.9954258299692662e+00 4.2031890107495007e-01
9.4543832910285156e+12 9.5020383394552441e-07 2.0858706066012222e+07 1.5288086100359866e+05 1.9481051482656118e+07 4.1329637500683125e+06 7.7367063267461855e+33 7.2616748289316337e+00 2.9953525313272098e+00 4.2228770089926687e-01
9.4970080701803535e+12 9.4021605601247618e-07 2.0566772854357023e+07 1.5234261919770134e+05 1.9208417078014158e+07 4.0750673290286129e+06 7.7821648619189466e+33 7.2302762877735232e+00 2.9952777233747607e+00 4.2426233590525697e-01
9.5398250217607695e+12 9.3029692943673600e-07 2.0277867316940770e+07 1.5180428227855364e+05 1.8938610230642505e+07 4.0177712588948077e+06 7.8277558128053168e+33 7.1989547873536299e+00 2.9952013696871584e+00 4.2624274690936065e-01
9.5828350121729004e+12 9.2044632065560329e-07 1.9991971597790703e+07 1.5126585448252596e+05 1.8671614265151035e+07 3.9610719979190128e+06 7.8734777750303685e+33 7.1677095758686331e+00 2.9951234328468241e+00 4.2822887374191071e-01
9.6260389117260293e+12 9.1066409489286008e-07 1.9709067835439175e+07 1.5072734011394862e+05 1.8407412501019388e+07 3.9049660032593627e+06 7.9193293209500730e+33 7.1365399181148028e+00 2.9950438744135237e+00 4.3022065524815850e-01
9.6694375946532031e+12 9.0095011611084795e-07 1.9429138162154905e+07 1.5018874354384484e+05 1.8145988251879089e+07 3.8494497308274549e+06 7.9653089996385872e+33 7.1054450953768153e+00 2.9949626548935573e+00 4.3221802928853637e-01
9.7130319391289219e+12 8.9130424693043498e-07 1.9152164702284694e+07 1.4965006920678209e+05 1.7887324823964845e+07 3.7945196349595380e+06 8.0114153368248243e+33 7.0744244052771998e+00 2.9948797337079451e+00 4.3422093273673629e-01
9.7568228272869043e+12 8.8172634869774237e-07 1.8878129574836235e+07 1.4911132160583744e+05 1.7631405518526766e+07 3.7401721689284183e+06 8.0576468350428805e+33 7.0434771617742404e+00 2.9947950691595748e+00 4.3622930148715328e-01
9.8008111452379395e+12 8.7221628141476077e-07 1.8607014892148998e+07 1.4857250531002216e+05 1.7378213630588915e+07 3.6864037846802548e+06 8.1040019736073378e+33 7.0126026950288036e+00 2.9947086183992710e+00 4.3824307045475391e-01
9.8449977830878223e+12 8.6277390370443846e-07 1.8338802759584557e+07 1.4803362495352625e+05 1.7127732448660314e+07 3.6332109327727482e+06 8.1504792086325448e+33 6.9818003512988680e+00 2.9946203373907521e+00 4.4026217357681247e-01
9.8893836349553535e+12 8.5339907278222008e-07 1.8073475275422867e+07 1.4749468523527915e+05 1.6879945254638005e+07 3.5805900623546075e+06 8.1970769730652000e+33 6.9510694928391032e+00 2.9945301808744360e+00 4.4228654381531668e-01
9.9339695989904453e+12 8.4409164442806490e-07 1.7811014530790206e+07 1.4695569091848709e+05 1.6634835323739817e+07 3.5285376211511679e+06 8.2437936767223329e+33 6.9204094977996986e+00 2.9944381023300521e+00 4.4431611315961722e-01
9.9787565773922891e+12 8.3485147295894324e-07 1.7551402609619021e+07 1.4641664683014934e+05 1.6392385924466893e+07 3.4770500554563850e+06 8.2906277063346630e+33 6.8898197601244107e+00 2.9943440539380188e+00 4.4635081262935744e-01
1.0023745476427609e+13 8.2567841120185073e-07 1.7294621588640101e+07 1.4587755786055233e+05 1.6152580318596384e+07 3.4261238101311587e+06 8.3375774255953960e+33 6.8592996894478393e+00 2.9942479865395435e+00 4.4839057227766399e-01
1.0068937206449008e+13 8.1657231046734511e-07 1.7040653537407223e+07 1.4533842896274425e+05 1.5915401761204485e+07 3.3757553286082200e+06 8.3846411752145091e+33 6.8288487109918607e+00 2.9941498495954026e+00 4.5043532119462298e-01
1.0114332681913375e+13 8.0753302052364194e-07 1.6789480518354345e+07 1.4479926515198703e+05 1.5680833500719910e+07 3.3259410529033155e+06 8.4318172729785346e+33 6.7984662654612649e+00 2.9940495911433498e+00 4.5248498751101884e-01
1.0159932821400408e+13 7.9856038957128302e-07 1.6541084586886106e+07 1.4426007150519133e+05 1.5448858779008379e+07 3.2766774236331931e+06 8.4791040138159075e+33 6.7681518089385291e+00 2.9939471577541057e+00 4.5453949840237595e-01
1.0205738547631188e+13 7.8965426421839965e-07 1.6295447791500773e+07 1.4372085316032771e+05 1.5219460831487525e+07 3.2279608800397576e+06 8.5264996698678783e+33 6.7379048127777361e+00 2.9938424944858864e+00 4.5659878009324667e-01
1.0251750787486852e+13 7.8081448945658267e-07 1.6052552173946898e+07 1.4318161531582347e+05 1.4992622887273146e+07 3.1797878600212536e+06 8.5740024905650461e+33 6.7077247634976302e+00 2.9937355448374063e+00 4.5866275786183447e-01
1.0297970472027352e+13 7.7204090863739445e-07 1.5812379769412681e+07 1.4264236322993616e+05 1.4768328169356143e+07 3.1321548001696165e+06 8.6216107027095448e+33 6.6776111626737720e+00 2.9936262506993141e+00 4.6073135604485677e-01
1.0344398536510295e+13 7.6333336344953009e-07 1.5574912606749056e+07 1.4210310222011182e+05 1.4546559894810826e+07 3.0850581358146989e+06 8.6693225105629001e+33 6.6475635268298143e+00 2.9935145523039943e+00 4.6280449804273494e-01
1.0391035920409861e+13 7.5469169389663783e-07 1.5340132708725406e+07 1.4156383766232297e+05 1.4327301275033778e+07 3.0384943010748914e+06 8.7171360959396008e+33 6.6175813873278742e+00 2.9934003881736886e+00 4.6488210632505395e-01
1.0437883567435828e+13 7.4611573827583793e-07 1.5108022092319043e+07 1.4102457499039068e+05 1.4110535516014226e+07 2.9924597289144555e+06 8.7650496183064182e+33 6.5876642902579690e+00 2.9932836950668671e+00 4.6696410243633502e-01
1.0484942425552648e+13 7.3760533315693436e-07 1.4878562769037683e+07 1.4048531969529053e+05 1.3896245818635175e+07 2.9469508512075227e+06 8.8130612148874824e+33 6.5578117963265710e+00 2.9931644079227939e+00 4.6905040700211559e-01
1.0532213446998650e+13 7.2916031336234955e-07 1.4651736745274348e+07 1.3994607732443599e+05 1.3684415379004974e+07 2.9019640988081289e+06 8.8611690007751808e+33 6.5280234807442117e+00 2.9930424598042196e+00 4.7114093973527926e-01
1.0579697588305291e+13 7.2078051194778167e-07 1.4427526022696210e+07 1.3940685348095541e+05 1.3475027388820341e+07 2.8574959016276025e+06 8.9093710690468780e+33 6.4982989331121752e+00 2.9929177818381332e+00 4.7323561944278780e-01
1.0627395810316521e+13 7.1246576018361647e-07 1.4205912598665031e+07 1.3886765382294368e+05 1.3268065035759151e+07 2.8135426887176377e+06 8.9576654908875161e+33 6.4686377573082705e+00 2.9927903031545093e+00 4.7533436403262175e-01
1.0675309078208227e+13 7.0421588753709268e-07 1.3986878466690736e+07 1.3832848406270350e+05 1.3063511503903996e+07 2.7701008883602251e+06 9.0060503157181084e+33 6.4390395713716639e+00 2.9926599508229721e+00 4.7743709052109595e-01
1.0723438361507756e+13 6.9603072165523381e-07 1.3770405616917076e+07 1.3778934996597201e+05 1.2861349974195743e+07 2.7271669281640025e+06 9.0545235713301736e+33 6.4095040073868130e+00 2.9925266497873064e+00 4.7954371504048526e-01
1.0771784634113539e+13 6.8791008834856758e-07 1.3556476036638919e+07 1.3725025735112914e+05 1.2661563624916712e+07 2.6847372351666423e+06 9.1030832640261444e+33 6.3800307113664747e+00 2.9923903227977391e+00 4.8165415284693469e-01
1.0820348874314795e+13 6.7985381157562855e-07 1.3345071710851416e+07 1.3671121208839456e+05 1.2464135632203508e+07 2.6428082359437388e+06 9.1517273787657827e+33 6.3506193431338120e+00 2.9922508903409049e+00 4.8376831832872952e-01
1.0869132064811332e+13 6.7186171342826473e-07 1.3136174622830421e+07 1.3617222009901109e+05 1.2269049170589117e+07 2.6013763567239260e+06 9.2004538793186651e+33 6.3212695762036031e+00 2.9921082705674245e+00 4.8588612501488621e-01
1.0918135192733424e+13 6.6393361411775036e-07 1.2929766754743366e+07 1.3563328735441057e+05 1.2076287413573429e+07 2.5604380235098097e+06 9.2492607084227407e+33 6.2919810976625747e+00 2.9919623792169969e+00 4.8800748558404572e-01
1.0967359249661789e+13 6.5606933196171071e-07 1.2725830088291047e+07 1.3509441987537179e+05 1.1885833534222599e+07 2.5199896622053529e+06 9.2981457879490570e+33 6.2627536080488646e+00 2.9918131295409274e+00 4.9013231187374662e-01
1.1016805231647658e+13 6.4826868337186939e-07 1.2524346605378870e+07 1.3455562373115990e+05 1.1697670705795942e+07 2.4800276987487902e+06 9.3471070190726759e+33 6.2335868212306380e+00 2.9916604322219924e+00 4.9226051489000078e-01
1.1066474139232928e+13 6.4053148284261949e-07 1.2325298288817931e+07 1.3401690503865742e+05 1.1511782102400685e+07 2.4405485592517378e+06 9.3961422824498490e+33 6.2044804642838800e+00 2.9915041952915473e+00 4.9439200481724016e-01
1.1116366977470398e+13 6.3285754294042378e-07 1.2128667123054629e+07 1.3347826996147848e+05 1.1328150899673384e+07 2.4015486701437263e+06 9.4452494384014912e+33 6.1754342773693809e+00 2.9913443240437805e+00 4.9652669102858693e-01
1.1166484755944125e+13 6.2524667429404174e-07 1.1934435094928768e+07 1.3293972470907250e+05 1.1146760275487922e+07 2.3630244583225446e+06 9.4944263271030750e+33 6.1464480136089561e+00 2.9911807209470060e+00 4.9866448209650033e-01
1.1216828488789836e+13 6.1769868558559318e-07 1.1742584194459494e+07 1.3240127553581522e+05 1.0967593410689475e+07 2.3249723513100692e+06 9.5436707687809475e+33 6.1175214389609121e+00 2.9910132855518961e+00 5.0080528580378336e-01
1.1267399194715457e+13 6.1021338354245456e-07 1.1553096415658252e+07 1.3186292874008656e+05 1.0790633489853770e+07 2.2873887774134516e+06 9.5929805639152076e+33 6.0886543320948023e+00 2.9908419143965315e+00 5.0294900915494567e-01
1.1318197897021729e+13 6.0279057292998592e-07 1.1365953757368095e+07 1.3132469066333468e+05 1.0615863702070933e+07 2.2502701658914853e+06 9.6423534934492258e+33 6.0598464842655257e+00 2.9906665009081688e+00 5.0509555838794051e-01
1.1369225623622908e+13 5.9543005654507917e-07 1.1181138224128773e+07 1.3078656768912869e+05 1.0443267241753373e+07 2.2136129471261972e+06 9.6917873190058718e+33 6.0310976991867689e+00 2.9904869353015959e+00 5.0724483898629502e-01
1.1420483407067568e+13 5.8813163521055081e-07 1.0998631827067152e+07 1.3024856624219773e+05 1.0272827309467359e+07 2.1774135527993827e+06 9.7412797831105957e+33 6.0024077929038882e+00 2.9903031044739565e+00 5.0939675569162113e-01
1.1471972284559494e+13 5.8089510775445485e-07 1.0818416584416619e+07 1.2971069278626883e+05 1.0104527112418115e+07 2.1416684159955154e+06 9.7908286093967035e+33 5.9737765936536578e+00 2.9901148918959182e+00 5.1155121251539160e-01
1.1523693297978676e+13 5.7372027099086545e-07 1.0640474522085387e+07 1.2917295382187425e+05 9.9383498649806958e+06 2.1063739713140833e+06 9.8404315028104653e+33 5.9452039417205906e+00 2.9899221774990479e+00 5.1370811275073569e-01
1.1575647493902377e+13 5.6660691976527109e-07 1.0464787675831083e+07 1.2863535588894336e+05 9.7742787907306552e+06 2.0715266553012880e+06 9.8900861499226623e+33 5.9166896893430749e+00 2.9897248375592640e+00 5.1586735898927671e-01
1.1627835923626326e+13 5.5955484692599813e-07 1.0291338091591015e+07 1.2809790556382923e+05 9.6122971227525342e+06 2.0371229065154521e+06 9.9397902191359902e+33 5.8882337005622425e+00 2.9895227445762185e+00 5.1802885313328051e-01
1.1680259643185982e+13 5.5256384332116073e-07 1.0120107826454407e+07 1.2756060945813044e+05 9.4523881045477949e+06 2.0031591657198370e+06 9.9895413609337760e+33 5.8598358510882340e+00 2.9893157671484616e+00 5.2019249640976595e-01
1.1732919713377910e+13 5.4563369779744887e-07 9.9510789496812150e+06 1.2702347421756960e+05 9.2945349909863379e+06 1.9696318760846304e+06 1.0039337208136549e+34 5.8314960281665167e+00 2.9891037698442462e+00 5.2235818938504830e-01
1.1785817199781232e+13 5.3876419719958348e-07 9.7842335437381957e+06 1.2648650652084491e+05 9.1387210492740534e+06 1.9365374833924274e+06 1.0089175376164698e+34 5.8032141304434095e+00 2.9888866130678036e+00 5.2452583197967473e-01
1.1838953172779209e+13 5.3195512637045664e-07 9.6195537053517699e+06 1.2594971307845190e+05 8.9849295599361118e+06 1.9038724362469793e+06 1.0139053463307218e+34 5.7749900678307711e+00 2.9886641529209350e+00 5.2669532348371695e-01
1.1892328707580885e+13 5.2520626815197332e-07 9.4570215465779286e+06 1.2541310063148031e+05 8.8331438178161196e+06 1.8716331862854250e+06 1.0188969050996433e+34 5.7468237613698845e+00 2.9884362410597474e+00 5.2886656257246023e-01
1.1945944884242850e+13 5.1851740338658914e-07 9.2966191958881449e+06 1.2487667595038132e+05 8.6833471330902632e+06 1.8398161883936478e+06 1.0238919704088712e+34 5.7187151430945358e+00 2.9882027245463609e+00 5.3103944732246067e-01
1.1999802787691090e+13 5.1188831091955810e-07 9.1383287992711756e+06 1.2434044583370636e+05 8.5355228322962597e+06 1.8084179009247546e+06 1.0288902971151101e+34 5.6906641558932698e+00 2.9879634456954069e+00 5.3321387522797026e-01
1.2053903507742955e+13 5.0531876760189997e-07 8.9821325213507060e+06 1.2380441710682155e+05 8.3896542593770940e+06 1.7774347859208344e+06 1.0338916384753840e+34 5.6626707533708407e+00 2.9877182419151258e+00 5.3538974321777111e-01
1.2108248139129188e+13 4.9880854829408812e-07 8.8280125465178173e+06 1.2326859662059194e+05 8.2457247767386334e+06 1.7468633093375566e+06 1.0388957461768683e+34 5.6347348997088975e+00 2.9874669455428826e+00 5.3756694767236513e-01
1.2162837781516100e+13 4.9235742587046630e-07 8.6759510800781660e+06 1.2273299125003797e+05 8.1037177663209420e+06 1.7166999412716799e+06 1.0439023703673025e+34 5.6068565695258190e+00 2.9872093836748834e+00 5.3974538444153997e-01
1.2217673539527807e+13 4.8596517122439794e-07 8.5259303494136147e+06 1.2219760789296799e+05 7.9636166306830877e+06 1.6869411561915819e+06 1.0489112596859730e+34 5.5790357477358405e+00 2.9869453779899038e+00 5.4192494886235421e-01
1.2272756522768586e+13 4.7963155327415633e-07 8.3779326051573325e+06 1.2166245346857933e+05 7.8254047941005686e+06 1.6575834331702956e+06 1.0539221612952654e+34 5.5512724294073656e+00 2.9866747445668000e+00 5.4410553577745646e-01
1.2328087845845334e+13 4.7335633896954859e-07 8.2319401223822860e+06 1.2112753491603481e+05 7.6890657036751742e+06 1.6286232561213372e+06 1.0589348209127785e+34 5.5235666196205369e+00 2.9863972936955943e+00 5.4628703955382441e-01
1.2383668628390109e+13 4.6713929329929344e-07 8.0879352018024698e+06 1.2059285919301037e+05 7.5545828304568073e+06 1.6000571140369878e+06 1.0639489828439961e+34 5.4959183333240933e+00 2.9861128296818955e+00 5.4846935410186215e-01
1.2439499995082803e+13 4.6098017929913154e-07 7.9459001709863273e+06 1.2005843327421776e+05 7.4219396705766181e+06 1.5718815012291328e+06 1.0689643900155125e+34 5.4683275951914752e+00 2.9858211506444268e+00 5.5065237289491908e-01
1.2495583075673881e+13 4.5487875806070172e-07 7.8058173855817486e+06 1.1952426414989503e+05 7.2911197463910272e+06 1.5440929175721672e+06 1.0739807840088058e+34 5.4407944394762708e+00 2.9855220483054117e+00 5.5283598898911801e-01
1.2551919005007260e+13 4.4883478874114248e-07 7.6676692305522785e+06 1.1899035882427590e+05 7.1621066076361286e+06 1.5166878687484544e+06 1.0789979050945558e+34 5.4133189098669590e+00 2.9852153077735686e+00 5.5502009504366923e-01
1.2608508923043256e+13 4.4284802857346446e-07 7.5314381214237809e+06 1.1845672431402627e+05 7.0348838325919202e+06 1.4896628664955855e+06 1.0840154922675011e+34 5.3859010593410286e+00 2.9849007073194525e+00 5.5720458334147682e-01
1.2665353974881664e+13 4.3691823287765294e-07 7.3971065055409828e+06 1.1792336764665635e+05 6.9094350292557152e+06 1.4630144288558015e+06 1.0890332832818345e+34 5.3585409500184653e+00 2.9845780181428760e+00 5.5938934581019062e-01
1.2722455310784926e+13 4.3104515507252178e-07 7.2646568633333324e+06 1.1739029585890417e+05 6.7857438365242584e+06 1.4367390804272182e+06 1.0940510146871294e+34 5.3312386530146600e+00 2.9842470041321327e+00 5.6157427404362581e-01
1.2779814086201396e+13 4.2522854668831721e-07 7.1340717095895000e+06 1.1685751599508955e+05 6.6637939253839310e+06 1.4108333526167099e+06 1.0990684218647979e+34 5.3039942482927618e+00 2.9839074216147381e+00 5.6375925932354354e-01
1.2837431461788740e+13 4.1946815738005095e-07 7.0053335947399531e+06 1.1632503510544301e+05 6.5435690001084367e+06 1.3852937838945515e+06 1.1040852390650770e+34 5.2768078245154992e+00 2.9835590190993870e+00 5.6594419264186291e-01
1.2895308603437402e+13 4.1376373494157682e-07 6.8784251061468180e+06 1.1579286024440400e+05 6.4250527994633438e+06 1.3601169200504273e+06 1.1091011994445414e+34 5.2496794788965584e+00 2.9832015370088376e+00 5.6812896472323260e-01
1.2953446682294213e+13 4.0811502532040015e-07 6.7533288694004836e+06 1.1526099846889084e+05 6.3082290979168834e+06 1.3352993144508069e+06 1.1141160351041436e+34 5.2226093170514885e+00 2.9828347074033905e+00 5.7031346604798194e-01
1.3011846874786074e+13 4.0252177263320779e-07 6.6300275496221948e+06 1.1472945683654273e+05 6.1930817068563337e+06 1.3108375282975861e+06 1.1191294771277791e+34 5.1955974528482463e+00 2.9824582536946567e+00 5.7249758687549479e-01
1.3070510362643773e+13 3.9698371918212780e-07 6.5085038527719574e+06 1.1419824240393043e+05 6.0795944758093860e+06 1.2867281308877177e+06 1.1241412556213798e+34 5.1686440082573775e+00 2.9820718903492760e+00 5.7468121726791732e-01
1.3129438332925895e+13 3.9150060547169306e-07 6.3887405269610947e+06 1.1366736222473966e+05 5.9677512936697956e+06 1.2629676998738961e+06 1.1291510997525380e+34 5.1417491132019277e+00 2.9816753225822414e+00 5.7686424711432083e-01
1.3188631978042834e+13 3.8607217022651985e-07 6.2707203637686586e+06 1.1313682334792172e+05 5.8575360899266796e+06 1.2395528215259414e+06 1.1341587377906629e+34 5.1149129054071194e+00 2.9812682460394866e+00 5.7904656615519146e-01
1.3248092495780928e+13 3.8069815040968001e-07 6.1544261995610921e+06 1.1260663281581498e+05 5.7489328358967882e+06 1.2164800909929133e+06 1.1391638971476753e+34 5.0881355302498514e+00 2.9808503464693681e+00 5.8122806400735261e-01
1.3307821089326701e+13 3.7537828124176218e-07 6.0398409168142201e+06 1.1207679766223326e+05 5.6419255459589940e+06 1.1937461125656792e+06 1.1441663044192494e+34 5.0614171406080866e+00 2.9804212993826780e+00 5.8340863018924471e-01
1.3367818967291201e+13 3.7011229622061263e-07 5.9269474454371259e+06 1.1154732491052413e+05 5.5364982787904767e+06 1.1713474999399509e+06 1.1491656854266039e+34 5.0347578967102109e+00 2.9799807697008029e+00 5.8558815414663057e-01
1.3428087343734457e+13 3.6489992714174492e-07 5.8157287640968850e+06 1.1101822157159229e+05 5.4326351386037301e+06 1.1492808764794634e+06 1.1541617652588581e+34 5.0081579659844166e+00 2.9795284113916432e+00 5.8776652527866624e-01
1.3488627438190055e+13 3.5974090411940598e-07 5.7061679015435288e+06 1.1048949464188976e+05 5.3303202763837753e+06 1.1275428754792649e+06 1.1591542683159608e+34 4.9816175229081860e+00 2.9790638670928868e+00 5.8994363296436048e-01
1.3549440475689799e+13 3.5463495560828726e-07 5.5982479379345803e+06 1.0996115110137206e+05 5.2295378911249219e+06 1.1061301404289817e+06 1.1641429183522081e+34 4.9551367488579734e+00 2.9785867677222400e+00 5.9211936658945519e-01
1.3610527686788518e+13 3.4958180842237433e-07 5.4919520060845437e+06 1.0943319791104502e+05 5.1302722309975279e+06 1.0850393252610490e+06 1.1691274385172237e+34 4.9287158319478293e+00 2.9780967320741834e+00 5.9429361557218252e-01
1.3671890307588953e+13 3.4458118773700659e-07 5.3872632923494587e+06 1.0890564200858289e+05 5.0325075941741550e+06 1.0642670945259132e+06 1.1741075513814688e+34 4.9023549668115312e+00 2.9775933664028371e+00 5.9646626938185654e-01
1.3733529579766771e+13 3.3963281714710419e-07 5.2841650386815080e+06 1.0837849030981524e+05 4.9362283307475299e+06 1.0438101238019377e+06 1.1790829790108440e+34 4.8760543545603090e+00 2.9770762639904911e+00 5.9863721758081401e-01
1.3795446750595703e+13 3.3473641867916110e-07 5.1826405436849725e+06 1.0785174970523294e+05 4.8414188437167751e+06 1.0236650999045955e+06 1.1840534430000349e+34 4.8498142025883952e+00 2.9765450047013591e+00 6.0080634984667725e-01
1.3857643072972762e+13 3.2989171281171910e-07 5.0826731638395498e+06 1.0732542705726539e+05 4.7480635901296670e+06 1.0038287211296527e+06 1.1890186645138015e+34 4.8236347244069027e+00 2.9759991545201050e+00 6.0297355599859548e-01
1.3920119805443613e+13 3.2509841850059652e-07 4.9842463148075501e+06 1.0679952919795708e+05 4.6561470823031310e+06 9.8429769751326146e+05 1.1939783643324808e+34 4.7975161394914378e+00 2.9754382650746720e+00 6.0513872602552765e-01
1.3982878212228031e+13 3.2035625320458938e-07 4.8873434727338282e+06 1.0627406292658893e+05 4.5656538890369497e+06 9.6506875109063927e+05 1.1989322628978252e+34 4.7714586731294890e+00 2.9748618731429586e+00 6.0730175011470622e-01
1.4045919563245484e+13 3.1566493291163970e-07 4.7919481755379792e+06 1.0574903500724357e+05 4.4765686368202288e+06 9.4613861615325348e+05 1.2038800803591709e+34 4.7454625562675901e+00 2.9742695001428543e+00 6.0946251868025370e-01
1.4109245134140832e+13 3.1102417216546517e-07 4.6980440241984781e+06 1.0522445216631546e+05 4.3888760110303098e+06 9.2750403950450500e+05 1.2088215366199184e+34 4.7195280253583274e+00 2.9736606516051629e+00 6.1162092239196775e-01
1.4172856206310139e+13 3.0643368409265052e-07 4.6056146840281347e+06 1.0470032108996026e+05 4.3025607571235821e+06 9.0916178071365727e+05 1.2137563513843114e+34 4.6936553222071558e+00 2.9730348166289207e+00 6.1377685220414779e-01
1.4236754066926600e+13 3.0189318043018544e-07 4.5146438859405788e+06 1.0417664842148771e+05 4.2176076818178687e+06 8.9110861236813024e+05 1.2186842442045035e+34 4.6678446938191174e+00 2.9723914673186256e+00 6.1593019938453719e-01
1.4300940008966588e+13 2.9740237155345368e-07 4.4251154277072195e+06 1.0365344075869187e+05 4.1340016542659234e+06 8.7334132032388868e+05 1.2236049345278951e+34 4.6420963922454375e+00 2.9717300582028767e+00 6.1808085554325165e-01
1.4365415331235818e+13 2.9296096650465731e-07 4.3370131752043003e+06 1.0313070465112152e+05 4.0517276072196378e+06 8.5585670395399223e+05 1.2285181417447310e+34 4.6164106744300719e+00 2.9710500256339349e+00 6.2022871266172319e-01
1.4430181338395631e+13 2.8856867302167822e-07 4.2503210636495613e+06 1.0260844659728609e+05 3.9707705381845296e+06 8.3865157639509824e+05 1.2334235852359445e+34 4.5907878020561981e+00 2.9703507871677073e+00 6.2237366312155129e-01
1.4495239340989387e+13 2.8422519756736018e-07 4.1650230988280396e+06 1.0208667304179835e+05 3.8911155105640655e+06 8.2172276479192474e+05 1.2383209844212353e+34 4.5652280413927375e+00 2.9696317409236550e+00 6.2451559973326609e-01
1.4560590655468990e+13 2.7993024535921247e-07 4.0811033583066450e+06 1.0156539037245125e+05 3.8127476547934613e+06 8.0506711053954973e+05 1.2432100588073684e+34 4.5397316631408922e+00 2.9688922649241434e+00 6.2665441576492209e-01
1.4626236604221525e+13 2.7568352039952374e-07 3.9985459926369409e+06 1.0104460491722659e+05 3.7356521694624647e+06 7.8868146952342836e+05 1.2480905280366864e+34 4.5142989422807762e+00 2.9681317164127341e+00 6.2879000497043802e-01
1.4692178515596018e+13 2.7148472550587193e-07 3.9173352265458065e+06 1.0052432294123745e+05 3.6598143224267540e+06 7.7256271235715854e+05 1.2529621119358197e+34 4.4889301579181620e+00 2.9673494311509518e+00 6.3092226161770892e-01
1.4758417723930309e+13 2.6733356234203323e-07 3.8374553601134028e+06 1.0000455064359761e+05 3.5852194519074885e+06 7.5670772461774410e+05 1.2578245305645872e+34 4.4636255931313933e+00 2.9665447226930408e+00 6.3305108051628634e-01
1.4824955569578057e+13 2.6322973144927044e-07 3.7588907699381234e+06 9.9485294154221221e+04 3.5118529675786486e+06 7.4111340707842563e+05 1.2626775042650791e+34 4.4383855348185133e+00 2.9657168816382642e+00 6.3517635704467212e-01
1.4891793398935865e+13 2.5917293227799468e-07 3.6816259102880149e+06 9.8966559530548751e+04 3.4397003516417067e+06 7.2577667593892419e+05 1.2675207537109108e+34 4.4132102735446486e+00 2.9648651748602903e+00 6.3729798717708652e-01
1.4958932564470521e+13 2.5516286321979353e-07 3.6056453142382302e+06 9.8448352754196909e+04 3.3687471598872314e+06 7.1069446305299888e+05 1.2723539999566435e+34 4.3881001033897036e+00 2.9639888447132483e+00 6.3941586750959445e-01
1.5026374424746363e+13 2.5119922163980830e-07 3.5309335947941276e+06 9.7930679727533221e+04 3.2989790227430235e+06 6.9586371615331131e+05 1.2771769644873622e+34 4.3630553217964216e+00 2.9630871082140393e+00 6.4152989528557525e-01
1.5094120344452836e+13 2.4728170390945225e-07 3.4574754459994440e+06 9.7413546270170307e+04 3.2303816463083029e+06 6.8128139907342545e+05 1.2819893692684156e+34 4.3380762294188457e+00 2.9621591562005318e+00 6.4363996842033644e-01
1.5162171694431855e+13 2.4341000543947944e-07 3.3852556440295838e+06 9.6896958115381567e+04 3.1629408133739289e+06 6.6694449196696701e+05 1.2867909367952809e+34 4.3131631299713593e+00 2.9612041524652839e+00 6.4574598552478790e-01
1.5230529851705920e+13 2.3958382071333284e-07 3.3142590482685557e+06 9.6380920906431042e+04 3.0966423844273165e+06 6.5284999152371800e+05 1.2915813901436261e+34 4.2883163300780609e+00 2.9602212328644750e+00 6.4784784592810274e-01
1.5299196199505727e+13 2.3580284332084020e-07 3.2444706023705238e+06 9.5865440192822629e+04 3.0314722986429338e+06 6.3899491118277016e+05 1.2963604530194725e+34 4.2635361391229409e+00 2.9592095044017812e+00 6.4994544969913570e-01
1.5368172127298225e+13 2.3206676599218481e-07 3.1758753353044740e+06 9.5350521426459745e+04 2.9674165748569840e+06 6.2537628134247323e+05 1.3011278498095334e+34 4.2388228691006411e+00 2.9581680442869507e+00 6.5203869766650469e-01
1.5437459030814727e+13 2.2837528063216516e-07 3.1084583623820907e+06 9.4836169957717095e+04 2.9044613125263546e+06 6.1199114956721046e+05 1.3058833056316994e+34 4.2141768344679562e+00 2.9570958989689036e+00 6.5412749143715021e-01
1.5507058312079158e+13 2.2472807835472283e-07 3.0422048862683023e+06 9.4322391031421081e+04 2.8425926926713376e+06 5.9883658079089655e+05 1.3106265463856841e+34 4.1895983519961595e+00 2.9559920831432365e+00 6.5621173341320382e-01
1.5576971379436422e+13 2.2112484951772610e-07 2.9771001979741724e+06 9.3809189782738162e+04 2.7817969788017836e+06 5.8590965751716669e+05 1.3153572988038378e+34 4.1650877406242053e+00 2.9548555787340676e+00 6.5829132680699776e-01
1.5647199647580896e+13 2.1756528375800274e-07 2.9131296778316633e+06 9.3296571232964052e+04 2.7220605178263076e+06 5.7320748001606949e+05 1.3200752905021363e+34 4.1406453213129035e+00 2.9536853338502422e+00 6.6036617565388944e-01
1.5717744537585064e+13 2.1404907002659400e-07 2.8502787964499937e+06 9.2784540285218623e+04 2.6633697409442002e+06 5.6072716651738202e+05 1.3247802500313637e+34 4.1162714169001458e+00 2.9524802617159929e+00 6.6243618482286293e-01
1.5788607476928271e+13 2.1057589662423142e-07 2.7885331156531405e+06 9.2273101720036648e+04 2.6057111645197086e+06 5.4846585340029630e+05 1.3294719069285004e+34 4.0919663519572449e+00 2.9512392395762448e+00 6.6450126002445142e-01
1.5859789899525602e+13 2.0714545123701108e-07 2.7278782893981803e+06 9.1762260190856701e+04 2.5490713909383342e+06 5.3642069537953776e+05 1.3341499917683362e+34 4.0677304526465221e+00 2.9499611075768475e+00 6.6656130781585432e-01
1.5931293245756902e+13 2.0375742097225613e-07 2.6683000646740971e+06 9.1252020219403028e+04 2.4934371094448334e+06 5.2458886568779289e+05 1.3388142362153334e+34 4.0435640465801841e+00 2.9486446676201381e+00 6.6861623560287620e-01
1.6003118962495926e+13 2.0041149239454984e-07 2.6097842823807122e+06 9.0742386190958583e+04 2.4387950969625763e+06 5.1296755625440978e+05 1.3434643730757633e+34 4.0194674626806259e+00 2.9472886821963549e+00 6.7066595163840115e-01
1.6075268503139605e+13 1.9710735156192546e-07 2.5523168781874334e+06 9.0233362349526753e+04 2.3851322188939922e+06 5.0155397788032290e+05 1.3481001363501469e+34 3.9954410310422315e+00 2.9458918731915618e+00 6.7271036501704440e-01
1.6147743327637471e+13 1.9384468406220088e-07 2.4958838833714486e+06 8.9724952792875614e+04 2.3324354299017577e+06 4.9034536040907388e+05 1.3527212612860347e+34 3.9714850827947910e+00 2.9444529206728838e+00 6.7474938566553699e-01
1.6220544902521182e+13 1.9062317504943427e-07 2.4404714256351297e+06 8.9217161467467144e+04 2.2806917746704635e+06 4.7933895289399935e+05 1.3573274844311615e+34 3.9475999499686405e+00 2.9429704616520329e+00 6.7678292432855813e-01
1.6293674700934213e+13 1.8744250928049262e-07 2.3860657299022712e+06 8.8709992163263232e+04 2.2298883886484643e+06 4.6853202376142098e+05 1.3619185436870228e+34 3.9237859653616214e+00 2.9414430888282665e+00 6.7881089254943783e-01
1.6367134202661656e+13 1.8430237115139526e-07 2.3326531190843363e+06 8.8203448508255300e+04 2.1800124987621102e+06 4.5792186096667900e+05 1.3664941783591297e+34 3.9000434623985671e+00 2.9398693493121293e+00 6.8083320264146763e-01
1.6440924894160166e+13 1.8120244471802465e-07 2.2802200144917169e+06 8.7697533958071115e+04 2.1310514238088611e+06 4.4750577204856917e+05 1.3710541290802373e+34 3.8763727746784071e+00 2.9382477433315293e+00 6.8284976754838422e-01
1.6515048268588039e+13 1.7814241373934613e-07 2.2287529368786835e+06 8.7192251797584700e+04 2.0829925754008472e+06 4.3728108443350857e+05 1.3755981380326611e+34 3.8527742362713537e+00 2.9365767229219535e+00 6.8486050101520901e-01
1.6589505825835430e+13 1.7512196172496485e-07 2.1782385072397268e+06 8.6687605134050158e+04 2.0358234587211111e+06 4.2724514555584762e+05 1.3801259489907674e+34 3.8292481815583623e+00 2.9348546906028545e+00 6.8686531747857704e-01
1.6664299072554691e+13 1.7214077196771780e-07 2.1286634473653995e+06 8.6183596888601664e+04 1.9895316730495519e+06 4.1739532294754405e+05 1.3846373073084359e+34 3.8057949449408870e+00 2.9330799980425382e+00 6.8886413194154705e-01
1.6739429522190881e+13 1.6919852757951152e-07 2.0800145805019832e+06 8.5680229790347861e+04 1.9441049123749358e+06 4.0772900438114244e+05 1.3891319599716350e+34 3.7824148607154102e+00 2.9312509447141659e+00 6.9085685991590395e-01
1.6814898695012361e+13 1.6629491152719983e-07 2.0322788319876622e+06 8.5177506370281539e+04 1.8995309659851645e+06 3.9824359800749330e+05 1.3936096556505942e+34 3.7591082629481516e+00 2.9293657765458150e+00 6.9284341735397070e-01
1.6890708118141584e+13 1.6342960666846800e-07 1.9854432298650390e+06 8.4675428955004318e+04 1.8557977190355905e+06 3.8893653248834697e+05 1.3980701447515609e+34 3.7358754853500047e+00 2.9274226845678823e+00 6.9482372056913722e-01
1.6966859325585980e+13 1.6060229578770759e-07 1.9394949054699733e+06 8.4173999660263798e+04 1.8128931530953390e+06 3.7980525712390465e+05 1.4025131794681031e+34 3.7127168611517445e+00 2.9254198035615033e+00 6.9679768614410820e-01
1.7043353858269004e+13 1.5781266163185376e-07 1.8944210939966068e+06 8.3673220384301472e+04 1.7708053466714672e+06 3.7084724197541882e+05 1.4069385138319446e+34 3.6896327229795673e+00 2.9233552107120468e+00 6.9876523082588315e-01
1.7120193264061312e+13 1.5506038694616263e-07 1.8502091350385728e+06 8.3173092801011662e+04 1.7295224757109175e+06 3.6205997798296757e+05 1.4113459037633037e+34 3.6666234027309930e+00 2.9212269242722009e+00 7.0072627140641430e-01
1.7197379097812084e+13 1.5234515450990842e-07 1.8068464731062930e+06 8.2673618352907593e+04 1.6890328140801461e+06 3.5344097707844118e+05 1.4157351071207173e+34 3.6436892314511975e+00 2.9190329022396115e+00 7.0268072458770869e-01
1.7274912921380490e+13 1.4966664717197255e-07 1.7643206581203481e+06 8.2174798243897065e+04 1.6493247340223854e+06 3.4498777229388908e+05 1.4201058837503282e+34 3.6208305392098250e+00 2.9167710410545529e+00 7.0462850683021883e-01
1.7352796303667287e+13 1.4702454788630696e-07 1.7226193458808931e+06 8.1676633431864175e+04 1.6103867065924730e+06 3.3669791786526074e+05 1.4244579955346161e+34 3.5980476549783340e+00 2.9144391743236313e+00 7.0656953418310453e-01
1.7431030820646574e+13 1.4441853974724517e-07 1.6817302985130851e+06 8.1179124621058931e+04 1.5722073020691988e+06 3.2856898933165910e+05 1.4287912064405558e+34 3.5753409065079329e+00 2.9120350715761028e+00 7.0850372209497658e-01
1.7509618055397676e+13 1.4184830602464213e-07 1.6416413848885358e+06 8.0682272254293057e+04 1.5347751903451502e+06 3.2059858363015827e+05 1.4331052825671864e+34 3.5527106202081802e+00 2.9095564370599916e+00 7.1043098520355052e-01
1.7588559598137180e+13 1.3931353019881649e-07 1.6023405810227874e+06 8.0186076504944387e+04 1.4980791412940219e+06 3.1278431918629544e+05 1.4373999921925767e+34 3.5301571210262859e+00 2.9070009085858364e+00 7.1235123710261306e-01
1.7667857046251109e+13 1.3681389599527847e-07 1.5638159704488490e+06 7.9690537268769374e+04 1.4621080251154187e+06 3.0512383600029052e+05 1.4416751058201743e+34 3.5076807323272088e+00 2.9043660564265901e+00 7.1426439008446874e-01
1.7747512004327258e+13 1.3434908741922070e-07 1.5260557445667777e+06 7.9195654155522760e+04 1.4268508126570992e+06 2.9761479572903388e+05 1.4459303962245306e+34 3.4852817757745851e+00 2.9016493822829155e+00 7.1617035485595315e-01
1.7827526084187645e+13 1.3191878878974742e-07 1.4890482029694133e+06 7.8701426480391267e+04 1.3922965757147495e+06 2.9025488176399248e+05 1.4501656384963905e+34 3.4629605712125917e+00 2.8988483183238904e+00 7.1806904022609175e-01
1.7907900904921137e+13 1.2952268477382818e-07 1.4527817537442762e+06 7.8207853255237598e+04 1.3584344873092736e+06 2.8304179930501047e+05 1.4543806100871446e+34 3.4407174365487831e+00 2.8959602263139459e+00 7.1996035276306614e-01
1.7988638092916211e+13 1.2716046041995090e-07 1.4172449137516799e+06 7.7714933179659391e+04 1.3252538219416458e+06 2.7597327543010277e+05 1.4585750908526395e+34 3.4185526876380026e+00 2.8929823968377106e+00 7.2184419641822806e-01
1.8069739281893867e+13 1.2483180119145608e-07 1.3824263088791943e+06 7.7222664631867781e+04 1.2927439558254199e+06 2.6904705916132330e+05 1.4627488630963478e+34 3.3964666381674209e+00 2.8899120486353271e+00 7.2372047211468871e-01
1.8151206112940680e+13 1.2253639299953657e-07 1.3483146742725007e+06 7.6731045659385098e+04 1.2608943670969321e+06 2.6226092152670573e+05 1.4669017116118996e+34 3.3744595995428037e+00 2.8867463280617356e+00 7.2558907729769895e-01
1.8233040234542008e+13 1.2027392223587926e-07 1.3148988545427350e+06 7.6240073969568213e+04 1.2296946360032801e+06 2.5561265561836638e+05 1.4710334237249854e+34 3.3525318807760738e+00 2.8834823086843935e+00 7.2744990544402111e-01
1.8315243302615355e+13 1.1804407580493528e-07 1.2821678039504720e+06 7.5749746919961675e+04 1.1991344450682022e+06 2.4910007664681019e+05 1.4751437893346377e+34 3.3306837883742624e+00 2.8801169910349089e+00 7.2930284552722413e-01
1.8397816980543879e+13 1.1584654115580077e-07 1.2501105865664333e+06 7.5260061508484272e+04 1.1692035792359458e+06 2.4272102199146256e+05 1.4792326009539082e+34 3.3089156262299255e+00 2.8766473025311057e+00 7.3114778143554959e-01
1.8480762939210031e+13 1.1368100631368946e-07 1.2187163764090710e+06 7.4771014363456808e+04 1.1398919259932393e+06 2.3647335124749539e+05 1.4832996537499578e+34 3.2872276955131343e+00 2.8730700975871124e+00 7.3298459133895144e-01
1.8564082857029398e+13 1.1154715991098585e-07 1.1879744575591618e+06 7.4282601733474468e+04 1.1111894754695147e+06 2.3035494626894209e+05 1.4873447455835832e+34 3.2656202945651036e+00 2.8693821579301741e+00 7.3481314700144673e-01
1.8647778419984645e+13 1.0944469121785935e-07 1.1578742242515769e+06 7.3794819477134064e+04 1.0830863205155188e+06 2.2436371120817543e+05 1.4913676770482082e+34 3.2440937187935903e+00 2.8655801931440035e+00 7.3663331303490565e-01
1.8731851321659633e+13 1.0737329017242945e-07 1.1284051809443897e+06 7.3307663052621414e+04 1.0555726567604758e+06 2.1849757255174179e+05 1.4953682515083698e+34 3.2226482605701285e+00 2.8616608414596341e+00 7.3844494608995670e-01
1.8816303263273684e+13 1.0533264741046522e-07 1.0995569423654908e+06 7.2821127507168829e+04 1.0286387826479601e+06 2.1275447915259266e+05 1.4993462751377427e+34 3.2012842091292288e+00 2.8576206708158844e+00 7.4024789397953195e-01
1.8901135953716023e+13 1.0332245429460933e-07 1.0713192335368975e+06 7.2335207466390595e+04 1.0022750994506603e+06 2.0713240225871306e+05 1.5033015569567402e+34 3.1800018504696217e+00 2.8534561802126879e+00 7.4204199473022237e-01
1.8986351109580344e+13 1.0134240294311408e-07 1.0436818897769713e+06 7.1849897123508417e+04 9.7647211126424395e+05 2.0162933553818232e+05 1.5072339088697449e+34 3.1588014672576801e+00 2.8491638013816969e+00 7.4382707555637984e-01
1.9071950455199543e+13 9.9392186258075832e-08 1.0166348566807173e+06 7.1365190228477586e+04 9.5122042498049373e+05 1.9624329510067080e+05 1.5111431457020253e+34 3.1376833387331153e+00 2.8447399007996745e+00 7.4560295175159041e-01
1.9157935722680617e+13 9.7471497953165596e-08 9.9016819007842010e+05 7.0881080077023915e+04 9.2651075023996853e+05 1.9097231951535470e+05 1.5150290852364004e+34 3.1166477406170690e+00 2.8401807820712786e+00 7.4736942549171337e-01
1.9244308651939715e+13 9.5580032580835542e-08 9.6427205597279547e+05 7.0397559499608702e+04 9.0233389936436387e+05 1.8581446982529541e+05 1.5188915482497229e+34 3.0956949450227147e+00 2.8354826887088809e+00 7.4912628454361951e-01
1.9331070990737332e+13 9.3717485559006240e-08 9.3893673045493662e+05 6.9914620850330975e+04 8.7868078726886143e+05 1.8076782955822535e+05 1.5227303585492609e+34 3.0748252203685027e+00 2.8306418073380351e+00 7.5087330087308202e-01
1.9418224494713691e+13 9.1883553197216214e-08 9.1415259959927085e+05 6.9432255995787942e+04 8.5554243135467393e+05 1.7583050473379067e+05 1.5265453430090608e+34 3.0540388312941573e+00 2.8256542713580886e+00 7.5261022914532905e-01
1.9505770927424266e+13 9.0077932722236379e-08 8.8991015933777986e+05 6.8950456303904852e+04 8.3290995138205262e+05 1.7100062386718197e+05 1.5303363316063899e+34 3.0333360385795727e+00 2.8205161650882151e+00 7.5433680511106405e-01
1.9593712060375449e+13 8.8300322303139493e-08 8.6620001531375328e+05 6.8469212632756098e+04 8.1077456932402763e+05 1.6627633796917627e+05 1.5341031574583590e+34 3.0127170990667405e+00 2.8152235284298071e+00 7.5605274387072097e-01
1.9682049673060430e+13 8.6550421075822508e-08 8.4301288271533337e+05 6.7988515319395316e+04 7.8912760920114932e+05 1.6165582054255277e+05 1.5378456568588415e+34 2.9921822655848218e+00 2.8097723620766435e+00 7.5775773800921908e-01
1.9770785552995172e+13 8.4827929166978494e-08 8.2033958608913503e+05 6.7508354168715363e+04 7.6796049689751572e+05 1.5713726757485777e+05 1.5415636693158098e+34 2.9717317868785527e+00 2.8041586333045880e+00 7.5945145559326233e-01
1.9859921495754594e+13 8.3132547717518941e-08 7.9817105913421279e+05 6.7028718442359183e+04 7.4726475995838747e+05 1.5271889752747637e+05 1.5452570375892229e+34 2.9513659075400778e+00 2.7983782823726617e+00 7.6113353802276296e-01
1.9949459305008922e+13 8.1463978905438549e-08 7.7649834447667305e+05 6.6549596847709268e+04 7.2703202736966964e+05 1.4839895132101068e+05 1.5489256077296147e+34 2.9310848679444006e+00 2.7924272295671924e+00 7.6280359772804973e-01
2.0039400792560148e+13 7.9821925968135237e-08 7.5531259342522500e+05 6.6070977526974311e+04 7.0725402931960544e+05 1.4417569231685993e+05 1.5525692291175312e+34 2.9108889041885848e+00 2.7863013829203425e+00 7.6446121570362136e-01
2.0129747778378738e+13 7.8206093224172576e-08 7.3460506570796610e+05 6.5592848046408180e+04 6.8792259694295656e+05 1.4004740629502811e+05 1.5561877545039980e+34 2.8907782480348754e+00 2.7799966466335544e+00 7.6610593886979916e-01
2.0220502090640418e+13 7.6616186085721537e-08 7.1436712914574682e+05 6.5115195388109569e+04 6.6902966199630825e+05 1.3601240144831597e+05 1.5597810398250064e+34 2.8707531264870547e+00 2.7735089302353910e+00 7.6773727731452490e-01
2.0311665565763191e+13 7.5051911052127305e-08 6.9459025918522512e+05 6.4638005944925739e+04 6.5056725638730172e+05 1.3206900839377055e+05 1.5633489436697482e+34 2.8508137608285415e+00 2.7668341585017426e+00 7.6935470147855056e-01
2.0403240048444492e+13 7.3512975773038988e-08 6.7526603883887804e+05 6.4161265501171409e+04 6.3252751215242816e+05 1.2821558005934984e+05 1.5668913284238394e+34 2.8309603683973297e+00 2.7599682821644738e+00 7.7095763875432877e-01
2.0495227391698508e+13 7.1999089056041249e-08 6.5638615833952569e+05 6.3684959230177366e+04 6.1490266110418621e+05 1.2445049170601829e+05 1.5704080598791834e+34 2.8111931618300230e+00 2.7529072894321649e+00 7.7254547023887643e-01
2.0587629456893691e+13 7.0509960880881709e-08 6.3794241475726082e+05 6.3209071685995426e+04 5.9768503446029034e+05 1.2077214089091179e+05 1.5738990071975161e+34 2.7915123489021858e+00 2.7456472183437031e+00 7.7411752716947813e-01
2.0680448113790402e+13 6.9045302414998834e-08 6.1992671161258884e+05 6.2733586795234092e+04 5.8086706247138267e+05 1.1717894742361855e+05 1.5773640429239631e+34 2.7719181324550268e+00 2.7381841699719862e+00 7.7567308713598604e-01
2.0773685240578762e+13 6.7604826028554850e-08 6.0233105847825576e+05 6.2258487849725891e+04 5.6444127403805288e+05 1.1366935332060911e+05 1.5808030429985037e+34 2.7524107103226747e+00 2.7305143224909116e+00 7.7721137007715047e-01
2.0867342723916645e+13 6.6188245308946611e-08 5.8514757056932908e+05 6.1783757500092484e+04 5.4840029631686234e+05 1.1024182275740019e+05 1.5842158867652759e+34 2.7329902752600965e+00 2.7226339461141116e+00 7.7873153405501871e-01
2.0961422458967871e+13 6.4795275074768363e-08 5.6836846832116379e+05 6.1309377750281521e+04 5.3273685431514017e+05 1.0689484201807101e+05 1.5876024569796527e+34 2.7136570148716359e+00 2.7145394189084584e+00 7.8023267080235914e-01
2.1055926349440527e+13 6.3425631389209786e-08 5.5198607695490599e+05 6.0835329953144217e+04 5.1744377047434356e+05 1.0362691944168766e+05 1.5909626398130171e+34 2.6944111115402034e+00 2.7062272434792720e+00 7.8171380103866661e-01
2.1150856307625527e+13 6.2079031572868489e-08 5.3599282603026403e+05 6.0361594807135596e+04 5.0251396424184396e+05 1.0043658536526051e+05 1.5942963248551665e+34 2.6752527423571069e+00 2.6976940645172620e+00 7.8317386955185098e-01
2.1246214254435270e+13 6.0755194215967930e-08 5.2038124898530165e+05 5.9888152354213744e+04 4.8794045163103746e+05 9.7322392062792642e+04 1.5976034051142633e+34 2.6561820790525470e+00 2.6889366871896678e+00 7.8461174004361278e-01
2.1342002119442531e+13 5.9453839189966285e-08 5.0514398266306601e+05 5.9414981979026852e+04 4.7371634476972034e+05 9.4282913680037324e+04 1.6008837770142637e+34 2.6371992879267636e+00 2.6799520963496173e+00 7.8602618973856619e-01
2.1438221840919504e+13 5.8174687658554504e-08 4.9027376682488929e+05 5.8942062409471328e+04 4.5983485143671627e+05 9.1316746164519005e+04 1.6041373403897359e+34 2.6183045297818492e+00 2.6707374765286014e+00 7.8741590375852666e-01
2.1534875365877016e+13 5.6917462088037310e-08 4.7576344365027366e+05 5.8469371718717914e+04 4.4628927458679519e+05 8.8422507190435514e+04 1.6073639984779932e+34 2.5994979598542320e+00 2.6612902326670316e+00 7.8877946926597942e-01
2.1631964650103930e+13 5.5681886257102013e-08 4.6160595722328045e+05 5.7996887328797297e+04 4.3307301186394808e+05 8.5598836077997286e+04 1.6105636579084511e+34 2.5807797277478191e+00 2.6516080115271805e+00 7.9011536938276206e-01
2.1729491658206727e+13 5.4467685265977773e-08 4.4779435300541326e+05 5.7524586015849127e+04 4.2017955510314315e+05 8.2844393706810763e+04 1.6137362286891246e+34 2.5621499773678131e+00 2.6416887237214581e+00 7.9142197689312355e-01
2.1827458363649234e+13 5.3274585544996432e-08 4.3432177729500388e+05 5.7052443917136741e+04 4.0760248982071195e+05 8.0157862422875871e+04 1.6168816241901730e+34 2.5436088468551912e+00 2.6315305662769859e+00 7.9269754774316370e-01
2.1925866748792598e+13 5.2102314862566750e-08 4.2118147667314525e+05 5.6580436539936796e+04 3.9533549469355104e+05 7.7537945938782912e+04 1.6199997611244007e+34 2.5251564685218426e+00 2.6211320456448477e+00 7.9394021435231288e-01
2.2024718804935355e+13 5.0950602332580660e-08 4.0836679743629036e+05 5.6108538772419313e+04 3.8337234102738928e+05 7.4983369226703173e+04 1.6230905595246157e+34 2.5067929687863648e+00 2.6104920010493911e+00 7.9514797875639254e-01
2.2124016532353766e+13 4.9819178421271772e-08 3.9587118501560279e+05 5.5636724896633517e+04 3.7170689221435576e+05 7.2492878403741139e+04 1.6261539427177465e+34 2.4885184681105099e+00 2.5996096280595262e+00 7.9631870560596218e-01
2.2223761940342258e+13 4.8707774953553279e-08 3.8368818338325730e+05 5.5164968603725574e+04 3.6033310318017408e+05 7.0065240609249595e+04 1.6291898372956113e+34 2.4703330809362658e+00 2.5884845022503979e+00 7.9745011504856267e-01
2.2323957047254098e+13 4.7616125118864694e-08 3.7181143444585014e+05 5.4693243011513958e+04 3.4924501982128987e+05 6.7699243873681000e+04 1.6321981730822349e+34 2.4522369156235735e+00 2.5771166028101153e+00 7.9853977552840438e-01
2.2424603880542238e+13 4.6543963476561615e-08 3.6023467742515204e+05 5.4221520684556875e+04 3.3843677843229525e+05 6.5393696978570399e+04 1.6351788830976001e+34 2.4342300743886511e+00 2.5655063359327053e+00 7.9958509654278964e-01
2.2525704476800336e+13 4.5491025960887475e-08 3.4895174822645722e+05 5.3749773656851423e+04 3.2790260512404167e+05 6.3147429307246792e+04 1.6381319035177138e+34 2.4163126532429224e+00 2.5536545578252627e+00 8.0058332140051247e-01
2.2627260881803961e+13 4.4457049885572223e-08 3.3795657879478711e+05 5.3277973457304746e+04 3.1763681523283687e+05 6.0959290685850836e+04 1.6410571736308715e+34 2.3984847419325326e+00 2.5415625971446336e+00 8.0153152003370731e-01
2.2729275150551996e+13 4.3441773948104343e-08 3.2724319645926263e+05 5.2806091138129806e+04 3.0763381272117078e+05 5.8828151214275444e+04 1.6439546357899913e+34 2.3807464238784171e+00 2.5292322766671660e+00 8.0242658192173222e-01
2.2831749347308227e+13 4.2444938233729293e-08 3.1680572326595045e+05 5.2334097306318698e+04 2.9788808957040840e+05 5.6752901086626109e+04 1.6468242353608855e+34 2.3630977761169163e+00 2.5166659339843296e+00 8.0326520919258759e-01
2.2934685545643090e+13 4.1466284220064083e-08 3.0663837530751369e+05 5.1861962158669281e+04 2.8839422517346521e+05 5.4732450402145667e+04 1.6496659206657869e+34 2.3455388692402117e+00 2.5038664410076685e+00 8.0404390997336184e-01
2.3038085828475664e+13 4.0505554819016005e-08 2.9673546237822325e+05 5.1389655531783952e+04 2.7914688604082662e+05 5.2765729012189833e+04 1.6524796428978899e+34 2.3280697673062893e+00 2.4908372220588113e+00 8.0475899187539679e-01
2.3141952288115789e+13 3.9562494369619224e-08 2.8709138711882057e+05 5.0917146934713965e+04 2.7014082503082621e+05 5.0851686263983160e+04 1.6552653560660680e+34 2.3106905277942760e+00 2.4775822703145778e+00 8.0540655584641874e-01
2.3246287026306418e+13 3.8636848621648539e-08 2.7770064413183840e+05 5.0444405589908973e+04 2.6137088054635774e+05 4.8989290756442046e+04 1.6580230169433741e+34 2.2934012015699317e+00 2.4641061623736737e+00 8.0598249092065888e-01
2.3351092154266145e+13 3.7728364753980808e-08 2.6855781937203952e+05 4.9971400484497761e+04 2.5283197600175758e+05 4.7177530110845895e+04 1.6607525849865748e+34 2.2762018328207430e+00 2.4504140707105648e+00 8.0648246922285127e-01
2.3456369792731926e+13 3.6836791386484885e-08 2.5965758945070425e+05 4.9498100421558716e+04 2.4451911921322424e+05 4.5415410712440113e+04 1.6634540222554852e+34 2.2590924589975900e+00 2.4365117737839537e+00 8.0690194161685813e-01
2.3562122072001988e+13 3.5961878592373083e-08 2.5099472092783585e+05 4.9024474075103033e+04 2.3642740178171996e+05 4.3701957438347803e+04 1.6661272933279581e+34 2.2420731107577745e+00 2.4224056635722477e+00 8.0723613414310991e-01
2.3668351131978938e+13 3.5103377911284629e-08 2.4256406959230389e+05 4.8550490048641077e+04 2.2855199846873325e+05 4.2036213370711914e+04 1.6687723652105540e+34 2.2251438119095694e+00 2.4081027503165835e+00 8.0748004534883810e-01
2.3775059122213066e+13 3.4261042363355745e-08 2.3436057973000992e+05 4.8076116937199171e+04 2.2088816656526912e+05 4.0417239494222420e+04 1.6713892072449186e+34 2.2083045793584151e+00 2.3936106642637025e+00 8.0762844461980898e-01
2.3882248201945836e+13 3.3434626464527044e-08 2.2637928338019215e+05 4.7601323392633756e+04 2.1343124525440883e+05 3.8844114377350197e+04 1.6739777910099182e+34 2.1915554230549259e+00 2.3789376542161937e+00 8.0767587162518806e-01
2.3989920540153590e+13 3.2623886243324930e-08 2.1861529958003134e+05 4.7126078192082234e+04 2.0617665496775729e+05 3.7315933836822180e+04 1.6765380902195864e+34 2.1748963459448403e+00 2.3640925827165811e+00 8.0761663698985642e-01
2.4098078315591414e+13 3.1828579259348632e-08 2.1106383359777462e+05 4.6650350309375397e+04 1.9911989673608838e+05 3.5831810585058767e+04 1.6790700806169578e+34 2.1583273439210995e+00 2.3490849177143236e+00 8.0744482430952169e-01
2.4206723716837258e+13 3.1048464623678720e-08 2.0372017615460049e+05 4.6174108989225264e+04 1.9225655153443728e+05 3.4390873860489664e+04 1.6815737398638752e+34 2.1418484057781879e+00 2.3339247205909723e+00 8.0715429362402280e-01
2.4315858942336195e+13 3.0283303021421610e-08 1.9657970263550320e+05 4.5697323823984771e+04 1.8558227962189057e+05 3.2992269040837906e+04 1.6840490474268760e+34 2.1254595131689378e+00 2.3186226304484130e+00 8.0673868646210012e-01
2.4425486200444914e+13 2.9532856736584944e-08 1.8963787228948687e+05 4.5219964832771802e+04 1.7909281987626237e+05 3.1635157239673521e+04 1.6864959844592759e+34 2.1091606405639549e+00 2.3031898445979460e+00 8.0619143256812476e-01
2.4535607709476410e+13 2.8796889679477705e-08 1.8289022741937684e+05 4.4742002542726885e+04 1.7278398912381439e+05 3.0318714886687583e+04 1.6889145336795956e+34 2.0929517552138570e+00 2.2876380952237874e+00 8.0550575841523397e-01
2.4646225697744879e+13 2.8075167416812918e-08 1.7633239256158285e+05 4.4263408072170583e+04 1.6665168146413521e+05 2.9042133292343067e+04 1.6913046792464852e+34 2.0768328171145134e+00 2.2719796222328306e+00 8.0467469760258303e-01
2.4757342403610781e+13 2.7367457204683791e-08 1.6996007365614726e+05 4.3784153215409140e+04 1.6069186759024172e+05 2.7804618197716623e+04 1.6936664066303288e+34 2.0608037789754903e+00 2.2562271423428908e+00 8.0369110322451920e-01
2.4868960075526172e+13 2.6673528024572713e-08 1.6376905720741811e+05 4.3304210528926327e+04 1.5490059410391186e+05 2.6605389310518891e+04 1.6959997024817350e+34 2.0448645861918937e+00 2.2403938145034425e+00 8.0254766228788121e-01
2.4981080972080164e+13 2.5993150622542758e-08 1.5775520943569430e+05 4.2823553418689931e+04 1.4927398282621117e+05 2.5443679828449462e+04 1.6983045544971352e+34 2.0290151768198372e+00 2.2244932017855907e+00 8.0123691223951887e-01
2.5093707362044652e+13 2.5326097551751557e-08 1.5191447542016802e+05 4.2342156228285749e+04 1.4380823010310502e+05 2.4318735951189094e+04 1.7005809512817487e+34 2.0132554815557460e+00 2.2085392299208766e+00 7.9975125964951399e-01
2.5206841524420211e+13 2.4672143218414099e-08 1.4624287823349488e+05 4.1859994327589186e+04 1.3849960610599437e+05 2.3229816382501685e+04 1.7028288822101848e+34 1.9975854237197246e+00 2.1925461427109032e+00 7.9808300107720387e-01
2.5320485748482227e+13 2.4031063931333361e-08 1.4073651806829116e+05 4.1377044201668294e+04 1.3334445412694279e+05 2.2176191824045331e+04 1.7050483372849976e+34 1.9820049192432294e+00 2.1765284545708150e+00 7.9622434612574233e-01
2.5434642333827191e+13 2.3402637955105234e-08 1.3539157135584272e+05 4.0893283539607102e+04 1.2833918986829721e+05 2.1157144462636617e+04 1.7072393069935228e+34 1.9665138766612904e+00 2.1605009005087505e+00 7.9416744266797856e-01
2.5549313590419270e+13 2.2786645567090603e-08 1.3020428987727185e+05 4.0408691322932122e+04 1.2348030072632476e+05 2.0171967452841327e+04 1.7094017821633716e+34 1.9511121971095262e+00 2.1444783838795822e+00 7.9190440420161201e-01
2.5664501838637016e+13 2.2182869118237828e-08 1.2517099986738370e+05 3.9923247913318351e+04 1.1876434506842388e+05 1.9219964396879470e+04 1.7115357538169796e+34 1.9357997743262290e+00 2.1284759222840477e+00 7.8942733926482767e-01
2.5780209409320332e+13 2.1591093064379283e-08 1.2028810081533043e+05 3.9436935105341705e+04 1.1418795122832904e+05 1.8300448761004252e+04 1.7136412130405736e+34 1.9205764946747652e+00 2.1125085920128646e+00 7.8672838207960105e-01
2.5896438643817645e+13 2.1011104027423349e-08 1.1555206451656572e+05 3.8949736204038170e+04 1.0974781673185767e+05 1.7412743354124203e+04 1.7157181509177031e+34 1.9054422372350701e+00 2.0965914714591691e+00 7.8379972568301659e-01
2.6013191894033270e+13 2.0442690897417974e-08 1.1095943441847245e+05 3.8461636132131389e+04 1.0544070779627285e+05 1.6556179866598788e+04 1.7177665583134222e+34 1.8903968737490349e+00 2.0807395839409688e+00 7.8063365716370747e-01
2.6130471522475004e+13 1.9885644879159076e-08 1.0650682444866170e+05 3.7972621478996589e+04 1.0126345834469258e+05 1.5730098311907357e+04 1.7197864257290024e+34 1.8754402686438563e+00 2.0649678403879346e+00 7.7722259332717536e-01
2.6248279902301938e+13 1.9339759563894707e-08 1.0219091804146215e+05 3.7482680569534758e+04 9.7212969200003034e+04 1.4933846524377384e+04 1.7217777431985981e+34 1.8605722791010280e+00 2.0492909823532970e+00 7.7355911821862089e-01
2.6366619417372469e+13 1.8804831002702695e-08 9.8008467143109796e+04 3.6991803526968506e+04 9.3286207254642024e+04 1.4166779665403377e+04 1.7237405001829016e+34 1.8457927551250484e+00 2.0337235258118667e+00 7.6963602161263400e-01
2.6485492462292551e+13 1.8280657781087630e-08 9.3956291196137681e+04 3.6499982329223290e+04 8.9480204615576193e+04 1.3428259741684558e+04 1.7256746854612984e+34 1.8311015396133379e+00 2.0182797061989977e+00 7.6544633822538954e-01
2.6604901442464125e+13 1.7767041094403099e-08 9.0031276103979806e+04 3.6007210858614999e+04 8.5792057724329716e+04 1.2717655138950278e+04 1.7275802870242399e+34 1.8164984684289476e+00 2.0029734251328679e+00 7.6098338738515781e-01
2.6724848774133824e+13 1.7263784823763059e-08 8.6230373177213143e+04 3.5513484944617041e+04 8.2218926452369313e+04 1.2034340174531510e+04 1.7294572919677644e+34 1.8019833704777086e+00 1.9878181992438810e+00 7.5624081287924927e-01
2.6845336884441844e+13 1.6770695612164026e-08 8.2550598063231024e+04 3.5018802399544307e+04 7.8758033172562922e+04 1.1377694672004349e+04 1.7313056863923246e+34 1.7875560677915918e+00 1.9728271115106775e+00 7.5121262268154210e-01
2.6966368211471062e+13 1.6287582940595382e-08 7.8989029661451801e+04 3.4523163047065740e+04 7.5406661807794750e+04 1.0747103560971194e+04 1.7331254553083266e+34 1.7732163756200940e+00 1.9580127654725716e+00 7.4589322825466275e-01
2.7087945204296371e+13 1.5814259203971921e-08 7.5542809026433388e+04 3.4026568743542332e+04 7.2162156858147617e+04 1.0141956504857317e+04 1.7349165825510512e+34 1.7589641025316036e+00 1.9433872426538212e+00 7.4027748311517627e-01
2.7210070323034246e+13 1.5350539786777814e-08 7.2209138261472282e+04 3.3529023392284056e+04 6.9021922408343977e+04 9.5616475593849518e+03 1.7366790507079095e+34 1.7447990505267630e+00 1.9289620634965829e+00 7.3436072034917921e-01
2.7332746038892512e+13 1.4896243138367096e-08 6.8985279405424022e+04 3.3030532950927169e+04 6.5983421117376231e+04 9.0055748641433547e+03 1.7384128410612872e+34 1.7307210151659753e+00 1.9147481520574678e+00 7.2813878876953086e-01
2.7455974834220348e+13 1.4451190847917651e-08 6.5868553315581768e+04 3.2531105432259115e+04 6.3044173192445407e+04 8.4731403694091423e+03 1.7401179335505537e+34 1.7167297857132728e+00 1.9007558046780497e+00 7.2160808741545046e-01
2.7579759202558535e+13 1.4015207719089914e-08 6.2856338549491593e+04 3.2030750898950835e+04 6.0201755349466970e+04 7.9637496000738638e+03 1.7417943067571646e+34 1.7028251452989194e+00 1.8869946627933012e+00 7.1476559810934159e-01
2.7704101648689898e+13 1.3588121844490844e-08 5.9946070248570213e+04 3.1529481452812470e+04 5.7453799762494840e+04 7.4768114582261360e+03 1.7434419379171396e+34 1.6890068711031805e+00 1.8734736899945981e+00 7.0760891580574470e-01
2.7829004688689984e+13 1.3169764680093501e-08 5.7135239026312993e+04 3.1027311219352130e+04 5.4797993004447577e+04 7.0117380655963007e+03 1.7450608029656115e+34 1.6752747345638668e+00 1.8602011534164133e+00 7.0013627649197330e-01
2.7954470849978000e+13 1.2759971119808122e-08 5.4421389863744247e+04 3.0524256328604133e+04 5.2232074981503494e+04 6.5679446467222533e+03 1.7466508766185381e+34 1.6616285016103158e+00 1.8471846094689601e+00 6.9234658242994696e-01
2.8080502671367926e+13 1.2358579570445356e-08 5.1802121014564567e+04 3.0020334893391700e+04 4.9753837863455890e+04 6.1448494533260346e+03 1.7482121324971345e+34 1.6480679329266728e+00 1.8344308938935809e+00 6.8423942456293185e-01
2.8207102703119914e+13 1.1965431970252044e-08 4.9275082582971343e+04 2.9515566925675528e+04 4.7361124688719530e+04 5.7418736827554576e+03 1.7497445428578649e+34 1.6345927838756296e+00 1.8219461160742398e+00 6.7581510092066799e-01
2.8334273506991871e+13 1.1580373821041979e-08 4.6837975225415808e+04 2.9009974261298725e+04 4.5051828072855074e+04 5.3584414576822210e+03 1.7512480784850003e+34 1.6212028045666791e+00 1.8097356574978192e+00 6.6707463209388240e-01
2.8462017656291316e+13 1.1203254312366937e-08 4.4488549417826172e+04 2.8503580583031100e+04 4.2823889443048509e+04 4.9939799243329826e+03 1.7527227093193935e+34 1.6078977405326917e+00 1.7978041742183939e+00 6.5801977526885447e-01
2.8590337735927434e+13 1.0833926341964776e-08 4.2224604113649140e+04 2.7996411333148448e+04 4.0675297679620351e+04 4.6479193020863677e+03 1.7541684043569733e+34 1.5946773327792698e+00 1.7861556031468666e+00 6.4865303312771805e-01
2.8719236342463387e+13 1.0472246562400957e-08 4.0043985588759591e+04 2.7488493653040357e+04 3.8604087922868763e+04 4.3196929976725078e+03 1.7555851318036931e+34 1.5815413180436579e+00 1.7747931719575234e+00 6.3897765999215672e-01
2.8848716084168863e+13 1.0118075422832285e-08 3.7944586284549994e+04 2.6979856318527709e+04 3.6608340366115241e+04 4.0087377553042711e+03 1.7569728592370920e+34 1.5684894290497338e+00 1.7637194123774904e+00 6.2899766471031437e-01
2.8978779581072852e+13 9.7712772055822062e-09 3.5924343648587965e+04 2.6470529670513264e+04 3.4686179035030429e+04 3.7144938406726042e+03 1.7583315537796298e+34 1.5555213947631021e+00 1.7529361766039175e+00 6.1871781031874284e-01
2.9109429465016648e+13 9.4317200576590727e-09 3.3981238975035121e+04 2.5960545541243082e+04 3.2835770556018942e+04 3.4364052570485587e+03 1.7596611822898674e+34 1.5426369406507447e+00 1.7424446565769576e+00 6.0814361056618460e-01
2.9240668379707125e+13 9.0992760177606840e-09 3.2113296249184856e+04 2.5449937177161315e+04 3.1055322918557220e+04 3.1739199918829327e+03 1.7609617115782930e+34 1.5298357889499083e+00 1.7322454058242966e+00 5.9728132344215690e-01
2.9372498980770219e+13 8.7738210397123793e-09 3.0318581002166546e+04 2.4938739160141282e+04 2.9343084238058738e+04 2.9264902923234326e+03 1.7622331086553826e+34 1.5171176589511883e+00 1.7223383635849450e+00 5.8613794191158153e-01
2.9504923935804672e+13 8.4552350136830520e-09 2.8595199183067762e+04 2.4426987329764444e+04 2.7697341527072687e+04 2.6935729679852602e+03 1.7634753410203202e+34 1.5044822673010048e+00 1.7127228809160606e+00 5.7472118211559686e-01
2.9637945924436004e+13 8.1434017869069514e-09 2.6941296056438321e+04 2.3914718710307076e+04 2.6116419483393634e+04 2.4746297191340750e+03 1.7646883769997087e+34 1.4919293283289539e+00 1.7033977484864953e+00 5.6303946935828941e-01
2.9771567638370746e+13 7.8382091859441013e-09 2.5355055133040525e+04 2.3401971447079646e+04 2.4598679303658595e+04 2.2691274881457889e+03 1.7658721861460295e+34 1.4794585544053849e+00 1.6943612257642178e+00 5.5110192225560950e-01
2.9905791781450895e+13 7.5395490148982576e-09 2.3834697000713608e+04 2.2888784709396801e+04 2.3142517395982421e+04 2.0765388141935496e+03 1.7670267394810478e+34 1.4670696561665260e+00 1.6856110713114680e+00 5.3891833407665635e-01
3.0040621069708633e+13 7.2473170523793913e-09 2.2378478179549995e+04 2.2375198592614230e+04 2.1746364111184947e+04 1.8963422050951660e+03 1.7681520098083797e+34 1.4547623427807501e+00 1.6771445739110227e+00 5.2649915235984390e-01
3.0176058231421281e+13 6.9614130741246907e-09 2.0984690131470372e+04 2.1861254070197807e+04 2.0408682618385054e+04 1.7280225392559703e+03 1.7692479722625657e+34 1.4425363223757268e+00 1.6689585842589871e+00 5.1385545863914794e-01
3.0312106007166516e+13 6.6817408517275129e-09 1.9651658166122688e+04 2.1346992909715322e+04 1.9127967678964666e+04 1.5710714614740746e+03 1.7703146047253929e+34 1.4303913023477470e+00 1.6610495469736166e+00 5.0099894603620476e-01
3.0448767149877816e+13 6.4082081568878548e-09 1.8377740394140317e+04 2.0832457602740593e+04 1.7902744464322626e+04 1.4249877894530800e+03 1.7713518883129952e+34 1.4183269897064508e+00 1.6534135326854642e+00 4.8794189646039249e-01
3.0586044424900176e+13 6.1407267625407173e-09 1.7161326681032690e+04 2.0317691292809766e+04 1.6731567373602848e+04 1.2892779222895426e+03 1.7723598078680975e+34 1.4063430914054176e+00 1.6460462699912810e+00 4.7469715723844830e-01
3.0723940610046047e+13 5.8792124420766329e-09 1.6000837605453731e+04 1.9802737701397615e+04 1.5613018855857712e+04 1.1634562487880596e+03 1.7733383524786352e+34 1.3944393146739638e+00 1.6389431770721452e+00 4.6127811743190467e-01
3.0862458495651562e+13 5.6235849700798768e-09 1.4894723434686890e+04 1.9287641056709392e+04 1.4545708249837940e+04 1.0470455545468624e+03 1.7742875160467505e+34 1.3826153673663437e+00 1.6320993927949941e+00 4.4769868425660586e-01
3.1001600884633004e+13 5.3737681301173718e-09 1.3841463136408553e+04 1.8772446035508430e+04 1.3528270660662596e+04 9.3957742723787646e+02 1.7752072979351186e+34 1.3708709583454319e+00 1.6255098071357146e+00 4.3397326019136007e-01
3.1141370592543500e+13 5.1296897364720805e-09 1.2839563446687258e+04 1.8257197732941451e+04 1.2559365893606557e+04 8.4059265924211127e+02 1.7760977037163678e+34 1.3592057979158660e+00 1.6191690907809468e+00 4.2011672151089113e-01
3.1281770447630012e+13 4.8912816344051120e-09 1.1887557841818953e+04 1.7741941585573499e+04 1.1637677298404242e+04 7.4964163024413085e+02 1.7769587457679453e+34 1.3476195981271610e+00 1.6130717237845198e+00 4.0614439630435623e-01
3.1422803290890555e+13 4.6584797064498897e-09 1.0984005532167186e+04 1.7226723295886826e+04 1.0761910638585807e+04 6.6628468074414502e+02 1.7777904439501336e+34 1.3361120731148719e+00 1.6072120231727265e+00 3.9207204361654285e-01
3.1564471976131703e+13 4.4312239100673418e-09 1.0127490566209650e+04 1.6711588814123286e+04 9.9307930721125886e+03 5.9009248229118600e+02 1.7785928264940693e+34 1.3246829395618600e+00 1.6015841694103028e+00 3.7791583567662762e-01
3.1706779370026312e+13 4.2094583077586484e-09 9.3166208787095329e+03 1.6196584292206928e+04 9.1430720831797571e+03 5.2064638658932574e+02 1.7793659308371305e+34 1.3133319170971571e+00 1.5961822316558143e+00 3.6369234094291947e-01
3.1849728352171547e+13 3.9931311068099615e-09 8.5500273479872485e+03 1.5681756041914814e+04 8.3975144283813243e+03 4.5753875881777248e+02 1.7801098044878025e+34 1.3020587286895338e+00 1.5910001917510432e+00 3.4941850921096523e-01
3.1993321815147141e+13 3.7821947058030471e-09 7.8263628435715327e+03 1.5167150484302088e+04 7.6929050794610466e+03 4.0037329233146505e+02 1.7808245059363606e+34 1.2908631010460356e+00 1.5860319669038643e+00 3.3511165865345727e-01
3.2137562664573922e+13 3.5766057620751884e-09 7.1443013048992598e+03 1.4652814118241793e+04 7.0280462025479883e+03 3.4876530705381811e+02 1.7815101056946877e+34 1.2797447650682767e+00 1.5812714310378440e+00 3.2078946591932012e-01
3.2282453819172629e+13 3.3763252947079299e-09 6.5025368812260358e+03 1.4138793543066433e+04 6.4017562038134129e+03 3.0234203223787284e+02 1.7821666874987527e+34 1.2687034563835917e+00 1.5767124347944448e+00 3.0646996066199245e-01
3.2427998210822945e+13 3.1813187628036122e-09 5.8997829228844803e+03 1.3625135376291626e+04 5.8128686370943788e+03 2.6074285737030607e+02 1.7827943492976826e+34 1.2577389157068082e+00 1.5723488241851595e+00 2.9217152017215148e-01
3.2574198784622844e+13 2.9915561981457092e-09 5.3347710749825483e+03 1.3111886250303192e+04 5.2602312182987080e+03 2.2361957005152667e+02 1.7833932045511697e+34 1.2468508893704344e+00 1.5681744579011911e+00 2.7791286991968905e-01
3.2721058498948176e+13 2.8070123640798644e-09 4.8062503542017721e+03 1.2599092812613842e+04 4.7427048305992521e+03 1.9063657080756323e+02 1.7839633836076581e+34 1.2360391298701336e+00 1.5641832232974271e+00 2.6371308824853262e-01
3.2868580325512531e+13 2.6276669365179802e-09 4.3129861802086725e+03 1.2086801703596720e+04 4.2591624924789921e+03 1.6147106318904639e+02 1.7845050350930893e+34 1.2253033963801139e+00 1.5603690510754582e+00 2.4959161504445787e-01
3.3016767249427379e+13 2.4535047203130521e-09 3.8537593815514547e+03 1.1575059525220291e+04 3.8084883079442488e+03 1.3581322082161734e+02 1.7850183274351496e+34 1.2146434553157639e+00 1.5567259286973145e+00 2.3556826540763062e-01
3.3165622269262457e+13 2.2845159426381217e-09 3.4273652560274745e+03 1.1063912902950495e+04 3.3895764774478193e+03 1.1336633573896641e+02 1.7855034506825745e+34 1.2040590810363607e+00 1.5532479125674705e+00 2.2166325201247211e-01
3.3315148397106469e+13 2.1206965598016259e-09 3.0326124816550368e+03 1.0553408430132386e+04 3.0013301694210700e+03 9.3846936701902607e+01 1.7859606182043350e+34 1.1935500564282822e+00 1.5499291390255860e+00 2.0789721111591797e-01
3.3465348658628012e+13 1.9620486594953277e-09 2.6683220584329147e+03 1.0043592694121377e+04 2.6426604289512861e+03 7.6984888444886749e+01 1.7863900687489196e+34 1.1831161736610389e+00 1.5467638341964418e+00 1.9429123897865025e-01
3.3616226093136816e+13 1.8085809413223010e-09 2.3333261791562518e+03 9.5345122948959288e+03 2.3124850236493367e+03 6.2523466520746744e+01 1.7867920686431170e+34 1.1727572349738078e+00 1.5437463227466841e+00 1.8086693747777990e-01
3.3767783753645242e+13 1.6603092873676015e-09 2.0264670029827062e+03 9.0262138258411105e+03 2.0097272004115021e+03 5.0219407713611623e+01 1.7871669141709179e+34 1.1624730535128409e+00 1.5408710356003654e+00 1.6764646959989385e-01
3.3920024706930055e+13 1.5172574920446804e-09 1.7465954072381107e+03 8.5187439647401698e+03 1.7333144272092070e+03 3.9842940086711749e+01 1.7875149343725550e+34 1.1522634543542198e+00 1.5381325166669428e+00 1.5465263027489573e-01
3.4072952033594477e+13 1.3794581131248972e-09 1.4925695428929971e+03 8.0121494361835557e+03 1.4821769473723857e+03 3.1177786561834051e+01 1.7878364939454954e+34 1.1421282755157376e+00 1.5355254286364333e+00 1.4190892727457274e-01
3.4226568828130547e+13 1.2469535597575418e-09 1.2632533158784495e+03 7.5064770853432638e+03 1.2552462663589422e+03 2.4021148558523080e+01 1.7881319966812329e+34 1.1320673692037611e+00 1.5330445578968905e+00 1.2943967814596014e-01
3.4380878198981699e+13 1.1197974274893130e-09 1.0575146541680283e+03 7.0017738890153887e+03 1.0514534321955516e+03 1.8183665917431309e+01 1.7884018892600353e+34 1.1220806031779067e+00 1.5306848186293434e+00 1.1727011381427323e-01
3.4535883268605699e+13 9.9805620625473157e-10 8.7422358883723780e+02 6.4980870600476737e+03 8.6972713681075277e+02 1.3489356079455659e+01 1.7886466656914695e+34 1.1121678623847482e+00 1.5284412561348610e+00 1.0542647630424312e-01
3.4691587173537805e+13 8.8181143534026587e-10 7.1225000795983351e+02 5.9954640745211873e+03 7.0899149778386209e+02 9.7755305279150964e+00 1.7888668723360595e+34 1.1023290508051751e+00 1.5263090494475686e+00 9.3936058845454765e-02
3.4847993064454242e+13 7.7116251236149174e-10 5.7046105733492823e+02 5.4939527530603846e+03 5.6816349373220874e+02 6.8926908081586991e+00 1.7890631138353516e+34 1.0925640936786998e+00 1.5242835132862635e+00 8.2827060288588036e-02
3.5005104106235961e+13 6.6623041106607477e-10 4.4771805700205232e+02 4.9936014013111944e+03 4.4614992234050902e+02 4.7044039846301065e+00 1.7892360601748790e+34 1.0828729401997907e+00 1.5223600993958499e+00 7.2127885464782701e-02
3.5162923478032672e+13 5.6716267754230007e-10 3.4287273071221750e+02 4.4944588968053467e+03 3.4184367825562271e+02 3.0871573697846619e+00 1.7893864551178972e+34 1.0732555667807810e+00 1.5205343973281398e+00 6.1864812054613923e-02
3.5321454373327172e+13 4.7414037159240278e-10 2.5476254384222304e+02 3.9965748907038669e+03 2.5411914587613259e+02 1.9301938982713824e+00 1.7895151266410528e+34 1.0637119811783722e+00 1.5188021347097400e+00 5.2054675742567537e-02
3.5480700000000000e+13 3.8738797699194043e-10 1.8220473278100667e+02 3.4999999997502546e+03 1.8182629016236467e+02 1.1353278559259510e+00 1.7896229999993286e+34 1.0542422277560475e+00 1.5171591770427582e+00 4.2681275042663502e-02
